Antecedente,Consequente,Suporte,Confianca,Lift,Quantidade_antecedente,Pergunta,Resposta,Classificacao,Analise_critica,Utilidade
"{avaliacao_media, genero_infantil}",{genero_animacao},0.03206357906275692,0.582089552238806,9.357025445459925,2,"Quando um filme apresenta avaliação média intermediária (de 3,0 a menos de 4,0) e gênero infantil, com que frequência ele também apresenta gênero animação?","Na amostra, 58.21% dos filmes com avaliação média intermediária (de 3,0 a menos de 4,0) e gênero infantil também apresentam gênero animação. A regra ocorre em 3.21% de todos os filmes e possui lift 9.36, indicando uma associação forte.",interessante ou parcialmente surpreendente,"O suporte é baixo para esta base. A confiança mostra a proporção condicional, enquanto o lift compara a coocorrência com o que seria esperado pelas frequências individuais. A regra descreve associação, não causalidade, e pode refletir convenções de classificação de gêneros, o recorte temporal e o filtro de filmes com pelo menos cinco avaliações.",útil para descrever combinações recorrentes e apoiar análises de catálogo; não deve ser usada isoladamente para recomendar filmes
"{genero_aventura, genero_infantil}",{genero_animacao},0.025212386955330228,0.5644171779141105,9.072943974487178,2,"Quando um filme apresenta gênero aventura e gênero infantil, com que frequência ele também apresenta gênero animação?","Na amostra, 56.44% dos filmes com gênero aventura e gênero infantil também apresentam gênero animação. A regra ocorre em 2.52% de todos os filmes e possui lift 9.07, indicando uma associação forte.",interessante ou parcialmente surpreendente,"O suporte é baixo para esta base. A confiança mostra a proporção condicional, enquanto o lift compara a coocorrência com o que seria esperado pelas frequências individuais. A regra descreve associação, não causalidade, e pode refletir convenções de classificação de gêneros, o recorte temporal e o filtro de filmes com pelo menos cinco avaliações.",útil para descrever combinações recorrentes e apoiar análises de catálogo; não deve ser usada isoladamente para recomendar filmes
"{genero_animacao, genero_aventura}",{genero_infantil},0.025212386955330228,0.7603305785123967,8.724673839596653,2,"Quando um filme apresenta gênero animação e gênero aventura, com que frequência ele também apresenta gênero infantil?","Na amostra, 76.03% dos filmes com gênero animação e gênero aventura também apresentam gênero infantil. A regra ocorre em 2.52% de todos os filmes e possui lift 8.72, indicando uma associação forte.",interessante ou parcialmente surpreendente,"O suporte é baixo para esta base. A confiança mostra a proporção condicional, enquanto o lift compara a coocorrência com o que seria esperado pelas frequências individuais. A regra descreve associação, não causalidade, e pode refletir convenções de classificação de gêneros, o recorte temporal e o filtro de filmes com pelo menos cinco avaliações.",útil para descrever combinações recorrentes e apoiar análises de catálogo; não deve ser usada isoladamente para recomendar filmes
"{avaliacao_media, genero_animacao}",{genero_infantil},0.03206357906275692,0.6724137931034483,7.715842550422901,2,"Quando um filme apresenta avaliação média intermediária (de 3,0 a menos de 4,0) e gênero animação, com que frequência ele também apresenta gênero infantil?","Na amostra, 67.24% dos filmes com avaliação média intermediária (de 3,0 a menos de 4,0) e gênero animação também apresentam gênero infantil. A regra ocorre em 3.21% de todos os filmes e possui lift 7.72, indicando uma associação forte.",interessante ou parcialmente surpreendente,"O suporte é baixo para esta base. A confiança mostra a proporção condicional, enquanto o lift compara a coocorrência com o que seria esperado pelas frequências individuais. A regra descreve associação, não causalidade, e pode refletir convenções de classificação de gêneros, o recorte temporal e o filtro de filmes com pelo menos cinco avaliações.",útil para descrever combinações recorrentes e apoiar análises de catálogo; não deve ser usada isoladamente para recomendar filmes
"{genero_animacao, popularidade_media}",{genero_infantil},0.02247191011235955,0.6666666666666666,7.649895178197064,2,"Quando um filme apresenta gênero animação e popularidade intermediária (10 a 49 avaliações), com que frequência ele também apresenta gênero infantil?","Na amostra, 66.67% dos filmes com gênero animação e popularidade intermediária (10 a 49 avaliações) também apresentam gênero infantil. A regra ocorre em 2.25% de todos os filmes e possui lift 7.65, indicando uma associação forte.",interessante ou parcialmente surpreendente,"O suporte é baixo para esta base. A confiança mostra a proporção condicional, enquanto o lift compara a coocorrência com o que seria esperado pelas frequências individuais. A regra descreve associação, não causalidade, e pode refletir convenções de classificação de gêneros, o recorte temporal e o filtro de filmes com pelo menos cinco avaliações.",útil para descrever combinações recorrentes e apoiar análises de catálogo; não deve ser usada isoladamente para recomendar filmes
{genero_animacao},{genero_infantil},0.040833104960263086,0.6563876651982379,7.531945252542044,1,"Quando um filme apresenta gênero animação, com que frequência ele também apresenta gênero infantil?","Na amostra, 65.64% dos filmes com gênero animação também apresentam gênero infantil. A regra ocorre em 4.08% de todos os filmes e possui lift 7.53, indicando uma associação forte.",interessante ou parcialmente surpreendente,"O suporte é intermediário para esta base. A confiança mostra a proporção condicional, enquanto o lift compara a coocorrência com o que seria esperado pelas frequências individuais. A regra descreve associação, não causalidade, e pode refletir convenções de classificação de gêneros, o recorte temporal e o filtro de filmes com pelo menos cinco avaliações.",útil para descrever combinações recorrentes e apoiar análises de catálogo; não deve ser usada isoladamente para recomendar filmes
"{genero_animacao, genero_comedia}",{genero_infantil},0.020827624006577145,0.6551724137931035,7.518000433745392,2,"Quando um filme apresenta gênero animação e gênero comédia, com que frequência ele também apresenta gênero infantil?","Na amostra, 65.52% dos filmes com gênero animação e gênero comédia também apresentam gênero infantil. A regra ocorre em 2.08% de todos os filmes e possui lift 7.52, indicando uma associação forte.",interessante ou parcialmente surpreendente,"O suporte é baixo para esta base. A confiança mostra a proporção condicional, enquanto o lift compara a coocorrência com o que seria esperado pelas frequências individuais. A regra descreve associação, não causalidade, e pode refletir convenções de classificação de gêneros, o recorte temporal e o filtro de filmes com pelo menos cinco avaliações.",útil para descrever combinações recorrentes e apoiar análises de catálogo; não deve ser usada isoladamente para recomendar filmes
{genero_imax},{periodo_2010_2018},0.021923814743765414,0.6611570247933883,5.210717026935365,1,"Quando um filme apresenta formato IMAX, com que frequência ele também apresenta lançamento entre 2010 e 2018?","Na amostra, 66.12% dos filmes com formato IMAX também apresentam lançamento entre 2010 e 2018. A regra ocorre em 2.19% de todos os filmes e possui lift 5.21, indicando uma associação forte.",interessante ou parcialmente surpreendente,"O suporte é baixo para esta base. A confiança mostra a proporção condicional, enquanto o lift compara a coocorrência com o que seria esperado pelas frequências individuais. A regra descreve associação, não causalidade, e pode refletir convenções de classificação de gêneros, o recorte temporal e o filtro de filmes com pelo menos cinco avaliações.",útil para descrever combinações recorrentes e apoiar análises de catálogo; não deve ser usada isoladamente para recomendar filmes
"{genero_acao, genero_fantasia}",{genero_aventura},0.02274595779665662,0.7410714285714286,4.000250950972105,2,"Quando um filme apresenta gênero ação e gênero fantasia, com que frequência ele também apresenta gênero aventura?","Na amostra, 74.11% dos filmes com gênero ação e gênero fantasia também apresentam gênero aventura. A regra ocorre em 2.27% de todos os filmes e possui lift 4.00, indicando uma associação forte.",interessante ou parcialmente surpreendente,"O suporte é baixo para esta base. A confiança mostra a proporção condicional, enquanto o lift compara a coocorrência com o que seria esperado pelas frequências individuais. A regra descreve associação, não causalidade, e pode refletir convenções de classificação de gêneros, o recorte temporal e o filtro de filmes com pelo menos cinco avaliações.",útil para descrever combinações recorrentes e apoiar análises de catálogo; não deve ser usada isoladamente para recomendar filmes
"{genero_aventura, genero_suspense}",{genero_acao},0.03151548369416279,0.851851851851852,3.349576947637293,2,"Quando um filme apresenta gênero aventura e gênero suspense, com que frequência ele também apresenta gênero ação?","Na amostra, 85.19% dos filmes com gênero aventura e gênero suspense também apresentam gênero ação. A regra ocorre em 3.15% de todos os filmes e possui lift 3.35, indicando uma associação forte.",interessante ou parcialmente surpreendente,"O suporte é baixo para esta base. A confiança mostra a proporção condicional, enquanto o lift compara a coocorrência com o que seria esperado pelas frequências individuais. A regra descreve associação, não causalidade, e pode refletir convenções de classificação de gêneros, o recorte temporal e o filtro de filmes com pelo menos cinco avaliações.",útil para descrever combinações recorrentes e apoiar análises de catálogo; não deve ser usada isoladamente para recomendar filmes
"{genero_animacao, genero_infantil}",{genero_aventura},0.025212386955330228,0.6174496644295302,3.332949446010881,2,"Quando um filme apresenta gênero animação e gênero infantil, com que frequência ele também apresenta gênero aventura?","Na amostra, 61.74% dos filmes com gênero animação e gênero infantil também apresentam gênero aventura. A regra ocorre em 2.52% de todos os filmes e possui lift 3.33, indicando uma associação forte.",interessante ou parcialmente surpreendente,"O suporte é baixo para esta base. A confiança mostra a proporção condicional, enquanto o lift compara a coocorrência com o que seria esperado pelas frequências individuais. A regra descreve associação, não causalidade, e pode refletir convenções de classificação de gêneros, o recorte temporal e o filtro de filmes com pelo menos cinco avaliações.",útil para descrever combinações recorrentes e apoiar análises de catálogo; não deve ser usada isoladamente para recomendar filmes
"{avaliacao_media, genero_infantil}",{genero_aventura},0.031241436009865717,0.5671641791044777,3.061511966793253,2,"Quando um filme apresenta avaliação média intermediária (de 3,0 a menos de 4,0) e gênero infantil, com que frequência ele também apresenta gênero aventura?","Na amostra, 56.72% dos filmes com avaliação média intermediária (de 3,0 a menos de 4,0) e gênero infantil também apresentam gênero aventura. A regra ocorre em 3.12% de todos os filmes e possui lift 3.06, indicando uma associação forte.",interessante ou parcialmente surpreendente,"O suporte é baixo para esta base. A confiança mostra a proporção condicional, enquanto o lift compara a coocorrência com o que seria esperado pelas frequências individuais. A regra descreve associação, não causalidade, e pode refletir convenções de classificação de gêneros, o recorte temporal e o filtro de filmes com pelo menos cinco avaliações.",útil para descrever combinações recorrentes e apoiar análises de catálogo; não deve ser usada isoladamente para recomendar filmes
"{genero_ficcao_cientifica, periodo_2010_2018}",{genero_acao},0.02247191011235955,0.7454545454545455,2.9312108150470224,2,"Quando um filme apresenta gênero ficção científica e lançamento entre 2010 e 2018, com que frequência ele também apresenta gênero ação?","Na amostra, 74.55% dos filmes com gênero ficção científica e lançamento entre 2010 e 2018 também apresentam gênero ação. A regra ocorre em 2.25% de todos os filmes e possui lift 2.93, indicando uma associação moderada.",interessante ou parcialmente surpreendente,"O suporte é baixo para esta base. A confiança mostra a proporção condicional, enquanto o lift compara a coocorrência com o que seria esperado pelas frequências individuais. A regra descreve associação, não causalidade, e pode refletir convenções de classificação de gêneros, o recorte temporal e o filtro de filmes com pelo menos cinco avaliações.",útil para descrever combinações recorrentes e apoiar análises de catálogo; não deve ser usada isoladamente para recomendar filmes
"{avaliacao_media, genero_misterio}",{genero_suspense},0.03206357906275692,0.6923076923076923,2.8384615384615386,2,"Quando um filme apresenta avaliação média intermediária (de 3,0 a menos de 4,0) e gênero mistério, com que frequência ele também apresenta gênero suspense?","Na amostra, 69.23% dos filmes com avaliação média intermediária (de 3,0 a menos de 4,0) e gênero mistério também apresentam gênero suspense. A regra ocorre em 3.21% de todos os filmes e possui lift 2.84, indicando uma associação moderada.",interessante ou parcialmente surpreendente,"O suporte é baixo para esta base. A confiança mostra a proporção condicional, enquanto o lift compara a coocorrência com o que seria esperado pelas frequências individuais. A regra descreve associação, não causalidade, e pode refletir convenções de classificação de gêneros, o recorte temporal e o filtro de filmes com pelo menos cinco avaliações.",útil para descrever combinações recorrentes e apoiar análises de catálogo; não deve ser usada isoladamente para recomendar filmes
"{genero_aventura, genero_ficcao_cientifica}",{genero_acao},0.03672238969580707,0.7204301075268817,2.8328119206525773,2,"Quando um filme apresenta gênero aventura e gênero ficção científica, com que frequência ele também apresenta gênero ação?","Na amostra, 72.04% dos filmes com gênero aventura e gênero ficção científica também apresentam gênero ação. A regra ocorre em 3.67% de todos os filmes e possui lift 2.83, indicando uma associação moderada.",interessante ou parcialmente surpreendente,"O suporte é baixo para esta base. A confiança mostra a proporção condicional, enquanto o lift compara a coocorrência com o que seria esperado pelas frequências individuais. A regra descreve associação, não causalidade, e pode refletir convenções de classificação de gêneros, o recorte temporal e o filtro de filmes com pelo menos cinco avaliações.",útil para descrever combinações recorrentes e apoiar análises de catálogo; não deve ser usada isoladamente para recomendar filmes
"{genero_misterio, popularidade_media}",{genero_suspense},0.025212386955330228,0.6764705882352942,2.7735294117647062,2,"Quando um filme apresenta gênero mistério e popularidade intermediária (10 a 49 avaliações), com que frequência ele também apresenta gênero suspense?","Na amostra, 67.65% dos filmes com gênero mistério e popularidade intermediária (10 a 49 avaliações) também apresentam gênero suspense. A regra ocorre em 2.52% de todos os filmes e possui lift 2.77, indicando uma associação moderada.",interessante ou parcialmente surpreendente,"O suporte é baixo para esta base. A confiança mostra a proporção condicional, enquanto o lift compara a coocorrência com o que seria esperado pelas frequências individuais. A regra descreve associação, não causalidade, e pode refletir convenções de classificação de gêneros, o recorte temporal e o filtro de filmes com pelo menos cinco avaliações.",útil para descrever combinações recorrentes e apoiar análises de catálogo; não deve ser usada isoladamente para recomendar filmes
{genero_misterio},{genero_suspense},0.04741024938339271,0.6705426356589147,2.7492248062015503,1,"Quando um filme apresenta gênero mistério, com que frequência ele também apresenta gênero suspense?","Na amostra, 67.05% dos filmes com gênero mistério também apresentam gênero suspense. A regra ocorre em 4.74% de todos os filmes e possui lift 2.75, indicando uma associação moderada.",interessante ou parcialmente surpreendente,"O suporte é intermediário para esta base. A confiança mostra a proporção condicional, enquanto o lift compara a coocorrência com o que seria esperado pelas frequências individuais. A regra descreve associação, não causalidade, e pode refletir convenções de classificação de gêneros, o recorte temporal e o filtro de filmes com pelo menos cinco avaliações.",útil para descrever combinações recorrentes e apoiar análises de catálogo; não deve ser usada isoladamente para recomendar filmes
"{genero_drama, genero_misterio}",{genero_suspense},0.024390243902439025,0.6496350364963503,2.6635036496350364,2,"Quando um filme apresenta gênero drama e gênero mistério, com que frequência ele também apresenta gênero suspense?","Na amostra, 64.96% dos filmes com gênero drama e gênero mistério também apresentam gênero suspense. A regra ocorre em 2.44% de todos os filmes e possui lift 2.66, indicando uma associação moderada.",interessante ou parcialmente surpreendente,"O suporte é baixo para esta base. A confiança mostra a proporção condicional, enquanto o lift compara a coocorrência com o que seria esperado pelas frequências individuais. A regra descreve associação, não causalidade, e pode refletir convenções de classificação de gêneros, o recorte temporal e o filtro de filmes com pelo menos cinco avaliações.",útil para descrever combinações recorrentes e apoiar análises de catálogo; não deve ser usada isoladamente para recomendar filmes
"{genero_acao, genero_crime}",{genero_suspense},0.03590024664291587,0.6328502415458938,2.5946859903381645,2,"Quando um filme apresenta gênero ação e gênero crime, com que frequência ele também apresenta gênero suspense?","Na amostra, 63.29% dos filmes com gênero ação e gênero crime também apresentam gênero suspense. A regra ocorre em 3.59% de todos os filmes e possui lift 2.59, indicando uma associação moderada.",interessante ou parcialmente surpreendente,"O suporte é baixo para esta base. A confiança mostra a proporção condicional, enquanto o lift compara a coocorrência com o que seria esperado pelas frequências individuais. A regra descreve associação, não causalidade, e pode refletir convenções de classificação de gêneros, o recorte temporal e o filtro de filmes com pelo menos cinco avaliações.",útil para descrever combinações recorrentes e apoiar análises de catálogo; não deve ser usada isoladamente para recomendar filmes
"{genero_aventura, periodo_2010_2018}",{genero_acao},0.023568100849547823,0.6466165413533835,2.54256870624838,2,"Quando um filme apresenta gênero aventura e lançamento entre 2010 e 2018, com que frequência ele também apresenta gênero ação?","Na amostra, 64.66% dos filmes com gênero aventura e lançamento entre 2010 e 2018 também apresentam gênero ação. A regra ocorre em 2.36% de todos os filmes e possui lift 2.54, indicando uma associação moderada.",interessante ou parcialmente surpreendente,"O suporte é baixo para esta base. A confiança mostra a proporção condicional, enquanto o lift compara a coocorrência com o que seria esperado pelas frequências individuais. A regra descreve associação, não causalidade, e pode refletir convenções de classificação de gêneros, o recorte temporal e o filtro de filmes com pelo menos cinco avaliações.",útil para descrever combinações recorrentes e apoiar análises de catálogo; não deve ser usada isoladamente para recomendar filmes
"{genero_ficcao_cientifica, genero_suspense}",{genero_acao},0.030419292956974514,0.6416184971098267,2.5229158361570665,2,"Quando um filme apresenta gênero ficção científica e gênero suspense, com que frequência ele também apresenta gênero ação?","Na amostra, 64.16% dos filmes com gênero ficção científica e gênero suspense também apresentam gênero ação. A regra ocorre em 3.04% de todos os filmes e possui lift 2.52, indicando uma associação moderada.",interessante ou parcialmente surpreendente,"O suporte é baixo para esta base. A confiança mostra a proporção condicional, enquanto o lift compara a coocorrência com o que seria esperado pelas frequências individuais. A regra descreve associação, não causalidade, e pode refletir convenções de classificação de gêneros, o recorte temporal e o filtro de filmes com pelo menos cinco avaliações.",útil para descrever combinações recorrentes e apoiar análises de catálogo; não deve ser usada isoladamente para recomendar filmes
"{avaliacao_baixa, genero_aventura}",{genero_acao},0.02877500685119211,0.6402439024390244,2.5175107758620694,2,"Quando um filme apresenta avaliação média baixa (menor que 3,0) e gênero aventura, com que frequência ele também apresenta gênero ação?","Na amostra, 64.02% dos filmes com avaliação média baixa (menor que 3,0) e gênero aventura também apresentam gênero ação. A regra ocorre em 2.88% de todos os filmes e possui lift 2.52, indicando uma associação moderada.",interessante ou parcialmente surpreendente,"O suporte é baixo para esta base. A confiança mostra a proporção condicional, enquanto o lift compara a coocorrência com o que seria esperado pelas frequências individuais. A regra descreve associação, não causalidade, e pode refletir convenções de classificação de gêneros, o recorte temporal e o filtro de filmes com pelo menos cinco avaliações.",útil para descrever combinações recorrentes e apoiar análises de catálogo; não deve ser usada isoladamente para recomendar filmes
"{genero_terror, popularidade_media}",{genero_suspense},0.024116196218141955,0.6111111111111112,2.505555555555556,2,"Quando um filme apresenta gênero terror e popularidade intermediária (10 a 49 avaliações), com que frequência ele também apresenta gênero suspense?","Na amostra, 61.11% dos filmes com gênero terror e popularidade intermediária (10 a 49 avaliações) também apresentam gênero suspense. A regra ocorre em 2.41% de todos os filmes e possui lift 2.51, indicando uma associação moderada.",interessante ou parcialmente surpreendente,"O suporte é baixo para esta base. A confiança mostra a proporção condicional, enquanto o lift compara a coocorrência com o que seria esperado pelas frequências individuais. A regra descreve associação, não causalidade, e pode refletir convenções de classificação de gêneros, o recorte temporal e o filtro de filmes com pelo menos cinco avaliações.",útil para descrever combinações recorrentes e apoiar análises de catálogo; não deve ser usada isoladamente para recomendar filmes
{genero_imax},{genero_acao},0.020827624006577145,0.628099173553719,2.469756340837846,1,"Quando um filme apresenta formato IMAX, com que frequência ele também apresenta gênero ação?","Na amostra, 62.81% dos filmes com formato IMAX também apresentam gênero ação. A regra ocorre em 2.08% de todos os filmes e possui lift 2.47, indicando uma associação moderada.",interessante ou parcialmente surpreendente,"O suporte é baixo para esta base. A confiança mostra a proporção condicional, enquanto o lift compara a coocorrência com o que seria esperado pelas frequências individuais. A regra descreve associação, não causalidade, e pode refletir convenções de classificação de gêneros, o recorte temporal e o filtro de filmes com pelo menos cinco avaliações.",útil para descrever combinações recorrentes e apoiar análises de catálogo; não deve ser usada isoladamente para recomendar filmes
"{avaliacao_baixa, genero_ficcao_cientifica}",{genero_acao},0.024938339271033158,0.6232876712328766,2.450836974492206,2,"Quando um filme apresenta avaliação média baixa (menor que 3,0) e gênero ficção científica, com que frequência ele também apresenta gênero ação?","Na amostra, 62.33% dos filmes com avaliação média baixa (menor que 3,0) e gênero ficção científica também apresentam gênero ação. A regra ocorre em 2.49% de todos os filmes e possui lift 2.45, indicando uma associação moderada.",interessante ou parcialmente surpreendente,"O suporte é baixo para esta base. A confiança mostra a proporção condicional, enquanto o lift compara a coocorrência com o que seria esperado pelas frequências individuais. A regra descreve associação, não causalidade, e pode refletir convenções de classificação de gêneros, o recorte temporal e o filtro de filmes com pelo menos cinco avaliações.",útil para descrever combinações recorrentes e apoiar análises de catálogo; não deve ser usada isoladamente para recomendar filmes
"{genero_aventura, popularidade_alta}",{genero_acao},0.022197862428062484,0.6136363636363636,2.4128869514106586,2,"Quando um filme apresenta gênero aventura e popularidade alta (50 ou mais avaliações), com que frequência ele também apresenta gênero ação?","Na amostra, 61.36% dos filmes com gênero aventura e popularidade alta (50 ou mais avaliações) também apresentam gênero ação. A regra ocorre em 2.22% de todos os filmes e possui lift 2.41, indicando uma associação moderada.",interessante ou parcialmente surpreendente,"O suporte é baixo para esta base. A confiança mostra a proporção condicional, enquanto o lift compara a coocorrência com o que seria esperado pelas frequências individuais. A regra descreve associação, não causalidade, e pode refletir convenções de classificação de gêneros, o recorte temporal e o filtro de filmes com pelo menos cinco avaliações.",útil para descrever combinações recorrentes e apoiar análises de catálogo; não deve ser usada isoladamente para recomendar filmes
"{genero_ficcao_cientifica, periodo_2000_2009}",{genero_acao},0.02466429158673609,0.6122448979591836,2.4074155524278673,2,"Quando um filme apresenta gênero ficção científica e lançamento entre 2000 e 2009, com que frequência ele também apresenta gênero ação?","Na amostra, 61.22% dos filmes com gênero ficção científica e lançamento entre 2000 e 2009 também apresentam gênero ação. A regra ocorre em 2.47% de todos os filmes e possui lift 2.41, indicando uma associação moderada.",interessante ou parcialmente surpreendente,"O suporte é baixo para esta base. A confiança mostra a proporção condicional, enquanto o lift compara a coocorrência com o que seria esperado pelas frequências individuais. A regra descreve associação, não causalidade, e pode refletir convenções de classificação de gêneros, o recorte temporal e o filtro de filmes com pelo menos cinco avaliações.",útil para descrever combinações recorrentes e apoiar análises de catálogo; não deve ser usada isoladamente para recomendar filmes
"{genero_suspense, popularidade_alta}",{genero_acao},0.020279528637983008,0.6115702479338843,2.40476275292106,2,"Quando um filme apresenta gênero suspense e popularidade alta (50 ou mais avaliações), com que frequência ele também apresenta gênero ação?","Na amostra, 61.16% dos filmes com gênero suspense e popularidade alta (50 ou mais avaliações) também apresentam gênero ação. A regra ocorre em 2.03% de todos os filmes e possui lift 2.40, indicando uma associação moderada.",interessante ou parcialmente surpreendente,"O suporte é baixo para esta base. A confiança mostra a proporção condicional, enquanto o lift compara a coocorrência com o que seria esperado pelas frequências individuais. A regra descreve associação, não causalidade, e pode refletir convenções de classificação de gêneros, o recorte temporal e o filtro de filmes com pelo menos cinco avaliações.",útil para descrever combinações recorrentes e apoiar análises de catálogo; não deve ser usada isoladamente para recomendar filmes
"{genero_crime, periodo_2000_2009}",{genero_suspense},0.031241436009865717,0.5757575757575758,2.360606060606061,2,"Quando um filme apresenta gênero crime e lançamento entre 2000 e 2009, com que frequência ele também apresenta gênero suspense?","Na amostra, 57.58% dos filmes com gênero crime e lançamento entre 2000 e 2009 também apresentam gênero suspense. A regra ocorre em 3.12% de todos os filmes e possui lift 2.36, indicando uma associação moderada.",interessante ou parcialmente surpreendente,"O suporte é baixo para esta base. A confiança mostra a proporção condicional, enquanto o lift compara a coocorrência com o que seria esperado pelas frequências individuais. A regra descreve associação, não causalidade, e pode refletir convenções de classificação de gêneros, o recorte temporal e o filtro de filmes com pelo menos cinco avaliações.",útil para descrever combinações recorrentes e apoiar análises de catálogo; não deve ser usada isoladamente para recomendar filmes
"{genero_ficcao_cientifica, popularidade_media}",{genero_acao},0.043025486434639625,0.5902255639097744,2.3208330632616025,2,"Quando um filme apresenta gênero ficção científica e popularidade intermediária (10 a 49 avaliações), com que frequência ele também apresenta gênero ação?","Na amostra, 59.02% dos filmes com gênero ficção científica e popularidade intermediária (10 a 49 avaliações) também apresentam gênero ação. A regra ocorre em 4.30% de todos os filmes e possui lift 2.32, indicando uma associação moderada.",interessante ou parcialmente surpreendente,"O suporte é intermediário para esta base. A confiança mostra a proporção condicional, enquanto o lift compara a coocorrência com o que seria esperado pelas frequências individuais. A regra descreve associação, não causalidade, e pode refletir convenções de classificação de gêneros, o recorte temporal e o filtro de filmes com pelo menos cinco avaliações.",útil para descrever combinações recorrentes e apoiar análises de catálogo; não deve ser usada isoladamente para recomendar filmes
"{avaliacao_media, genero_terror}",{genero_suspense},0.02384214853384489,0.564935064935065,2.316233766233766,2,"Quando um filme apresenta avaliação média intermediária (de 3,0 a menos de 4,0) e gênero terror, com que frequência ele também apresenta gênero suspense?","Na amostra, 56.49% dos filmes com avaliação média intermediária (de 3,0 a menos de 4,0) e gênero terror também apresentam gênero suspense. A regra ocorre em 2.38% de todos os filmes e possui lift 2.32, indicando uma associação moderada.",interessante ou parcialmente surpreendente,"O suporte é baixo para esta base. A confiança mostra a proporção condicional, enquanto o lift compara a coocorrência com o que seria esperado pelas frequências individuais. A regra descreve associação, não causalidade, e pode refletir convenções de classificação de gêneros, o recorte temporal e o filtro de filmes com pelo menos cinco avaliações.",útil para descrever combinações recorrentes e apoiar análises de catálogo; não deve ser usada isoladamente para recomendar filmes
"{genero_crime, periodo_1990_1999}",{genero_suspense},0.023568100849547823,0.5620915032679739,2.304575163398693,2,"Quando um filme apresenta gênero crime e lançamento entre 1990 e 1999, com que frequência ele também apresenta gênero suspense?","Na amostra, 56.21% dos filmes com gênero crime e lançamento entre 1990 e 1999 também apresentam gênero suspense. A regra ocorre em 2.36% de todos os filmes e possui lift 2.30, indicando uma associação moderada.",interessante ou parcialmente surpreendente,"O suporte é baixo para esta base. A confiança mostra a proporção condicional, enquanto o lift compara a coocorrência com o que seria esperado pelas frequências individuais. A regra descreve associação, não causalidade, e pode refletir convenções de classificação de gêneros, o recorte temporal e o filtro de filmes com pelo menos cinco avaliações.",útil para descrever combinações recorrentes e apoiar análises de catálogo; não deve ser usada isoladamente para recomendar filmes
"{avaliacao_media, genero_crime}",{genero_suspense},0.05234310770073993,0.5504322766570605,2.2567723342939483,2,"Quando um filme apresenta avaliação média intermediária (de 3,0 a menos de 4,0) e gênero crime, com que frequência ele também apresenta gênero suspense?","Na amostra, 55.04% dos filmes com avaliação média intermediária (de 3,0 a menos de 4,0) e gênero crime também apresentam gênero suspense. A regra ocorre em 5.23% de todos os filmes e possui lift 2.26, indicando uma associação moderada.",interessante ou parcialmente surpreendente,"O suporte é intermediário para esta base. A confiança mostra a proporção condicional, enquanto o lift compara a coocorrência com o que seria esperado pelas frequências individuais. A regra descreve associação, não causalidade, e pode refletir convenções de classificação de gêneros, o recorte temporal e o filtro de filmes com pelo menos cinco avaliações.",útil para descrever combinações recorrentes e apoiar análises de catálogo; não deve ser usada isoladamente para recomendar filmes
"{genero_crime, genero_drama}",{genero_suspense},0.040559057275966016,0.550185873605948,2.2557620817843866,2,"Quando um filme apresenta gênero crime e gênero drama, com que frequência ele também apresenta gênero suspense?","Na amostra, 55.02% dos filmes com gênero crime e gênero drama também apresentam gênero suspense. A regra ocorre em 4.06% de todos os filmes e possui lift 2.26, indicando uma associação moderada.",interessante ou parcialmente surpreendente,"O suporte é intermediário para esta base. A confiança mostra a proporção condicional, enquanto o lift compara a coocorrência com o que seria esperado pelas frequências individuais. A regra descreve associação, não causalidade, e pode refletir convenções de classificação de gêneros, o recorte temporal e o filtro de filmes com pelo menos cinco avaliações.",útil para descrever combinações recorrentes e apoiar análises de catálogo; não deve ser usada isoladamente para recomendar filmes
{genero_ficcao_cientifica},{genero_acao},0.07618525623458482,0.5720164609053497,2.249232829572868,1,"Quando um filme apresenta gênero ficção científica, com que frequência ele também apresenta gênero ação?","Na amostra, 57.20% dos filmes com gênero ficção científica também apresentam gênero ação. A regra ocorre em 7.62% de todos os filmes e possui lift 2.25, indicando uma associação moderada.",interessante ou parcialmente surpreendente,"O suporte é intermediário para esta base. A confiança mostra a proporção condicional, enquanto o lift compara a coocorrência com o que seria esperado pelas frequências individuais. A regra descreve associação, não causalidade, e pode refletir convenções de classificação de gêneros, o recorte temporal e o filtro de filmes com pelo menos cinco avaliações.",útil para descrever combinações recorrentes e apoiar análises de catálogo; não deve ser usada isoladamente para recomendar filmes
"{avaliacao_media, genero_ficcao_cientifica}",{genero_acao},0.04768429706768978,0.5686274509803921,2.235906862745098,2,"Quando um filme apresenta avaliação média intermediária (de 3,0 a menos de 4,0) e gênero ficção científica, com que frequência ele também apresenta gênero ação?","Na amostra, 56.86% dos filmes com avaliação média intermediária (de 3,0 a menos de 4,0) e gênero ficção científica também apresentam gênero ação. A regra ocorre em 4.77% de todos os filmes e possui lift 2.24, indicando uma associação moderada.",interessante ou parcialmente surpreendente,"O suporte é intermediário para esta base. A confiança mostra a proporção condicional, enquanto o lift compara a coocorrência com o que seria esperado pelas frequências individuais. A regra descreve associação, não causalidade, e pode refletir convenções de classificação de gêneros, o recorte temporal e o filtro de filmes com pelo menos cinco avaliações.",útil para descrever combinações recorrentes e apoiar análises de catálogo; não deve ser usada isoladamente para recomendar filmes
"{avaliacao_media, genero_guerra}",{genero_drama},0.02247191011235955,0.82,1.8736255479023167,2,"Quando um filme apresenta avaliação média intermediária (de 3,0 a menos de 4,0) e gênero guerra, com que frequência ele também apresenta gênero drama?","Na amostra, 82.00% dos filmes com avaliação média intermediária (de 3,0 a menos de 4,0) e gênero guerra também apresentam gênero drama. A regra ocorre em 2.25% de todos os filmes e possui lift 1.87, indicando uma associação moderada.",esperada,"O suporte é baixo para esta base. A confiança mostra a proporção condicional, enquanto o lift compara a coocorrência com o que seria esperado pelas frequências individuais. A regra descreve associação, não causalidade, e pode refletir convenções de classificação de gêneros, o recorte temporal e o filtro de filmes com pelo menos cinco avaliações.",útil para descrever combinações recorrentes e apoiar análises de catálogo; não deve ser usada isoladamente para recomendar filmes
{genero_guerra},{genero_drama},0.033707865168539325,0.7884615384615384,1.8015630268291507,1,"Quando um filme apresenta gênero guerra, com que frequência ele também apresenta gênero drama?","Na amostra, 78.85% dos filmes com gênero guerra também apresentam gênero drama. A regra ocorre em 3.37% de todos os filmes e possui lift 1.80, indicando uma associação moderada.",esperada,"O suporte é baixo para esta base. A confiança mostra a proporção condicional, enquanto o lift compara a coocorrência com o que seria esperado pelas frequências individuais. A regra descreve associação, não causalidade, e pode refletir convenções de classificação de gêneros, o recorte temporal e o filtro de filmes com pelo menos cinco avaliações.",útil para descrever combinações recorrentes e apoiar análises de catálogo; não deve ser usada isoladamente para recomendar filmes
"{avaliacao_baixa, genero_romance}",{genero_comedia},0.02466429158673609,0.6766917293233082,1.6695389589592644,2,"Quando um filme apresenta avaliação média baixa (menor que 3,0) e gênero romance, com que frequência ele também apresenta gênero comédia?","Na amostra, 67.67% dos filmes com avaliação média baixa (menor que 3,0) e gênero romance também apresentam gênero comédia. A regra ocorre em 2.47% de todos os filmes e possui lift 1.67, indicando uma associação moderada.",esperada,"O suporte é baixo para esta base. A confiança mostra a proporção condicional, enquanto o lift compara a coocorrência com o que seria esperado pelas frequências individuais. A regra descreve associação, não causalidade, e pode refletir convenções de classificação de gêneros, o recorte temporal e o filtro de filmes com pelo menos cinco avaliações.",útil para descrever combinações recorrentes e apoiar análises de catálogo; não deve ser usada isoladamente para recomendar filmes
"{avaliacao_alta, popularidade_media}",{genero_drama},0.037270485064401206,0.7157894736842105,1.6355139570905974,2,"Quando um filme apresenta avaliação média alta (igual ou superior a 4,0) e popularidade intermediária (10 a 49 avaliações), com que frequência ele também apresenta gênero drama?","Na amostra, 71.58% dos filmes com avaliação média alta (igual ou superior a 4,0) e popularidade intermediária (10 a 49 avaliações) também apresentam gênero drama. A regra ocorre em 3.73% de todos os filmes e possui lift 1.64, indicando uma associação moderada.",esperada,"O suporte é baixo para esta base. A confiança mostra a proporção condicional, enquanto o lift compara a coocorrência com o que seria esperado pelas frequências individuais. A regra descreve associação, não causalidade, e pode refletir convenções de classificação de gêneros, o recorte temporal e o filtro de filmes com pelo menos cinco avaliações.",útil para descrever combinações recorrentes e apoiar análises de catálogo; não deve ser usada isoladamente para recomendar filmes
"{avaliacao_alta, popularidade_baixa}",{genero_drama},0.02959714990408331,0.6625766871165645,1.513927571251311,2,"Quando um filme apresenta avaliação média alta (igual ou superior a 4,0) e popularidade baixa (5 a 9 avaliações), com que frequência ele também apresenta gênero drama?","Na amostra, 66.26% dos filmes com avaliação média alta (igual ou superior a 4,0) e popularidade baixa (5 a 9 avaliações) também apresentam gênero drama. A regra ocorre em 2.96% de todos os filmes e possui lift 1.51, indicando uma associação moderada.",esperada,"O suporte é baixo para esta base. A confiança mostra a proporção condicional, enquanto o lift compara a coocorrência com o que seria esperado pelas frequências individuais. A regra descreve associação, não causalidade, e pode refletir convenções de classificação de gêneros, o recorte temporal e o filtro de filmes com pelo menos cinco avaliações.",útil para descrever combinações recorrentes e apoiar análises de catálogo; não deve ser usada isoladamente para recomendar filmes
{avaliacao_alta},{genero_drama},0.07947382844614963,0.6590909090909091,1.5059628849547446,1,"Quando um filme apresenta avaliação média alta (igual ou superior a 4,0), com que frequência ele também apresenta gênero drama?","Na amostra, 65.91% dos filmes com avaliação média alta (igual ou superior a 4,0) também apresentam gênero drama. A regra ocorre em 7.95% de todos os filmes e possui lift 1.51, indicando uma associação moderada.",esperada,"O suporte é intermediário para esta base. A confiança mostra a proporção condicional, enquanto o lift compara a coocorrência com o que seria esperado pelas frequências individuais. A regra descreve associação, não causalidade, e pode refletir convenções de classificação de gêneros, o recorte temporal e o filtro de filmes com pelo menos cinco avaliações.",útil para descrever combinações recorrentes e apoiar análises de catálogo; não deve ser usada isoladamente para recomendar filmes
"{genero_romance, periodo_2000_2009}",{genero_comedia},0.036996437380104136,0.6026785714285714,1.4869331353230948,2,"Quando um filme apresenta gênero romance e lançamento entre 2000 e 2009, com que frequência ele também apresenta gênero comédia?","Na amostra, 60.27% dos filmes com gênero romance e lançamento entre 2000 e 2009 também apresentam gênero comédia. A regra ocorre em 3.70% de todos os filmes e possui lift 1.49, indicando uma associação positiva, porém modesta.",esperada,"O suporte é baixo para esta base. A confiança mostra a proporção condicional, enquanto o lift compara a coocorrência com o que seria esperado pelas frequências individuais. A regra descreve associação, não causalidade, e pode refletir convenções de classificação de gêneros, o recorte temporal e o filtro de filmes com pelo menos cinco avaliações.",útil para descrever combinações recorrentes e apoiar análises de catálogo; não deve ser usada isoladamente para recomendar filmes
"{avaliacao_baixa, genero_drama}",{popularidade_baixa},0.02850095916689504,0.5621621621621621,1.4864708186447315,2,"Quando um filme apresenta avaliação média baixa (menor que 3,0) e gênero drama, com que frequência ele também apresenta popularidade baixa (5 a 9 avaliações)?","Na amostra, 56.22% dos filmes com avaliação média baixa (menor que 3,0) e gênero drama também apresentam popularidade baixa (5 a 9 avaliações). A regra ocorre em 2.85% de todos os filmes e possui lift 1.49, indicando uma associação positiva, porém modesta.",esperada,"O suporte é baixo para esta base. A confiança mostra a proporção condicional, enquanto o lift compara a coocorrência com o que seria esperado pelas frequências individuais. A regra descreve associação, não causalidade, e pode refletir convenções de classificação de gêneros, o recorte temporal e o filtro de filmes com pelo menos cinco avaliações.",útil para descrever combinações recorrentes e apoiar análises de catálogo; não deve ser usada isoladamente para recomendar filmes
"{avaliacao_baixa, periodo_1970_1989}",{popularidade_baixa},0.020827624006577145,0.5547445255474452,1.4668570824077012,2,"Quando um filme apresenta avaliação média baixa (menor que 3,0) e lançamento entre 1970 e 1989, com que frequência ele também apresenta popularidade baixa (5 a 9 avaliações)?","Na amostra, 55.47% dos filmes com avaliação média baixa (menor que 3,0) e lançamento entre 1970 e 1989 também apresentam popularidade baixa (5 a 9 avaliações). A regra ocorre em 2.08% de todos os filmes e possui lift 1.47, indicando uma associação positiva, porém modesta.",esperada,"O suporte é baixo para esta base. A confiança mostra a proporção condicional, enquanto o lift compara a coocorrência com o que seria esperado pelas frequências individuais. A regra descreve associação, não causalidade, e pode refletir convenções de classificação de gêneros, o recorte temporal e o filtro de filmes com pelo menos cinco avaliações.",útil para descrever combinações recorrentes e apoiar análises de catálogo; não deve ser usada isoladamente para recomendar filmes
"{avaliacao_baixa, genero_comedia}",{popularidade_baixa},0.06796382570567279,0.5523385300668151,1.460495142183919,2,"Quando um filme apresenta avaliação média baixa (menor que 3,0) e gênero comédia, com que frequência ele também apresenta popularidade baixa (5 a 9 avaliações)?","Na amostra, 55.23% dos filmes com avaliação média baixa (menor que 3,0) e gênero comédia também apresentam popularidade baixa (5 a 9 avaliações). A regra ocorre em 6.80% de todos os filmes e possui lift 1.46, indicando uma associação positiva, porém modesta.",esperada,"O suporte é intermediário para esta base. A confiança mostra a proporção condicional, enquanto o lift compara a coocorrência com o que seria esperado pelas frequências individuais. A regra descreve associação, não causalidade, e pode refletir convenções de classificação de gêneros, o recorte temporal e o filtro de filmes com pelo menos cinco avaliações.",útil para descrever combinações recorrentes e apoiar análises de catálogo; não deve ser usada isoladamente para recomendar filmes
"{genero_romance, popularidade_media}",{genero_comedia},0.0534392984379282,0.566860465116279,1.3985624321901975,2,"Quando um filme apresenta gênero romance e popularidade intermediária (10 a 49 avaliações), com que frequência ele também apresenta gênero comédia?","Na amostra, 56.69% dos filmes com gênero romance e popularidade intermediária (10 a 49 avaliações) também apresentam gênero comédia. A regra ocorre em 5.34% de todos os filmes e possui lift 1.40, indicando uma associação positiva, porém modesta.",esperada,"O suporte é intermediário para esta base. A confiança mostra a proporção condicional, enquanto o lift compara a coocorrência com o que seria esperado pelas frequências individuais. A regra descreve associação, não causalidade, e pode refletir convenções de classificação de gêneros, o recorte temporal e o filtro de filmes com pelo menos cinco avaliações.",útil para descrever combinações recorrentes e apoiar análises de catálogo; não deve ser usada isoladamente para recomendar filmes
"{genero_romance, periodo_2000_2009}",{genero_drama},0.037544532748698276,0.6116071428571429,1.3974667904105913,2,"Quando um filme apresenta gênero romance e lançamento entre 2000 e 2009, com que frequência ele também apresenta gênero drama?","Na amostra, 61.16% dos filmes com gênero romance e lançamento entre 2000 e 2009 também apresentam gênero drama. A regra ocorre em 3.75% de todos os filmes e possui lift 1.40, indicando uma associação positiva, porém modesta.",esperada,"O suporte é baixo para esta base. A confiança mostra a proporção condicional, enquanto o lift compara a coocorrência com o que seria esperado pelas frequências individuais. A regra descreve associação, não causalidade, e pode refletir convenções de classificação de gêneros, o recorte temporal e o filtro de filmes com pelo menos cinco avaliações.",útil para descrever combinações recorrentes e apoiar análises de catálogo; não deve ser usada isoladamente para recomendar filmes
{genero_romance},{genero_comedia},0.10112359550561797,0.5633587786259542,1.389923044764102,1,"Quando um filme apresenta gênero romance, com que frequência ele também apresenta gênero comédia?","Na amostra, 56.34% dos filmes com gênero romance também apresentam gênero comédia. A regra ocorre em 10.11% de todos os filmes e possui lift 1.39, indicando uma associação positiva, porém modesta.",esperada,"O suporte é alto para esta base. A confiança mostra a proporção condicional, enquanto o lift compara a coocorrência com o que seria esperado pelas frequências individuais. A regra descreve associação, não causalidade, e pode refletir convenções de classificação de gêneros, o recorte temporal e o filtro de filmes com pelo menos cinco avaliações.",útil para descrever combinações recorrentes e apoiar análises de catálogo; não deve ser usada isoladamente para recomendar filmes
{genero_infantil},{genero_comedia},0.04850644012058098,0.5566037735849056,1.3732570451733068,1,"Quando um filme apresenta gênero infantil, com que frequência ele também apresenta gênero comédia?","Na amostra, 55.66% dos filmes com gênero infantil também apresentam gênero comédia. A regra ocorre em 4.85% de todos os filmes e possui lift 1.37, indicando uma associação positiva, porém modesta.",esperada,"O suporte é intermediário para esta base. A confiança mostra a proporção condicional, enquanto o lift compara a coocorrência com o que seria esperado pelas frequências individuais. A regra descreve associação, não causalidade, e pode refletir convenções de classificação de gêneros, o recorte temporal e o filtro de filmes com pelo menos cinco avaliações.",útil para descrever combinações recorrentes e apoiar análises de catálogo; não deve ser usada isoladamente para recomendar filmes
"{avaliacao_media, genero_romance}",{genero_comedia},0.06796382570567279,0.5560538116591928,1.3719001749455,2,"Quando um filme apresenta avaliação média intermediária (de 3,0 a menos de 4,0) e gênero romance, com que frequência ele também apresenta gênero comédia?","Na amostra, 55.61% dos filmes com avaliação média intermediária (de 3,0 a menos de 4,0) e gênero romance também apresentam gênero comédia. A regra ocorre em 6.80% de todos os filmes e possui lift 1.37, indicando uma associação positiva, porém modesta.",esperada,"O suporte é intermediário para esta base. A confiança mostra a proporção condicional, enquanto o lift compara a coocorrência com o que seria esperado pelas frequências individuais. A regra descreve associação, não causalidade, e pode refletir convenções de classificação de gêneros, o recorte temporal e o filtro de filmes com pelo menos cinco avaliações.",útil para descrever combinações recorrentes e apoiar análises de catálogo; não deve ser usada isoladamente para recomendar filmes
"{genero_infantil, popularidade_media}",{genero_comedia},0.024938339271033158,0.5515151515151515,1.3607023582682813,2,"Quando um filme apresenta gênero infantil e popularidade intermediária (10 a 49 avaliações), com que frequência ele também apresenta gênero comédia?","Na amostra, 55.15% dos filmes com gênero infantil e popularidade intermediária (10 a 49 avaliações) também apresentam gênero comédia. A regra ocorre em 2.49% de todos os filmes e possui lift 1.36, indicando uma associação positiva, porém modesta.",esperada,"O suporte é baixo para esta base. A confiança mostra a proporção condicional, enquanto o lift compara a coocorrência com o que seria esperado pelas frequências individuais. A regra descreve associação, não causalidade, e pode refletir convenções de classificação de gêneros, o recorte temporal e o filtro de filmes com pelo menos cinco avaliações.",útil para descrever combinações recorrentes e apoiar análises de catálogo; não deve ser usada isoladamente para recomendar filmes
"{avaliacao_media, genero_romance}",{genero_drama},0.07262263633872294,0.594170403587444,1.357625424352275,2,"Quando um filme apresenta avaliação média intermediária (de 3,0 a menos de 4,0) e gênero romance, com que frequência ele também apresenta gênero drama?","Na amostra, 59.42% dos filmes com avaliação média intermediária (de 3,0 a menos de 4,0) e gênero romance também apresentam gênero drama. A regra ocorre em 7.26% de todos os filmes e possui lift 1.36, indicando uma associação positiva, porém modesta.",esperada,"O suporte é intermediário para esta base. A confiança mostra a proporção condicional, enquanto o lift compara a coocorrência com o que seria esperado pelas frequências individuais. A regra descreve associação, não causalidade, e pode refletir convenções de classificação de gêneros, o recorte temporal e o filtro de filmes com pelo menos cinco avaliações.",útil para descrever combinações recorrentes e apoiar análises de catálogo; não deve ser usada isoladamente para recomendar filmes
"{genero_romance, popularidade_media}",{genero_drama},0.05590572759660181,0.5930232558139535,1.3550042958454078,2,"Quando um filme apresenta gênero romance e popularidade intermediária (10 a 49 avaliações), com que frequência ele também apresenta gênero drama?","Na amostra, 59.30% dos filmes com gênero romance e popularidade intermediária (10 a 49 avaliações) também apresentam gênero drama. A regra ocorre em 5.59% de todos os filmes e possui lift 1.36, indicando uma associação positiva, porém modesta.",esperada,"O suporte é intermediário para esta base. A confiança mostra a proporção condicional, enquanto o lift compara a coocorrência com o que seria esperado pelas frequências individuais. A regra descreve associação, não causalidade, e pode refletir convenções de classificação de gêneros, o recorte temporal e o filtro de filmes com pelo menos cinco avaliações.",útil para descrever combinações recorrentes e apoiar análises de catálogo; não deve ser usada isoladamente para recomendar filmes
"{genero_ficcao_cientifica, periodo_2010_2018}",{popularidade_media},0.020005480953685942,0.6636363636363637,1.3312859213353991,2,"Quando um filme apresenta gênero ficção científica e lançamento entre 2010 e 2018, com que frequência ele também apresenta popularidade intermediária (10 a 49 avaliações)?","Na amostra, 66.36% dos filmes com gênero ficção científica e lançamento entre 2010 e 2018 também apresentam popularidade intermediária (10 a 49 avaliações). A regra ocorre em 2.00% de todos os filmes e possui lift 1.33, indicando uma associação positiva, porém modesta.",esperada,"O suporte é baixo para esta base. A confiança mostra a proporção condicional, enquanto o lift compara a coocorrência com o que seria esperado pelas frequências individuais. A regra descreve associação, não causalidade, e pode refletir convenções de classificação de gêneros, o recorte temporal e o filtro de filmes com pelo menos cinco avaliações.",útil para descrever combinações recorrentes e apoiar análises de catálogo; não deve ser usada isoladamente para recomendar filmes
"{genero_romance, popularidade_baixa}",{genero_drama},0.03590024664291587,0.5796460176991151,1.3244385213425616,2,"Quando um filme apresenta gênero romance e popularidade baixa (5 a 9 avaliações), com que frequência ele também apresenta gênero drama?","Na amostra, 57.96% dos filmes com gênero romance e popularidade baixa (5 a 9 avaliações) também apresentam gênero drama. A regra ocorre em 3.59% de todos os filmes e possui lift 1.32, indicando uma associação positiva, porém modesta.",esperada,"O suporte é baixo para esta base. A confiança mostra a proporção condicional, enquanto o lift compara a coocorrência com o que seria esperado pelas frequências individuais. A regra descreve associação, não causalidade, e pode refletir convenções de classificação de gêneros, o recorte temporal e o filtro de filmes com pelo menos cinco avaliações.",útil para descrever combinações recorrentes e apoiar análises de catálogo; não deve ser usada isoladamente para recomendar filmes
"{genero_romance, periodo_1990_1999}",{genero_drama},0.037270485064401206,0.5714285714285715,1.3056624027193846,2,"Quando um filme apresenta gênero romance e lançamento entre 1990 e 1999, com que frequência ele também apresenta gênero drama?","Na amostra, 57.14% dos filmes com gênero romance e lançamento entre 1990 e 1999 também apresentam gênero drama. A regra ocorre em 3.73% de todos os filmes e possui lift 1.31, indicando uma associação positiva, porém modesta.",esperada,"O suporte é baixo para esta base. A confiança mostra a proporção condicional, enquanto o lift compara a coocorrência com o que seria esperado pelas frequências individuais. A regra descreve associação, não causalidade, e pode refletir convenções de classificação de gêneros, o recorte temporal e o filtro de filmes com pelo menos cinco avaliações.",útil para descrever combinações recorrentes e apoiar análises de catálogo; não deve ser usada isoladamente para recomendar filmes
"{genero_crime, periodo_2000_2009}",{genero_drama},0.03096738832556865,0.5707070707070707,1.3040138390795872,2,"Quando um filme apresenta gênero crime e lançamento entre 2000 e 2009, com que frequência ele também apresenta gênero drama?","Na amostra, 57.07% dos filmes com gênero crime e lançamento entre 2000 e 2009 também apresentam gênero drama. A regra ocorre em 3.10% de todos os filmes e possui lift 1.30, indicando uma associação positiva, porém modesta.",esperada,"O suporte é baixo para esta base. A confiança mostra a proporção condicional, enquanto o lift compara a coocorrência com o que seria esperado pelas frequências individuais. A regra descreve associação, não causalidade, e pode refletir convenções de classificação de gêneros, o recorte temporal e o filtro de filmes com pelo menos cinco avaliações.",útil para descrever combinações recorrentes e apoiar análises de catálogo; não deve ser usada isoladamente para recomendar filmes
{genero_romance},{genero_drama},0.10194573855850918,0.5679389312977099,1.297688891863083,1,"Quando um filme apresenta gênero romance, com que frequência ele também apresenta gênero drama?","Na amostra, 56.79% dos filmes com gênero romance também apresentam gênero drama. A regra ocorre em 10.19% de todos os filmes e possui lift 1.30, indicando uma associação positiva, porém modesta.",esperada,"O suporte é alto para esta base. A confiança mostra a proporção condicional, enquanto o lift compara a coocorrência com o que seria esperado pelas frequências individuais. A regra descreve associação, não causalidade, e pode refletir convenções de classificação de gêneros, o recorte temporal e o filtro de filmes com pelo menos cinco avaliações.",útil para descrever combinações recorrentes e apoiar análises de catálogo; não deve ser usada isoladamente para recomendar filmes
"{periodo_2010_2018, popularidade_media}",{avaliacao_media},0.05179501233214579,0.8253275109170306,1.28922092779805,2,"Quando um filme apresenta lançamento entre 2010 e 2018 e popularidade intermediária (10 a 49 avaliações), com que frequência ele também apresenta avaliação média intermediária (de 3,0 a menos de 4,0)?","Na amostra, 82.53% dos filmes com lançamento entre 2010 e 2018 e popularidade intermediária (10 a 49 avaliações) também apresentam avaliação média intermediária (de 3,0 a menos de 4,0). A regra ocorre em 5.18% de todos os filmes e possui lift 1.29, indicando uma associação positiva, porém modesta.",esperada,"O suporte é intermediário para esta base. A confiança mostra a proporção condicional, enquanto o lift compara a coocorrência com o que seria esperado pelas frequências individuais. A regra descreve associação, não causalidade, e pode refletir convenções de classificação de gêneros, o recorte temporal e o filtro de filmes com pelo menos cinco avaliações.",útil para descrever combinações recorrentes e apoiar análises de catálogo; não deve ser usada isoladamente para recomendar filmes
"{periodo_2000_2009, popularidade_alta}",{avaliacao_media},0.03069334064127158,0.8235294117647058,1.2864121676067686,2,"Quando um filme apresenta lançamento entre 2000 e 2009 e popularidade alta (50 ou mais avaliações), com que frequência ele também apresenta avaliação média intermediária (de 3,0 a menos de 4,0)?","Na amostra, 82.35% dos filmes com lançamento entre 2000 e 2009 e popularidade alta (50 ou mais avaliações) também apresentam avaliação média intermediária (de 3,0 a menos de 4,0). A regra ocorre em 3.07% de todos os filmes e possui lift 1.29, indicando uma associação positiva, porém modesta.",esperada,"O suporte é baixo para esta base. A confiança mostra a proporção condicional, enquanto o lift compara a coocorrência com o que seria esperado pelas frequências individuais. A regra descreve associação, não causalidade, e pode refletir convenções de classificação de gêneros, o recorte temporal e o filtro de filmes com pelo menos cinco avaliações.",útil para descrever combinações recorrentes e apoiar análises de catálogo; não deve ser usada isoladamente para recomendar filmes
"{genero_crime, periodo_1990_1999}",{genero_drama},0.023568100849547823,0.5620915032679739,1.2843280497337737,2,"Quando um filme apresenta gênero crime e lançamento entre 1990 e 1999, com que frequência ele também apresenta gênero drama?","Na amostra, 56.21% dos filmes com gênero crime e lançamento entre 1990 e 1999 também apresentam gênero drama. A regra ocorre em 2.36% de todos os filmes e possui lift 1.28, indicando uma associação positiva, porém modesta.",esperada,"O suporte é baixo para esta base. A confiança mostra a proporção condicional, enquanto o lift compara a coocorrência com o que seria esperado pelas frequências individuais. A regra descreve associação, não causalidade, e pode refletir convenções de classificação de gêneros, o recorte temporal e o filtro de filmes com pelo menos cinco avaliações.",útil para descrever combinações recorrentes e apoiar análises de catálogo; não deve ser usada isoladamente para recomendar filmes
"{avaliacao_media, popularidade_baixa}",{genero_drama},0.11564812277336256,0.5567282321899736,1.2720734622800336,2,"Quando um filme apresenta avaliação média intermediária (de 3,0 a menos de 4,0) e popularidade baixa (5 a 9 avaliações), com que frequência ele também apresenta gênero drama?","Na amostra, 55.67% dos filmes com avaliação média intermediária (de 3,0 a menos de 4,0) e popularidade baixa (5 a 9 avaliações) também apresentam gênero drama. A regra ocorre em 11.56% de todos os filmes e possui lift 1.27, indicando uma associação positiva, porém modesta.",esperada,"O suporte é alto para esta base. A confiança mostra a proporção condicional, enquanto o lift compara a coocorrência com o que seria esperado pelas frequências individuais. A regra descreve associação, não causalidade, e pode refletir convenções de classificação de gêneros, o recorte temporal e o filtro de filmes com pelo menos cinco avaliações.",útil para descrever combinações recorrentes e apoiar análises de catálogo; não deve ser usada isoladamente para recomendar filmes
{genero_musical},{avaliacao_media},0.03233762674705399,0.8137931034482759,1.271203353802551,1,"Quando um filme apresenta gênero musical, com que frequência ele também apresenta avaliação média intermediária (de 3,0 a menos de 4,0)?","Na amostra, 81.38% dos filmes com gênero musical também apresentam avaliação média intermediária (de 3,0 a menos de 4,0). A regra ocorre em 3.23% de todos os filmes e possui lift 1.27, indicando uma associação positiva, porém modesta.",esperada,"O suporte é baixo para esta base. A confiança mostra a proporção condicional, enquanto o lift compara a coocorrência com o que seria esperado pelas frequências individuais. A regra descreve associação, não causalidade, e pode refletir convenções de classificação de gêneros, o recorte temporal e o filtro de filmes com pelo menos cinco avaliações.",útil para descrever combinações recorrentes e apoiar análises de catálogo; não deve ser usada isoladamente para recomendar filmes
"{avaliacao_media, genero_misterio}",{genero_drama},0.025760482323924364,0.5562130177514792,1.270896244067093,2,"Quando um filme apresenta avaliação média intermediária (de 3,0 a menos de 4,0) e gênero mistério, com que frequência ele também apresenta gênero drama?","Na amostra, 55.62% dos filmes com avaliação média intermediária (de 3,0 a menos de 4,0) e gênero mistério também apresentam gênero drama. A regra ocorre em 2.58% de todos os filmes e possui lift 1.27, indicando uma associação positiva, porém modesta.",esperada,"O suporte é baixo para esta base. A confiança mostra a proporção condicional, enquanto o lift compara a coocorrência com o que seria esperado pelas frequências individuais. A regra descreve associação, não causalidade, e pode refletir convenções de classificação de gêneros, o recorte temporal e o filtro de filmes com pelo menos cinco avaliações.",útil para descrever combinações recorrentes e apoiar análises de catálogo; não deve ser usada isoladamente para recomendar filmes
"{genero_aventura, periodo_2010_2018}",{popularidade_media},0.023020005480953686,0.631578947368421,1.2669772286681518,2,"Quando um filme apresenta gênero aventura e lançamento entre 2010 e 2018, com que frequência ele também apresenta popularidade intermediária (10 a 49 avaliações)?","Na amostra, 63.16% dos filmes com gênero aventura e lançamento entre 2010 e 2018 também apresentam popularidade intermediária (10 a 49 avaliações). A regra ocorre em 2.30% de todos os filmes e possui lift 1.27, indicando uma associação positiva, porém modesta.",esperada,"O suporte é baixo para esta base. A confiança mostra a proporção condicional, enquanto o lift compara a coocorrência com o que seria esperado pelas frequências individuais. A regra descreve associação, não causalidade, e pode refletir convenções de classificação de gêneros, o recorte temporal e o filtro de filmes com pelo menos cinco avaliações.",útil para descrever combinações recorrentes e apoiar análises de catálogo; não deve ser usada isoladamente para recomendar filmes
"{avaliacao_media, genero_crime}",{genero_drama},0.05234310770073993,0.5504322766570605,1.2576877755301274,2,"Quando um filme apresenta avaliação média intermediária (de 3,0 a menos de 4,0) e gênero crime, com que frequência ele também apresenta gênero drama?","Na amostra, 55.04% dos filmes com avaliação média intermediária (de 3,0 a menos de 4,0) e gênero crime também apresentam gênero drama. A regra ocorre em 5.23% de todos os filmes e possui lift 1.26, indicando uma associação positiva, porém modesta.",esperada,"O suporte é intermediário para esta base. A confiança mostra a proporção condicional, enquanto o lift compara a coocorrência com o que seria esperado pelas frequências individuais. A regra descreve associação, não causalidade, e pode refletir convenções de classificação de gêneros, o recorte temporal e o filtro de filmes com pelo menos cinco avaliações.",útil para descrever combinações recorrentes e apoiar análises de catálogo; não deve ser usada isoladamente para recomendar filmes
"{genero_animacao, popularidade_media}",{avaliacao_media},0.026856673061112633,0.7967479674796748,1.2445776255707763,2,"Quando um filme apresenta gênero animação e popularidade intermediária (10 a 49 avaliações), com que frequência ele também apresenta avaliação média intermediária (de 3,0 a menos de 4,0)?","Na amostra, 79.67% dos filmes com gênero animação e popularidade intermediária (10 a 49 avaliações) também apresentam avaliação média intermediária (de 3,0 a menos de 4,0). A regra ocorre em 2.69% de todos os filmes e possui lift 1.24, indicando uma associação positiva, porém modesta.",esperada,"O suporte é baixo para esta base. A confiança mostra a proporção condicional, enquanto o lift compara a coocorrência com o que seria esperado pelas frequências individuais. A regra descreve associação, não causalidade, e pode refletir convenções de classificação de gêneros, o recorte temporal e o filtro de filmes com pelo menos cinco avaliações.",útil para descrever combinações recorrentes e apoiar análises de catálogo; não deve ser usada isoladamente para recomendar filmes
"{genero_animacao, genero_infantil}",{avaliacao_media},0.03206357906275692,0.785234899328859,1.2265933851245747,2,"Quando um filme apresenta gênero animação e gênero infantil, com que frequência ele também apresenta avaliação média intermediária (de 3,0 a menos de 4,0)?","Na amostra, 78.52% dos filmes com gênero animação e gênero infantil também apresentam avaliação média intermediária (de 3,0 a menos de 4,0). A regra ocorre em 3.21% de todos os filmes e possui lift 1.23, indicando uma associação positiva, porém modesta.",esperada,"O suporte é baixo para esta base. A confiança mostra a proporção condicional, enquanto o lift compara a coocorrência com o que seria esperado pelas frequências individuais. A regra descreve associação, não causalidade, e pode refletir convenções de classificação de gêneros, o recorte temporal e o filtro de filmes com pelo menos cinco avaliações.",útil para descrever combinações recorrentes e apoiar análises de catálogo; não deve ser usada isoladamente para recomendar filmes
{genero_imax},{avaliacao_media},0.02603453000822143,0.7851239669421487,1.2264201007585191,1,"Quando um filme apresenta formato IMAX, com que frequência ele também apresenta avaliação média intermediária (de 3,0 a menos de 4,0)?","Na amostra, 78.51% dos filmes com formato IMAX também apresentam avaliação média intermediária (de 3,0 a menos de 4,0). A regra ocorre em 2.60% de todos os filmes e possui lift 1.23, indicando uma associação positiva, porém modesta.",esperada,"O suporte é baixo para esta base. A confiança mostra a proporção condicional, enquanto o lift compara a coocorrência com o que seria esperado pelas frequências individuais. A regra descreve associação, não causalidade, e pode refletir convenções de classificação de gêneros, o recorte temporal e o filtro de filmes com pelo menos cinco avaliações.",útil para descrever combinações recorrentes e apoiar análises de catálogo; não deve ser usada isoladamente para recomendar filmes
"{genero_animacao, genero_comedia}",{avaliacao_media},0.024938339271033158,0.7844827586206896,1.225418487246103,2,"Quando um filme apresenta gênero animação e gênero comédia, com que frequência ele também apresenta avaliação média intermediária (de 3,0 a menos de 4,0)?","Na amostra, 78.45% dos filmes com gênero animação e gênero comédia também apresentam avaliação média intermediária (de 3,0 a menos de 4,0). A regra ocorre em 2.49% de todos os filmes e possui lift 1.23, indicando uma associação positiva, porém modesta.",esperada,"O suporte é baixo para esta base. A confiança mostra a proporção condicional, enquanto o lift compara a coocorrência com o que seria esperado pelas frequências individuais. A regra descreve associação, não causalidade, e pode refletir convenções de classificação de gêneros, o recorte temporal e o filtro de filmes com pelo menos cinco avaliações.",útil para descrever combinações recorrentes e apoiar análises de catálogo; não deve ser usada isoladamente para recomendar filmes
"{genero_comedia, popularidade_alta}",{avaliacao_media},0.03864072348588654,0.7790055248618784,1.2168626542041927,2,"Quando um filme apresenta gênero comédia e popularidade alta (50 ou mais avaliações), com que frequência ele também apresenta avaliação média intermediária (de 3,0 a menos de 4,0)?","Na amostra, 77.90% dos filmes com gênero comédia e popularidade alta (50 ou mais avaliações) também apresentam avaliação média intermediária (de 3,0 a menos de 4,0). A regra ocorre em 3.86% de todos os filmes e possui lift 1.22, indicando uma associação positiva, porém modesta.",esperada,"O suporte é baixo para esta base. A confiança mostra a proporção condicional, enquanto o lift compara a coocorrência com o que seria esperado pelas frequências individuais. A regra descreve associação, não causalidade, e pode refletir convenções de classificação de gêneros, o recorte temporal e o filtro de filmes com pelo menos cinco avaliações.",útil para descrever combinações recorrentes e apoiar análises de catálogo; não deve ser usada isoladamente para recomendar filmes
"{genero_acao, popularidade_alta}",{avaliacao_media},0.03453000822143053,0.7682926829268293,1.2001284246575343,2,"Quando um filme apresenta gênero ação e popularidade alta (50 ou mais avaliações), com que frequência ele também apresenta avaliação média intermediária (de 3,0 a menos de 4,0)?","Na amostra, 76.83% dos filmes com gênero ação e popularidade alta (50 ou mais avaliações) também apresentam avaliação média intermediária (de 3,0 a menos de 4,0). A regra ocorre em 3.45% de todos os filmes e possui lift 1.20, indicando uma associação positiva, porém modesta.",esperada,"O suporte é baixo para esta base. A confiança mostra a proporção condicional, enquanto o lift compara a coocorrência com o que seria esperado pelas frequências individuais. A regra descreve associação, não causalidade, e pode refletir convenções de classificação de gêneros, o recorte temporal e o filtro de filmes com pelo menos cinco avaliações.",útil para descrever combinações recorrentes e apoiar análises de catálogo; não deve ser usada isoladamente para recomendar filmes
"{genero_drama, periodo_2000_2009}",{avaliacao_media},0.11263359824609483,0.7667910447761194,1.1977827578716007,2,"Quando um filme apresenta gênero drama e lançamento entre 2000 e 2009, com que frequência ele também apresenta avaliação média intermediária (de 3,0 a menos de 4,0)?","Na amostra, 76.68% dos filmes com gênero drama e lançamento entre 2000 e 2009 também apresentam avaliação média intermediária (de 3,0 a menos de 4,0). A regra ocorre em 11.26% de todos os filmes e possui lift 1.20, indicando uma associação positiva, porém modesta.",esperada,"O suporte é alto para esta base. A confiança mostra a proporção condicional, enquanto o lift compara a coocorrência com o que seria esperado pelas frequências individuais. A regra descreve associação, não causalidade, e pode refletir convenções de classificação de gêneros, o recorte temporal e o filtro de filmes com pelo menos cinco avaliações.",útil para descrever combinações recorrentes e apoiar análises de catálogo; não deve ser usada isoladamente para recomendar filmes
{genero_animacao},{avaliacao_media},0.04768429706768978,0.7665198237885463,1.1973590911833927,1,"Quando um filme apresenta gênero animação, com que frequência ele também apresenta avaliação média intermediária (de 3,0 a menos de 4,0)?","Na amostra, 76.65% dos filmes com gênero animação também apresentam avaliação média intermediária (de 3,0 a menos de 4,0). A regra ocorre em 4.77% de todos os filmes e possui lift 1.20, indicando uma associação positiva, porém modesta.",esperada,"O suporte é intermediário para esta base. A confiança mostra a proporção condicional, enquanto o lift compara a coocorrência com o que seria esperado pelas frequências individuais. A regra descreve associação, não causalidade, e pode refletir convenções de classificação de gêneros, o recorte temporal e o filtro de filmes com pelo menos cinco avaliações.",útil para descrever combinações recorrentes e apoiar análises de catálogo; não deve ser usada isoladamente para recomendar filmes
"{genero_aventura, popularidade_alta}",{avaliacao_media},0.027678816114003836,0.7651515151515151,1.195221694686592,2,"Quando um filme apresenta gênero aventura e popularidade alta (50 ou mais avaliações), com que frequência ele também apresenta avaliação média intermediária (de 3,0 a menos de 4,0)?","Na amostra, 76.52% dos filmes com gênero aventura e popularidade alta (50 ou mais avaliações) também apresentam avaliação média intermediária (de 3,0 a menos de 4,0). A regra ocorre em 2.77% de todos os filmes e possui lift 1.20, indicando uma associação positiva, porém modesta.",esperada,"O suporte é baixo para esta base. A confiança mostra a proporção condicional, enquanto o lift compara a coocorrência com o que seria esperado pelas frequências individuais. A regra descreve associação, não causalidade, e pode refletir convenções de classificação de gêneros, o recorte temporal e o filtro de filmes com pelo menos cinco avaliações.",útil para descrever combinações recorrentes e apoiar análises de catálogo; não deve ser usada isoladamente para recomendar filmes
"{genero_aventura, genero_suspense}",{avaliacao_media},0.028226911482597972,0.7629629629629631,1.191803018772197,2,"Quando um filme apresenta gênero aventura e gênero suspense, com que frequência ele também apresenta avaliação média intermediária (de 3,0 a menos de 4,0)?","Na amostra, 76.30% dos filmes com gênero aventura e gênero suspense também apresentam avaliação média intermediária (de 3,0 a menos de 4,0). A regra ocorre em 2.82% de todos os filmes e possui lift 1.19, indicando uma associação positiva, porém modesta.",esperada,"O suporte é baixo para esta base. A confiança mostra a proporção condicional, enquanto o lift compara a coocorrência com o que seria esperado pelas frequências individuais. A regra descreve associação, não causalidade, e pode refletir convenções de classificação de gêneros, o recorte temporal e o filtro de filmes com pelo menos cinco avaliações.",útil para descrever combinações recorrentes e apoiar análises de catálogo; não deve ser usada isoladamente para recomendar filmes
"{periodo_1990_1999, popularidade_alta}",{avaliacao_media},0.040285009591668954,0.7616580310880829,1.189764621335794,2,"Quando um filme apresenta lançamento entre 1990 e 1999 e popularidade alta (50 ou mais avaliações), com que frequência ele também apresenta avaliação média intermediária (de 3,0 a menos de 4,0)?","Na amostra, 76.17% dos filmes com lançamento entre 1990 e 1999 e popularidade alta (50 ou mais avaliações) também apresentam avaliação média intermediária (de 3,0 a menos de 4,0). A regra ocorre em 4.03% de todos os filmes e possui lift 1.19, indicando uma associação positiva, porém modesta.",esperada,"O suporte é intermediário para esta base. A confiança mostra a proporção condicional, enquanto o lift compara a coocorrência com o que seria esperado pelas frequências individuais. A regra descreve associação, não causalidade, e pode refletir convenções de classificação de gêneros, o recorte temporal e o filtro de filmes com pelo menos cinco avaliações.",útil para descrever combinações recorrentes e apoiar análises de catálogo; não deve ser usada isoladamente para recomendar filmes
"{genero_animacao, genero_aventura}",{avaliacao_media},0.025212386955330228,0.7603305785123967,1.1876910449450924,2,"Quando um filme apresenta gênero animação e gênero aventura, com que frequência ele também apresenta avaliação média intermediária (de 3,0 a menos de 4,0)?","Na amostra, 76.03% dos filmes com gênero animação e gênero aventura também apresentam avaliação média intermediária (de 3,0 a menos de 4,0). A regra ocorre em 2.52% de todos os filmes e possui lift 1.19, indicando uma associação positiva, porém modesta.",esperada,"O suporte é baixo para esta base. A confiança mostra a proporção condicional, enquanto o lift compara a coocorrência com o que seria esperado pelas frequências individuais. A regra descreve associação, não causalidade, e pode refletir convenções de classificação de gêneros, o recorte temporal e o filtro de filmes com pelo menos cinco avaliações.",útil para descrever combinações recorrentes e apoiar análises de catálogo; não deve ser usada isoladamente para recomendar filmes
"{genero_suspense, popularidade_alta}",{avaliacao_media},0.024938339271033158,0.7520661157024793,1.1747813596739498,2,"Quando um filme apresenta gênero suspense e popularidade alta (50 ou mais avaliações), com que frequência ele também apresenta avaliação média intermediária (de 3,0 a menos de 4,0)?","Na amostra, 75.21% dos filmes com gênero suspense e popularidade alta (50 ou mais avaliações) também apresentam avaliação média intermediária (de 3,0 a menos de 4,0). A regra ocorre em 2.49% de todos os filmes e possui lift 1.17, indicando uma associação positiva, porém modesta.",esperada,"O suporte é baixo para esta base. A confiança mostra a proporção condicional, enquanto o lift compara a coocorrência com o que seria esperado pelas frequências individuais. A regra descreve associação, não causalidade, e pode refletir convenções de classificação de gêneros, o recorte temporal e o filtro de filmes com pelo menos cinco avaliações.",útil para descrever combinações recorrentes e apoiar análises de catálogo; não deve ser usada isoladamente para recomendar filmes
"{genero_aventura, periodo_2010_2018}",{avaliacao_media},0.02740476842970677,0.7518796992481204,1.1744901637655785,2,"Quando um filme apresenta gênero aventura e lançamento entre 2010 e 2018, com que frequência ele também apresenta avaliação média intermediária (de 3,0 a menos de 4,0)?","Na amostra, 75.19% dos filmes com gênero aventura e lançamento entre 2010 e 2018 também apresentam avaliação média intermediária (de 3,0 a menos de 4,0). A regra ocorre em 2.74% de todos os filmes e possui lift 1.17, indicando uma associação positiva, porém modesta.",esperada,"O suporte é baixo para esta base. A confiança mostra a proporção condicional, enquanto o lift compara a coocorrência com o que seria esperado pelas frequências individuais. A regra descreve associação, não causalidade, e pode refletir convenções de classificação de gêneros, o recorte temporal e o filtro de filmes com pelo menos cinco avaliações.",útil para descrever combinações recorrentes e apoiar análises de catálogo; não deve ser usada isoladamente para recomendar filmes
{popularidade_alta},{avaliacao_media},0.09235406960811181,0.7488888888888888,1.169818302891933,1,"Quando um filme apresenta popularidade alta (50 ou mais avaliações), com que frequência ele também apresenta avaliação média intermediária (de 3,0 a menos de 4,0)?","Na amostra, 74.89% dos filmes com popularidade alta (50 ou mais avaliações) também apresentam avaliação média intermediária (de 3,0 a menos de 4,0). A regra ocorre em 9.24% de todos os filmes e possui lift 1.17, indicando uma associação positiva, porém modesta.",esperada,"O suporte é intermediário para esta base. A confiança mostra a proporção condicional, enquanto o lift compara a coocorrência com o que seria esperado pelas frequências individuais. A regra descreve associação, não causalidade, e pode refletir convenções de classificação de gêneros, o recorte temporal e o filtro de filmes com pelo menos cinco avaliações.",útil para descrever combinações recorrentes e apoiar análises de catálogo; não deve ser usada isoladamente para recomendar filmes
"{genero_comedia, genero_drama}",{avaliacao_media},0.07481501781309947,0.747945205479452,1.1683442015387502,2,"Quando um filme apresenta gênero comédia e gênero drama, com que frequência ele também apresenta avaliação média intermediária (de 3,0 a menos de 4,0)?","Na amostra, 74.79% dos filmes com gênero comédia e gênero drama também apresentam avaliação média intermediária (de 3,0 a menos de 4,0). A regra ocorre em 7.48% de todos os filmes e possui lift 1.17, indicando uma associação positiva, porém modesta.",esperada,"O suporte é intermediário para esta base. A confiança mostra a proporção condicional, enquanto o lift compara a coocorrência com o que seria esperado pelas frequências individuais. A regra descreve associação, não causalidade, e pode refletir convenções de classificação de gêneros, o recorte temporal e o filtro de filmes com pelo menos cinco avaliações.",útil para descrever combinações recorrentes e apoiar análises de catálogo; não deve ser usada isoladamente para recomendar filmes
"{avaliacao_baixa, genero_suspense}",{popularidade_media},0.03453000822143053,0.5806451612903226,1.164801645711043,2,"Quando um filme apresenta avaliação média baixa (menor que 3,0) e gênero suspense, com que frequência ele também apresenta popularidade intermediária (10 a 49 avaliações)?","Na amostra, 58.06% dos filmes com avaliação média baixa (menor que 3,0) e gênero suspense também apresentam popularidade intermediária (10 a 49 avaliações). A regra ocorre em 3.45% de todos os filmes e possui lift 1.16, indicando uma associação positiva, porém modesta.",esperada,"O suporte é baixo para esta base. A confiança mostra a proporção condicional, enquanto o lift compara a coocorrência com o que seria esperado pelas frequências individuais. A regra descreve associação, não causalidade, e pode refletir convenções de classificação de gêneros, o recorte temporal e o filtro de filmes com pelo menos cinco avaliações.",útil para descrever combinações recorrentes e apoiar análises de catálogo; não deve ser usada isoladamente para recomendar filmes
"{genero_ficcao_cientifica, periodo_2010_2018}",{avaliacao_media},0.02247191011235955,0.7454545454545455,1.164453611457036,2,"Quando um filme apresenta gênero ficção científica e lançamento entre 2010 e 2018, com que frequência ele também apresenta avaliação média intermediária (de 3,0 a menos de 4,0)?","Na amostra, 74.55% dos filmes com gênero ficção científica e lançamento entre 2010 e 2018 também apresentam avaliação média intermediária (de 3,0 a menos de 4,0). A regra ocorre em 2.25% de todos os filmes e possui lift 1.16, indicando uma associação positiva, porém modesta.",esperada,"O suporte é baixo para esta base. A confiança mostra a proporção condicional, enquanto o lift compara a coocorrência com o que seria esperado pelas frequências individuais. A regra descreve associação, não causalidade, e pode refletir convenções de classificação de gêneros, o recorte temporal e o filtro de filmes com pelo menos cinco avaliações.",útil para descrever combinações recorrentes e apoiar análises de catálogo; não deve ser usada isoladamente para recomendar filmes
"{genero_suspense, periodo_1970_1989}",{avaliacao_media},0.024938339271033158,0.7398373983739837,1.155679223744292,2,"Quando um filme apresenta gênero suspense e lançamento entre 1970 e 1989, com que frequência ele também apresenta avaliação média intermediária (de 3,0 a menos de 4,0)?","Na amostra, 73.98% dos filmes com gênero suspense e lançamento entre 1970 e 1989 também apresentam avaliação média intermediária (de 3,0 a menos de 4,0). A regra ocorre em 2.49% de todos os filmes e possui lift 1.16, indicando uma associação positiva, porém modesta.",esperada,"O suporte é baixo para esta base. A confiança mostra a proporção condicional, enquanto o lift compara a coocorrência com o que seria esperado pelas frequências individuais. A regra descreve associação, não causalidade, e pode refletir convenções de classificação de gêneros, o recorte temporal e o filtro de filmes com pelo menos cinco avaliações.",útil para descrever combinações recorrentes e apoiar análises de catálogo; não deve ser usada isoladamente para recomendar filmes
"{avaliacao_media, genero_aventura}",{popularidade_media},0.0712523979172376,0.5752212389380531,1.1539210010362593,2,"Quando um filme apresenta avaliação média intermediária (de 3,0 a menos de 4,0) e gênero aventura, com que frequência ele também apresenta popularidade intermediária (10 a 49 avaliações)?","Na amostra, 57.52% dos filmes com avaliação média intermediária (de 3,0 a menos de 4,0) e gênero aventura também apresentam popularidade intermediária (10 a 49 avaliações). A regra ocorre em 7.13% de todos os filmes e possui lift 1.15, indicando uma associação positiva, porém modesta.",esperada,"O suporte é intermediário para esta base. A confiança mostra a proporção condicional, enquanto o lift compara a coocorrência com o que seria esperado pelas frequências individuais. A regra descreve associação, não causalidade, e pode refletir convenções de classificação de gêneros, o recorte temporal e o filtro de filmes com pelo menos cinco avaliações.",útil para descrever combinações recorrentes e apoiar análises de catálogo; não deve ser usada isoladamente para recomendar filmes
"{genero_suspense, periodo_2010_2018}",{avaliacao_media},0.023020005480953686,0.7368421052631579,1.1510003604902668,2,"Quando um filme apresenta gênero suspense e lançamento entre 2010 e 2018, com que frequência ele também apresenta avaliação média intermediária (de 3,0 a menos de 4,0)?","Na amostra, 73.68% dos filmes com gênero suspense e lançamento entre 2010 e 2018 também apresentam avaliação média intermediária (de 3,0 a menos de 4,0). A regra ocorre em 2.30% de todos os filmes e possui lift 1.15, indicando uma associação positiva, porém modesta.",esperada,"O suporte é baixo para esta base. A confiança mostra a proporção condicional, enquanto o lift compara a coocorrência com o que seria esperado pelas frequências individuais. A regra descreve associação, não causalidade, e pode refletir convenções de classificação de gêneros, o recorte temporal e o filtro de filmes com pelo menos cinco avaliações.",útil para descrever combinações recorrentes e apoiar análises de catálogo; não deve ser usada isoladamente para recomendar filmes
"{genero_ficcao_cientifica, genero_suspense}",{popularidade_media},0.0271307207454097,0.5722543352601156,1.147969251986895,2,"Quando um filme apresenta gênero ficção científica e gênero suspense, com que frequência ele também apresenta popularidade intermediária (10 a 49 avaliações)?","Na amostra, 57.23% dos filmes com gênero ficção científica e gênero suspense também apresentam popularidade intermediária (10 a 49 avaliações). A regra ocorre em 2.71% de todos os filmes e possui lift 1.15, indicando uma associação positiva, porém modesta.",esperada,"O suporte é baixo para esta base. A confiança mostra a proporção condicional, enquanto o lift compara a coocorrência com o que seria esperado pelas frequências individuais. A regra descreve associação, não causalidade, e pode refletir convenções de classificação de gêneros, o recorte temporal e o filtro de filmes com pelo menos cinco avaliações.",útil para descrever combinações recorrentes e apoiar análises de catálogo; não deve ser usada isoladamente para recomendar filmes
"{avaliacao_media, periodo_2010_2018}",{popularidade_media},0.05179501233214579,0.5692771084337349,1.1419967942136882,2,"Quando um filme apresenta avaliação média intermediária (de 3,0 a menos de 4,0) e lançamento entre 2010 e 2018, com que frequência ele também apresenta popularidade intermediária (10 a 49 avaliações)?","Na amostra, 56.93% dos filmes com avaliação média intermediária (de 3,0 a menos de 4,0) e lançamento entre 2010 e 2018 também apresentam popularidade intermediária (10 a 49 avaliações). A regra ocorre em 5.18% de todos os filmes e possui lift 1.14, indicando uma associação positiva, porém modesta.",esperada,"O suporte é intermediário para esta base. A confiança mostra a proporção condicional, enquanto o lift compara a coocorrência com o que seria esperado pelas frequências individuais. A regra descreve associação, não causalidade, e pode refletir convenções de classificação de gêneros, o recorte temporal e o filtro de filmes com pelo menos cinco avaliações.",útil para descrever combinações recorrentes e apoiar análises de catálogo; não deve ser usada isoladamente para recomendar filmes
"{avaliacao_media, genero_ficcao_cientifica}",{popularidade_media},0.04768429706768978,0.5686274509803921,1.1406935506473066,2,"Quando um filme apresenta avaliação média intermediária (de 3,0 a menos de 4,0) e gênero ficção científica, com que frequência ele também apresenta popularidade intermediária (10 a 49 avaliações)?","Na amostra, 56.86% dos filmes com avaliação média intermediária (de 3,0 a menos de 4,0) e gênero ficção científica também apresentam popularidade intermediária (10 a 49 avaliações). A regra ocorre em 4.77% de todos os filmes e possui lift 1.14, indicando uma associação positiva, porém modesta.",esperada,"O suporte é intermediário para esta base. A confiança mostra a proporção condicional, enquanto o lift compara a coocorrência com o que seria esperado pelas frequências individuais. A regra descreve associação, não causalidade, e pode refletir convenções de classificação de gêneros, o recorte temporal e o filtro de filmes com pelo menos cinco avaliações.",útil para descrever combinações recorrentes e apoiar análises de catálogo; não deve ser usada isoladamente para recomendar filmes
"{genero_comedia, periodo_2010_2018}",{avaliacao_media},0.0348040559057276,0.7298850574712644,1.1401329515037002,2,"Quando um filme apresenta gênero comédia e lançamento entre 2010 e 2018, com que frequência ele também apresenta avaliação média intermediária (de 3,0 a menos de 4,0)?","Na amostra, 72.99% dos filmes com gênero comédia e lançamento entre 2010 e 2018 também apresentam avaliação média intermediária (de 3,0 a menos de 4,0). A regra ocorre em 3.48% de todos os filmes e possui lift 1.14, indicando uma associação positiva, porém modesta.",esperada,"O suporte é baixo para esta base. A confiança mostra a proporção condicional, enquanto o lift compara a coocorrência com o que seria esperado pelas frequências individuais. A regra descreve associação, não causalidade, e pode refletir convenções de classificação de gêneros, o recorte temporal e o filtro de filmes com pelo menos cinco avaliações.",útil para descrever combinações recorrentes e apoiar análises de catálogo; não deve ser usada isoladamente para recomendar filmes
"{genero_drama, popularidade_media}",{avaliacao_media},0.15922170457659632,0.7289836888331241,1.1387249488664684,2,"Quando um filme apresenta gênero drama e popularidade intermediária (10 a 49 avaliações), com que frequência ele também apresenta avaliação média intermediária (de 3,0 a menos de 4,0)?","Na amostra, 72.90% dos filmes com gênero drama e popularidade intermediária (10 a 49 avaliações) também apresentam avaliação média intermediária (de 3,0 a menos de 4,0). A regra ocorre em 15.92% de todos os filmes e possui lift 1.14, indicando uma associação positiva, porém modesta.",esperada,"O suporte é alto para esta base. A confiança mostra a proporção condicional, enquanto o lift compara a coocorrência com o que seria esperado pelas frequências individuais. A regra descreve associação, não causalidade, e pode refletir convenções de classificação de gêneros, o recorte temporal e o filtro de filmes com pelo menos cinco avaliações.",útil para descrever combinações recorrentes e apoiar análises de catálogo; não deve ser usada isoladamente para recomendar filmes
"{genero_aventura, genero_drama}",{popularidade_media},0.023568100849547823,0.5657894736842105,1.1350004340152193,2,"Quando um filme apresenta gênero aventura e gênero drama, com que frequência ele também apresenta popularidade intermediária (10 a 49 avaliações)?","Na amostra, 56.58% dos filmes com gênero aventura e gênero drama também apresentam popularidade intermediária (10 a 49 avaliações). A regra ocorre em 2.36% de todos os filmes e possui lift 1.14, indicando uma associação positiva, porém modesta.",esperada,"O suporte é baixo para esta base. A confiança mostra a proporção condicional, enquanto o lift compara a coocorrência com o que seria esperado pelas frequências individuais. A regra descreve associação, não causalidade, e pode refletir convenções de classificação de gêneros, o recorte temporal e o filtro de filmes com pelo menos cinco avaliações.",útil para descrever combinações recorrentes e apoiar análises de catálogo; não deve ser usada isoladamente para recomendar filmes
"{genero_crime, popularidade_media}",{avaliacao_media},0.050698821594957526,0.7254901960784315,1.1332678619392964,2,"Quando um filme apresenta gênero crime e popularidade intermediária (10 a 49 avaliações), com que frequência ele também apresenta avaliação média intermediária (de 3,0 a menos de 4,0)?","Na amostra, 72.55% dos filmes com gênero crime e popularidade intermediária (10 a 49 avaliações) também apresentam avaliação média intermediária (de 3,0 a menos de 4,0). A regra ocorre em 5.07% de todos os filmes e possui lift 1.13, indicando uma associação positiva, porém modesta.",esperada,"O suporte é intermediário para esta base. A confiança mostra a proporção condicional, enquanto o lift compara a coocorrência com o que seria esperado pelas frequências individuais. A regra descreve associação, não causalidade, e pode refletir convenções de classificação de gêneros, o recorte temporal e o filtro de filmes com pelo menos cinco avaliações.",útil para descrever combinações recorrentes e apoiar análises de catálogo; não deve ser usada isoladamente para recomendar filmes
"{genero_acao, genero_ficcao_cientifica}",{popularidade_media},0.043025486434639625,0.5647482014388489,1.1329115926610003,2,"Quando um filme apresenta gênero ação e gênero ficção científica, com que frequência ele também apresenta popularidade intermediária (10 a 49 avaliações)?","Na amostra, 56.47% dos filmes com gênero ação e gênero ficção científica também apresentam popularidade intermediária (10 a 49 avaliações). A regra ocorre em 4.30% de todos os filmes e possui lift 1.13, indicando uma associação positiva, porém modesta.",esperada,"O suporte é intermediário para esta base. A confiança mostra a proporção condicional, enquanto o lift compara a coocorrência com o que seria esperado pelas frequências individuais. A regra descreve associação, não causalidade, e pode refletir convenções de classificação de gêneros, o recorte temporal e o filtro de filmes com pelo menos cinco avaliações.",útil para descrever combinações recorrentes e apoiar análises de catálogo; não deve ser usada isoladamente para recomendar filmes
"{genero_suspense, periodo_1990_1999}",{popularidade_media},0.043025486434639625,0.5647482014388489,1.1329115926610003,2,"Quando um filme apresenta gênero suspense e lançamento entre 1990 e 1999, com que frequência ele também apresenta popularidade intermediária (10 a 49 avaliações)?","Na amostra, 56.47% dos filmes com gênero suspense e lançamento entre 1990 e 1999 também apresentam popularidade intermediária (10 a 49 avaliações). A regra ocorre em 4.30% de todos os filmes e possui lift 1.13, indicando uma associação positiva, porém modesta.",esperada,"O suporte é intermediário para esta base. A confiança mostra a proporção condicional, enquanto o lift compara a coocorrência com o que seria esperado pelas frequências individuais. A regra descreve associação, não causalidade, e pode refletir convenções de classificação de gêneros, o recorte temporal e o filtro de filmes com pelo menos cinco avaliações.",útil para descrever combinações recorrentes e apoiar análises de catálogo; não deve ser usada isoladamente para recomendar filmes
"{avaliacao_media, genero_animacao}",{popularidade_media},0.026856673061112633,0.5632183908045977,1.1298427202011967,2,"Quando um filme apresenta avaliação média intermediária (de 3,0 a menos de 4,0) e gênero animação, com que frequência ele também apresenta popularidade intermediária (10 a 49 avaliações)?","Na amostra, 56.32% dos filmes com avaliação média intermediária (de 3,0 a menos de 4,0) e gênero animação também apresentam popularidade intermediária (10 a 49 avaliações). A regra ocorre em 2.69% de todos os filmes e possui lift 1.13, indicando uma associação positiva, porém modesta.",esperada,"O suporte é baixo para esta base. A confiança mostra a proporção condicional, enquanto o lift compara a coocorrência com o que seria esperado pelas frequências individuais. A regra descreve associação, não causalidade, e pode refletir convenções de classificação de gêneros, o recorte temporal e o filtro de filmes com pelo menos cinco avaliações.",útil para descrever combinações recorrentes e apoiar análises de catálogo; não deve ser usada isoladamente para recomendar filmes
"{avaliacao_media, genero_infantil}",{popularidade_media},0.03096738832556865,0.5621890547263683,1.1277778233625715,2,"Quando um filme apresenta avaliação média intermediária (de 3,0 a menos de 4,0) e gênero infantil, com que frequência ele também apresenta popularidade intermediária (10 a 49 avaliações)?","Na amostra, 56.22% dos filmes com avaliação média intermediária (de 3,0 a menos de 4,0) e gênero infantil também apresentam popularidade intermediária (10 a 49 avaliações). A regra ocorre em 3.10% de todos os filmes e possui lift 1.13, indicando uma associação positiva, porém modesta.",esperada,"O suporte é baixo para esta base. A confiança mostra a proporção condicional, enquanto o lift compara a coocorrência com o que seria esperado pelas frequências individuais. A regra descreve associação, não causalidade, e pode refletir convenções de classificação de gêneros, o recorte temporal e o filtro de filmes com pelo menos cinco avaliações.",útil para descrever combinações recorrentes e apoiar análises de catálogo; não deve ser usada isoladamente para recomendar filmes
"{avaliacao_media, genero_fantasia}",{popularidade_media},0.03617429432721293,0.5617021276595745,1.1268010246452926,2,"Quando um filme apresenta avaliação média intermediária (de 3,0 a menos de 4,0) e gênero fantasia, com que frequência ele também apresenta popularidade intermediária (10 a 49 avaliações)?","Na amostra, 56.17% dos filmes com avaliação média intermediária (de 3,0 a menos de 4,0) e gênero fantasia também apresentam popularidade intermediária (10 a 49 avaliações). A regra ocorre em 3.62% de todos os filmes e possui lift 1.13, indicando uma associação positiva, porém modesta.",esperada,"O suporte é baixo para esta base. A confiança mostra a proporção condicional, enquanto o lift compara a coocorrência com o que seria esperado pelas frequências individuais. A regra descreve associação, não causalidade, e pode refletir convenções de classificação de gêneros, o recorte temporal e o filtro de filmes com pelo menos cinco avaliações.",útil para descrever combinações recorrentes e apoiar análises de catálogo; não deve ser usada isoladamente para recomendar filmes
"{genero_acao, periodo_2010_2018}",{popularidade_media},0.03096738832556865,0.5594059405940595,1.1221947648310735,2,"Quando um filme apresenta gênero ação e lançamento entre 2010 e 2018, com que frequência ele também apresenta popularidade intermediária (10 a 49 avaliações)?","Na amostra, 55.94% dos filmes com gênero ação e lançamento entre 2010 e 2018 também apresentam popularidade intermediária (10 a 49 avaliações). A regra ocorre em 3.10% de todos os filmes e possui lift 1.12, indicando uma associação positiva, porém modesta.",esperada,"O suporte é baixo para esta base. A confiança mostra a proporção condicional, enquanto o lift compara a coocorrência com o que seria esperado pelas frequências individuais. A regra descreve associação, não causalidade, e pode refletir convenções de classificação de gêneros, o recorte temporal e o filtro de filmes com pelo menos cinco avaliações.",útil para descrever combinações recorrentes e apoiar análises de catálogo; não deve ser usada isoladamente para recomendar filmes
"{genero_drama, periodo_2010_2018}",{avaliacao_media},0.03069334064127158,0.717948717948718,1.1214875307341061,2,"Quando um filme apresenta gênero drama e lançamento entre 2010 e 2018, com que frequência ele também apresenta avaliação média intermediária (de 3,0 a menos de 4,0)?","Na amostra, 71.79% dos filmes com gênero drama e lançamento entre 2010 e 2018 também apresentam avaliação média intermediária (de 3,0 a menos de 4,0). A regra ocorre em 3.07% de todos os filmes e possui lift 1.12, indicando uma associação positiva, porém modesta.",esperada,"O suporte é baixo para esta base. A confiança mostra a proporção condicional, enquanto o lift compara a coocorrência com o que seria esperado pelas frequências individuais. A regra descreve associação, não causalidade, e pode refletir convenções de classificação de gêneros, o recorte temporal e o filtro de filmes com pelo menos cinco avaliações.",útil para descrever combinações recorrentes e apoiar análises de catálogo; não deve ser usada isoladamente para recomendar filmes
"{genero_acao, periodo_2010_2018}",{avaliacao_media},0.039736914223074814,0.7178217821782178,1.1212892479316423,2,"Quando um filme apresenta gênero ação e lançamento entre 2010 e 2018, com que frequência ele também apresenta avaliação média intermediária (de 3,0 a menos de 4,0)?","Na amostra, 71.78% dos filmes com gênero ação e lançamento entre 2010 e 2018 também apresentam avaliação média intermediária (de 3,0 a menos de 4,0). A regra ocorre em 3.97% de todos os filmes e possui lift 1.12, indicando uma associação positiva, porém modesta.",esperada,"O suporte é baixo para esta base. A confiança mostra a proporção condicional, enquanto o lift compara a coocorrência com o que seria esperado pelas frequências individuais. A regra descreve associação, não causalidade, e pode refletir convenções de classificação de gêneros, o recorte temporal e o filtro de filmes com pelo menos cinco avaliações.",útil para descrever combinações recorrentes e apoiar análises de catálogo; não deve ser usada isoladamente para recomendar filmes
{periodo_2010_2018},{avaliacao_media},0.09098383118662648,0.717062634989201,1.1201034054261962,1,"Quando um filme apresenta lançamento entre 2010 e 2018, com que frequência ele também apresenta avaliação média intermediária (de 3,0 a menos de 4,0)?","Na amostra, 71.71% dos filmes com lançamento entre 2010 e 2018 também apresentam avaliação média intermediária (de 3,0 a menos de 4,0). A regra ocorre em 9.10% de todos os filmes e possui lift 1.12, indicando uma associação positiva, porém modesta.",esperada,"O suporte é intermediário para esta base. A confiança mostra a proporção condicional, enquanto o lift compara a coocorrência com o que seria esperado pelas frequências individuais. A regra descreve associação, não causalidade, e pode refletir convenções de classificação de gêneros, o recorte temporal e o filtro de filmes com pelo menos cinco avaliações.",útil para descrever combinações recorrentes e apoiar análises de catálogo; não deve ser usada isoladamente para recomendar filmes
"{genero_drama, popularidade_alta}",{avaliacao_media},0.03261167443135105,0.716867469879518,1.1197985434890245,2,"Quando um filme apresenta gênero drama e popularidade alta (50 ou mais avaliações), com que frequência ele também apresenta avaliação média intermediária (de 3,0 a menos de 4,0)?","Na amostra, 71.69% dos filmes com gênero drama e popularidade alta (50 ou mais avaliações) também apresentam avaliação média intermediária (de 3,0 a menos de 4,0). A regra ocorre em 3.26% de todos os filmes e possui lift 1.12, indicando uma associação positiva, porém modesta.",esperada,"O suporte é baixo para esta base. A confiança mostra a proporção condicional, enquanto o lift compara a coocorrência com o que seria esperado pelas frequências individuais. A regra descreve associação, não causalidade, e pode refletir convenções de classificação de gêneros, o recorte temporal e o filtro de filmes com pelo menos cinco avaliações.",útil para descrever combinações recorrentes e apoiar análises de catálogo; não deve ser usada isoladamente para recomendar filmes
"{genero_aventura, periodo_1970_1989}",{popularidade_media},0.02110167169087421,0.5579710144927537,1.1193162352303783,2,"Quando um filme apresenta gênero aventura e lançamento entre 1970 e 1989, com que frequência ele também apresenta popularidade intermediária (10 a 49 avaliações)?","Na amostra, 55.80% dos filmes com gênero aventura e lançamento entre 1970 e 1989 também apresentam popularidade intermediária (10 a 49 avaliações). A regra ocorre em 2.11% de todos os filmes e possui lift 1.12, indicando uma associação positiva, porém modesta.",esperada,"O suporte é baixo para esta base. A confiança mostra a proporção condicional, enquanto o lift compara a coocorrência com o que seria esperado pelas frequências individuais. A regra descreve associação, não causalidade, e pode refletir convenções de classificação de gêneros, o recorte temporal e o filtro de filmes com pelo menos cinco avaliações.",útil para descrever combinações recorrentes e apoiar análises de catálogo; não deve ser usada isoladamente para recomendar filmes
"{genero_romance, popularidade_media}",{avaliacao_media},0.06741573033707865,0.7151162790697674,1.1170630575023892,2,"Quando um filme apresenta gênero romance e popularidade intermediária (10 a 49 avaliações), com que frequência ele também apresenta avaliação média intermediária (de 3,0 a menos de 4,0)?","Na amostra, 71.51% dos filmes com gênero romance e popularidade intermediária (10 a 49 avaliações) também apresentam avaliação média intermediária (de 3,0 a menos de 4,0). A regra ocorre em 6.74% de todos os filmes e possui lift 1.12, indicando uma associação positiva, porém modesta.",esperada,"O suporte é intermediário para esta base. A confiança mostra a proporção condicional, enquanto o lift compara a coocorrência com o que seria esperado pelas frequências individuais. A regra descreve associação, não causalidade, e pode refletir convenções de classificação de gêneros, o recorte temporal e o filtro de filmes com pelo menos cinco avaliações.",útil para descrever combinações recorrentes e apoiar análises de catálogo; não deve ser usada isoladamente para recomendar filmes
"{genero_drama, periodo_1990_1999}",{avaliacao_media},0.09865716634694437,0.7142857142857143,1.1157656555772995,2,"Quando um filme apresenta gênero drama e lançamento entre 1990 e 1999, com que frequência ele também apresenta avaliação média intermediária (de 3,0 a menos de 4,0)?","Na amostra, 71.43% dos filmes com gênero drama e lançamento entre 1990 e 1999 também apresentam avaliação média intermediária (de 3,0 a menos de 4,0). A regra ocorre em 9.87% de todos os filmes e possui lift 1.12, indicando uma associação positiva, porém modesta.",esperada,"O suporte é intermediário para esta base. A confiança mostra a proporção condicional, enquanto o lift compara a coocorrência com o que seria esperado pelas frequências individuais. A regra descreve associação, não causalidade, e pode refletir convenções de classificação de gêneros, o recorte temporal e o filtro de filmes com pelo menos cinco avaliações.",útil para descrever combinações recorrentes e apoiar análises de catálogo; não deve ser usada isoladamente para recomendar filmes
"{genero_aventura, genero_suspense}",{popularidade_media},0.020553576322280078,0.5555555555555556,1.114470710402541,2,"Quando um filme apresenta gênero aventura e gênero suspense, com que frequência ele também apresenta popularidade intermediária (10 a 49 avaliações)?","Na amostra, 55.56% dos filmes com gênero aventura e gênero suspense também apresentam popularidade intermediária (10 a 49 avaliações). A regra ocorre em 2.06% de todos os filmes e possui lift 1.11, indicando uma associação positiva, porém modesta.",esperada,"O suporte é baixo para esta base. A confiança mostra a proporção condicional, enquanto o lift compara a coocorrência com o que seria esperado pelas frequências individuais. A regra descreve associação, não causalidade, e pode refletir convenções de classificação de gêneros, o recorte temporal e o filtro de filmes com pelo menos cinco avaliações.",útil para descrever combinações recorrentes e apoiar análises de catálogo; não deve ser usada isoladamente para recomendar filmes
"{genero_acao, periodo_2000_2009}",{popularidade_media},0.04549191559331324,0.5551839464882944,1.1137252450444124,2,"Quando um filme apresenta gênero ação e lançamento entre 2000 e 2009, com que frequência ele também apresenta popularidade intermediária (10 a 49 avaliações)?","Na amostra, 55.52% dos filmes com gênero ação e lançamento entre 2000 e 2009 também apresentam popularidade intermediária (10 a 49 avaliações). A regra ocorre em 4.55% de todos os filmes e possui lift 1.11, indicando uma associação positiva, porém modesta.",esperada,"O suporte é intermediário para esta base. A confiança mostra a proporção condicional, enquanto o lift compara a coocorrência com o que seria esperado pelas frequências individuais. A regra descreve associação, não causalidade, e pode refletir convenções de classificação de gêneros, o recorte temporal e o filtro de filmes com pelo menos cinco avaliações.",útil para descrever combinações recorrentes e apoiar análises de catálogo; não deve ser usada isoladamente para recomendar filmes
"{genero_drama, genero_romance}",{avaliacao_media},0.07262263633872294,0.7123655913978495,1.112766285535425,2,"Quando um filme apresenta gênero drama e gênero romance, com que frequência ele também apresenta avaliação média intermediária (de 3,0 a menos de 4,0)?","Na amostra, 71.24% dos filmes com gênero drama e gênero romance também apresentam avaliação média intermediária (de 3,0 a menos de 4,0). A regra ocorre em 7.26% de todos os filmes e possui lift 1.11, indicando uma associação positiva, porém modesta.",esperada,"O suporte é intermediário para esta base. A confiança mostra a proporção condicional, enquanto o lift compara a coocorrência com o que seria esperado pelas frequências individuais. A regra descreve associação, não causalidade, e pode refletir convenções de classificação de gêneros, o recorte temporal e o filtro de filmes com pelo menos cinco avaliações.",útil para descrever combinações recorrentes e apoiar análises de catálogo; não deve ser usada isoladamente para recomendar filmes
"{genero_crime, genero_drama}",{avaliacao_media},0.05234310770073993,0.7100371747211897,1.1091291312318583,2,"Quando um filme apresenta gênero crime e gênero drama, com que frequência ele também apresenta avaliação média intermediária (de 3,0 a menos de 4,0)?","Na amostra, 71.00% dos filmes com gênero crime e gênero drama também apresentam avaliação média intermediária (de 3,0 a menos de 4,0). A regra ocorre em 5.23% de todos os filmes e possui lift 1.11, indicando uma associação positiva, porém modesta.",esperada,"O suporte é intermediário para esta base. A confiança mostra a proporção condicional, enquanto o lift compara a coocorrência com o que seria esperado pelas frequências individuais. A regra descreve associação, não causalidade, e pode refletir convenções de classificação de gêneros, o recorte temporal e o filtro de filmes com pelo menos cinco avaliações.",útil para descrever combinações recorrentes e apoiar análises de catálogo; não deve ser usada isoladamente para recomendar filmes
"{periodo_2000_2009, popularidade_media}",{avaliacao_media},0.11098931214031242,0.7092819614711033,1.1079494338219418,2,"Quando um filme apresenta lançamento entre 2000 e 2009 e popularidade intermediária (10 a 49 avaliações), com que frequência ele também apresenta avaliação média intermediária (de 3,0 a menos de 4,0)?","Na amostra, 70.93% dos filmes com lançamento entre 2000 e 2009 e popularidade intermediária (10 a 49 avaliações) também apresentam avaliação média intermediária (de 3,0 a menos de 4,0). A regra ocorre em 11.10% de todos os filmes e possui lift 1.11, indicando uma associação positiva, porém modesta.",esperada,"O suporte é alto para esta base. A confiança mostra a proporção condicional, enquanto o lift compara a coocorrência com o que seria esperado pelas frequências individuais. A regra descreve associação, não causalidade, e pode refletir convenções de classificação de gêneros, o recorte temporal e o filtro de filmes com pelo menos cinco avaliações.",útil para descrever combinações recorrentes e apoiar análises de catálogo; não deve ser usada isoladamente para recomendar filmes
"{genero_acao, genero_aventura}",{popularidade_media},0.0550835845437106,0.5521978021978022,1.1077348984165916,2,"Quando um filme apresenta gênero ação e gênero aventura, com que frequência ele também apresenta popularidade intermediária (10 a 49 avaliações)?","Na amostra, 55.22% dos filmes com gênero ação e gênero aventura também apresentam popularidade intermediária (10 a 49 avaliações). A regra ocorre em 5.51% de todos os filmes e possui lift 1.11, indicando uma associação positiva, porém modesta.",esperada,"O suporte é intermediário para esta base. A confiança mostra a proporção condicional, enquanto o lift compara a coocorrência com o que seria esperado pelas frequências individuais. A regra descreve associação, não causalidade, e pode refletir convenções de classificação de gêneros, o recorte temporal e o filtro de filmes com pelo menos cinco avaliações.",útil para descrever combinações recorrentes e apoiar análises de catálogo; não deve ser usada isoladamente para recomendar filmes
"{genero_aventura, genero_comedia}",{avaliacao_media},0.040010961907371884,0.7087378640776699,1.1070995145631068,2,"Quando um filme apresenta gênero aventura e gênero comédia, com que frequência ele também apresenta avaliação média intermediária (de 3,0 a menos de 4,0)?","Na amostra, 70.87% dos filmes com gênero aventura e gênero comédia também apresentam avaliação média intermediária (de 3,0 a menos de 4,0). A regra ocorre em 4.00% de todos os filmes e possui lift 1.11, indicando uma associação positiva, porém modesta.",esperada,"O suporte é intermediário para esta base. A confiança mostra a proporção condicional, enquanto o lift compara a coocorrência com o que seria esperado pelas frequências individuais. A regra descreve associação, não causalidade, e pode refletir convenções de classificação de gêneros, o recorte temporal e o filtro de filmes com pelo menos cinco avaliações.",útil para descrever combinações recorrentes e apoiar análises de catálogo; não deve ser usada isoladamente para recomendar filmes
"{avaliacao_media, genero_romance}",{popularidade_media},0.06741573033707865,0.5515695067264573,1.1064745079960652,2,"Quando um filme apresenta avaliação média intermediária (de 3,0 a menos de 4,0) e gênero romance, com que frequência ele também apresenta popularidade intermediária (10 a 49 avaliações)?","Na amostra, 55.16% dos filmes com avaliação média intermediária (de 3,0 a menos de 4,0) e gênero romance também apresentam popularidade intermediária (10 a 49 avaliações). A regra ocorre em 6.74% de todos os filmes e possui lift 1.11, indicando uma associação positiva, porém modesta.",esperada,"O suporte é intermediário para esta base. A confiança mostra a proporção condicional, enquanto o lift compara a coocorrência com o que seria esperado pelas frequências individuais. A regra descreve associação, não causalidade, e pode refletir convenções de classificação de gêneros, o recorte temporal e o filtro de filmes com pelo menos cinco avaliações.",útil para descrever combinações recorrentes e apoiar análises de catálogo; não deve ser usada isoladamente para recomendar filmes
"{genero_drama, genero_suspense}",{avaliacao_media},0.07673335160317896,0.7070707070707072,1.1044952954199532,2,"Quando um filme apresenta gênero drama e gênero suspense, com que frequência ele também apresenta avaliação média intermediária (de 3,0 a menos de 4,0)?","Na amostra, 70.71% dos filmes com gênero drama e gênero suspense também apresentam avaliação média intermediária (de 3,0 a menos de 4,0). A regra ocorre em 7.67% de todos os filmes e possui lift 1.10, indicando uma associação positiva, porém modesta.",esperada,"O suporte é intermediário para esta base. A confiança mostra a proporção condicional, enquanto o lift compara a coocorrência com o que seria esperado pelas frequências individuais. A regra descreve associação, não causalidade, e pode refletir convenções de classificação de gêneros, o recorte temporal e o filtro de filmes com pelo menos cinco avaliações.",útil para descrever combinações recorrentes e apoiar análises de catálogo; não deve ser usada isoladamente para recomendar filmes
"{genero_animacao, genero_infantil}",{popularidade_media},0.02247191011235955,0.5503355704697986,1.1039991735262755,2,"Quando um filme apresenta gênero animação e gênero infantil, com que frequência ele também apresenta popularidade intermediária (10 a 49 avaliações)?","Na amostra, 55.03% dos filmes com gênero animação e gênero infantil também apresentam popularidade intermediária (10 a 49 avaliações). A regra ocorre em 2.25% de todos os filmes e possui lift 1.10, indicando uma associação positiva, porém modesta.",esperada,"O suporte é baixo para esta base. A confiança mostra a proporção condicional, enquanto o lift compara a coocorrência com o que seria esperado pelas frequências individuais. A regra descreve associação, não causalidade, e pode refletir convenções de classificação de gêneros, o recorte temporal e o filtro de filmes com pelo menos cinco avaliações.",útil para descrever combinações recorrentes e apoiar análises de catálogo; não deve ser usada isoladamente para recomendar filmes
"{genero_aventura, popularidade_media}",{avaliacao_media},0.0712523979172376,0.7065217391304348,1.1036377680166767,2,"Quando um filme apresenta gênero aventura e popularidade intermediária (10 a 49 avaliações), com que frequência ele também apresenta avaliação média intermediária (de 3,0 a menos de 4,0)?","Na amostra, 70.65% dos filmes com gênero aventura e popularidade intermediária (10 a 49 avaliações) também apresentam avaliação média intermediária (de 3,0 a menos de 4,0). A regra ocorre em 7.13% de todos os filmes e possui lift 1.10, indicando uma associação positiva, porém modesta.",esperada,"O suporte é intermediário para esta base. A confiança mostra a proporção condicional, enquanto o lift compara a coocorrência com o que seria esperado pelas frequências individuais. A regra descreve associação, não causalidade, e pode refletir convenções de classificação de gêneros, o recorte temporal e o filtro de filmes com pelo menos cinco avaliações.",útil para descrever combinações recorrentes e apoiar análises de catálogo; não deve ser usada isoladamente para recomendar filmes
"{genero_acao, genero_suspense}",{popularidade_media},0.05864620443957248,0.5501285347043702,1.103583849992439,2,"Quando um filme apresenta gênero ação e gênero suspense, com que frequência ele também apresenta popularidade intermediária (10 a 49 avaliações)?","Na amostra, 55.01% dos filmes com gênero ação e gênero suspense também apresentam popularidade intermediária (10 a 49 avaliações). A regra ocorre em 5.86% de todos os filmes e possui lift 1.10, indicando uma associação positiva, porém modesta.",esperada,"O suporte é intermediário para esta base. A confiança mostra a proporção condicional, enquanto o lift compara a coocorrência com o que seria esperado pelas frequências individuais. A regra descreve associação, não causalidade, e pode refletir convenções de classificação de gêneros, o recorte temporal e o filtro de filmes com pelo menos cinco avaliações.",útil para descrever combinações recorrentes e apoiar análises de catálogo; não deve ser usada isoladamente para recomendar filmes
"{genero_romance, periodo_1990_1999}",{avaliacao_media},0.04604001096190737,0.7058823529411765,1.1026390008058018,2,"Quando um filme apresenta gênero romance e lançamento entre 1990 e 1999, com que frequência ele também apresenta avaliação média intermediária (de 3,0 a menos de 4,0)?","Na amostra, 70.59% dos filmes com gênero romance e lançamento entre 1990 e 1999 também apresentam avaliação média intermediária (de 3,0 a menos de 4,0). A regra ocorre em 4.60% de todos os filmes e possui lift 1.10, indicando uma associação positiva, porém modesta.",esperada,"O suporte é intermediário para esta base. A confiança mostra a proporção condicional, enquanto o lift compara a coocorrência com o que seria esperado pelas frequências individuais. A regra descreve associação, não causalidade, e pode refletir convenções de classificação de gêneros, o recorte temporal e o filtro de filmes com pelo menos cinco avaliações.",útil para descrever combinações recorrentes e apoiar análises de catálogo; não deve ser usada isoladamente para recomendar filmes
