movieId;title;genres;ano_lancamento;quantidade_avaliacoes;media_avaliacoes;mediana_avaliacoes;desvio_padrao_avaliacoes;primeira_avaliacao;ultima_avaliacao;quantidade_generos;periodo_lancamento;faixa_avaliacao;faixa_popularidade;generos_normalizados
1;Toy Story (1995);Adventure|Animation|Children|Comedy|Fantasy;1995;215;3,9209302325581397;4,0;0,8348591407114044;1996-04-12 15:19:00+00:00;2018-08-31 10:01:06+00:00;5;periodo_1990_1999;avaliacao_media;popularidade_alta;genero_aventura|genero_animacao|genero_infantil|genero_comedia|genero_fantasia
2;Jumanji (1995);Adventure|Children|Fantasy;1995;110;3,4318181818181817;3,5;0,8817134921476453;1996-04-12 15:19:00+00:00;2018-06-25 04:42:03+00:00;3;periodo_1990_1999;avaliacao_media;popularidade_alta;genero_aventura|genero_infantil|genero_fantasia
3;Grumpier Old Men (1995);Comedy|Romance;1995;52;3,2596153846153846;3,0;1,0548226531330254;1996-08-06 07:44:31+00:00;2017-06-26 19:24:31+00:00;2;periodo_1990_1999;avaliacao_media;popularidade_alta;genero_comedia|genero_romance
4;Waiting to Exhale (1995);Comedy|Drama|Romance;1995;7;2,357142857142857;3,0;0,8521681032463467;1996-06-22 11:07:33+00:00;2009-03-22 22:14:15+00:00;3;periodo_1990_1999;avaliacao_baixa;popularidade_baixa;genero_comedia|genero_drama|genero_romance
5;Father of the Bride Part II (1995);Comedy;1995;49;3,0714285714285716;3,0;0,9071475440448852;1996-04-12 15:19:00+00:00;2018-01-31 23:28:39+00:00;1;periodo_1990_1999;avaliacao_media;popularidade_media;genero_comedia
6;Heat (1995);Action|Crime|Thriller;1995;102;3,946078431372549;4,0;0,8172244221533347;1996-04-17 16:50:09+00:00;2018-07-03 17:06:27+00:00;3;periodo_1990_1999;avaliacao_media;popularidade_alta;genero_acao|genero_crime|genero_suspense
7;Sabrina (1995);Comedy|Romance;1995;54;3,185185185185185;3,0;0,9775609631923282;1996-06-08 13:44:52+00:00;2017-06-26 21:56:01+00:00;2;periodo_1990_1999;avaliacao_media;popularidade_alta;genero_comedia|genero_romance
8;Tom and Huck (1995);Adventure|Children;1995;8;2,875;3,0;1,1259916264596033;1996-05-31 08:19:20+00:00;2007-02-21 04:08:12+00:00;2;periodo_1990_1999;avaliacao_baixa;popularidade_baixa;genero_aventura|genero_infantil
9;Sudden Death (1995);Action;1995;16;3,125;3,0;0,9746794344808964;1996-05-12 22:31:53+00:00;2017-06-26 19:22:40+00:00;1;periodo_1990_1999;avaliacao_media;popularidade_media;genero_acao
10;GoldenEye (1995);Action|Adventure|Thriller;1995;132;3,496212121212121;3,5;0,8593806844280277;1996-04-18 11:38:34+00:00;2018-09-17 04:12:53+00:00;3;periodo_1990_1999;avaliacao_media;popularidade_alta;genero_acao|genero_aventura|genero_suspense
11;American President, The (1995);Comedy|Drama|Romance;1995;70;3,6714285714285713;4,0;0,9004254802862112;1996-04-12 15:19:00+00:00;2018-08-11 01:01:37+00:00;3;periodo_1990_1999;avaliacao_media;popularidade_alta;genero_comedia|genero_drama|genero_romance
12;Dracula: Dead and Loving It (1995);Comedy|Horror;1995;19;2,4210526315789473;3,0;1,2501461902817699;1996-06-27 07:31:51+00:00;2018-02-21 02:56:27+00:00;2;periodo_1990_1999;avaliacao_baixa;popularidade_media;genero_comedia|genero_terror
13;Balto (1995);Adventure|Animation|Children;1995;8;3,125;3,0;0,6408699444616557;1996-06-17 14:41:27+00:00;2017-05-08 02:54:42+00:00;3;periodo_1990_1999;avaliacao_media;popularidade_baixa;genero_aventura|genero_animacao|genero_infantil
14;Nixon (1995);Drama;1995;18;3,8333333333333335;4,0;0,7071067811865476;1996-05-14 13:37:07+00:00;2005-07-08 12:54:07+00:00;1;periodo_1990_1999;avaliacao_media;popularidade_media;genero_drama
15;Cutthroat Island (1995);Action|Adventure|Romance;1995;13;3,0;3,0;1,20761472884912;1996-05-18 20:05:34+00:00;2018-02-21 19:04:02+00:00;3;periodo_1990_1999;avaliacao_media;popularidade_media;genero_acao|genero_aventura|genero_romance
16;Casino (1995);Crime|Drama;1995;82;3,926829268292683;4,0;0,8858348619181693;1996-04-17 16:50:09+00:00;2018-08-10 03:42:33+00:00;2;periodo_1990_1999;avaliacao_media;popularidade_alta;genero_crime|genero_drama
17;Sense and Sensibility (1995);Drama|Romance;1995;67;3,7761194029850746;4,0;1,1457549518851469;1996-04-17 16:50:09+00:00;2017-12-23 00:46:07+00:00;2;periodo_1990_1999;avaliacao_media;popularidade_alta;genero_drama|genero_romance
18;Four Rooms (1995);Comedy;1995;20;3,7;4,0;0,9090191359227177;1996-08-27 01:38:41+00:00;2018-07-29 20:47:11+00:00;1;periodo_1990_1999;avaliacao_media;popularidade_media;genero_comedia
19;Ace Ventura: When Nature Calls (1995);Comedy;1995;88;2,727272727272727;3,0;1,0637957708161232;1996-05-12 22:22:55+00:00;2017-12-23 00:46:10+00:00;1;periodo_1990_1999;avaliacao_baixa;popularidade_alta;genero_comedia
20;Money Train (1995);Action|Comedy|Crime|Drama|Thriller;1995;15;2,5;2,0;0,9819805060619657;1996-05-21 17:29:20+00:00;2017-06-26 19:20:13+00:00;5;periodo_1990_1999;avaliacao_baixa;popularidade_media;genero_acao|genero_comedia|genero_crime|genero_drama|genero_suspense
21;Get Shorty (1995);Comedy|Crime|Thriller;1995;89;3,49438202247191;4,0;0,8676456585288979;1996-04-17 16:50:09+00:00;2017-12-23 00:46:15+00:00;3;periodo_1990_1999;avaliacao_media;popularidade_alta;genero_comedia|genero_crime|genero_suspense
22;Copycat (1995);Crime|Drama|Horror|Mystery|Thriller;1995;36;3,2222222222222223;3,0;0,8232726023485646;1996-03-29 18:36:55+00:00;2018-08-11 00:26:11+00:00;5;periodo_1990_1999;avaliacao_media;popularidade_media;genero_crime|genero_drama|genero_terror|genero_misterio|genero_suspense
23;Assassins (1995);Action|Crime|Thriller;1995;16;3,125;3,0;1,118033988749895;1996-04-18 11:46:45+00:00;2017-06-26 18:55:32+00:00;3;periodo_1990_1999;avaliacao_media;popularidade_media;genero_acao|genero_crime|genero_suspense
24;Powder (1995);Drama|Sci-Fi;1995;28;3,125;3,0;1,0149347725802838;1996-07-14 13:26:41+00:00;2018-02-14 20:40:54+00:00;2;periodo_1990_1999;avaliacao_media;popularidade_media;genero_drama|genero_ficcao_cientifica
25;Leaving Las Vegas (1995);Drama|Romance;1995;76;3,625;4,0;1,1169153951844337;1996-04-17 16:50:09+00:00;2018-02-09 17:39:53+00:00;2;periodo_1990_1999;avaliacao_media;popularidade_alta;genero_drama|genero_romance
26;Othello (1995);Drama;1995;13;3,5;4,0;0,6123724356957942;1996-05-14 07:45:37+00:00;2017-06-26 23:10:55+00:00;1;periodo_1990_1999;avaliacao_media;popularidade_media;genero_drama
27;Now and Then (1995);Children|Drama;1995;9;3,3333333333333335;3,0;1,1989578808281798;1996-10-10 18:58:51+00:00;2015-02-21 03:02:20+00:00;2;periodo_1990_1999;avaliacao_media;popularidade_baixa;genero_infantil|genero_drama
28;Persuasion (1995);Drama|Romance;1995;11;4,2272727272727275;4,5;0,7862453931068965;1996-08-17 19:42:12+00:00;2015-07-04 17:42:07+00:00;2;periodo_1990_1999;avaliacao_alta;popularidade_media;genero_drama|genero_romance
29;City of Lost Children, The (Cité des enfants perdus, La) (1995);Adventure|Drama|Fantasy|Mystery|Sci-Fi;1995;38;4,0131578947368425;4,0;0,8259870598526934;1996-08-24 08:50:20+00:00;2017-06-26 18:16:27+00:00;5;periodo_1990_1999;avaliacao_alta;popularidade_media;genero_aventura|genero_drama|genero_fantasia|genero_misterio|genero_ficcao_cientifica
31;Dangerous Minds (1995);Drama;1995;38;3,1842105263157894;3,0;0,9892739122203291;1996-05-14 07:36:11+00:00;2018-07-03 18:33:18+00:00;1;periodo_1990_1999;avaliacao_media;popularidade_media;genero_drama
32;Twelve Monkeys (a.k.a. 12 Monkeys) (1995);Mystery|Sci-Fi|Thriller;1995;177;3,983050847457627;4,0;0,7903866737178423;1996-04-17 16:50:09+00:00;2018-08-31 10:02:29+00:00;3;periodo_1990_1999;avaliacao_media;popularidade_alta;genero_misterio|genero_ficcao_cientifica|genero_suspense
34;Babe (1995);Children|Drama;1995;128;3,65234375;4,0;1,0415739788159346;1996-04-17 17:08:17+00:00;2018-09-17 04:12:48+00:00;2;periodo_1990_1999;avaliacao_media;popularidade_alta;genero_infantil|genero_drama
36;Dead Man Walking (1995);Crime|Drama;1995;67;3,8358208955223883;4,0;0,943028887461601;1996-04-17 16:50:09+00:00;2017-12-23 00:46:06+00:00;2;periodo_1990_1999;avaliacao_media;popularidade_alta;genero_crime|genero_drama
39;Clueless (1995);Comedy|Romance;1995;104;3,293269230769231;3,0;1,0371979076466489;1996-04-17 17:08:17+00:00;2018-09-01 18:45:47+00:00;2;periodo_1990_1999;avaliacao_media;popularidade_alta;genero_comedia|genero_romance
41;Richard III (1995);Drama|War;1995;15;3,7;4,0;0,6761234037828133;1996-06-10 09:27:58+00:00;2017-06-26 23:14:07+00:00;2;periodo_1990_1999;avaliacao_media;popularidade_media;genero_drama|genero_guerra
42;Dead Presidents (1995);Action|Crime|Drama;1995;7;3,0;3,0;0,816496580927726;1996-08-06 07:30:37+00:00;2017-06-27 01:04:43+00:00;3;periodo_1990_1999;avaliacao_media;popularidade_baixa;genero_acao|genero_crime|genero_drama
43;Restoration (1995);Drama;1995;8;3,1875;3,0;0,6512350903146595;1996-10-17 12:33:27+00:00;2018-02-23 00:50:48+00:00;1;periodo_1990_1999;avaliacao_media;popularidade_baixa;genero_drama
44;Mortal Kombat (1995);Action|Adventure|Fantasy;1995;46;2,5434782608695654;2,5;1,0843640581594445;1996-05-14 07:36:33+00:00;2018-08-10 23:59:18+00:00;3;periodo_1990_1999;avaliacao_baixa;popularidade_media;genero_acao|genero_aventura|genero_fantasia
45;To Die For (1995);Comedy|Drama|Thriller;1995;32;3,3125;3,0;0,8303710791159927;1996-05-23 08:28:01+00:00;2017-06-26 22:37:20+00:00;3;periodo_1990_1999;avaliacao_media;popularidade_media;genero_comedia|genero_drama|genero_suspense
46;How to Make an American Quilt (1995);Drama|Romance;1995;15;3,066666666666667;3,0;1,178174536346478;1996-05-14 07:44:52+00:00;2012-04-05 20:43:14+00:00;2;periodo_1990_1999;avaliacao_media;popularidade_media;genero_drama|genero_romance
47;Seven (a.k.a. Se7en) (1995);Mystery|Thriller;1995;203;3,9753694581280787;4,0;0,9224291201153795;1996-04-17 17:08:18+00:00;2018-08-10 03:38:45+00:00;2;periodo_1990_1999;avaliacao_media;popularidade_alta;genero_misterio|genero_suspense
48;Pocahontas (1995);Animation|Children|Drama|Musical|Romance;1995;68;3,1470588235294117;3,0;1,0546939271988995;1996-03-29 18:36:56+00:00;2018-02-14 20:39:51+00:00;5;periodo_1990_1999;avaliacao_media;popularidade_alta;genero_animacao|genero_infantil|genero_drama|genero_musical|genero_romance
50;Usual Suspects, The (1995);Crime|Mystery|Thriller;1995;204;4,237745098039215;4,5;0,8009211530017211;1996-04-17 17:08:18+00:00;2018-09-17 04:11:56+00:00;3;periodo_1990_1999;avaliacao_alta;popularidade_alta;genero_crime|genero_misterio|genero_suspense
52;Mighty Aphrodite (1995);Comedy|Drama|Romance;1995;28;3,4642857142857144;3,25;0,8705954904182011;1996-04-17 16:50:09+00:00;2017-06-27 01:03:12+00:00;3;periodo_1990_1999;avaliacao_media;popularidade_media;genero_comedia|genero_drama|genero_romance
57;Home for the Holidays (1995);Drama;1995;8;3,0625;3,0;0,8634441002668987;1996-08-17 18:30:44+00:00;2018-02-21 19:16:44+00:00;1;periodo_1990_1999;avaliacao_media;popularidade_baixa;genero_drama
58;Postman, The (Postino, Il) (1994);Comedy|Drama|Romance;1994;37;4,027027027027027;4,0;0,9200388423710553;1996-04-17 16:50:09+00:00;2010-10-01 03:40:54+00:00;3;periodo_1990_1999;avaliacao_alta;popularidade_media;genero_comedia|genero_drama|genero_romance
60;Indian in the Cupboard, The (1995);Adventure|Children|Fantasy;1995;34;3,235294117647059;3,0;1,0242165824878726;1996-03-29 18:36:56+00:00;2018-02-20 09:18:30+00:00;3;periodo_1990_1999;avaliacao_media;popularidade_media;genero_aventura|genero_infantil|genero_fantasia
61;Eye for an Eye (1996);Drama|Thriller;1996;6;3,75;4,0;0,8803408430829505;1996-10-10 18:59:40+00:00;2018-02-22 19:30:17+00:00;2;periodo_1990_1999;avaliacao_media;popularidade_baixa;genero_drama|genero_suspense
62;Mr. Holland's Opus (1995);Drama;1995;80;3,70625;4,0;1,0484882124495105;1996-04-12 15:19:00+00:00;2018-08-11 01:00:00+00:00;1;periodo_1990_1999;avaliacao_media;popularidade_alta;genero_drama
63;Don't Be a Menace to South Central While Drinking Your Juice in the Hood (1996);Comedy|Crime;1996;7;2,7142857142857144;3,0;1,14953406710222;1996-12-17 23:34:48+00:00;2012-07-14 01:08:01+00:00;2;periodo_1990_1999;avaliacao_baixa;popularidade_baixa;genero_comedia|genero_crime
64;Two if by Sea (1996);Comedy|Romance;1996;5;2,2;2,0;0,8366600265340756;1997-02-25 15:12:20+00:00;2001-01-21 04:39:48+00:00;2;periodo_1990_1999;avaliacao_baixa;popularidade_baixa;genero_comedia|genero_romance
65;Bio-Dome (1996);Comedy;1996;31;2,532258064516129;3,0;1,0562156019721836;1996-10-17 12:24:30+00:00;2018-02-14 20:42:06+00:00;1;periodo_1990_1999;avaliacao_baixa;popularidade_media;genero_comedia
66;Lawnmower Man 2: Beyond Cyberspace (1996);Action|Sci-Fi|Thriller;1996;9;2,5;3,0;1,118033988749895;1996-10-17 12:25:51+00:00;2008-01-24 07:11:02+00:00;3;periodo_1990_1999;avaliacao_baixa;popularidade_baixa;genero_acao|genero_ficcao_cientifica|genero_suspense
68;French Twist (Gazon maudit) (1995);Comedy|Romance;1995;5;3,4;3,0;1,140175425099138;1996-12-15 22:26:16+00:00;2007-02-18 16:43:23+00:00;2;periodo_1990_1999;avaliacao_media;popularidade_baixa;genero_comedia|genero_romance
69;Friday (1995);Comedy;1995;20;3,775;4,0;0,89552983434977;1996-05-12 22:36:40+00:00;2017-06-26 22:14:03+00:00;1;periodo_1990_1999;avaliacao_media;popularidade_media;genero_comedia
70;From Dusk Till Dawn (1996);Action|Comedy|Horror|Thriller;1996;55;3,5090909090909093;4,0;1,0160330862345146;1996-05-12 22:28:47+00:00;2018-07-03 17:07:31+00:00;4;periodo_1990_1999;avaliacao_media;popularidade_alta;genero_acao|genero_comedia|genero_terror|genero_suspense
71;Fair Game (1995);Action;1995;5;1,7;2,0;0,4472135954999579;1997-09-16 13:29:04+00:00;2006-06-21 08:11:06+00:00;1;periodo_1990_1999;avaliacao_baixa;popularidade_baixa;genero_acao
72;Kicking and Screaming (1995);Comedy|Drama;1995;7;3,2142857142857144;4,0;1,2863754913562;1996-04-17 17:08:17+00:00;2014-11-29 16:33:27+00:00;2;periodo_1990_1999;avaliacao_media;popularidade_baixa;genero_comedia|genero_drama
73;Misérables, Les (1995);Drama|War;1995;13;3,4615384615384617;4,0;0,6910601294852007;1996-06-17 14:33:55+00:00;2018-02-23 21:29:56+00:00;2;periodo_1990_1999;avaliacao_media;popularidade_media;genero_drama|genero_guerra
74;Bed of Roses (1996);Drama|Romance;1996;8;4,0;4,0;0,7559289460184544;1996-12-17 23:33:06+00:00;2004-11-11 15:25:32+00:00;2;periodo_1990_1999;avaliacao_alta;popularidade_baixa;genero_drama|genero_romance
75;Big Bully (1996);Comedy|Drama;1996;5;2,2;3,0;1,0954451150103324;1997-02-14 19:21:23+00:00;2018-02-23 02:41:53+00:00;2;periodo_1990_1999;avaliacao_baixa;popularidade_baixa;genero_comedia|genero_drama
76;Screamers (1995);Action|Sci-Fi|Thriller;1995;15;3,4;3,5;1,1982129550769702;1996-05-14 13:30:15+00:00;2017-06-26 23:07:37+00:00;3;periodo_1990_1999;avaliacao_media;popularidade_media;genero_acao|genero_ficcao_cientifica|genero_suspense
79;Juror, The (1996);Drama|Thriller;1996;17;2,764705882352941;2,0;1,200490095997562;1996-10-16 12:58:37+00:00;2018-02-22 21:50:37+00:00;2;periodo_1990_1999;avaliacao_baixa;popularidade_media;genero_drama|genero_suspense
81;Things to Do in Denver When You're Dead (1995);Crime|Drama|Romance;1995;14;3,107142857142857;3,0;0,7640623068776583;1996-12-17 23:35:20+00:00;2017-06-26 22:47:45+00:00;3;periodo_1990_1999;avaliacao_media;popularidade_media;genero_crime|genero_drama|genero_romance
82;Antonia's Line (Antonia) (1995);Comedy|Drama;1995;8;3,875;4,5;1,4820352800890308;1996-05-14 07:49:11+00:00;2010-07-18 18:10:39+00:00;2;periodo_1990_1999;avaliacao_media;popularidade_baixa;genero_comedia|genero_drama
85;Angels and Insects (1995);Drama|Romance;1995;7;3,857142857142857;5,0;1,5735915849388864;1996-04-17 16:50:09+00:00;2001-05-28 18:50:51+00:00;2;periodo_1990_1999;avaliacao_media;popularidade_baixa;genero_drama|genero_romance
86;White Squall (1996);Action|Adventure|Drama;1996;15;3,966666666666667;4,0;0,7668736780560658;1996-08-08 20:48:18+00:00;2007-02-18 19:49:51+00:00;3;periodo_1990_1999;avaliacao_media;popularidade_media;genero_acao|genero_aventura|genero_drama
87;Dunston Checks In (1996);Children|Comedy;1996;7;2,5;3,0;0,957427107756338;1996-10-17 12:28:20+00:00;2018-02-21 03:49:01+00:00;2;periodo_1990_1999;avaliacao_baixa;popularidade_baixa;genero_infantil|genero_comedia
88;Black Sheep (1996);Comedy;1996;16;3,15625;3,25;1,1792476415070754;1996-10-17 12:34:54+00:00;2018-03-07 07:46:30+00:00;1;periodo_1990_1999;avaliacao_media;popularidade_media;genero_comedia
89;Nick of Time (1995);Action|Thriller;1995;10;3,25;3,25;0,754615428178118;1996-10-17 12:25:24+00:00;2017-06-26 22:44:46+00:00;2;periodo_1990_1999;avaliacao_media;popularidade_media;genero_acao|genero_suspense
92;Mary Reilly (1996);Drama|Horror|Thriller;1996;8;2,625;2,5;1,0264362759428507;1996-05-14 13:30:15+00:00;2007-02-13 11:15:42+00:00;3;periodo_1990_1999;avaliacao_baixa;popularidade_baixa;genero_drama|genero_terror|genero_suspense
93;Vampire in Brooklyn (1995);Comedy|Horror|Romance;1995;9;2,8333333333333335;3,0;1,0307764064044151;1996-05-18 20:07:56+00:00;2017-06-26 19:07:50+00:00;3;periodo_1990_1999;avaliacao_baixa;popularidade_baixa;genero_comedia|genero_terror|genero_romance
94;Beautiful Girls (1996);Comedy|Drama|Romance;1996;10;3,95;4,0;0,4972144630058766;1996-04-17 16:50:09+00:00;2007-08-02 20:21:29+00:00;3;periodo_1990_1999;avaliacao_media;popularidade_media;genero_comedia|genero_drama|genero_romance
95;Broken Arrow (1996);Action|Adventure|Thriller;1996;84;3,0238095238095237;3,0;1,0146658358604672;1996-04-17 16:50:09+00:00;2017-12-23 00:46:17+00:00;3;periodo_1990_1999;avaliacao_media;popularidade_alta;genero_acao|genero_aventura|genero_suspense
97;Hate (Haine, La) (1995);Crime|Drama;1995;10;3,9;4,0;0,7378647873726218;1996-08-06 05:42:20+00:00;2018-02-20 09:49:10+00:00;2;periodo_1990_1999;avaliacao_media;popularidade_media;genero_crime|genero_drama
100;City Hall (1996);Drama|Thriller;1996;14;2,7857142857142856;3,0;0,699293206753068;1996-08-06 05:42:20+00:00;2017-06-26 21:04:45+00:00;2;periodo_1990_1999;avaliacao_baixa;popularidade_media;genero_drama|genero_suspense
101;Bottle Rocket (1996);Adventure|Comedy|Crime|Romance;1996;23;3,782608695652174;4,0;1,0425720702853738;1999-10-19 19:26:11+00:00;2018-05-02 18:53:30+00:00;4;periodo_1990_1999;avaliacao_media;popularidade_media;genero_aventura|genero_comedia|genero_crime|genero_romance
102;Mr. Wrong (1996);Comedy;1996;5;2,4;1,0;1,9493588689617927;1996-10-17 12:30:36+00:00;2000-08-08 04:24:13+00:00;1;periodo_1990_1999;avaliacao_baixa;popularidade_baixa;genero_comedia
104;Happy Gilmore (1996);Comedy;1996;99;3,4393939393939394;3,5;0,9930182995434678;1996-04-12 15:19:00+00:00;2018-04-15 17:44:20+00:00;1;periodo_1990_1999;avaliacao_media;popularidade_alta;genero_comedia
105;Bridges of Madison County, The (1995);Drama|Romance;1995;23;3,282608695652174;3,0;0,8504823091062899;1996-04-12 15:19:00+00:00;2015-01-30 17:55:50+00:00;2;periodo_1990_1999;avaliacao_media;popularidade_media;genero_drama|genero_romance
107;Muppet Treasure Island (1996);Adventure|Children|Comedy|Musical;1996;26;3,326923076923077;3,0;0,9267395285872693;1996-05-14 07:41:56+00:00;2017-12-13 02:30:55+00:00;4;periodo_1990_1999;avaliacao_media;popularidade_media;genero_aventura|genero_infantil|genero_comedia|genero_musical
110;Braveheart (1995);Action|Drama|War;1995;237;4,031645569620253;4,0;0,9677263634544532;1996-04-17 17:08:17+00:00;2018-07-30 23:37:35+00:00;3;periodo_1990_1999;avaliacao_alta;popularidade_alta;genero_acao|genero_drama|genero_guerra
111;Taxi Driver (1976);Crime|Drama|Thriller;1976;104;4,105769230769231;4,0;0,8204695462511792;1996-04-17 16:50:09+00:00;2018-08-13 16:46:30+00:00;3;periodo_1970_1989;avaliacao_alta;popularidade_alta;genero_crime|genero_drama|genero_suspense
112;Rumble in the Bronx (Hont faan kui) (1995);Action|Adventure|Comedy|Crime;1995;46;3,5434782608695654;3,5;0,9299109094514959;1996-05-12 22:28:13+00:00;2017-06-27 05:02:05+00:00;4;periodo_1990_1999;avaliacao_media;popularidade_media;genero_acao|genero_aventura|genero_comedia|genero_crime
116;Anne Frank Remembered (1995);Documentary;1995;5;3,9;3,5;1,02469507659596;1996-11-05 19:10:25+00:00;2003-05-15 18:00:22+00:00;1;periodo_1990_1999;avaliacao_media;popularidade_baixa;genero_documentario
122;Boomerang (1992);Comedy|Romance;1992;16;2,65625;3,0;0,7238496621076322;1996-04-18 11:46:45+00:00;2014-02-02 15:09:46+00:00;2;periodo_1990_1999;avaliacao_baixa;popularidade_media;genero_comedia|genero_romance
125;Flirting With Disaster (1996);Comedy;1996;12;3,5833333333333335;4,0;1,2583057392117918;1996-06-10 09:25:17+00:00;2009-04-05 15:13:12+00:00;1;periodo_1990_1999;avaliacao_media;popularidade_media;genero_comedia
126;NeverEnding Story III, The (1994);Adventure|Children|Fantasy;1994;7;2,0;2,0;0,816496580927726;1996-05-14 07:51:27+00:00;2001-10-30 02:44:14+00:00;3;periodo_1990_1999;avaliacao_baixa;popularidade_baixa;genero_aventura|genero_infantil|genero_fantasia
132;Jade (1995);Thriller;1995;6;2,8333333333333335;3,0;0,752772652709081;1996-05-18 20:06:29+00:00;2000-10-11 15:15:49+00:00;1;periodo_1990_1999;avaliacao_baixa;popularidade_baixa;genero_suspense
135;Down Periscope (1996);Comedy;1996;31;2,9516129032258065;3,0;1,0275767506588613;1996-08-17 19:44:02+00:00;2012-08-24 21:13:57+00:00;1;periodo_1990_1999;avaliacao_baixa;popularidade_media;genero_comedia
140;Up Close and Personal (1996);Drama|Romance;1996;16;3,5;3,25;0,6831300510639732;1996-04-12 15:19:00+00:00;2010-03-20 22:02:08+00:00;2;periodo_1990_1999;avaliacao_media;popularidade_media;genero_drama|genero_romance
141;Birdcage, The (1996);Comedy;1996;86;3,494186046511628;3,5;0,8418962701457717;1996-04-12 15:19:00+00:00;2018-09-01 19:22:46+00:00;1;periodo_1990_1999;avaliacao_media;popularidade_alta;genero_comedia
144;Brothers McMullen, The (1995);Comedy;1995;12;3,3333333333333335;3,5;0,8616404368553291;1996-04-17 17:08:17+00:00;2018-02-22 23:56:23+00:00;1;periodo_1990_1999;avaliacao_media;popularidade_media;genero_comedia
145;Bad Boys (1995);Action|Comedy|Crime|Drama|Thriller;1995;51;3,2450980392156863;3,0;0,8623952053415409;1996-04-18 11:46:45+00:00;2018-01-17 02:10:03+00:00;5;periodo_1990_1999;avaliacao_media;popularidade_alta;genero_acao|genero_comedia|genero_crime|genero_drama|genero_suspense
147;Basketball Diaries, The (1995);Drama;1995;15;3,466666666666667;3,5;0,8549575316659775;1996-08-06 07:37:56+00:00;2018-02-20 14:35:06+00:00;1;periodo_1990_1999;avaliacao_media;popularidade_media;genero_drama
150;Apollo 13 (1995);Adventure|Drama|IMAX;1995;201;3,845771144278607;4,0;0,8766952306036482;1996-03-29 18:36:55+00:00;2018-09-01 18:42:46+00:00;3;periodo_1990_1999;avaliacao_media;popularidade_alta;genero_aventura|genero_drama|genero_imax
151;Rob Roy (1995);Action|Drama|Romance|War;1995;44;3,5454545454545454;3,75;0,9512426500536989;1996-03-29 18:36:56+00:00;2015-01-30 17:54:31+00:00;4;periodo_1990_1999;avaliacao_media;popularidade_media;genero_acao|genero_drama|genero_romance|genero_guerra
153;Batman Forever (1995);Action|Adventure|Comedy|Crime;1995;137;2,9160583941605838;3,0;0,90458257977029;1996-04-17 17:08:17+00:00;2018-08-31 10:32:13+00:00;4;periodo_1990_1999;avaliacao_baixa;popularidade_alta;genero_acao|genero_aventura|genero_comedia|genero_crime
154;Beauty of the Day (Belle de jour) (1967);Drama;1967;12;3,875;4,0;0,6077155435054972;1996-08-27 01:39:48+00:00;2015-06-29 00:08:41+00:00;1;periodo_1950_1969;avaliacao_media;popularidade_media;genero_drama
155;Beyond Rangoon (1995);Adventure|Drama|War;1995;6;2,4166666666666665;2,25;1,3570801990548187;1996-04-17 17:08:17+00:00;2018-02-23 06:22:30+00:00;3;periodo_1990_1999;avaliacao_baixa;popularidade_baixa;genero_aventura|genero_drama|genero_guerra
157;Canadian Bacon (1995);Comedy|War;1995;11;2,8636363636363638;3,0;1,0975178606954215;1996-10-16 13:02:43+00:00;2018-02-22 00:33:58+00:00;2;periodo_1990_1999;avaliacao_baixa;popularidade_media;genero_comedia|genero_guerra
158;Casper (1995);Adventure|Children;1995;62;2,806451612903226;3,0;1,1138282776292474;1996-04-17 17:08:17+00:00;2018-02-20 10:57:03+00:00;2;periodo_1990_1999;avaliacao_baixa;popularidade_alta;genero_aventura|genero_infantil
159;Clockers (1995);Crime|Drama|Mystery;1995;14;2,892857142857143;3,0;0,923591889322323;1996-04-17 17:08:17+00:00;2017-06-26 21:49:43+00:00;3;periodo_1990_1999;avaliacao_baixa;popularidade_media;genero_crime|genero_drama|genero_misterio
160;Congo (1995);Action|Adventure|Mystery|Sci-Fi;1995;57;2,8771929824561404;3,0;1,0276564086481381;1996-04-17 17:08:17+00:00;2017-06-26 21:54:13+00:00;4;periodo_1990_1999;avaliacao_baixa;popularidade_alta;genero_acao|genero_aventura|genero_misterio|genero_ficcao_cientifica
161;Crimson Tide (1995);Drama|Thriller|War;1995;103;3,6359223300970873;4,0;0,8778152881915151;1996-03-29 18:36:55+00:00;2018-08-11 00:56:38+00:00;3;periodo_1990_1999;avaliacao_media;popularidade_alta;genero_drama|genero_suspense|genero_guerra
162;Crumb (1994);Documentary;1994;17;4,205882352941177;4,0;0,6388178420286317;1996-04-17 17:08:17+00:00;2018-09-24 14:27:30+00:00;1;periodo_1990_1999;avaliacao_alta;popularidade_media;genero_documentario
163;Desperado (1995);Action|Romance|Western;1995;66;3,5606060606060606;3,5;0,9942726429798261;1996-04-18 11:46:45+00:00;2017-06-26 18:27:51+00:00;3;periodo_1990_1999;avaliacao_media;popularidade_alta;genero_acao|genero_romance|genero_faroeste
164;Devil in a Blue Dress (1995);Crime|Film-Noir|Mystery|Thriller;1995;14;3,3214285714285716;3,0;0,7747739833491605;1996-03-29 18:39:22+00:00;2017-06-26 21:59:47+00:00;4;periodo_1990_1999;avaliacao_media;popularidade_media;genero_crime|genero_film_noir|genero_misterio|genero_suspense
165;Die Hard: With a Vengeance (1995);Action|Crime|Thriller;1995;144;3,5555555555555554;3,5;0,92197551488033;1996-03-29 18:36:55+00:00;2017-12-25 21:40:58+00:00;3;periodo_1990_1999;avaliacao_media;popularidade_alta;genero_acao|genero_crime|genero_suspense
168;First Knight (1995);Action|Drama|Romance;1995;54;3,0833333333333335;3,0;1,298584134631631;1996-03-29 18:36:56+00:00;2018-06-25 04:51:12+00:00;3;periodo_1990_1999;avaliacao_media;popularidade_alta;genero_acao|genero_drama|genero_romance
169;Free Willy 2: The Adventure Home (1995);Adventure|Children|Drama;1995;10;2,4;3,0;0,9944289260117533;1996-03-29 18:36:56+00:00;2016-04-04 19:11:34+00:00;3;periodo_1990_1999;avaliacao_baixa;popularidade_media;genero_aventura|genero_infantil|genero_drama
170;Hackers (1995);Action|Adventure|Crime|Thriller;1995;35;3,2285714285714286;3,0;0,9183013181545423;1996-05-14 13:36:01+00:00;2017-06-27 01:07:55+00:00;4;periodo_1990_1999;avaliacao_media;popularidade_media;genero_acao|genero_aventura|genero_crime|genero_suspense
171;Jeffrey (1995);Comedy|Drama;1995;6;3,8333333333333335;3,5;0,983192080250175;1996-06-27 07:37:48+00:00;2000-08-09 04:55:04+00:00;2;periodo_1990_1999;avaliacao_media;popularidade_baixa;genero_comedia|genero_drama
172;Johnny Mnemonic (1995);Action|Sci-Fi|Thriller;1995;53;2,6792452830188678;3,0;1,070111153566272;1996-05-12 22:24:35+00:00;2017-06-26 21:00:55+00:00;3;periodo_1990_1999;avaliacao_baixa;popularidade_alta;genero_acao|genero_ficcao_cientifica|genero_suspense
173;Judge Dredd (1995);Action|Crime|Sci-Fi;1995;62;2,6693548387096775;3,0;1,0280633886301838;1996-05-12 22:23:46+00:00;2017-06-26 22:01:39+00:00;3;periodo_1990_1999;avaliacao_baixa;popularidade_alta;genero_acao|genero_crime|genero_ficcao_cientifica
174;Jury Duty (1995);Comedy;1995;10;2,7;2,5;1,4757295747452437;1996-05-18 20:06:29+00:00;2007-02-21 02:17:47+00:00;1;periodo_1990_1999;avaliacao_baixa;popularidade_media;genero_comedia
175;Kids (1995);Drama;1995;20;3,975;4,0;0,7517523388373117;1996-04-17 17:08:17+00:00;2017-06-26 22:59:33+00:00;1;periodo_1990_1999;avaliacao_media;popularidade_media;genero_drama
176;Living in Oblivion (1995);Comedy;1995;13;4,3076923076923075;4,0;0,5219539227133918;1996-08-24 08:41:26+00:00;2018-02-18 22:15:45+00:00;1;periodo_1990_1999;avaliacao_alta;popularidade_media;genero_comedia
177;Lord of Illusions (1995);Horror;1995;8;2,75;3,0;1,164964745021435;1996-05-14 13:38:25+00:00;2009-01-02 21:10:34+00:00;1;periodo_1990_1999;avaliacao_baixa;popularidade_baixa;genero_terror
180;Mallrats (1995);Comedy|Romance;1995;36;3,4027777777777777;3,75;0,9244260338520828;1996-05-12 22:34:55+00:00;2018-01-17 02:03:09+00:00;2;periodo_1990_1999;avaliacao_media;popularidade_media;genero_comedia|genero_romance
181;Mighty Morphin Power Rangers: The Movie (1995);Action|Children;1995;17;2,264705882352941;2,5;1,1607870048325986;1996-05-14 13:37:43+00:00;2018-02-21 01:15:18+00:00;2;periodo_1990_1999;avaliacao_baixa;popularidade_media;genero_acao|genero_infantil
185;Net, The (1995);Action|Crime|Thriller;1995;112;3,0401785714285716;3,0;1,037882444126004;1996-03-29 18:36:56+00:00;2018-08-11 00:15:43+00:00;3;periodo_1990_1999;avaliacao_media;popularidade_alta;genero_acao|genero_crime|genero_suspense
186;Nine Months (1995);Comedy|Romance;1995;48;2,8229166666666665;3,0;1,074311176310709;1996-03-29 18:36:56+00:00;2018-01-05 17:37:25+00:00;2;periodo_1990_1999;avaliacao_baixa;popularidade_media;genero_comedia|genero_romance
188;Prophecy, The (1995);Fantasy|Horror|Mystery;1995;12;3,4583333333333335;3,5;1,0103629710818451;1996-05-14 13:29:51+00:00;2017-06-26 23:08:24+00:00;3;periodo_1990_1999;avaliacao_media;popularidade_media;genero_fantasia|genero_terror|genero_misterio
190;Safe (1995);Thriller;1995;5;2,8;3,0;1,4832396974191326;1999-12-13 10:00:59+00:00;2003-03-31 02:45:12+00:00;1;periodo_1990_1999;avaliacao_baixa;popularidade_baixa;genero_suspense
191;Scarlet Letter, The (1995);Drama|Romance;1995;6;2,4166666666666665;2,0;1,4288690166235205;1996-06-23 12:35:57+00:00;2018-02-22 19:11:01+00:00;2;periodo_1990_1999;avaliacao_baixa;popularidade_baixa;genero_drama|genero_romance
193;Showgirls (1995);Drama;1995;35;2,4714285714285715;2,0;1,01418510567422;1996-04-17 17:08:18+00:00;2018-02-20 11:08:08+00:00;1;periodo_1990_1999;avaliacao_baixa;popularidade_media;genero_drama
194;Smoke (1995);Comedy|Drama;1995;18;3,6666666666666665;4,0;1,2718675476729209;1996-04-17 17:08:18+00:00;2016-11-19 08:35:06+00:00;2;periodo_1990_1999;avaliacao_media;popularidade_media;genero_comedia|genero_drama
195;Something to Talk About (1995);Comedy|Drama|Romance;1995;10;3,1;3,5;1,2649110640673518;1996-03-29 18:36:56+00:00;2018-02-20 15:58:57+00:00;3;periodo_1990_1999;avaliacao_media;popularidade_media;genero_comedia|genero_drama|genero_romance
196;Species (1995);Horror|Sci-Fi;1995;45;2,6666666666666665;3,0;0,9170109546287282;1996-04-18 11:46:46+00:00;2017-06-26 22:32:07+00:00;2;periodo_1990_1999;avaliacao_baixa;popularidade_media;genero_terror|genero_ficcao_cientifica
198;Strange Days (1995);Action|Crime|Drama|Mystery|Sci-Fi|Thriller;1995;28;3,25;3,0;0,927960727138337;1996-05-12 22:29:53+00:00;2017-06-27 02:51:21+00:00;6;periodo_1990_1999;avaliacao_media;popularidade_media;genero_acao|genero_crime|genero_drama|genero_misterio|genero_ficcao_cientifica|genero_suspense
203;To Wong Foo, Thanks for Everything! Julie Newmar (1995);Comedy;1995;22;3,4318181818181817;3,0;0,7912535946725622;1996-05-14 07:37:54+00:00;2018-02-14 20:41:58+00:00;1;periodo_1990_1999;avaliacao_media;popularidade_media;genero_comedia
204;Under Siege 2: Dark Territory (1995);Action;1995;30;2,716666666666667;3,0;1,127121244077395;1996-03-29 18:36:56+00:00;2017-05-06 01:57:48+00:00;1;periodo_1990_1999;avaliacao_baixa;popularidade_media;genero_acao
205;Unstrung Heroes (1995);Comedy|Drama;1995;9;3,1666666666666665;3,0;0,6123724356957945;1996-04-23 08:19:50+00:00;2003-06-02 15:52:52+00:00;2;periodo_1990_1999;avaliacao_media;popularidade_baixa;genero_comedia|genero_drama
207;Walk in the Clouds, A (1995);Drama|Romance;1995;21;3,4285714285714284;3,5;1,0872639316848771;1996-03-29 18:36:56+00:00;2018-02-21 18:33:18+00:00;2;periodo_1990_1999;avaliacao_media;popularidade_media;genero_drama|genero_romance
208;Waterworld (1995);Action|Adventure|Sci-Fi;1995;115;2,9130434782608696;3,0;0,9557326333834747;1996-03-29 18:36:56+00:00;2018-01-05 17:29:39+00:00;3;periodo_1990_1999;avaliacao_baixa;popularidade_alta;genero_acao|genero_aventura|genero_ficcao_cientifica
213;Burnt by the Sun (Utomlyonnye solntsem) (1994);Drama;1994;6;3,8333333333333335;4,75;1,807392228230128;1996-04-17 17:08:17+00:00;2015-11-04 04:10:21+00:00;1;periodo_1990_1999;avaliacao_media;popularidade_baixa;genero_drama
215;Before Sunrise (1995);Drama|Romance;1995;24;4,041666666666667;4,0;0,9990937922923461;1996-04-17 17:08:17+00:00;2018-01-05 14:04:57+00:00;2;periodo_1990_1999;avaliacao_alta;popularidade_media;genero_drama|genero_romance
216;Billy Madison (1995);Comedy;1995;49;3,326530612244898;3,0;1,0633624950685288;1996-05-12 22:26:52+00:00;2017-06-26 22:34:15+00:00;1;periodo_1990_1999;avaliacao_media;popularidade_media;genero_comedia
217;Babysitter, The (1995);Drama|Thriller;1995;6;2,3333333333333335;2,0;1,505545305418162;1996-08-06 07:43:57+00:00;2007-08-02 20:14:57+00:00;2;periodo_1990_1999;avaliacao_baixa;popularidade_baixa;genero_drama|genero_suspense
218;Boys on the Side (1995);Comedy|Drama;1995;14;3,4285714285714284;3,5;1,0163498575623615;1996-03-29 18:36:55+00:00;2017-06-26 21:02:44+00:00;2;periodo_1990_1999;avaliacao_media;popularidade_media;genero_comedia|genero_drama
222;Circle of Friends (1995);Drama|Romance;1995;16;3,75;4,0;1,2382783747337807;1996-03-29 18:36:55+00:00;2009-07-10 22:04:25+00:00;2;periodo_1990_1999;avaliacao_media;popularidade_media;genero_drama|genero_romance
223;Clerks (1994);Comedy;1994;104;3,855769230769231;4,0;0,9468216554343288;1996-04-17 17:08:17+00:00;2017-12-23 00:45:51+00:00;1;periodo_1990_1999;avaliacao_media;popularidade_alta;genero_comedia
224;Don Juan DeMarco (1995);Comedy|Drama|Romance;1995;40;3,6125;3,75;0,7552168987135842;1996-04-17 17:08:17+00:00;2012-12-19 22:32:36+00:00;3;periodo_1990_1999;avaliacao_media;popularidade_media;genero_comedia|genero_drama|genero_romance
225;Disclosure (1994);Drama|Thriller;1994;52;3,5384615384615383;3,25;0,784945070178536;1996-03-29 18:36:55+00:00;2009-03-22 09:19:53+00:00;2;periodo_1990_1999;avaliacao_media;popularidade_alta;genero_drama|genero_suspense
227;Drop Zone (1994);Action|Thriller;1994;22;2,8636363636363638;3,0;1,0371873387954444;1996-03-29 18:36:55+00:00;2010-06-03 06:52:44+00:00;2;periodo_1990_1999;avaliacao_baixa;popularidade_media;genero_acao|genero_suspense
229;Death and the Maiden (1994);Drama|Thriller;1994;7;3,4285714285714284;3,0;0,8380817098475258;1996-04-17 17:08:17+00:00;2017-06-26 23:13:58+00:00;2;periodo_1990_1999;avaliacao_media;popularidade_baixa;genero_drama|genero_suspense
230;Dolores Claiborne (1995);Drama|Thriller;1995;24;3,3958333333333335;3,0;0,7515081455005149;1996-04-17 17:08:17+00:00;2018-02-21 03:25:28+00:00;2;periodo_1990_1999;avaliacao_media;popularidade_media;genero_drama|genero_suspense
231;Dumb & Dumber (Dumb and Dumber) (1994);Adventure|Comedy;1994;133;3,0601503759398496;3,0;1,1214803426872666;1996-04-18 11:46:45+00:00;2018-08-28 15:34:11+00:00;2;periodo_1990_1999;avaliacao_media;popularidade_alta;genero_aventura|genero_comedia
232;Eat Drink Man Woman (Yin shi nan nu) (1994);Comedy|Drama|Romance;1994;14;3,892857142857143;4,0;1,2275455722164175;1996-05-23 08:28:10+00:00;2007-06-16 04:02:37+00:00;3;periodo_1990_1999;avaliacao_media;popularidade_media;genero_comedia|genero_drama|genero_romance
233;Exotica (1994);Drama;1994;12;3,5;3,5;0,5222329678670935;1996-05-14 13:37:56+00:00;2018-02-20 16:19:54+00:00;1;periodo_1990_1999;avaliacao_media;popularidade_media;genero_drama
234;Exit to Eden (1994);Comedy;1994;17;2,588235294117647;3,0;0,9393364366277243;1996-03-29 18:36:56+00:00;2018-02-23 02:42:34+00:00;1;periodo_1990_1999;avaliacao_baixa;popularidade_media;genero_comedia
235;Ed Wood (1994);Comedy|Drama;1994;70;3,6785714285714284;4,0;0,9090356184955471;1996-04-17 17:08:17+00:00;2017-06-26 18:17:14+00:00;2;periodo_1990_1999;avaliacao_media;popularidade_alta;genero_comedia|genero_drama
236;French Kiss (1995);Action|Comedy|Romance;1995;45;3,477777777777778;3,0;0,9167355346031046;1996-03-29 18:36:56+00:00;2017-06-26 21:55:52+00:00;3;periodo_1990_1999;avaliacao_media;popularidade_media;genero_acao|genero_comedia|genero_romance
237;Forget Paris (1995);Comedy|Romance;1995;22;3,340909090909091;3,25;1,0395324456830126;1996-03-29 18:36:56+00:00;2018-02-22 23:42:47+00:00;2;periodo_1990_1999;avaliacao_media;popularidade_media;genero_comedia|genero_romance
239;Goofy Movie, A (1995);Animation|Children|Comedy|Romance;1995;17;3,0;3,0;1,0606601717798212;1996-05-18 20:06:59+00:00;2017-11-12 01:42:32+00:00;4;periodo_1990_1999;avaliacao_media;popularidade_media;genero_animacao|genero_infantil|genero_comedia|genero_romance
242;Farinelli: il castrato (1994);Drama|Musical;1994;5;3,6;4,0;0,8944271909999159;2000-06-22 13:46:16+00:00;2002-12-08 15:55:02+00:00;2;periodo_1990_1999;avaliacao_media;popularidade_baixa;genero_drama|genero_musical
246;Hoop Dreams (1994);Documentary;1994;29;4,293103448275862;4,5;0,7620137955644517;1996-04-17 17:08:17+00:00;2015-06-28 23:39:28+00:00;1;periodo_1990_1999;avaliacao_alta;popularidade_media;genero_documentario
247;Heavenly Creatures (1994);Crime|Drama;1994;21;3,9285714285714284;4,0;0,7629828681843762;1996-09-16 16:49:01+00:00;2015-07-03 02:39:58+00:00;2;periodo_1990_1999;avaliacao_media;popularidade_media;genero_crime|genero_drama
248;Houseguest (1994);Comedy;1994;17;3,176470588235294;3,0;0,9990804595756451;1996-04-18 11:46:46+00:00;2018-02-22 20:19:57+00:00;1;periodo_1990_1999;avaliacao_media;popularidade_media;genero_comedia
249;Immortal Beloved (1994);Drama|Romance;1994;18;3,7222222222222223;4,0;0,8947924869885988;1996-06-10 09:31:40+00:00;2012-03-31 22:56:04+00:00;2;periodo_1990_1999;avaliacao_media;popularidade_media;genero_drama|genero_romance
250;Heavyweights (Heavy Weights) (1995);Children|Comedy;1995;6;2,5;2,75;1,0954451150103321;1996-05-31 08:19:40+00:00;2018-02-22 20:27:17+00:00;2;periodo_1990_1999;avaliacao_baixa;popularidade_baixa;genero_infantil|genero_comedia
252;I.Q. (1994);Comedy|Romance;1994;43;3,453488372093023;3,5;0,864745720183603;1996-03-29 18:36:56+00:00;2018-02-21 02:50:28+00:00;2;periodo_1990_1999;avaliacao_media;popularidade_media;genero_comedia|genero_romance
253;Interview with the Vampire: The Vampire Chronicles (1994);Drama|Horror;1994;109;3,458715596330275;3,5;1,016367078734836;1996-04-18 11:46:46+00:00;2018-02-20 09:53:17+00:00;2;periodo_1990_1999;avaliacao_media;popularidade_alta;genero_drama|genero_terror
255;Jerky Boys, The (1995);Comedy;1995;7;2,0714285714285716;2,0;1,5391710817994273;1996-05-18 20:07:17+00:00;2005-04-11 03:07:20+00:00;1;periodo_1990_1999;avaliacao_baixa;popularidade_baixa;genero_comedia
256;Junior (1994);Comedy|Sci-Fi;1994;35;2,8285714285714287;3,0;1,0427823157223146;1996-03-29 18:36:56+00:00;2018-02-20 17:05:38+00:00;2;periodo_1990_1999;avaliacao_baixa;popularidade_media;genero_comedia|genero_ficcao_cientifica
257;Just Cause (1995);Mystery|Thriller;1995;14;3,5;3,0;0,9405399431259602;1996-03-29 18:36:56+00:00;2003-03-07 13:26:03+00:00;2;periodo_1990_1999;avaliacao_media;popularidade_media;genero_misterio|genero_suspense
258;Kid in King Arthur's Court, A (1995);Adventure|Children|Comedy|Fantasy|Romance;1995;10;2,6;3,0;1,0749676997731399;1996-05-31 08:16:15+00:00;2007-06-27 02:00:39+00:00;5;periodo_1990_1999;avaliacao_baixa;popularidade_media;genero_aventura|genero_infantil|genero_comedia|genero_fantasia|genero_romance
259;Kiss of Death (1995);Crime|Drama|Thriller;1995;5;3,2;3,0;0,447213595499958;1996-04-18 11:46:46+00:00;2000-06-22 13:56:01+00:00;3;periodo_1990_1999;avaliacao_media;popularidade_baixa;genero_crime|genero_drama|genero_suspense
260;Star Wars: Episode IV - A New Hope (1977);Action|Adventure|Sci-Fi;1977;251;4,231075697211155;4,5;0,8720036916475826;1996-08-17 18:23:58+00:00;2018-08-30 11:05:38+00:00;3;periodo_1970_1989;avaliacao_alta;popularidade_alta;genero_acao|genero_aventura|genero_ficcao_cientifica
261;Little Women (1994);Drama;1994;42;3,880952380952381;4,0;0,763572506895629;1996-03-29 18:36:56+00:00;2018-08-12 04:29:38+00:00;1;periodo_1990_1999;avaliacao_media;popularidade_media;genero_drama
262;Little Princess, A (1995);Children|Drama;1995;21;3,9047619047619047;4,0;0,6248809410409236;1996-05-31 08:10:52+00:00;2018-02-20 16:49:51+00:00;2;periodo_1990_1999;avaliacao_media;popularidade_media;genero_infantil|genero_drama
265;Like Water for Chocolate (Como agua para chocolate) (1992);Drama|Fantasy|Romance;1992;33;3,9393939393939394;4,0;1,0662256427286492;1996-04-17 17:08:18+00:00;2011-05-30 22:09:29+00:00;3;periodo_1990_1999;avaliacao_media;popularidade_media;genero_drama|genero_fantasia|genero_romance
266;Legends of the Fall (1994);Drama|Romance|War|Western;1994;68;3,3970588235294117;3,5;0,9794867050876044;1996-03-29 18:36:56+00:00;2018-05-05 20:07:42+00:00;4;periodo_1990_1999;avaliacao_media;popularidade_alta;genero_drama|genero_romance|genero_guerra|genero_faroeste
267;Major Payne (1995);Comedy;1995;17;2,9411764705882355;3,0;1,2976222599091636;1996-05-12 22:29:04+00:00;2017-06-26 18:57:42+00:00;1;periodo_1990_1999;avaliacao_baixa;popularidade_media;genero_comedia
270;Love Affair (1994);Drama|Romance;1994;5;3,4;3,0;1,3874436925511608;1996-03-29 18:36:56+00:00;2018-02-20 16:54:29+00:00;2;periodo_1990_1999;avaliacao_media;popularidade_baixa;genero_drama|genero_romance
272;Madness of King George, The (1994);Comedy|Drama;1994;31;3,7580645161290325;4,0;1,1170718250701661;1996-04-17 17:08:18+00:00;2017-03-01 20:14:05+00:00;2;periodo_1990_1999;avaliacao_media;popularidade_media;genero_comedia|genero_drama
273;Mary Shelley's Frankenstein (Frankenstein) (1994);Drama|Horror|Sci-Fi;1994;28;2,9464285714285716;3,0;1,0482727037253528;1996-05-14 07:37:38+00:00;2015-01-30 17:57:01+00:00;3;periodo_1990_1999;avaliacao_baixa;popularidade_media;genero_drama|genero_terror|genero_ficcao_cientifica
274;Man of the House (1995);Comedy;1995;7;2,9285714285714284;3,0;1,2392393980641052;1996-03-29 18:36:56+00:00;2017-06-26 18:58:56+00:00;1;periodo_1990_1999;avaliacao_baixa;popularidade_baixa;genero_comedia
275;Mixed Nuts (1994);Comedy;1994;6;2,0;2,0;0,6324555320336759;1996-05-12 22:31:00+00:00;2000-08-18 11:03:15+00:00;1;periodo_1990_1999;avaliacao_baixa;popularidade_baixa;genero_comedia
276;Milk Money (1994);Comedy|Romance;1994;22;3,25;3,0;0,8128433340529317;1996-03-29 18:36:56+00:00;2017-06-27 00:32:57+00:00;2;periodo_1990_1999;avaliacao_media;popularidade_media;genero_comedia|genero_romance
277;Miracle on 34th Street (1994);Drama;1994;38;3,223684210526316;3,0;1,1548801764278915;1996-05-14 13:25:55+00:00;2017-06-26 19:14:22+00:00;1;periodo_1990_1999;avaliacao_media;popularidade_media;genero_drama
280;Murder in the First (1995);Drama|Thriller;1995;13;4,076923076923077;4,0;0,8623164985025761;1996-05-12 22:27:30+00:00;2001-10-26 21:29:23+00:00;2;periodo_1990_1999;avaliacao_alta;popularidade_media;genero_drama|genero_suspense
281;Nobody's Fool (1994);Comedy|Drama|Romance;1994;14;3,7857142857142856;4,0;0,8017837257372732;1996-03-29 18:36:56+00:00;2017-06-27 00:46:37+00:00;3;periodo_1990_1999;avaliacao_media;popularidade_media;genero_comedia|genero_drama|genero_romance
282;Nell (1994);Drama;1994;40;3,3375;3,0;0,9363561397848689;1996-03-29 18:36:56+00:00;2017-06-26 21:08:46+00:00;1;periodo_1990_1999;avaliacao_media;popularidade_media;genero_drama
288;Natural Born Killers (1994);Action|Crime|Thriller;1994;92;3,233695652173913;3,0;1,1252620865813316;1996-04-17 17:08:18+00:00;2018-06-19 02:24:39+00:00;3;periodo_1990_1999;avaliacao_media;popularidade_alta;genero_acao|genero_crime|genero_suspense
289;Only You (1994);Comedy|Romance;1994;8;3,5625;3,0;1,1160357137142676;1996-03-29 18:36:56+00:00;2005-02-21 08:11:37+00:00;2;periodo_1990_1999;avaliacao_media;popularidade_baixa;genero_comedia|genero_romance
290;Once Were Warriors (1994);Crime|Drama;1994;14;4,035714285714286;4,0;0,8427127833163771;1996-07-09 19:56:40+00:00;2009-02-14 00:12:30+00:00;2;periodo_1990_1999;avaliacao_alta;popularidade_media;genero_crime|genero_drama
292;Outbreak (1995);Action|Drama|Sci-Fi|Thriller;1995;101;3,4257425742574257;3,0;0,9038421837186551;1996-03-29 18:36:56+00:00;2018-02-21 20:00:30+00:00;4;periodo_1990_1999;avaliacao_media;popularidade_alta;genero_acao|genero_drama|genero_ficcao_cientifica|genero_suspense
293;Léon: The Professional (a.k.a. The Professional) (Léon) (1994);Action|Crime|Drama|Thriller;1994;133;4,018796992481203;4,0;0,862532421519739;1996-04-17 17:08:18+00:00;2018-09-17 04:12:44+00:00;4;periodo_1990_1999;avaliacao_alta;popularidade_alta;genero_acao|genero_crime|genero_drama|genero_suspense
296;Pulp Fiction (1994);Comedy|Crime|Drama|Thriller;1994;307;4,197068403908795;4,5;0,9519971466349252;1996-04-17 17:08:18+00:00;2018-09-17 04:12:07+00:00;4;periodo_1990_1999;avaliacao_alta;popularidade_alta;genero_comedia|genero_crime|genero_drama|genero_suspense
300;Quiz Show (1994);Drama;1994;81;3,5185185185185186;3,5;0,8457409637576849;1996-03-29 18:36:56+00:00;2018-02-09 17:40:10+00:00;1;periodo_1990_1999;avaliacao_media;popularidade_alta;genero_drama
302;Queen Margot (Reine Margot, La) (1994);Drama|Romance;1994;5;3,2;3,0;0,44721359549995787;1996-10-17 12:30:36+00:00;2000-03-31 06:01:11+00:00;2;periodo_1990_1999;avaliacao_media;popularidade_baixa;genero_drama|genero_romance
303;Quick and the Dead, The (1995);Action|Thriller|Western;1995;32;2,953125;3,0;0,9012480146280311;1996-04-17 17:08:18+00:00;2017-06-27 05:46:19+00:00;3;periodo_1990_1999;avaliacao_baixa;popularidade_media;genero_acao|genero_suspense|genero_faroeste
305;Ready to Wear (Pret-A-Porter) (1994);Comedy;1994;9;2,8333333333333335;3,0;1,224744871391589;1996-06-13 19:20:29+00:00;2007-02-13 10:11:39+00:00;1;periodo_1990_1999;avaliacao_baixa;popularidade_baixa;genero_comedia
306;Three Colors: Red (Trois couleurs: Rouge) (1994);Drama;1994;16;4,21875;4,5;1,0483121354507603;1996-04-17 17:08:18+00:00;2016-02-04 21:37:25+00:00;1;periodo_1990_1999;avaliacao_alta;popularidade_media;genero_drama
307;Three Colors: Blue (Trois couleurs: Bleu) (1993);Drama;1993;24;3,8958333333333335;4,25;1,1513618275637831;1996-04-17 17:08:18+00:00;2016-04-19 07:42:46+00:00;1;periodo_1990_1999;avaliacao_media;popularidade_media;genero_drama
308;Three Colors: White (Trzy kolory: Bialy) (1994);Comedy|Drama;1994;20;4,025;4,0;0,8025452930323751;1996-04-17 17:08:18+00:00;2018-05-02 19:02:59+00:00;2;periodo_1990_1999;avaliacao_alta;popularidade_media;genero_comedia|genero_drama
312;Stuart Saves His Family (1995);Comedy;1995;9;1,4444444444444444;1,0;0,768295371441074;1996-04-17 17:08:18+00:00;2017-06-26 19:11:38+00:00;1;periodo_1990_1999;avaliacao_baixa;popularidade_baixa;genero_comedia
314;Secret of Roan Inish, The (1994);Children|Drama|Fantasy|Mystery;1994;16;3,75;4,0;0,8366600265340753;1996-04-17 17:08:18+00:00;2018-02-22 00:27:07+00:00;4;periodo_1990_1999;avaliacao_media;popularidade_media;genero_infantil|genero_drama|genero_fantasia|genero_misterio
315;Specialist, The (1994);Action|Drama|Thriller;1994;38;3,0789473684210527;3,0;0,9831438526446106;1996-03-29 18:36:56+00:00;2015-07-03 17:18:30+00:00;3;periodo_1990_1999;avaliacao_media;popularidade_media;genero_acao|genero_drama|genero_suspense
316;Stargate (1994);Action|Adventure|Sci-Fi;1994;140;3,375;3,0;0,8442036816521874;1996-03-29 18:36:56+00:00;2018-08-18 11:32:15+00:00;3;periodo_1990_1999;avaliacao_media;popularidade_alta;genero_acao|genero_aventura|genero_ficcao_cientifica
317;Santa Clause, The (1994);Comedy|Drama|Fantasy;1994;81;3,2037037037037037;3,0;1,0629492514278898;1996-03-29 18:36:56+00:00;2018-05-18 19:52:10+00:00;3;periodo_1990_1999;avaliacao_media;popularidade_alta;genero_comedia|genero_drama|genero_fantasia
318;Shawshank Redemption, The (1994);Crime|Drama;1994;317;4,429022082018927;4,5;0,7130186250284238;1996-04-17 17:08:18+00:00;2018-09-17 04:11:50+00:00;2;periodo_1990_1999;avaliacao_alta;popularidade_alta;genero_crime|genero_drama
319;Shallow Grave (1994);Comedy|Drama|Thriller;1994;20;3,6;4,0;1,231174022502185;1996-04-17 17:08:18+00:00;2016-11-19 07:54:56+00:00;3;periodo_1990_1999;avaliacao_media;popularidade_media;genero_comedia|genero_drama|genero_suspense
322;Swimming with Sharks (1995);Comedy|Drama;1995;10;3,55;3,75;1,065885130354632;1996-08-17 18:29:39+00:00;2017-06-27 05:49:18+00:00;2;periodo_1990_1999;avaliacao_media;popularidade_media;genero_comedia|genero_drama
325;National Lampoon's Senior Trip (1995);Comedy;1995;7;2,5;2,0;1,1902380714238083;1996-04-18 11:46:46+00:00;2017-06-26 19:25:56+00:00;1;periodo_1990_1999;avaliacao_baixa;popularidade_baixa;genero_comedia
327;Tank Girl (1995);Action|Comedy|Sci-Fi;1995;34;2,823529411764706;3,0;1,1206218034562159;1996-05-14 07:39:45+00:00;2018-02-14 20:41:10+00:00;3;periodo_1990_1999;avaliacao_baixa;popularidade_media;genero_acao|genero_comedia|genero_ficcao_cientifica
328;Tales from the Crypt Presents: Demon Knight (1995);Horror|Thriller;1995;10;3,15;3,0;1,179689224612426;1996-05-12 22:30:20+00:00;2017-06-26 22:29:56+00:00;2;periodo_1990_1999;avaliacao_media;popularidade_media;genero_terror|genero_suspense
329;Star Trek: Generations (1994);Adventure|Drama|Sci-Fi;1994;108;3,3935185185185186;3,0;0,8147327006360032;1996-03-29 18:36:56+00:00;2018-09-01 18:41:47+00:00;3;periodo_1990_1999;avaliacao_media;popularidade_alta;genero_aventura|genero_drama|genero_ficcao_cientifica
330;Tales from the Hood (1995);Action|Crime|Horror;1995;6;3,0;3,0;0,6324555320336759;1996-05-12 22:33:29+00:00;2007-12-09 08:51:57+00:00;3;periodo_1990_1999;avaliacao_media;popularidade_baixa;genero_acao|genero_crime|genero_terror
332;Village of the Damned (1995);Horror|Sci-Fi;1995;12;2,8333333333333335;3,0;1,0730867399773196;1996-05-14 13:29:51+00:00;2018-02-25 11:27:26+00:00;2;periodo_1990_1999;avaliacao_baixa;popularidade_media;genero_terror|genero_ficcao_cientifica
333;Tommy Boy (1995);Comedy;1995;50;3,78;4,0;1,0887176504718659;1996-04-18 11:46:47+00:00;2017-06-26 22:29:47+00:00;1;periodo_1990_1999;avaliacao_media;popularidade_alta;genero_comedia
334;Vanya on 42nd Street (1994);Drama;1994;5;4,2;4,0;0,8366600265340756;1996-08-17 19:26:08+00:00;2005-01-31 09:34:45+00:00;1;periodo_1990_1999;avaliacao_alta;popularidade_baixa;genero_drama
337;What's Eating Gilbert Grape (1993);Drama;1993;77;3,7662337662337664;4,0;0,9374672470924812;1996-04-17 17:08:18+00:00;2017-06-27 02:52:37+00:00;1;periodo_1990_1999;avaliacao_media;popularidade_alta;genero_drama
338;Virtuosity (1995);Action|Sci-Fi|Thriller;1995;19;2,8421052631578947;3,0;1,0145145470035764;1996-05-18 20:02:35+00:00;2017-06-26 23:55:42+00:00;3;periodo_1990_1999;avaliacao_baixa;popularidade_media;genero_acao|genero_ficcao_cientifica|genero_suspense
339;While You Were Sleeping (1995);Comedy|Romance;1995;98;3,4693877551020407;3,5;0,8846233007209418;1996-03-29 18:36:56+00:00;2018-08-11 02:25:13+00:00;2;periodo_1990_1999;avaliacao_media;popularidade_alta;genero_comedia|genero_romance
340;War, The (1994);Adventure|Drama|War;1994;5;3,4;3,0;0,5477225575051661;1996-05-12 22:31:26+00:00;2000-06-20 16:26:07+00:00;3;periodo_1990_1999;avaliacao_media;popularidade_baixa;genero_aventura|genero_drama|genero_guerra
342;Muriel's Wedding (1994);Comedy;1994;33;3,272727272727273;3,5;1,0390117682420419;1996-05-01 08:39:01+00:00;2017-06-26 22:14:30+00:00;1;periodo_1990_1999;avaliacao_media;popularidade_media;genero_comedia
343;Baby-Sitters Club, The (1995);Children;1995;5;2,9;3,0;0,894427190999916;1996-03-29 18:36:55+00:00;2009-03-22 08:47:53+00:00;1;periodo_1990_1999;avaliacao_baixa;popularidade_baixa;genero_infantil
344;Ace Ventura: Pet Detective (1994);Comedy;1994;161;3,040372670807453;3,0;1,0708862499110006;1996-04-18 11:46:45+00:00;2018-03-23 16:25:36+00:00;1;periodo_1990_1999;avaliacao_media;popularidade_alta;genero_comedia
345;Adventures of Priscilla, Queen of the Desert, The (1994);Comedy|Drama;1994;36;3,5972222222222223;4,0;0,9770176518689374;1996-06-24 19:20:03+00:00;2018-09-01 19:04:13+00:00;2;periodo_1990_1999;avaliacao_media;popularidade_media;genero_comedia|genero_drama
346;Backbeat (1993);Drama|Musical;1993;6;3,5;3,5;0,5477225575051661;1996-08-27 10:28:20+00:00;2009-03-22 08:49:32+00:00;2;periodo_1990_1999;avaliacao_media;popularidade_baixa;genero_drama|genero_musical
347;Bitter Moon (1992);Drama|Film-Noir|Romance;1992;6;3,5;3,0;0,8366600265340756;1996-04-17 17:08:17+00:00;2002-12-09 00:57:10+00:00;3;periodo_1990_1999;avaliacao_media;popularidade_baixa;genero_drama|genero_film_noir|genero_romance
348;Bullets Over Broadway (1994);Comedy;1994;30;3,5833333333333335;4,0;1,1225228154760898;1996-04-17 17:08:17+00:00;2017-06-27 00:30:58+00:00;1;periodo_1990_1999;avaliacao_media;popularidade_media;genero_comedia
349;Clear and Present Danger (1994);Action|Crime|Drama|Thriller;1994;110;3,6045454545454545;4,0;0,7813639408154645;1996-03-29 18:36:55+00:00;2017-06-26 23:59:31+00:00;4;periodo_1990_1999;avaliacao_media;popularidade_alta;genero_acao|genero_crime|genero_drama|genero_suspense
350;Client, The (1994);Drama|Mystery|Thriller;1994;57;3,3859649122807016;3,0;0,8609460320922785;1996-05-14 07:43:07+00:00;2018-02-21 02:27:48+00:00;3;periodo_1990_1999;avaliacao_media;popularidade_alta;genero_drama|genero_misterio|genero_suspense
351;Corrina, Corrina (1994);Comedy|Drama|Romance;1994;17;3,176470588235294;3,0;0,9003675719981713;1996-03-29 18:36:55+00:00;2018-02-22 01:49:56+00:00;3;periodo_1990_1999;avaliacao_media;popularidade_media;genero_comedia|genero_drama|genero_romance
353;Crow, The (1994);Action|Crime|Fantasy|Thriller;1994;64;3,609375;3,75;0,9696536364100197;1996-05-12 22:34:28+00:00;2017-06-26 22:49:44+00:00;4;periodo_1990_1999;avaliacao_media;popularidade_alta;genero_acao|genero_crime|genero_fantasia|genero_suspense
354;Cobb (1994);Drama;1994;6;3,3333333333333335;3,5;0,816496580927726;1996-08-24 08:43:48+00:00;2018-02-23 01:33:10+00:00;1;periodo_1990_1999;avaliacao_media;popularidade_baixa;genero_drama
355;Flintstones, The (1994);Children|Comedy|Fantasy;1994;42;2,357142857142857;2,25;0,9708288782279778;1996-05-12 22:36:09+00:00;2017-06-26 18:55:55+00:00;3;periodo_1990_1999;avaliacao_baixa;popularidade_media;genero_infantil|genero_comedia|genero_fantasia
356;Forrest Gump (1994);Comedy|Drama|Romance|War;1994;329;4,164133738601824;4,0;0,8312435184333795;1996-05-21 16:15:27+00:00;2018-08-31 10:00:59+00:00;4;periodo_1990_1999;avaliacao_alta;popularidade_alta;genero_comedia|genero_drama|genero_romance|genero_guerra
357;Four Weddings and a Funeral (1994);Comedy|Romance;1994;103;3,5194174757281553;4,0;1,1134699563136734;1996-05-22 17:31:47+00:00;2018-03-07 07:40:53+00:00;2;periodo_1990_1999;avaliacao_media;popularidade_alta;genero_comedia|genero_romance
358;Higher Learning (1995);Drama;1995;9;2,6666666666666665;3,0;0,49999999999999994;1996-06-13 19:02:29+00:00;2003-01-23 16:45:11+00:00;1;periodo_1990_1999;avaliacao_baixa;popularidade_baixa;genero_drama
360;I Love Trouble (1994);Action|Comedy;1994;8;2,6875;3,0;0,7039429765866794;1996-10-16 13:06:42+00:00;2017-06-26 22:01:11+00:00;2;periodo_1990_1999;avaliacao_baixa;popularidade_baixa;genero_acao|genero_comedia
361;It Could Happen to You (1994);Comedy|Drama|Romance;1994;17;3,0588235294117645;3,0;0,6093632163264898;1996-05-31 08:23:59+00:00;2017-06-26 22:53:48+00:00;3;periodo_1990_1999;avaliacao_media;popularidade_media;genero_comedia|genero_drama|genero_romance
362;Jungle Book, The (1994);Adventure|Children|Romance;1994;34;3,5294117647058822;3,75;1,079710795106504;1996-05-14 07:48:48+00:00;2017-04-16 10:35:12+00:00;3;periodo_1990_1999;avaliacao_media;popularidade_media;genero_aventura|genero_infantil|genero_romance
364;Lion King, The (1994);Adventure|Animation|Children|Drama|Musical|IMAX;1994;172;3,941860465116279;4,0;0,8374236620569554;1996-05-12 22:30:09+00:00;2018-08-31 10:02:31+00:00;6;periodo_1990_1999;avaliacao_media;popularidade_alta;genero_aventura|genero_animacao|genero_infantil|genero_drama|genero_musical|genero_imax
366;Wes Craven's New Nightmare (Nightmare on Elm Street Part 7: Freddy's Finale, A) (1994);Drama|Horror|Mystery|Thriller;1994;12;2,9166666666666665;3,0;1,2583057392117916;1996-05-14 13:30:15+00:00;2018-02-21 04:09:32+00:00;4;periodo_1990_1999;avaliacao_baixa;popularidade_media;genero_drama|genero_terror|genero_misterio|genero_suspense
367;Mask, The (1994);Action|Comedy|Crime|Fantasy;1994;157;3,1847133757961785;3,0;1,0020597764230783;1996-05-12 22:31:00+00:00;2018-08-31 10:34:20+00:00;4;periodo_1990_1999;avaliacao_media;popularidade_alta;genero_acao|genero_comedia|genero_crime|genero_fantasia
368;Maverick (1994);Adventure|Comedy|Western;1994;74;3,5;3,5;0,8399282422057222;1996-05-23 08:33:53+00:00;2018-06-25 04:44:10+00:00;3;periodo_1990_1999;avaliacao_media;popularidade_alta;genero_aventura|genero_comedia|genero_faroeste
370;Naked Gun 33 1/3: The Final Insult (1994);Action|Comedy;1994;58;3,060344827586207;3,0;1,0220275093582645;1996-05-22 17:33:26+00:00;2017-06-26 22:38:59+00:00;2;periodo_1990_1999;avaliacao_media;popularidade_alta;genero_acao|genero_comedia
371;Paper, The (1994);Comedy|Drama;1994;21;3,3095238095238093;3,0;0,8135752957807665;1996-05-14 07:47:39+00:00;2018-02-21 20:15:02+00:00;2;periodo_1990_1999;avaliacao_media;popularidade_media;genero_comedia|genero_drama
372;Reality Bites (1994);Comedy|Drama|Romance;1994;21;2,761904761904762;3,0;1,1024863674786145;1996-06-13 18:57:48+00:00;2013-01-14 08:18:13+00:00;3;periodo_1990_1999;avaliacao_baixa;popularidade_media;genero_comedia|genero_drama|genero_romance
373;Red Rock West (1992);Thriller;1992;11;3,6363636363636362;3,0;0,8090398349558905;1996-06-13 19:20:09+00:00;2017-06-27 00:44:03+00:00;1;periodo_1990_1999;avaliacao_media;popularidade_media;genero_suspense
374;Richie Rich (1994);Children|Comedy;1994;25;2,2;2,5;1,2162099599438685;1996-05-31 08:23:43+00:00;2018-01-05 17:51:31+00:00;2;periodo_1990_1999;avaliacao_baixa;popularidade_media;genero_infantil|genero_comedia
376;River Wild, The (1994);Action|Thriller;1994;40;3,25;3,0;0,816496580927726;1996-05-14 07:46:51+00:00;2017-06-26 23:00:55+00:00;2;periodo_1990_1999;avaliacao_media;popularidade_media;genero_acao|genero_suspense
377;Speed (1994);Action|Romance|Thriller;1994;171;3,5292397660818713;3,5;0,9341677679328539;1996-05-21 17:26:56+00:00;2017-10-22 02:45:41+00:00;3;periodo_1990_1999;avaliacao_media;popularidade_alta;genero_acao|genero_romance|genero_suspense
378;Speechless (1994);Comedy|Romance;1994;7;2,7857142857142856;3,0;0,809173593712687;1996-06-17 14:42:03+00:00;2012-04-07 20:46:10+00:00;2;periodo_1990_1999;avaliacao_baixa;popularidade_baixa;genero_comedia|genero_romance
379;Timecop (1994);Action|Sci-Fi|Thriller;1994;21;2,5;2,5;0,9486832980505138;1998-08-02 19:11:51+00:00;2017-06-26 21:50:15+00:00;3;periodo_1990_1999;avaliacao_baixa;popularidade_media;genero_acao|genero_ficcao_cientifica|genero_suspense
380;True Lies (1994);Action|Adventure|Comedy|Romance|Thriller;1994;178;3,497191011235955;3,5;0,9120926317859902;1996-03-29 18:36:56+00:00;2018-06-25 04:35:24+00:00;5;periodo_1990_1999;avaliacao_media;popularidade_alta;genero_acao|genero_aventura|genero_comedia|genero_romance|genero_suspense
381;When a Man Loves a Woman (1994);Drama|Romance;1994;11;3,8181818181818183;4,0;0,8447700063546075;1996-03-29 18:36:56+00:00;2012-01-07 23:14:56+00:00;2;periodo_1990_1999;avaliacao_media;popularidade_media;genero_drama|genero_romance
382;Wolf (1994);Drama|Horror|Romance|Thriller;1994;16;3,15625;3,0;1,0282468899377555;1996-06-23 12:37:19+00:00;2018-02-21 01:50:08+00:00;4;periodo_1990_1999;avaliacao_media;popularidade_media;genero_drama|genero_terror|genero_romance|genero_suspense
383;Wyatt Earp (1994);Western;1994;21;3,0952380952380953;3,0;1,0442586798663398;1996-05-14 07:48:28+00:00;2018-02-20 11:19:06+00:00;1;periodo_1990_1999;avaliacao_media;popularidade_media;genero_faroeste
390;Faster Pussycat! Kill! Kill! (1965);Action|Crime|Drama;1965;5;3,7;4,0;1,2041594578792296;2000-07-09 21:13:25+00:00;2011-01-25 00:44:22+00:00;3;periodo_1950_1969;avaliacao_media;popularidade_baixa;genero_acao|genero_crime|genero_drama
393;Street Fighter (1994);Action|Adventure|Fantasy;1994;10;2,5;2,25;1,0801234497346435;2000-04-17 03:22:58+00:00;2017-06-26 22:51:36+00:00;3;periodo_1990_1999;avaliacao_baixa;popularidade_media;genero_acao|genero_aventura|genero_fantasia
405;Highlander III: The Sorcerer (a.k.a. Highlander: The Final Dimension) (1994);Action|Fantasy;1994;12;2,4166666666666665;2,75;0,7637626158259733;1996-07-14 13:27:57+00:00;2017-10-16 16:11:29+00:00;2;periodo_1990_1999;avaliacao_baixa;popularidade_media;genero_acao|genero_fantasia
407;In the Mouth of Madness (1995);Horror|Thriller;1995;8;3,4375;3,25;0,9425459443140463;2000-08-08 03:24:19+00:00;2018-07-17 00:23:45+00:00;2;periodo_1990_1999;avaliacao_media;popularidade_baixa;genero_terror|genero_suspense
410;Addams Family Values (1993);Children|Comedy|Fantasy;1993;84;3,1011904761904763;3,0;0,7516237920179758;1996-05-06 16:35:19+00:00;2018-05-06 19:56:41+00:00;3;periodo_1990_1999;avaliacao_media;popularidade_alta;genero_infantil|genero_comedia|genero_fantasia
412;Age of Innocence, The (1993);Drama;1993;15;3,5;3,5;1,0522085616183026;1996-06-13 18:59:20+00:00;2018-02-20 11:14:27+00:00;1;periodo_1990_1999;avaliacao_media;popularidade_media;genero_drama
413;Airheads (1994);Comedy;1994;26;2,7884615384615383;3,0;0,9399263473600146;1996-04-18 11:46:45+00:00;2017-06-26 23:06:56+00:00;1;periodo_1990_1999;avaliacao_baixa;popularidade_media;genero_comedia
414;Air Up There, The (1994);Comedy;1994;6;2,3333333333333335;2,0;0,5163977794943222;2000-04-17 04:07:29+00:00;2018-02-23 00:44:11+00:00;1;periodo_1990_1999;avaliacao_baixa;popularidade_baixa;genero_comedia
415;Another Stakeout (1993);Comedy|Thriller;1993;16;2,53125;3,0;0,763080380213426;1996-05-22 17:40:27+00:00;2018-02-21 19:18:31+00:00;2;periodo_1990_1999;avaliacao_baixa;popularidade_media;genero_comedia|genero_suspense
416;Bad Girls (1994);Western;1994;8;2,5;2,5;0,9258200997725514;1996-04-18 11:46:45+00:00;2017-06-26 20:41:26+00:00;1;periodo_1990_1999;avaliacao_baixa;popularidade_baixa;genero_faroeste
417;Barcelona (1994);Comedy|Romance;1994;13;3,6923076923076925;4,0;1,1821319289469758;1996-04-17 17:08:17+00:00;2002-08-31 20:55:26+00:00;2;periodo_1990_1999;avaliacao_media;popularidade_media;genero_comedia|genero_romance
419;Beverly Hillbillies, The (1993);Comedy;1993;20;2,675;3,0;1,2060701733970105;1996-05-23 08:35:45+00:00;2017-06-26 18:44:51+00:00;1;periodo_1990_1999;avaliacao_baixa;popularidade_media;genero_comedia
420;Beverly Hills Cop III (1994);Action|Comedy|Crime|Thriller;1994;59;2,7203389830508473;3,0;0,9389612127086835;1996-03-29 18:36:55+00:00;2017-06-26 20:55:51+00:00;4;periodo_1990_1999;avaliacao_baixa;popularidade_alta;genero_acao|genero_comedia|genero_crime|genero_suspense
421;Black Beauty (1994);Adventure|Children|Drama;1994;12;3,2083333333333335;3,0;0,5822500764406576;1996-03-29 18:36:55+00:00;2005-07-13 13:52:05+00:00;3;periodo_1990_1999;avaliacao_media;popularidade_media;genero_aventura|genero_infantil|genero_drama
422;Blink (1994);Thriller;1994;5;3,2;3,0;0,4472135954999579;1996-06-13 19:02:39+00:00;2000-08-08 05:11:21+00:00;1;periodo_1990_1999;avaliacao_media;popularidade_baixa;genero_suspense
423;Blown Away (1994);Action|Thriller;1994;10;2,85;3,0;0,5797509043642028;1999-10-17 20:55:53+00:00;2018-02-23 07:00:25+00:00;2;periodo_1990_1999;avaliacao_baixa;popularidade_media;genero_acao|genero_suspense
426;Body Snatchers (1993);Horror|Sci-Fi|Thriller;1993;7;3,142857142857143;3,0;0,37796447300922725;1996-05-14 13:29:51+00:00;2001-01-07 04:31:19+00:00;3;periodo_1990_1999;avaliacao_media;popularidade_baixa;genero_terror|genero_ficcao_cientifica|genero_suspense
427;Boxing Helena (1993);Drama|Mystery|Romance|Thriller;1993;12;2,5416666666666665;3,0;1,1171866722289792;1996-04-17 17:08:17+00:00;2007-02-18 00:17:07+00:00;4;periodo_1990_1999;avaliacao_baixa;popularidade_media;genero_drama|genero_misterio|genero_romance|genero_suspense
428;Bronx Tale, A (1993);Drama;1993;18;3,7222222222222223;3,75;0,7900525340355207;1996-08-06 07:27:34+00:00;2017-06-27 00:30:52+00:00;1;periodo_1990_1999;avaliacao_media;popularidade_media;genero_drama
429;Cabin Boy (1994);Comedy;1994;6;2,0;2,0;0,7071067811865476;2000-04-17 04:24:40+00:00;2017-06-26 19:07:35+00:00;1;periodo_1990_1999;avaliacao_baixa;popularidade_baixa;genero_comedia
431;Carlito's Way (1993);Crime|Drama;1993;42;3,738095238095238;4,0;0,8057574472998749;1996-05-12 22:26:52+00:00;2018-07-03 17:16:03+00:00;2;periodo_1990_1999;avaliacao_media;popularidade_media;genero_crime|genero_drama
432;City Slickers II: The Legend of Curly's Gold (1994);Adventure|Comedy|Western;1994;55;2,6454545454545455;3,0;1,0259265336880867;1996-03-29 18:36:55+00:00;2017-06-26 19:11:21+00:00;3;periodo_1990_1999;avaliacao_baixa;popularidade_alta;genero_aventura|genero_comedia|genero_faroeste
433;Clean Slate (1994);Comedy;1994;8;2,75;3,0;0,8451542547285167;1996-05-22 17:33:26+00:00;2009-01-02 21:26:21+00:00;1;periodo_1990_1999;avaliacao_baixa;popularidade_baixa;genero_comedia
434;Cliffhanger (1993);Action|Adventure|Thriller;1993;101;3,0346534653465347;3,0;0,9007147876619276;1996-03-29 18:36:55+00:00;2018-02-20 15:22:40+00:00;3;periodo_1990_1999;avaliacao_media;popularidade_alta;genero_acao|genero_aventura|genero_suspense
435;Coneheads (1993);Comedy|Sci-Fi;1993;63;2,4206349206349205;2,5;1,0708993401928106;1996-04-18 11:46:45+00:00;2018-09-16 08:52:36+00:00;2;periodo_1990_1999;avaliacao_baixa;popularidade_alta;genero_comedia|genero_ficcao_cientifica
436;Color of Night (1994);Drama|Thriller;1994;7;2,5714285714285716;2,0;0,9322272357358045;2000-06-20 16:29:16+00:00;2003-06-14 22:35:22+00:00;2;periodo_1990_1999;avaliacao_baixa;popularidade_baixa;genero_drama|genero_suspense
437;Cops and Robbersons (1994);Comedy;1994;9;2,1666666666666665;2,0;0,7071067811865476;1996-05-18 20:05:09+00:00;2018-02-23 02:15:18+00:00;1;periodo_1990_1999;avaliacao_baixa;popularidade_baixa;genero_comedia
438;Cowboy Way, The (1994);Action|Comedy|Drama;1994;7;2,7142857142857144;3,0;0,7559289460184544;2000-04-17 04:20:39+00:00;2018-02-23 01:16:38+00:00;3;periodo_1990_1999;avaliacao_baixa;popularidade_baixa;genero_acao|genero_comedia|genero_drama
440;Dave (1993);Comedy|Romance;1993;76;3,5460526315789473;4,0;0,6692166145524051;1996-05-14 07:41:56+00:00;2018-08-10 03:45:52+00:00;2;periodo_1990_1999;avaliacao_media;popularidade_alta;genero_comedia|genero_romance
441;Dazed and Confused (1993);Comedy;1993;42;3,9285714285714284;4,0;0,9276999394741536;1999-11-02 16:20:56+00:00;2017-12-13 02:29:59+00:00;1;periodo_1990_1999;avaliacao_media;popularidade_media;genero_comedia
442;Demolition Man (1993);Action|Adventure|Sci-Fi;1993;81;3,0925925925925926;3,0;0,9940796972297767;1996-05-12 22:33:18+00:00;2018-01-05 17:43:45+00:00;3;periodo_1990_1999;avaliacao_media;popularidade_alta;genero_acao|genero_aventura|genero_ficcao_cientifica
444;Even Cowgirls Get the Blues (1993);Comedy|Romance;1993;6;2,3333333333333335;2,0;0,816496580927726;1996-06-13 18:57:05+00:00;2007-02-17 23:32:30+00:00;2;periodo_1990_1999;avaliacao_baixa;popularidade_baixa;genero_comedia|genero_romance
445;Fatal Instinct (1993);Comedy;1993;12;3,0;3,0;0,8528028654224418;1996-05-23 08:38:46+00:00;2002-04-18 11:21:17+00:00;1;periodo_1990_1999;avaliacao_media;popularidade_media;genero_comedia
446;Farewell My Concubine (Ba wang bie ji) (1993);Drama|Romance;1993;9;3,8333333333333335;4,0;1,2990381056766578;1997-03-06 13:08:48+00:00;2010-10-09 17:16:40+00:00;2;periodo_1990_1999;avaliacao_media;popularidade_baixa;genero_drama|genero_romance
448;Fearless (1993);Drama;1993;8;3,625;4,0;0,5175491695067657;1996-06-22 11:16:41+00:00;2005-05-30 01:13:47+00:00;1;periodo_1990_1999;avaliacao_media;popularidade_baixa;genero_drama
450;With Honors (1994);Comedy|Drama;1994;7;3,0;3,0;0,816496580927726;1996-05-31 08:31:14+00:00;2001-04-09 20:40:28+00:00;2;periodo_1990_1999;avaliacao_media;popularidade_baixa;genero_comedia|genero_drama
453;For Love or Money (1993);Comedy|Romance;1993;5;2,8;3,0;0,8366600265340756;1996-06-24 19:42:53+00:00;2018-02-20 15:42:05+00:00;2;periodo_1990_1999;avaliacao_baixa;popularidade_baixa;genero_comedia|genero_romance
454;Firm, The (1993);Drama|Thriller;1993;101;3,5346534653465347;3,5;0,8254011925802331;1996-05-12 22:30:20+00:00;2018-01-05 17:36:54+00:00;2;periodo_1990_1999;avaliacao_media;popularidade_alta;genero_drama|genero_suspense
455;Free Willy (1993);Adventure|Children|Drama;1993;37;2,391891891891892;3,0;1,0873970905021;1996-05-31 08:21:42+00:00;2018-05-05 20:36:26+00:00;3;periodo_1990_1999;avaliacao_baixa;popularidade_media;genero_aventura|genero_infantil|genero_drama
457;Fugitive, The (1993);Thriller;1993;190;3,9921052631578946;4,0;0,7859148879384228;1996-05-12 22:28:47+00:00;2018-09-01 18:38:16+00:00;1;periodo_1990_1999;avaliacao_media;popularidade_alta;genero_suspense
458;Geronimo: An American Legend (1993);Drama|Western;1993;5;2,8;3,0;0,44721359549995787;1996-10-17 12:32:26+00:00;2018-02-23 00:17:11+00:00;2;periodo_1990_1999;avaliacao_baixa;popularidade_baixa;genero_drama|genero_faroeste
459;Getaway, The (1994);Action|Adventure|Crime|Drama|Romance|Thriller;1994;6;2,25;2,0;0,6123724356957945;1999-11-04 15:49:38+00:00;2018-02-20 17:06:45+00:00;6;periodo_1990_1999;avaliacao_baixa;popularidade_baixa;genero_acao|genero_aventura|genero_crime|genero_drama|genero_romance|genero_suspense
464;Hard Target (1993);Action|Adventure|Crime|Thriller;1993;10;2,9;3,0;0,7378647873726218;1996-06-24 19:29:33+00:00;2017-06-26 20:48:45+00:00;4;periodo_1990_1999;avaliacao_baixa;popularidade_media;genero_acao|genero_aventura|genero_crime|genero_suspense
466;Hot Shots! Part Deux (1993);Action|Comedy|War;1993;60;2,8666666666666667;3,0;1,0690827157462348;1996-05-31 08:18:05+00:00;2017-06-26 18:22:40+00:00;3;periodo_1990_1999;avaliacao_baixa;popularidade_alta;genero_acao|genero_comedia|genero_guerra
468;Englishman Who Went Up a Hill But Came Down a Mountain, The (1995);Comedy|Romance;1995;22;3,2045454545454546;3,0;0,8403385217689543;1996-03-29 18:36:55+00:00;2017-06-26 21:01:04+00:00;2;periodo_1990_1999;avaliacao_media;popularidade_media;genero_comedia|genero_romance
469;House of the Spirits, The (1993);Drama|Romance;1993;5;3,4;4,0;0,8944271909999159;1996-08-13 07:57:48+00:00;2007-02-17 18:36:52+00:00;2;periodo_1990_1999;avaliacao_media;popularidade_baixa;genero_drama|genero_romance
471;Hudsucker Proxy, The (1994);Comedy;1994;40;3,55;4,0;1,1082441645256373;1996-05-18 20:07:38+00:00;2017-06-26 23:13:42+00:00;1;periodo_1990_1999;avaliacao_media;popularidade_media;genero_comedia
472;I'll Do Anything (1994);Comedy|Drama;1994;6;2,5833333333333335;3,0;0,6645800679125629;1996-06-24 19:41:25+00:00;2018-02-20 18:14:46+00:00;2;periodo_1990_1999;avaliacao_baixa;popularidade_baixa;genero_comedia|genero_drama
473;In the Army Now (1994);Comedy|War;1994;7;1,8571428571428572;1,5;0,8017837257372732;2000-04-17 04:14:23+00:00;2018-02-22 21:29:21+00:00;2;periodo_1990_1999;avaliacao_baixa;popularidade_baixa;genero_comedia|genero_guerra
474;In the Line of Fire (1993);Action|Thriller;1993;70;3,692857142857143;4,0;0,6878492901520892;1996-05-21 17:26:56+00:00;2018-08-11 00:58:15+00:00;2;periodo_1990_1999;avaliacao_media;popularidade_alta;genero_acao|genero_suspense
475;In the Name of the Father (1993);Drama;1993;25;4,3;4,0;0,6291528696058958;1996-07-09 19:57:26+00:00;2015-01-30 17:56:02+00:00;1;periodo_1990_1999;avaliacao_alta;popularidade_media;genero_drama
477;What's Love Got to Do with It? (1993);Drama|Musical;1993;17;3,3823529411764706;3,5;0,5736236724953554;1996-06-17 05:11:46+00:00;2018-02-21 20:20:15+00:00;2;periodo_1990_1999;avaliacao_media;popularidade_media;genero_drama|genero_musical
480;Jurassic Park (1993);Action|Adventure|Sci-Fi|Thriller;1993;238;3,75;4,0;0,8553011658989985;1996-05-21 17:27:36+00:00;2018-08-11 01:11:47+00:00;4;periodo_1990_1999;avaliacao_media;popularidade_alta;genero_acao|genero_aventura|genero_ficcao_cientifica|genero_suspense
481;Kalifornia (1993);Drama|Thriller;1993;19;3,1578947368421053;3,0;0,8342100651206134;1996-08-01 21:16:44+00:00;2018-02-21 02:19:32+00:00;2;periodo_1990_1999;avaliacao_media;popularidade_media;genero_drama|genero_suspense
482;Killing Zoe (1994);Crime|Drama|Thriller;1994;8;3,625;3,75;0,4432026302139591;1996-08-24 08:50:20+00:00;2009-01-02 21:09:59+00:00;3;periodo_1990_1999;avaliacao_media;popularidade_baixa;genero_crime|genero_drama|genero_suspense
485;Last Action Hero (1993);Action|Adventure|Comedy|Fantasy;1993;53;2,9339622641509435;3,0;0,9659478000362004;1996-05-21 17:29:55+00:00;2017-06-27 00:32:24+00:00;4;periodo_1990_1999;avaliacao_baixa;popularidade_alta;genero_acao|genero_aventura|genero_comedia|genero_fantasia
489;Made in America (1993);Comedy;1993;11;2,8636363636363638;3,0;0,3233348953414316;1996-06-23 12:38:40+00:00;2012-11-24 23:52:57+00:00;1;periodo_1990_1999;avaliacao_baixa;popularidade_media;genero_comedia
490;Malice (1993);Thriller;1993;12;3,0;3,0;0,7385489458759963;1996-07-14 13:28:12+00:00;2001-07-27 07:48:53+00:00;1;periodo_1990_1999;avaliacao_media;popularidade_media;genero_suspense
491;Man Without a Face, The (1993);Drama;1993;17;3,2941176470588234;3,0;1,1048023512348792;1996-05-14 07:47:39+00:00;2017-06-27 00:55:50+00:00;1;periodo_1990_1999;avaliacao_media;popularidade_media;genero_drama
492;Manhattan Murder Mystery (1993);Comedy|Mystery;1993;14;3,75;4,0;0,8715591687403584;1999-11-02 16:05:13+00:00;2018-02-20 15:16:04+00:00;2;periodo_1990_1999;avaliacao_media;popularidade_media;genero_comedia|genero_misterio
493;Menace II Society (1993);Action|Crime|Drama;1993;12;3,6666666666666665;3,75;0,6154574548966636;1996-06-26 14:30:27+00:00;2011-10-11 12:58:48+00:00;3;periodo_1990_1999;avaliacao_media;popularidade_media;genero_acao|genero_crime|genero_drama
494;Executive Decision (1996);Action|Adventure|Thriller;1996;41;3,3780487804878048;3,0;0,979671423264441;1996-04-17 16:50:09+00:00;2017-06-26 21:08:53+00:00;3;periodo_1990_1999;avaliacao_media;popularidade_media;genero_acao|genero_aventura|genero_suspense
497;Much Ado About Nothing (1993);Comedy|Romance;1993;43;3,813953488372093;4,0;0,8798217880557071;1996-05-31 08:15:53+00:00;2017-06-27 00:00:41+00:00;2;periodo_1990_1999;avaliacao_media;popularidade_media;genero_comedia|genero_romance
500;Mrs. Doubtfire (1993);Comedy|Drama;1993;144;3,388888888888889;3,5;0,903459637305019;1996-05-22 17:32:29+00:00;2018-08-18 14:21:41+00:00;2;periodo_1990_1999;avaliacao_media;popularidade_alta;genero_comedia|genero_drama
501;Naked (1993);Drama;1993;6;3,6666666666666665;3,75;1,0801234497346435;1996-08-24 08:40:32+00:00;2016-09-19 14:38:44+00:00;1;periodo_1990_1999;avaliacao_media;popularidade_baixa;genero_drama
502;Next Karate Kid, The (1994);Action|Children|Romance;1994;15;2,3666666666666667;2,0;1,0431180365113233;1996-05-31 08:15:53+00:00;2017-06-26 20:56:00+00:00;3;periodo_1990_1999;avaliacao_baixa;popularidade_media;genero_acao|genero_infantil|genero_romance
505;North (1994);Comedy;1994;7;2,2142857142857144;2,0;1,2198750911856664;1996-05-31 08:32:38+00:00;2018-02-21 03:39:06+00:00;1;periodo_1990_1999;avaliacao_baixa;popularidade_baixa;genero_comedia
507;Perfect World, A (1993);Crime|Drama|Thriller;1993;13;3,3846153846153846;3,0;0,6504436355879909;1996-08-28 23:35:46+00:00;2009-05-11 09:09:16+00:00;3;periodo_1990_1999;avaliacao_media;popularidade_media;genero_crime|genero_drama|genero_suspense
508;Philadelphia (1993);Drama;1993;66;3,6136363636363638;3,75;0,8892324025440514;1996-05-31 08:14:30+00:00;2018-09-01 19:06:02+00:00;1;periodo_1990_1999;avaliacao_media;popularidade_alta;genero_drama
509;Piano, The (1993);Drama|Romance;1993;61;3,540983606557377;3,5;0,9970585153641229;1996-05-12 22:31:26+00:00;2017-02-24 17:26:27+00:00;2;periodo_1990_1999;avaliacao_media;popularidade_alta;genero_drama|genero_romance
514;Ref, The (1994);Comedy;1994;18;3,4166666666666665;3,0;1,0744355563298724;1996-05-14 07:48:48+00:00;2010-04-17 22:57:52+00:00;1;periodo_1990_1999;avaliacao_media;popularidade_media;genero_comedia
515;Remains of the Day, The (1993);Drama|Romance;1993;24;3,6041666666666665;4,0;1,0105870728858835;1996-05-14 07:44:52+00:00;2017-02-24 17:30:15+00:00;2;periodo_1990_1999;avaliacao_media;popularidade_media;genero_drama|genero_romance
516;Renaissance Man (1994);Comedy|Drama;1994;18;3,0555555555555554;3,0;0,9531509492342458;1996-05-23 08:37:19+00:00;2018-02-22 19:24:05+00:00;2;periodo_1990_1999;avaliacao_media;popularidade_media;genero_comedia|genero_drama
517;Rising Sun (1993);Action|Drama|Mystery;1993;9;3,2777777777777777;3,0;1,0341394704992382;2000-04-20 01:45:25+00:00;2018-02-23 07:01:35+00:00;3;periodo_1990_1999;avaliacao_media;popularidade_baixa;genero_acao|genero_drama|genero_misterio
519;RoboCop 3 (1993);Action|Crime|Drama|Sci-Fi|Thriller;1993;21;2,4047619047619047;2,0;1,1137666678780573;1996-05-31 08:22:19+00:00;2018-03-06 13:06:37+00:00;5;periodo_1990_1999;avaliacao_baixa;popularidade_media;genero_acao|genero_crime|genero_drama|genero_ficcao_cientifica|genero_suspense
520;Robin Hood: Men in Tights (1993);Comedy;1993;69;3,130434782608696;3,0;1,0663715757633019;1996-05-22 17:35:29+00:00;2018-05-05 20:32:13+00:00;1;periodo_1990_1999;avaliacao_media;popularidade_alta;genero_comedia
522;Romper Stomper (1992);Action|Drama;1992;7;3,2857142857142856;3,5;1,318368399991155;2002-12-09 01:04:20+00:00;2016-09-20 23:42:24+00:00;2;periodo_1990_1999;avaliacao_media;popularidade_baixa;genero_acao|genero_drama
524;Rudy (1993);Drama;1993;34;3,485294117647059;3,5;0,9332680776780238;1996-06-08 13:50:35+00:00;2017-06-26 21:18:03+00:00;1;periodo_1990_1999;avaliacao_media;popularidade_media;genero_drama
527;Schindler's List (1993);Drama|War;1993;220;4,225;4,5;0,9759961542704384;1996-05-23 08:33:11+00:00;2018-09-01 18:37:03+00:00;2;periodo_1990_1999;avaliacao_alta;popularidade_alta;genero_drama|genero_guerra
529;Searching for Bobby Fischer (1993);Drama;1993;40;3,875;4,0;0,7658579904515336;1996-06-23 12:32:41+00:00;2018-02-21 01:47:54+00:00;1;periodo_1990_1999;avaliacao_media;popularidade_media;genero_drama
531;Secret Garden, The (1993);Children|Drama;1993;24;3,25;3,0;0,9088932591463857;1996-05-31 08:14:08+00:00;2018-02-20 09:16:11+00:00;2;periodo_1990_1999;avaliacao_media;popularidade_media;genero_infantil|genero_drama
532;Serial Mom (1994);Comedy|Crime|Horror;1994;16;3,0;3,0;0,6055300708194983;1996-05-31 08:21:42+00:00;2009-03-20 17:09:30+00:00;3;periodo_1990_1999;avaliacao_media;popularidade_media;genero_comedia|genero_crime|genero_terror
533;Shadow, The (1994);Action|Adventure|Fantasy|Mystery;1994;18;2,888888888888889;3,0;0,6978023391872252;1996-07-14 13:26:10+00:00;2018-08-31 13:17:06+00:00;4;periodo_1990_1999;avaliacao_baixa;popularidade_media;genero_acao|genero_aventura|genero_fantasia|genero_misterio
534;Shadowlands (1993);Drama|Romance;1993;14;3,607142857142857;4,0;0,8809647558778393;1996-06-23 12:35:20+00:00;2004-09-08 12:18:00+00:00;2;periodo_1990_1999;avaliacao_media;popularidade_media;genero_drama|genero_romance
535;Short Cuts (1993);Drama;1993;15;3,2666666666666666;3,0;1,3998299216418433;1996-06-13 19:12:47+00:00;2018-06-18 09:27:52+00:00;1;periodo_1990_1999;avaliacao_media;popularidade_media;genero_drama
537;Sirens (1994);Drama;1994;12;3,1666666666666665;3,0;0,834847109936722;1996-06-13 18:58:37+00:00;2004-11-11 15:22:34+00:00;1;periodo_1990_1999;avaliacao_media;popularidade_media;genero_drama
538;Six Degrees of Separation (1993);Drama;1993;12;3,5833333333333335;3,25;1,018763362061469;1996-08-17 19:43:48+00:00;2017-06-26 23:11:41+00:00;1;periodo_1990_1999;avaliacao_media;popularidade_media;genero_drama
539;Sleepless in Seattle (1993);Comedy|Drama|Romance;1993;106;3,4716981132075473;3,5;0,8361766408260117;1996-05-22 17:33:56+00:00;2018-06-25 04:13:12+00:00;3;periodo_1990_1999;avaliacao_media;popularidade_alta;genero_comedia|genero_drama|genero_romance
540;Sliver (1993);Thriller;1993;18;2,6666666666666665;3,0;0,90748521297303;1996-06-13 19:20:29+00:00;2001-07-27 17:56:13+00:00;1;periodo_1990_1999;avaliacao_baixa;popularidade_media;genero_suspense
541;Blade Runner (1982);Action|Sci-Fi|Thriller;1982;124;4,100806451612903;4,0;0,9541945028275584;1996-11-26 11:47:18+00:00;2018-09-01 18:36:46+00:00;3;periodo_1970_1989;avaliacao_alta;popularidade_alta;genero_acao|genero_ficcao_cientifica|genero_suspense
542;Son in Law (1993);Comedy|Drama|Romance;1993;14;2,7857142857142856;3,0;1,2666473875533018;1996-05-31 08:27:10+00:00;2018-02-21 20:14:25+00:00;3;periodo_1990_1999;avaliacao_baixa;popularidade_media;genero_comedia|genero_drama|genero_romance
543;So I Married an Axe Murderer (1993);Comedy|Romance|Thriller;1993;41;3,317073170731707;3,5;1,0413698764186505;1996-08-27 01:25:19+00:00;2017-06-26 23:15:06+00:00;3;periodo_1990_1999;avaliacao_media;popularidade_media;genero_comedia|genero_romance|genero_suspense
544;Striking Distance (1993);Action|Crime;1993;8;2,4375;3,0;0,8210402808980464;1996-06-24 19:31:38+00:00;2018-02-21 23:45:23+00:00;2;periodo_1990_1999;avaliacao_baixa;popularidade_baixa;genero_acao|genero_crime
546;Super Mario Bros. (1993);Action|Adventure|Children|Comedy|Fantasy|Sci-Fi;1993;21;2,0;2,0;0,9486832980505138;1996-06-24 19:24:36+00:00;2017-06-26 21:01:51+00:00;6;periodo_1990_1999;avaliacao_baixa;popularidade_media;genero_acao|genero_aventura|genero_infantil|genero_comedia|genero_fantasia|genero_ficcao_cientifica
548;Terminal Velocity (1994);Action|Mystery|Thriller;1994;6;2,75;3,0;0,8803408430829505;1996-10-17 12:21:48+00:00;2018-02-22 22:03:18+00:00;3;periodo_1990_1999;avaliacao_baixa;popularidade_baixa;genero_acao|genero_misterio|genero_suspense
550;Threesome (1994);Comedy|Romance;1994;5;3,4;3,0;1,140175425099138;1996-08-24 08:46:57+00:00;2001-07-27 06:45:57+00:00;2;periodo_1990_1999;avaliacao_media;popularidade_baixa;genero_comedia|genero_romance
551;Nightmare Before Christmas, The (1993);Animation|Children|Fantasy|Musical;1993;93;3,553763440860215;3,5;0,9930803132923849;1996-05-14 07:42:50+00:00;2018-02-15 02:23:32+00:00;4;periodo_1990_1999;avaliacao_media;popularidade_alta;genero_animacao|genero_infantil|genero_fantasia|genero_musical
552;Three Musketeers, The (1993);Action|Adventure|Comedy|Romance;1993;61;3,262295081967213;3,0;0,8495418244415104;1996-05-12 22:37:05+00:00;2017-06-26 21:01:27+00:00;4;periodo_1990_1999;avaliacao_media;popularidade_alta;genero_acao|genero_aventura|genero_comedia|genero_romance
553;Tombstone (1993);Action|Drama|Western;1993;65;3,8153846153846156;4,0;1,0061111347085943;1996-03-29 18:36:56+00:00;2018-06-25 05:13:05+00:00;3;periodo_1990_1999;avaliacao_media;popularidade_alta;genero_acao|genero_drama|genero_faroeste
555;True Romance (1993);Crime|Thriller;1993;65;3,8;4,0;0,9048480535426928;1996-04-18 11:46:47+00:00;2018-02-20 09:45:55+00:00;2;periodo_1990_1999;avaliacao_media;popularidade_alta;genero_crime|genero_suspense
556;War Room, The (1993);Documentary;1993;6;3,3333333333333335;3,5;0,816496580927726;1997-09-16 13:28:13+00:00;2006-12-27 19:53:38+00:00;1;periodo_1990_1999;avaliacao_media;popularidade_baixa;genero_documentario
558;Pagemaster, The (1994);Action|Adventure|Animation|Children|Fantasy;1994;8;2,9375;3,0;0,7763237542601484;1999-11-18 17:37:14+00:00;2016-10-14 21:28:10+00:00;5;periodo_1990_1999;avaliacao_baixa;popularidade_baixa;genero_acao|genero_aventura|genero_animacao|genero_infantil|genero_fantasia
562;Welcome to the Dollhouse (1995);Comedy|Drama;1995;23;3,5434782608695654;4,0;0,9159327520752332;1997-02-14 19:22:00+00:00;2018-02-21 02:01:57+00:00;2;periodo_1990_1999;avaliacao_media;popularidade_media;genero_comedia|genero_drama
569;Little Big League (1994);Comedy|Drama;1994;6;2,6666666666666665;3,0;1,0327955589886444;1996-05-31 08:34:57+00:00;2018-02-22 22:33:25+00:00;2;periodo_1990_1999;avaliacao_baixa;popularidade_baixa;genero_comedia|genero_drama
575;Little Rascals, The (1994);Children|Comedy;1994;16;2,65625;3,0;1,2071833608307674;1996-05-31 08:19:20+00:00;2018-02-20 16:36:02+00:00;2;periodo_1990_1999;avaliacao_baixa;popularidade_media;genero_infantil|genero_comedia
580;Princess Caraboo (1994);Drama;1994;5;2,8;3,0;1,0954451150103321;1997-04-07 07:40:23+00:00;2018-02-23 02:08:01+00:00;1;periodo_1990_1999;avaliacao_baixa;popularidade_baixa;genero_drama
585;Brady Bunch Movie, The (1995);Comedy;1995;36;2,736111111111111;3,0;0,9295629626804747;1996-05-12 22:33:52+00:00;2018-02-14 20:40:30+00:00;1;periodo_1990_1999;avaliacao_baixa;popularidade_media;genero_comedia
586;Home Alone (1990);Children|Comedy;1990;116;2,9956896551724137;3,0;0,9923526933837422;1996-05-31 08:15:12+00:00;2018-08-10 04:00:19+00:00;2;periodo_1990_1999;avaliacao_baixa;popularidade_alta;genero_infantil|genero_comedia
587;Ghost (1990);Comedy|Drama|Fantasy|Romance|Thriller;1990;115;3,4347826086956523;3,0;0,9354653104542738;1996-05-31 08:14:30+00:00;2018-06-25 04:43:08+00:00;5;periodo_1990_1999;avaliacao_media;popularidade_alta;genero_comedia|genero_drama|genero_fantasia|genero_romance|genero_suspense
588;Aladdin (1992);Adventure|Animation|Children|Comedy|Musical;1992;183;3,7923497267759565;4,0;0,8805258469397965;1996-03-29 18:36:55+00:00;2018-08-15 08:17:42+00:00;5;periodo_1990_1999;avaliacao_media;popularidade_alta;genero_aventura|genero_animacao|genero_infantil|genero_comedia|genero_musical
589;Terminator 2: Judgment Day (1991);Action|Sci-Fi;1991;224;3,970982142857143;4,0;0,9268331343195051;1996-05-21 16:15:27+00:00;2018-08-31 10:01:23+00:00;2;periodo_1990_1999;avaliacao_media;popularidade_alta;genero_acao|genero_ficcao_cientifica
590;Dances with Wolves (1990);Adventure|Drama|Western;1990;164;3,8353658536585367;4,0;0,8600002783876723;1996-03-29 18:36:55+00:00;2017-11-26 17:56:15+00:00;3;periodo_1990_1999;avaliacao_media;popularidade_alta;genero_aventura|genero_drama|genero_faroeste
592;Batman (1989);Action|Crime|Thriller;1989;189;3,4285714285714284;3,0;0,7745476177473237;1996-03-29 18:36:55+00:00;2018-08-31 10:05:11+00:00;3;periodo_1970_1989;avaliacao_media;popularidade_alta;genero_acao|genero_crime|genero_suspense
593;Silence of the Lambs, The (1991);Crime|Horror|Thriller;1991;279;4,161290322580645;4,0;0,853983335734232;1996-05-12 22:29:27+00:00;2018-09-17 04:12:03+00:00;3;periodo_1990_1999;avaliacao_alta;popularidade_alta;genero_crime|genero_terror|genero_suspense
594;Snow White and the Seven Dwarfs (1937);Animation|Children|Drama|Fantasy|Musical;1937;77;3,616883116883117;3,5;0,7901369963498;1996-05-31 08:18:27+00:00;2017-08-19 07:06:53+00:00;5;periodo_antes_1950;avaliacao_media;popularidade_alta;genero_animacao|genero_infantil|genero_drama|genero_fantasia|genero_musical
595;Beauty and the Beast (1991);Animation|Children|Fantasy|Musical|Romance|IMAX;1991;146;3,7705479452054793;4,0;0,8430787428531935;1996-03-29 18:36:55+00:00;2018-08-31 10:02:05+00:00;6;periodo_1990_1999;avaliacao_media;popularidade_alta;genero_animacao|genero_infantil|genero_fantasia|genero_musical|genero_romance|genero_imax
596;Pinocchio (1940);Animation|Children|Fantasy|Musical;1940;60;3,45;3,5;1,056457142961916;1996-05-31 08:25:34+00:00;2018-08-10 03:48:09+00:00;4;periodo_antes_1950;avaliacao_media;popularidade_alta;genero_animacao|genero_infantil|genero_fantasia|genero_musical
597;Pretty Woman (1990);Comedy|Romance;1990;135;3,4851851851851854;3,5;0,8484857907427303;1996-05-31 08:13:43+00:00;2018-08-11 01:01:16+00:00;2;periodo_1990_1999;avaliacao_media;popularidade_alta;genero_comedia|genero_romance
599;Wild Bunch, The (1969);Adventure|Western;1969;11;3,8181818181818183;4,0;0,9816498172140428;1999-10-14 16:43:41+00:00;2017-06-27 00:46:08+00:00;2;periodo_1950_1969;avaliacao_media;popularidade_media;genero_aventura|genero_faroeste
605;One Fine Day (1996);Drama|Romance;1996;10;3,0;3,0;0,9128709291752769;1997-01-02 12:19:19+00:00;2017-06-26 23:13:35+00:00;2;periodo_1990_1999;avaliacao_media;popularidade_media;genero_drama|genero_romance
608;Fargo (1996);Comedy|Crime|Drama|Thriller;1996;181;4,116022099447513;4,0;0,8285312838980735;1996-04-17 16:50:09+00:00;2018-09-18 01:49:13+00:00;4;periodo_1990_1999;avaliacao_alta;popularidade_alta;genero_comedia|genero_crime|genero_drama|genero_suspense
609;Homeward Bound II: Lost in San Francisco (1996);Adventure|Children;1996;14;3,5714285714285716;4,0;0,7559289460184544;1996-05-14 07:47:39+00:00;2017-05-08 21:30:29+00:00;2;periodo_1990_1999;avaliacao_media;popularidade_media;genero_aventura|genero_infantil
610;Heavy Metal (1981);Action|Adventure|Animation|Horror|Sci-Fi;1981;33;3,5454545454545454;4,0;0,9549512124615677;1996-05-14 07:40:22+00:00;2017-06-30 04:37:02+00:00;5;periodo_1970_1989;avaliacao_media;popularidade_media;genero_acao|genero_aventura|genero_animacao|genero_terror|genero_ficcao_cientifica
611;Hellraiser: Bloodline (1996);Action|Horror|Sci-Fi;1996;6;2,4166666666666665;2,0;1,4288690166235207;1996-05-14 13:29:51+00:00;2005-10-29 04:33:56+00:00;3;periodo_1990_1999;avaliacao_baixa;popularidade_baixa;genero_acao|genero_terror|genero_ficcao_cientifica
612;Pallbearer, The (1996);Comedy;1996;6;2,5;2,5;0,7745966692414834;1997-01-02 12:36:39+00:00;2018-02-21 04:07:12+00:00;1;periodo_1990_1999;avaliacao_baixa;popularidade_baixa;genero_comedia
613;Jane Eyre (1996);Drama|Romance;1996;8;3,1875;3,0;1,3076014027873435;1996-11-05 19:10:25+00:00;2018-02-22 23:58:46+00:00;2;periodo_1990_1999;avaliacao_media;popularidade_baixa;genero_drama|genero_romance
616;Aristocats, The (1970);Animation|Children;1970;45;3,411111111111111;3,5;0,8744406581618128;1996-05-14 07:42:14+00:00;2018-09-01 18:37:56+00:00;2;periodo_1970_1989;avaliacao_media;popularidade_media;genero_animacao|genero_infantil
619;Ed (1996);Comedy;1996;5;2,6;3,0;1,8506755523321747;1996-12-15 22:26:16+00:00;2018-02-23 01:32:29+00:00;1;periodo_1990_1999;avaliacao_baixa;popularidade_baixa;genero_comedia
627;Last Supper, The (1995);Drama|Thriller;1995;6;3,3333333333333335;3,25;1,0801234497346432;1997-02-23 22:21:45+00:00;2018-02-22 18:42:33+00:00;2;periodo_1990_1999;avaliacao_media;popularidade_baixa;genero_drama|genero_suspense
628;Primal Fear (1996);Crime|Drama|Mystery|Thriller;1996;35;3,642857142857143;3,5;0,8958353690290205;1996-10-10 19:02:53+00:00;2017-06-27 04:27:15+00:00;4;periodo_1990_1999;avaliacao_media;popularidade_media;genero_crime|genero_drama|genero_misterio|genero_suspense
631;All Dogs Go to Heaven 2 (1996);Adventure|Animation|Children|Fantasy|Musical|Romance;1996;11;3,1818181818181817;3,0;1,0552897060221726;1996-10-16 13:02:25+00:00;2017-05-08 21:30:43+00:00;6;periodo_1990_1999;avaliacao_media;popularidade_media;genero_aventura|genero_animacao|genero_infantil|genero_fantasia|genero_musical|genero_romance
637;Sgt. Bilko (1996);Comedy;1996;33;3,0454545454545454;3,0;1,0410604296494117;1996-05-14 13:38:50+00:00;2018-07-03 18:57:08+00:00;1;periodo_1990_1999;avaliacao_media;popularidade_media;genero_comedia
640;Diabolique (1996);Drama|Thriller;1996;11;2,6818181818181817;3,0;1,1889644080612185;1996-08-17 19:25:13+00:00;2007-09-22 13:06:05+00:00;2;periodo_1990_1999;avaliacao_baixa;popularidade_media;genero_drama|genero_suspense
647;Courage Under Fire (1996);Action|Crime|Drama|War;1996;29;3,3275862068965516;3,5;1,0545468057498641;1996-07-13 21:35:45+00:00;2017-06-27 01:03:45+00:00;4;periodo_1990_1999;avaliacao_media;popularidade_media;genero_acao|genero_crime|genero_drama|genero_guerra
648;Mission: Impossible (1996);Action|Adventure|Mystery|Thriller;1996;162;3,537037037037037;3,5;0,901268180966944;1996-06-08 13:46:26+00:00;2018-08-26 03:02:48+00:00;4;periodo_1990_1999;avaliacao_media;popularidade_alta;genero_acao|genero_aventura|genero_misterio|genero_suspense
653;Dragonheart (1996);Action|Adventure|Fantasy;1996;65;3,0923076923076924;3,0;0,8518926891611137;1996-06-10 09:14:32+00:00;2017-08-13 00:36:16+00:00;3;periodo_1990_1999;avaliacao_media;popularidade_alta;genero_acao|genero_aventura|genero_fantasia
656;Eddie (1996);Comedy;1996;5;3,0;3,0;0,7071067811865476;1996-10-01 09:59:22+00:00;2000-04-17 04:22:52+00:00;1;periodo_1990_1999;avaliacao_media;popularidade_baixa;genero_comedia
661;James and the Giant Peach (1996);Adventure|Animation|Children|Fantasy|Musical;1996;49;3,4489795918367347;3,0;1,0218697016130922;1996-06-23 12:36:44+00:00;2017-05-14 23:14:43+00:00;5;periodo_1990_1999;avaliacao_media;popularidade_media;genero_aventura|genero_animacao|genero_infantil|genero_fantasia|genero_musical
662;Fear (1996);Thriller;1996;7;3,2857142857142856;3,0;1,4960264830861911;1996-10-10 19:06:30+00:00;2009-03-23 23:44:08+00:00;1;periodo_1990_1999;avaliacao_media;popularidade_baixa;genero_suspense
663;Kids in the Hall: Brain Candy (1996);Comedy;1996;12;3,2916666666666665;3,25;1,075730900224108;1997-05-29 21:27:09+00:00;2018-02-21 03:52:43+00:00;1;periodo_1990_1999;avaliacao_media;popularidade_media;genero_comedia
667;Bloodsport 2 (a.k.a. Bloodsport II: The Next Kumite) (1996);Action;1996;8;2,8125;3,0;1,0669549461635468;1996-10-16 14:38:28+00:00;2017-06-26 19:22:59+00:00;1;periodo_1990_1999;avaliacao_baixa;popularidade_baixa;genero_acao
671;Mystery Science Theater 3000: The Movie (1996);Comedy|Sci-Fi;1996;36;3,486111111111111;4,0;1,1981301569595322;1996-10-13 20:45:06+00:00;2014-10-18 10:20:20+00:00;2;periodo_1990_1999;avaliacao_media;popularidade_media;genero_comedia|genero_ficcao_cientifica
673;Space Jam (1996);Adventure|Animation|Children|Comedy|Fantasy|Sci-Fi;1996;53;2,707547169811321;3,0;1,128451808146517;1996-04-17 17:08:18+00:00;2018-05-02 19:15:34+00:00;6;periodo_1990_1999;avaliacao_baixa;popularidade_alta;genero_aventura|genero_animacao|genero_infantil|genero_comedia|genero_fantasia|genero_ficcao_cientifica
674;Barbarella (1968);Adventure|Comedy|Sci-Fi;1968;9;3,1666666666666665;3,5;1,2747548783981961;2000-07-09 21:14:09+00:00;2012-04-05 20:47:15+00:00;3;periodo_1950_1969;avaliacao_media;popularidade_baixa;genero_aventura|genero_comedia|genero_ficcao_cientifica
678;Some Folks Call It a Sling Blade (1993);Drama|Thriller;1993;9;3,8333333333333335;4,0;0,43301270189221924;2000-09-15 22:50:30+00:00;2013-08-26 00:37:50+00:00;2;periodo_1990_1999;avaliacao_media;popularidade_baixa;genero_drama|genero_suspense
688;Operation Dumbo Drop (1995);Action|Adventure|Comedy|War;1995;9;2,3333333333333335;2,0;1,0307764064044151;1996-05-18 20:06:45+00:00;2018-02-22 06:00:47+00:00;4;periodo_1990_1999;avaliacao_baixa;popularidade_baixa;genero_acao|genero_aventura|genero_comedia|genero_guerra
694;Substitute, The (1996);Action|Crime|Drama;1996;11;2,9545454545454546;3,0;0,7891307069980693;1996-10-17 12:34:54+00:00;2017-06-26 21:51:38+00:00;3;periodo_1990_1999;avaliacao_baixa;popularidade_media;genero_acao|genero_crime|genero_drama
697;Feeling Minnesota (1996);Drama|Romance;1996;5;2,7;3,0;0,6708203932499369;1996-10-01 09:59:22+00:00;2006-10-23 01:24:30+00:00;2;periodo_1990_1999;avaliacao_baixa;popularidade_baixa;genero_drama|genero_romance
700;Angus (1995);Comedy;1995;7;3,2142857142857144;3,0;0,9063269671749657;1996-10-17 12:42:27+00:00;2009-03-22 08:24:36+00:00;1;periodo_1990_1999;avaliacao_media;popularidade_baixa;genero_comedia
704;Quest, The (1996);Action|Adventure;1996;7;2,5714285714285716;3,0;1,0965313275875672;1996-05-21 17:29:20+00:00;2018-02-21 20:25:46+00:00;2;periodo_1990_1999;avaliacao_baixa;popularidade_baixa;genero_acao|genero_aventura
707;Mulholland Falls (1996);Crime|Drama|Thriller;1996;21;2,880952380952381;3,0;0,998808814347895;1996-06-15 07:59:08+00:00;2017-06-26 22:29:27+00:00;3;periodo_1990_1999;avaliacao_baixa;popularidade_media;genero_crime|genero_drama|genero_suspense
708;Truth About Cats & Dogs, The (1996);Comedy|Romance;1996;58;3,3879310344827585;3,25;0,8059161913257584;1996-05-14 13:27:41+00:00;2018-02-21 20:23:51+00:00;2;periodo_1990_1999;avaliacao_media;popularidade_alta;genero_comedia|genero_romance
709;Oliver & Company (1988);Adventure|Animation|Children|Comedy|Musical;1988;11;3,090909090909091;3,0;0,8607607628772881;1996-10-10 19:03:34+00:00;2015-07-05 13:01:01+00:00;5;periodo_1970_1989;avaliacao_media;popularidade_media;genero_aventura|genero_animacao|genero_infantil|genero_comedia|genero_musical
710;Celtic Pride (1996);Comedy;1996;8;2,5625;2,75;0,4955156044825575;1996-10-17 12:43:43+00:00;2007-08-02 20:49:12+00:00;1;periodo_1990_1999;avaliacao_baixa;popularidade_baixa;genero_comedia
711;Flipper (1996);Adventure|Children;1996;10;3,05;3,0;1,0124228365658292;1996-10-17 12:28:37+00:00;2012-01-21 18:26:27+00:00;2;periodo_1990_1999;avaliacao_media;popularidade_media;genero_aventura|genero_infantil
714;Dead Man (1995);Drama|Mystery|Western;1995;15;3,966666666666667;4,5;1,0431180365113233;1997-06-21 14:48:22+00:00;2016-11-19 08:34:03+00:00;3;periodo_1990_1999;avaliacao_media;popularidade_media;genero_drama|genero_misterio|genero_faroeste
719;Multiplicity (1996);Comedy;1996;35;2,842857142857143;3,0;0,9759718276688941;1996-10-01 09:57:50+00:00;2018-02-14 20:40:59+00:00;1;periodo_1990_1999;avaliacao_baixa;popularidade_media;genero_comedia
720;Wallace & Gromit: The Best of Aardman Animation (1996);Adventure|Animation|Comedy;1996;27;4,092592592592593;4,5;1,2328596919126766;1996-04-17 16:50:09+00:00;2017-06-27 03:23:52+00:00;3;periodo_1990_1999;avaliacao_alta;popularidade_media;genero_aventura|genero_animacao|genero_comedia
724;Craft, The (1996);Drama|Fantasy|Horror|Thriller;1996;31;3,032258064516129;3,0;0,9392859333111132;1996-05-14 13:32:15+00:00;2017-06-26 22:03:27+00:00;4;periodo_1990_1999;avaliacao_media;popularidade_media;genero_drama|genero_fantasia|genero_terror|genero_suspense
725;Great White Hype, The (1996);Comedy;1996;5;2,5;3,0;0,8660254037844386;1997-01-01 10:47:33+00:00;2017-06-26 22:26:40+00:00;1;periodo_1990_1999;avaliacao_baixa;popularidade_baixa;genero_comedia
728;Cold Comfort Farm (1995);Comedy;1995;10;3,5;3,25;0,7453559924999299;1996-06-22 11:58:48+00:00;2018-02-20 11:50:36+00:00;1;periodo_1990_1999;avaliacao_media;popularidade_media;genero_comedia
733;Rock, The (1996);Action|Adventure|Thriller;1996;121;3,6404958677685952;4,0;0,9088067737787368;1996-06-16 20:36:53+00:00;2018-06-25 04:13:09+00:00;3;periodo_1990_1999;avaliacao_media;popularidade_alta;genero_acao|genero_aventura|genero_suspense
735;Cemetery Man (Dellamorte Dellamore) (1994);Horror;1994;7;3,9285714285714284;4,0;0,4498677054212188;1997-01-01 10:49:03+00:00;2017-05-28 08:11:07+00:00;1;periodo_1990_1999;avaliacao_media;popularidade_baixa;genero_terror
736;Twister (1996);Action|Adventure|Romance|Thriller;1996;123;3,321138211382114;3,0;1,0482813438304641;1996-05-21 16:18:54+00:00;2017-06-26 23:07:31+00:00;4;periodo_1990_1999;avaliacao_media;popularidade_alta;genero_acao|genero_aventura|genero_romance|genero_suspense
737;Barb Wire (1996);Action|Sci-Fi;1996;20;2,65;2,5;1,3964240043768943;1996-12-17 23:32:33+00:00;2018-02-21 18:39:07+00:00;2;periodo_1990_1999;avaliacao_baixa;popularidade_media;genero_acao|genero_ficcao_cientifica
741;Ghost in the Shell (Kôkaku kidôtai) (1995);Animation|Sci-Fi;1995;27;4,148148148148148;4,0;0,6767401332691951;1997-05-30 20:36:09+00:00;2018-01-04 22:45:57+00:00;2;periodo_1990_1999;avaliacao_alta;popularidade_media;genero_animacao|genero_ficcao_cientifica
742;Thinner (1996);Horror|Thriller;1996;11;2,8181818181818183;3,0;1,1016516525818694;1996-05-14 13:30:36+00:00;2018-02-21 18:13:59+00:00;2;periodo_1990_1999;avaliacao_baixa;popularidade_media;genero_terror|genero_suspense
743;Spy Hard (1996);Comedy;1996;29;2,5172413793103448;3,0;0,9208183338427222;1996-08-27 10:34:26+00:00;2018-02-21 02:57:07+00:00;1;periodo_1990_1999;avaliacao_baixa;popularidade_media;genero_comedia
745;Wallace & Gromit: A Close Shave (1995);Animation|Children|Comedy;1995;48;3,8958333333333335;4,0;1,101055264296693;1996-06-24 19:32:10+00:00;2018-03-07 07:37:56+00:00;3;periodo_1990_1999;avaliacao_media;popularidade_media;genero_animacao|genero_infantil|genero_comedia
748;Arrival, The (1996);Action|Sci-Fi|Thriller;1996;22;3,1136363636363638;3,0;0,9377254418693164;1996-12-28 14:57:42+00:00;2017-06-26 21:18:33+00:00;3;periodo_1990_1999;avaliacao_media;popularidade_media;genero_acao|genero_ficcao_cientifica|genero_suspense
750;Dr. Strangelove or: How I Learned to Stop Worrying and Love the Bomb (1964);Comedy|War;1964;97;4,268041237113402;4,5;0,8070711440852788;1997-06-23 17:30:48+00:00;2018-05-02 19:01:59+00:00;2;periodo_1950_1969;avaliacao_alta;popularidade_alta;genero_comedia|genero_guerra
761;Phantom, The (1996);Action|Adventure;1996;19;2,789473684210526;3,0;1,0712893253988158;1996-06-30 20:09:58+00:00;2017-06-26 21:51:55+00:00;2;periodo_1990_1999;avaliacao_baixa;popularidade_media;genero_acao|genero_aventura
762;Striptease (1996);Comedy|Crime;1996;41;2,4146341463414633;2,5;1,083411504371667;1996-10-01 09:59:37+00:00;2018-01-06 14:49:45+00:00;2;periodo_1990_1999;avaliacao_baixa;popularidade_media;genero_comedia|genero_crime
765;Jack (1996);Comedy|Drama;1996;19;3,1578947368421053;3,0;0,8173913719698539;1996-10-01 09:58:16+00:00;2015-06-28 23:53:17+00:00;2;periodo_1990_1999;avaliacao_media;popularidade_media;genero_comedia|genero_drama
778;Trainspotting (1996);Comedy|Crime|Drama;1996;102;4,03921568627451;4,0;0,8255999154224543;1996-08-06 07:30:00+00:00;2018-08-11 02:20:42+00:00;3;periodo_1990_1999;avaliacao_alta;popularidade_alta;genero_comedia|genero_crime|genero_drama
780;Independence Day (a.k.a. ID4) (1996);Action|Adventure|Sci-Fi|Thriller;1996;202;3,4455445544554455;3,5;0,9960144210104318;1996-07-06 08:55:13+00:00;2018-05-05 20:34:25+00:00;4;periodo_1990_1999;avaliacao_media;popularidade_alta;genero_acao|genero_aventura|genero_ficcao_cientifica|genero_suspense
781;Stealing Beauty (1996);Drama;1996;7;3,5;4,0;0,816496580927726;1997-05-30 20:27:47+00:00;2017-06-26 22:22:55+00:00;1;periodo_1990_1999;avaliacao_media;popularidade_baixa;genero_drama
782;Fan, The (1996);Drama|Thriller;1996;8;3,0;2,75;1,0350983390135313;1996-10-01 09:59:03+00:00;2017-06-26 21:56:41+00:00;2;periodo_1990_1999;avaliacao_media;popularidade_baixa;genero_drama|genero_suspense
783;Hunchback of Notre Dame, The (1996);Animation|Children|Drama|Musical|Romance;1996;47;3,3297872340425534;3,5;0,9282791216329138;1996-06-27 07:31:22+00:00;2017-12-25 21:51:21+00:00;5;periodo_1990_1999;avaliacao_media;popularidade_media;genero_animacao|genero_infantil|genero_drama|genero_musical|genero_romance
784;Cable Guy, The (1996);Comedy|Thriller;1996;54;2,8055555555555554;3,0;1,1752826503339957;1996-06-22 11:20:47+00:00;2018-02-21 18:50:13+00:00;2;periodo_1990_1999;avaliacao_baixa;popularidade_alta;genero_comedia|genero_suspense
785;Kingpin (1996);Comedy;1996;42;3,369047619047619;3,25;0,9309025505673135;1997-02-14 19:14:56+00:00;2018-08-11 00:09:43+00:00;1;periodo_1990_1999;avaliacao_media;popularidade_media;genero_comedia
786;Eraser (1996);Action|Drama|Thriller;1996;64;3,109375;3,0;1,0368938275078163;1996-06-26 14:30:57+00:00;2018-06-25 04:45:36+00:00;3;periodo_1990_1999;avaliacao_media;popularidade_alta;genero_acao|genero_drama|genero_suspense
788;Nutty Professor, The (1996);Comedy|Fantasy|Romance|Sci-Fi;1996;82;2,731707317073171;3,0;1,1737749641074957;1996-07-14 13:32:07+00:00;2018-05-05 20:39:13+00:00;4;periodo_1990_1999;avaliacao_baixa;popularidade_alta;genero_comedia|genero_fantasia|genero_romance|genero_ficcao_cientifica
798;Daylight (1996);Action|Adventure|Drama|Thriller;1996;12;2,7083333333333335;2,25;1,137348058450273;1997-07-18 19:02:26+00:00;2016-04-04 16:52:30+00:00;4;periodo_1990_1999;avaliacao_baixa;popularidade_media;genero_acao|genero_aventura|genero_drama|genero_suspense
799;Frighteners, The (1996);Comedy|Horror|Thriller;1996;23;3,4565217391304346;4,0;0,9404187108829004;1996-10-01 09:58:16+00:00;2017-06-26 21:50:40+00:00;3;periodo_1990_1999;avaliacao_media;popularidade_media;genero_comedia|genero_terror|genero_suspense
800;Lone Star (1996);Drama|Mystery|Western;1996;19;4,157894736842105;4,0;0,9725772117156242;1996-12-16 19:11:47+00:00;2012-09-25 21:49:56+00:00;3;periodo_1990_1999;avaliacao_alta;popularidade_media;genero_drama|genero_misterio|genero_faroeste
801;Harriet the Spy (1996);Children|Comedy;1996;11;3,1363636363636362;3,0;0,8686457589520913;1996-10-17 12:43:14+00:00;2009-11-17 03:07:25+00:00;2;periodo_1990_1999;avaliacao_media;popularidade_media;genero_infantil|genero_comedia
802;Phenomenon (1996);Drama|Romance;1996;46;3,3369565217391304;3,0;0,9192650918960992;1996-07-05 21:04:49+00:00;2018-09-01 18:50:20+00:00;2;periodo_1990_1999;avaliacao_media;popularidade_media;genero_drama|genero_romance
804;She's the One (1996);Comedy|Romance;1996;8;3,25;3,0;1,0350983390135313;1996-10-01 09:58:49+00:00;2012-04-07 20:52:57+00:00;2;periodo_1990_1999;avaliacao_media;popularidade_baixa;genero_comedia|genero_romance
805;Time to Kill, A (1996);Drama|Thriller;1996;35;3,657142857142857;4,0;0,8114205822781043;1996-08-24 08:40:32+00:00;2014-02-27 22:55:54+00:00;2;periodo_1990_1999;avaliacao_media;popularidade_media;genero_drama|genero_suspense
809;Fled (1996);Action|Adventure;1996;9;2,3333333333333335;2,0;0,82915619758885;1997-05-18 17:33:01+00:00;2018-02-23 02:10:50+00:00;2;periodo_1990_1999;avaliacao_baixa;popularidade_baixa;genero_acao|genero_aventura
810;Kazaam (1996);Children|Comedy|Fantasy;1996;12;2,25;2,25;1,4381174563233068;1996-11-26 07:56:49+00:00;2009-03-22 22:24:33+00:00;3;periodo_1990_1999;avaliacao_baixa;popularidade_media;genero_infantil|genero_comedia|genero_fantasia
813;Larger Than Life (1996);Comedy;1996;5;2,8;3,0;0,8366600265340756;1996-12-22 20:31:07+00:00;2003-03-19 16:01:18+00:00;1;periodo_1990_1999;avaliacao_baixa;popularidade_baixa;genero_comedia
818;Very Brady Sequel, A (1996);Comedy;1996;10;3,25;3,0;0,9204467514322717;1996-10-17 12:31:54+00:00;2017-06-26 21:00:05+00:00;1;periodo_1990_1999;avaliacao_media;popularidade_media;genero_comedia
828;Adventures of Pinocchio, The (1996);Adventure|Children;1996;6;3,3333333333333335;3,0;1,0327955589886444;1996-10-01 09:58:49+00:00;1997-06-21 14:46:53+00:00;2;periodo_1990_1999;avaliacao_media;popularidade_baixa;genero_aventura|genero_infantil
829;Joe's Apartment (1996);Comedy|Fantasy|Musical;1996;9;2,6666666666666665;3,0;1,0;1997-05-18 17:31:14+00:00;2009-01-02 21:25:09+00:00;3;periodo_1990_1999;avaliacao_baixa;popularidade_baixa;genero_comedia|genero_fantasia|genero_musical
830;First Wives Club, The (1996);Comedy;1996;21;3,0714285714285716;3,0;1,0757057484009542;1996-10-14 09:31:47+00:00;2015-06-28 23:46:08+00:00;1;periodo_1990_1999;avaliacao_media;popularidade_media;genero_comedia
832;Ransom (1996);Crime|Thriller;1996;37;3,3378378378378377;3,0;0,9132820397249056;1996-12-17 23:34:04+00:00;2018-06-25 04:02:05+00:00;2;periodo_1990_1999;avaliacao_media;popularidade_media;genero_crime|genero_suspense
833;High School High (1996);Comedy;1996;6;2,0;1,75;1,3038404810405297;1996-11-05 19:11:20+00:00;2018-02-22 20:07:09+00:00;1;periodo_1990_1999;avaliacao_baixa;popularidade_baixa;genero_comedia
836;Chain Reaction (1996);Action|Adventure|Thriller;1996;17;2,8823529411764706;3,0;0,839073368452997;1997-04-23 16:31:35+00:00;2018-02-21 18:32:42+00:00;3;periodo_1990_1999;avaliacao_baixa;popularidade_media;genero_acao|genero_aventura|genero_suspense
837;Matilda (1996);Children|Comedy|Fantasy;1996;33;3,272727272727273;3,5;0,9277906307704634;1996-10-17 12:44:01+00:00;2018-02-20 09:17:10+00:00;3;periodo_1990_1999;avaliacao_media;popularidade_media;genero_infantil|genero_comedia|genero_fantasia
838;Emma (1996);Comedy|Drama|Romance;1996;30;3,9166666666666665;4,0;0,881645535674464;1996-10-17 12:31:54+00:00;2018-02-21 00:48:26+00:00;3;periodo_1990_1999;avaliacao_media;popularidade_media;genero_comedia|genero_drama|genero_romance
839;Crow: City of Angels, The (1996);Action|Thriller;1996;15;2,8333333333333335;3,0;1,2051476890327395;1996-10-17 12:42:00+00:00;2017-05-01 19:47:27+00:00;2;periodo_1990_1999;avaliacao_baixa;popularidade_media;genero_acao|genero_suspense
842;Tales from the Crypt Presents: Bordello of Blood (1996);Comedy|Horror;1996;12;2,5416666666666665;2,25;1,0543919689766346;1996-10-17 12:34:35+00:00;2017-06-26 19:28:09+00:00;2;periodo_1990_1999;avaliacao_baixa;popularidade_media;genero_comedia|genero_terror
848;Spitfire Grill, The (1996);Drama;1996;7;3,2857142857142856;4,0;1,1126972805283737;1996-10-01 09:58:16+00:00;2003-06-08 17:15:31+00:00;1;periodo_1990_1999;avaliacao_media;popularidade_baixa;genero_drama
849;Escape from L.A. (1996);Action|Adventure|Sci-Fi|Thriller;1996;44;2,9204545454545454;3,0;1,0395838938269675;1996-10-01 09:59:22+00:00;2017-06-26 19:22:49+00:00;4;periodo_1990_1999;avaliacao_baixa;popularidade_media;genero_acao|genero_aventura|genero_ficcao_cientifica|genero_suspense
851;Basquiat (1996);Drama;1996;6;2,8333333333333335;3,25;1,1254628677422756;2000-07-09 21:56:31+00:00;2017-06-26 18:14:28+00:00;1;periodo_1990_1999;avaliacao_baixa;popularidade_baixa;genero_drama
852;Tin Cup (1996);Comedy|Drama|Romance;1996;43;3,1744186046511627;3,0;1,0052464808516732;1996-08-27 23:49:09+00:00;2017-12-13 02:28:20+00:00;3;periodo_1990_1999;avaliacao_media;popularidade_media;genero_comedia|genero_drama|genero_romance
858;Godfather, The (1972);Crime|Drama;1972;192;4,2890625;4,5;0,904343883679015;1997-01-28 17:42:29+00:00;2018-09-17 04:11:53+00:00;2;periodo_1970_1989;avaliacao_alta;popularidade_alta;genero_crime|genero_drama
861;Supercop (Police Story 3: Supercop) (Jing cha gu shi III: Chao ji jing cha) (1992);Action|Comedy|Crime|Thriller;1992;9;3,8333333333333335;4,0;0,9354143466934853;1996-08-24 08:48:18+00:00;2017-06-26 18:03:51+00:00;4;periodo_1990_1999;avaliacao_media;popularidade_baixa;genero_acao|genero_comedia|genero_crime|genero_suspense
866;Bound (1996);Crime|Drama|Romance|Thriller;1996;23;4,0;4,0;0,7833494518006403;1998-07-19 18:10:29+00:00;2006-10-26 08:12:27+00:00;4;periodo_1990_1999;avaliacao_alta;popularidade_media;genero_crime|genero_drama|genero_romance|genero_suspense
880;Island of Dr. Moreau, The (1996);Sci-Fi|Thriller;1996;27;2,740740740740741;3,0;0,9939274308981205;1996-10-01 09:59:37+00:00;2017-06-26 22:35:34+00:00;2;periodo_1990_1999;avaliacao_baixa;popularidade_media;genero_ficcao_cientifica|genero_suspense
881;First Kid (1996);Children|Comedy;1996;5;2,1;2,0;0,8944271909999159;1996-10-17 12:45:40+00:00;2018-02-22 20:19:18+00:00;2;periodo_1990_1999;avaliacao_baixa;popularidade_baixa;genero_infantil|genero_comedia
886;Bulletproof (1996);Action|Comedy|Crime;1996;6;2,6666666666666665;3,0;1,53839743456191;1997-05-18 17:34:06+00:00;2018-02-21 19:07:45+00:00;3;periodo_1990_1999;avaliacao_baixa;popularidade_baixa;genero_acao|genero_comedia|genero_crime
891;Halloween: The Curse of Michael Myers (Halloween 6: The Curse of Michael Myers) (1995);Horror|Thriller;1995;5;3,8;3,0;1,0954451150103324;1996-10-17 12:44:01+00:00;2000-10-11 14:19:55+00:00;2;periodo_1990_1999;avaliacao_media;popularidade_baixa;genero_terror|genero_suspense
892;Twelfth Night (1996);Comedy|Drama|Romance;1996;13;3,5384615384615383;3,5;0,627877989127481;1996-11-05 19:11:20+00:00;2017-06-27 05:49:25+00:00;3;periodo_1990_1999;avaliacao_media;popularidade_media;genero_comedia|genero_drama|genero_romance
898;Philadelphia Story, The (1940);Comedy|Drama|Romance;1940;29;4,310344827586207;4,5;0,7839209269463556;1997-04-07 07:12:56+00:00;2018-03-07 07:37:54+00:00;3;periodo_antes_1950;avaliacao_alta;popularidade_media;genero_comedia|genero_drama|genero_romance
899;Singin' in the Rain (1952);Comedy|Musical|Romance;1952;47;4,074468085106383;4,0;0,9834429505582797;1997-03-19 12:04:14+00:00;2018-03-07 07:38:17+00:00;3;periodo_1950_1969;avaliacao_alta;popularidade_media;genero_comedia|genero_musical|genero_romance
900;American in Paris, An (1951);Musical|Romance;1951;12;3,7083333333333335;4,0;0,6556860852757533;1997-04-07 07:15:52+00:00;2015-06-29 00:08:01+00:00;2;periodo_1950_1969;avaliacao_media;popularidade_media;genero_musical|genero_romance
901;Funny Face (1957);Comedy|Musical;1957;7;3,0;3,5;1,5;1999-12-11 08:19:05+00:00;2018-03-07 07:40:36+00:00;2;periodo_1950_1969;avaliacao_media;popularidade_baixa;genero_comedia|genero_musical
902;Breakfast at Tiffany's (1961);Drama|Romance;1961;36;3,8472222222222223;4,0;0,9548331525488364;1997-03-19 11:59:39+00:00;2018-03-07 07:38:44+00:00;2;periodo_1950_1969;avaliacao_media;popularidade_media;genero_drama|genero_romance
903;Vertigo (1958);Drama|Mystery|Romance|Thriller;1958;60;4,025;4,0;0,962980014576926;1997-05-30 20:23:33+00:00;2018-05-02 19:38:12+00:00;4;periodo_1950_1969;avaliacao_alta;popularidade_alta;genero_drama|genero_misterio|genero_romance|genero_suspense
904;Rear Window (1954);Mystery|Thriller;1954;84;4,261904761904762;4,5;0,7857012464364238;1997-03-19 11:55:43+00:00;2018-09-01 18:43:38+00:00;2;periodo_1950_1969;avaliacao_alta;popularidade_alta;genero_misterio|genero_suspense
905;It Happened One Night (1934);Comedy|Romance;1934;14;4,321428571428571;4,25;0,7234304723687333;1998-06-28 11:27:09+00:00;2018-03-07 07:37:55+00:00;2;periodo_antes_1950;avaliacao_alta;popularidade_media;genero_comedia|genero_romance
906;Gaslight (1944);Drama|Thriller;1944;7;4,142857142857143;4,0;0,8521681032463466;2000-03-21 03:48:46+00:00;2015-06-29 00:18:46+00:00;2;periodo_antes_1950;avaliacao_alta;popularidade_baixa;genero_drama|genero_suspense
908;North by Northwest (1959);Action|Adventure|Mystery|Romance|Thriller;1959;57;4,184210526315789;4,0;0,777080036713495;1997-03-19 11:57:21+00:00;2018-03-19 13:57:03+00:00;5;periodo_1950_1969;avaliacao_alta;popularidade_alta;genero_acao|genero_aventura|genero_misterio|genero_romance|genero_suspense
909;Apartment, The (1960);Comedy|Drama|Romance;1960;27;3,962962962962963;4,0;0,9600273025557252;1997-04-07 07:14:38+00:00;2018-03-07 07:38:28+00:00;3;periodo_1950_1969;avaliacao_media;popularidade_media;genero_comedia|genero_drama|genero_romance
910;Some Like It Hot (1959);Comedy|Crime;1959;50;4,01;4,0;0,8298635245555473;1997-03-19 12:04:14+00:00;2018-03-07 07:38:16+00:00;2;periodo_1950_1969;avaliacao_alta;popularidade_alta;genero_comedia|genero_crime
911;Charade (1963);Comedy|Crime|Mystery|Romance|Thriller;1963;13;3,8076923076923075;4,0;0,6626481450231065;1998-06-28 11:31:46+00:00;2018-03-07 07:38:26+00:00;5;periodo_1950_1969;avaliacao_media;popularidade_media;genero_comedia|genero_crime|genero_misterio|genero_romance|genero_suspense
912;Casablanca (1942);Drama|Romance;1942;100;4,24;4,5;0,9002805398902336;1996-12-13 08:57:05+00:00;2018-03-19 13:57:14+00:00;2;periodo_antes_1950;avaliacao_alta;popularidade_alta;genero_drama|genero_romance
913;Maltese Falcon, The (1941);Film-Noir|Mystery;1941;44;4,170454545454546;4,0;0,6282421194702981;1996-12-26 14:13:43+00:00;2018-02-01 22:57:29+00:00;2;periodo_antes_1950;avaliacao_alta;popularidade_media;genero_film_noir|genero_misterio
914;My Fair Lady (1964);Comedy|Drama|Musical|Romance;1964;35;4,042857142857143;4,0;0,9185300642829263;1997-03-19 11:58:53+00:00;2018-05-28 21:20:15+00:00;4;periodo_1950_1969;avaliacao_alta;popularidade_media;genero_comedia|genero_drama|genero_musical|genero_romance
915;Sabrina (1954);Comedy|Romance;1954;30;3,7666666666666666;4,0;0,8380327264341845;1997-04-07 07:15:23+00:00;2018-03-07 07:38:27+00:00;2;periodo_1950_1969;avaliacao_media;popularidade_media;genero_comedia|genero_romance
916;Roman Holiday (1953);Comedy|Drama|Romance;1953;26;4,0576923076923075;4,0;0,7915418255142693;1997-04-07 07:14:54+00:00;2018-03-07 07:38:19+00:00;3;periodo_1950_1969;avaliacao_alta;popularidade_media;genero_comedia|genero_drama|genero_romance
918;Meet Me in St. Louis (1944);Musical;1944;10;4,1;4,0;0,6992058987801009;2000-07-02 17:49:41+00:00;2018-03-07 07:40:24+00:00;1;periodo_antes_1950;avaliacao_alta;popularidade_media;genero_musical
919;Wizard of Oz, The (1939);Adventure|Children|Fantasy|Musical;1939;92;3,880434782608696;4,0;1,0254175381609603;1997-03-19 11:56:26+00:00;2018-09-01 18:32:05+00:00;4;periodo_antes_1950;avaliacao_media;popularidade_alta;genero_aventura|genero_infantil|genero_fantasia|genero_musical
920;Gone with the Wind (1939);Drama|Romance|War;1939;45;3,6444444444444444;4,0;1,0586345312274066;1997-03-19 11:55:15+00:00;2017-06-27 00:37:26+00:00;3;periodo_antes_1950;avaliacao_media;popularidade_media;genero_drama|genero_romance|genero_guerra
921;My Favorite Year (1982);Comedy;1982;9;3,388888888888889;3,0;0,8579691784155834;2000-01-02 07:50:00+00:00;2010-02-26 02:42:39+00:00;1;periodo_1970_1989;avaliacao_media;popularidade_baixa;genero_comedia
922;Sunset Blvd. (a.k.a. Sunset Boulevard) (1950);Drama|Film-Noir|Romance;1950;27;4,333333333333333;4,5;0,6650621717611763;1997-04-07 07:13:48+00:00;2017-06-26 22:48:38+00:00;3;periodo_1950_1969;avaliacao_alta;popularidade_media;genero_drama|genero_film_noir|genero_romance
923;Citizen Kane (1941);Drama|Mystery;1941;69;4,043478260869565;4,0;0,9691533996331337;1996-12-26 14:16:28+00:00;2018-05-14 20:31:17+00:00;2;periodo_antes_1950;avaliacao_alta;popularidade_alta;genero_drama|genero_misterio
924;2001: A Space Odyssey (1968);Adventure|Drama|Sci-Fi;1968;109;3,8944954128440368;4,0;1,1035997380949343;1996-10-14 09:29:43+00:00;2018-09-01 18:43:59+00:00;3;periodo_1950_1969;avaliacao_media;popularidade_alta;genero_aventura|genero_drama|genero_ficcao_cientifica
926;All About Eve (1950);Drama;1950;24;4,229166666666667;4,25;0,8843957242668293;1997-03-19 12:03:43+00:00;2015-11-15 07:54:14+00:00;1;periodo_1950_1969;avaliacao_alta;popularidade_media;genero_drama
928;Rebecca (1940);Drama|Mystery|Romance|Thriller;1940;18;4,166666666666667;4,25;0,7669649888473705;2000-03-21 03:46:21+00:00;2017-06-27 01:54:09+00:00;4;periodo_antes_1950;avaliacao_alta;popularidade_media;genero_drama|genero_misterio|genero_romance|genero_suspense
930;Notorious (1946);Film-Noir|Romance|Thriller;1946;20;4,25;4,0;0,5256574830378469;1999-10-05 15:22:31+00:00;2017-06-26 17:48:15+00:00;3;periodo_antes_1950;avaliacao_alta;popularidade_media;genero_film_noir|genero_romance|genero_suspense
931;Spellbound (1945);Mystery|Romance|Thriller;1945;9;3,8333333333333335;4,0;0,7905694150420949;1997-04-07 07:16:49+00:00;2017-06-27 00:10:01+00:00;3;periodo_antes_1950;avaliacao_media;popularidade_baixa;genero_misterio|genero_romance|genero_suspense
932;Affair to Remember, An (1957);Drama|Romance;1957;8;3,9375;4,0;1,208230701716948;1997-04-07 07:17:18+00:00;2015-07-01 03:19:45+00:00;2;periodo_1950_1969;avaliacao_media;popularidade_baixa;genero_drama|genero_romance
933;To Catch a Thief (1955);Crime|Mystery|Romance|Thriller;1955;23;4,217391304347826;4,0;0,8370142683225262;1997-04-07 07:15:52+00:00;2017-02-24 17:42:14+00:00;4;periodo_1950_1969;avaliacao_alta;popularidade_media;genero_crime|genero_misterio|genero_romance|genero_suspense
934;Father of the Bride (1950);Comedy;1950;12;3,25;3,25;1,0975178606954215;1997-04-07 07:17:18+00:00;2009-03-15 01:48:18+00:00;1;periodo_1950_1969;avaliacao_media;popularidade_media;genero_comedia
936;Ninotchka (1939);Comedy|Romance;1939;6;4,0;4,0;0,9486832980505138;1999-10-05 09:05:54+00:00;2018-03-07 07:39:05+00:00;2;periodo_antes_1950;avaliacao_alta;popularidade_baixa;genero_comedia|genero_romance
938;Gigi (1958);Musical;1958;6;3,25;3,0;1,2942179105544782;2000-11-24 02:01:37+00:00;2017-02-24 17:27:03+00:00;1;periodo_1950_1969;avaliacao_media;popularidade_baixa;genero_musical
940;Adventures of Robin Hood, The (1938);Action|Adventure|Romance;1938;8;4,0;4,0;0,9636241116594315;1998-06-28 11:20:47+00:00;2015-06-29 00:00:37+00:00;3;periodo_antes_1950;avaliacao_alta;popularidade_baixa;genero_acao|genero_aventura|genero_romance
942;Laura (1944);Crime|Film-Noir|Mystery;1944;6;4,333333333333333;4,0;0,5163977794943222;1998-06-28 11:31:46+00:00;2009-11-17 02:57:49+00:00;3;periodo_antes_1950;avaliacao_alta;popularidade_baixa;genero_crime|genero_film_noir|genero_misterio
943;Ghost and Mrs. Muir, The (1947);Drama|Fantasy|Romance;1947;7;3,9285714285714284;4,0;0,6074928962939558;1998-06-28 11:32:45+00:00;2010-06-22 03:01:25+00:00;3;periodo_antes_1950;avaliacao_media;popularidade_baixa;genero_drama|genero_fantasia|genero_romance
945;Top Hat (1935);Comedy|Musical|Romance;1935;7;4,071428571428571;4,0;0,8380817098475258;1998-06-28 11:32:45+00:00;2018-03-07 07:39:05+00:00;3;periodo_antes_1950;avaliacao_alta;popularidade_baixa;genero_comedia|genero_musical|genero_romance
948;Giant (1956);Drama|Romance|Western;1956;6;3,9166666666666665;4,0;0,6645800679125629;1997-04-07 07:16:49+00:00;2015-07-02 02:14:17+00:00;3;periodo_1950_1969;avaliacao_media;popularidade_baixa;genero_drama|genero_romance|genero_faroeste
949;East of Eden (1955);Drama;1955;6;3,9166666666666665;4,0;0,20412414523193156;2000-03-24 19:35:58+00:00;2016-03-30 19:17:57+00:00;1;periodo_1950_1969;avaliacao_media;popularidade_baixa;genero_drama
950;Thin Man, The (1934);Comedy|Crime;1934;7;3,857142857142857;4,0;0,8521681032463466;1999-10-05 09:18:41+00:00;2018-03-07 07:37:54+00:00;2;periodo_antes_1950;avaliacao_media;popularidade_baixa;genero_comedia|genero_crime
951;His Girl Friday (1940);Comedy|Romance;1940;14;4,392857142857143;4,25;0,5941565265331841;1997-04-07 07:15:23+00:00;2018-03-07 07:37:58+00:00;2;periodo_antes_1950;avaliacao_alta;popularidade_media;genero_comedia|genero_romance
952;Around the World in 80 Days (1956);Adventure|Comedy;1956;12;3,625;4,0;0,6784005252999681;1999-12-23 16:16:35+00:00;2017-02-24 17:16:59+00:00;2;periodo_1950_1969;avaliacao_media;popularidade_media;genero_aventura|genero_comedia
953;It's a Wonderful Life (1946);Children|Drama|Fantasy|Romance;1946;58;4,0344827586206895;4,0;1,0381413425280497;1997-03-19 11:59:20+00:00;2018-03-19 13:57:08+00:00;4;periodo_antes_1950;avaliacao_alta;popularidade_alta;genero_infantil|genero_drama|genero_fantasia|genero_romance
954;Mr. Smith Goes to Washington (1939);Drama;1939;18;4,083333333333333;4,25;0,8952488973661427;1997-04-07 07:14:04+00:00;2018-05-02 19:11:07+00:00;1;periodo_antes_1950;avaliacao_alta;popularidade_media;genero_drama
955;Bringing Up Baby (1938);Comedy|Romance;1938;18;3,861111111111111;4,0;1,054480016204747;1997-04-07 07:15:06+00:00;2018-03-07 07:38:32+00:00;2;periodo_antes_1950;avaliacao_media;popularidade_media;genero_comedia|genero_romance
965;39 Steps, The (1935);Drama|Mystery|Thriller;1935;11;4,045454545454546;4,0;0,8201995322647243;1998-06-28 11:29:22+00:00;2018-02-16 08:05:59+00:00;3;periodo_antes_1950;avaliacao_alta;popularidade_media;genero_drama|genero_misterio|genero_suspense
968;Night of the Living Dead (1968);Horror|Sci-Fi|Thriller;1968;28;3,75;4,0;1,1426091000668408;2000-03-24 19:20:30+00:00;2017-06-26 23:56:55+00:00;3;periodo_1950_1969;avaliacao_media;popularidade_media;genero_terror|genero_ficcao_cientifica|genero_suspense
969;African Queen, The (1951);Adventure|Comedy|Romance|War;1951;34;3,9705882352941178;4,0;1,0145993123917847;1996-12-26 14:10:53+00:00;2018-05-23 20:49:04+00:00;4;periodo_1950_1969;avaliacao_media;popularidade_media;genero_aventura|genero_comedia|genero_romance|genero_guerra
971;Cat on a Hot Tin Roof (1958);Drama;1958;10;4,1;4,25;0,8755950357709131;1997-04-07 07:16:05+00:00;2015-06-29 00:09:42+00:00;1;periodo_1950_1969;avaliacao_alta;popularidade_media;genero_drama
973;Meet John Doe (1941);Comedy|Drama;1941;5;3,9;4,0;0,22360679774997902;2000-06-20 16:06:33+00:00;2007-05-30 19:02:09+00:00;2;periodo_antes_1950;avaliacao_media;popularidade_baixa;genero_comedia|genero_drama
986;Fly Away Home (1996);Adventure|Children;1996;13;3,5384615384615383;3,5;0,6910601294852008;1996-10-01 09:58:16+00:00;2017-02-24 17:11:43+00:00;2;periodo_1990_1999;avaliacao_media;popularidade_media;genero_aventura|genero_infantil
990;Maximum Risk (1996);Action|Adventure|Thriller;1996;5;2,9;3,0;1,4317821063276353;1997-05-18 17:45:25+00:00;2005-02-21 08:41:34+00:00;3;periodo_1990_1999;avaliacao_baixa;popularidade_baixa;genero_acao|genero_aventura|genero_suspense
991;Michael Collins (1996);Drama;1996;11;3,3181818181818183;3,5;0,7833494518006403;1996-10-17 12:53:28+00:00;2018-02-21 17:26:39+00:00;1;periodo_1990_1999;avaliacao_media;popularidade_media;genero_drama
994;Big Night (1996);Comedy|Drama;1996;11;4,181818181818182;4,0;0,716684284490991;1997-06-21 15:11:47+00:00;2018-02-20 16:01:25+00:00;2;periodo_1990_1999;avaliacao_alta;popularidade_media;genero_comedia|genero_drama
996;Last Man Standing (1996);Action|Crime|Drama|Thriller;1996;13;2,5;2,5;0,7637626158259734;1996-10-17 12:45:23+00:00;2017-06-26 21:04:10+00:00;4;periodo_1990_1999;avaliacao_baixa;popularidade_media;genero_acao|genero_crime|genero_drama|genero_suspense
999;2 Days in the Valley (1996);Crime|Film-Noir;1996;12;3,0416666666666665;3,0;0,7525210155124432;1996-10-17 12:46:52+00:00;2017-06-27 00:45:59+00:00;2;periodo_1990_1999;avaliacao_media;popularidade_media;genero_crime|genero_film_noir
1004;Glimmer Man, The (1996);Action|Thriller;1996;6;3,0;3,0;0,6324555320336759;1996-10-17 12:48:26+00:00;2005-04-11 03:40:39+00:00;2;periodo_1990_1999;avaliacao_media;popularidade_baixa;genero_acao|genero_suspense
1005;D3: The Mighty Ducks (1996);Children|Comedy;1996;8;2,1875;2,25;0,9613049166924837;2000-02-21 22:05:10+00:00;2008-01-24 17:33:02+00:00;2;periodo_1990_1999;avaliacao_baixa;popularidade_baixa;genero_infantil|genero_comedia
1006;Chamber, The (1996);Drama;1996;5;3,5;4,0;0,8660254037844386;1996-10-17 12:51:34+00:00;2018-02-23 00:55:49+00:00;1;periodo_1990_1999;avaliacao_media;popularidade_baixa;genero_drama
1007;Apple Dumpling Gang, The (1975);Children|Comedy|Western;1975;10;2,6;2,5;0,6582805886043833;1996-09-16 16:47:16+00:00;2009-03-22 08:27:35+00:00;3;periodo_1970_1989;avaliacao_baixa;popularidade_media;genero_infantil|genero_comedia|genero_faroeste
1009;Escape to Witch Mountain (1975);Adventure|Children|Fantasy;1975;9;3,0555555555555554;3,0;0,7264831572567788;1996-09-16 16:49:53+00:00;2009-01-02 21:09:06+00:00;3;periodo_1970_1989;avaliacao_media;popularidade_baixa;genero_aventura|genero_infantil|genero_fantasia
1010;Love Bug, The (1969);Children|Comedy;1969;9;3,0555555555555554;3,0;0,7264831572567789;1997-04-07 07:19:58+00:00;2017-02-24 16:40:33+00:00;2;periodo_1950_1969;avaliacao_media;popularidade_baixa;genero_infantil|genero_comedia
1011;Herbie Rides Again (1974);Children|Comedy|Fantasy|Romance;1974;8;2,9375;3,0;1,3741880719693564;1996-09-16 16:49:36+00:00;2009-01-02 21:24:25+00:00;4;periodo_1970_1989;avaliacao_baixa;popularidade_baixa;genero_infantil|genero_comedia|genero_fantasia|genero_romance
1012;Old Yeller (1957);Children|Drama;1957;9;3,4444444444444446;3,5;0,6821127309893709;1996-09-16 16:44:02+00:00;2015-05-18 17:28:22+00:00;2;periodo_1950_1969;avaliacao_media;popularidade_baixa;genero_infantil|genero_drama
1013;Parent Trap, The (1961);Children|Comedy|Romance;1961;12;3,2083333333333335;3,0;0,8382431122004613;1996-09-16 16:57:42+00:00;2017-05-08 02:39:07+00:00;3;periodo_1950_1969;avaliacao_media;popularidade_media;genero_infantil|genero_comedia|genero_romance
1014;Pollyanna (1960);Children|Comedy|Drama;1960;5;2,9;3,0;1,5968719422671311;1996-09-16 16:57:25+00:00;2009-01-02 21:24:17+00:00;3;periodo_1950_1969;avaliacao_baixa;popularidade_baixa;genero_infantil|genero_comedia|genero_drama
1015;Homeward Bound: The Incredible Journey (1993);Adventure|Children|Drama;1993;20;2,95;3,0;0,9304780887716866;1996-08-27 13:22:14+00:00;2018-02-20 16:27:33+00:00;3;periodo_1990_1999;avaliacao_baixa;popularidade_media;genero_aventura|genero_infantil|genero_drama
1016;Shaggy Dog, The (1959);Children|Comedy;1959;5;2,9;3,0;0,5477225575051661;2000-04-17 04:09:28+00:00;2003-06-02 16:01:20+00:00;2;periodo_1950_1969;avaliacao_baixa;popularidade_baixa;genero_infantil|genero_comedia
1017;Swiss Family Robinson (1960);Adventure|Children;1960;10;3,5;3,75;0,7453559924999298;1996-09-16 16:47:57+00:00;2015-09-10 00:52:58+00:00;2;periodo_1950_1969;avaliacao_media;popularidade_media;genero_aventura|genero_infantil
1018;That Darn Cat! (1965);Children|Comedy|Mystery;1965;6;2,4166666666666665;2,5;0,917423929634859;1997-04-07 07:40:23+00:00;2003-05-27 12:25:36+00:00;3;periodo_1950_1969;avaliacao_baixa;popularidade_baixa;genero_infantil|genero_comedia|genero_misterio
1019;20,000 Leagues Under the Sea (1954);Adventure|Drama|Sci-Fi;1954;17;3,4705882352941178;3,0;0,892163596182304;1996-09-16 16:45:41+00:00;2012-07-20 23:26:59+00:00;3;periodo_1950_1969;avaliacao_media;popularidade_media;genero_aventura|genero_drama|genero_ficcao_cientifica
1020;Cool Runnings (1993);Comedy;1993;37;3,081081081081081;3,0;0,79506737584442;1996-08-27 13:20:33+00:00;2018-02-20 14:25:17+00:00;1;periodo_1990_1999;avaliacao_media;popularidade_media;genero_comedia
1021;Angels in the Outfield (1994);Children|Comedy;1994;27;2,3333333333333335;2,0;1,028441689009303;1996-08-27 13:21:11+00:00;2018-02-22 22:35:06+00:00;2;periodo_1990_1999;avaliacao_baixa;popularidade_media;genero_infantil|genero_comedia
1022;Cinderella (1950);Animation|Children|Fantasy|Musical|Romance;1950;42;3,488095238095238;3,25;0,7924036852921471;1996-08-31 15:30:41+00:00;2018-08-10 03:44:26+00:00;5;periodo_1950_1969;avaliacao_media;popularidade_media;genero_animacao|genero_infantil|genero_fantasia|genero_musical|genero_romance
1023;Winnie the Pooh and the Blustery Day (1968);Animation|Children|Musical;1968;13;3,6153846153846154;3,5;1,0830867569483633;1996-09-16 16:44:39+00:00;2007-02-23 22:21:37+00:00;3;periodo_1950_1969;avaliacao_media;popularidade_media;genero_animacao|genero_infantil|genero_musical
1024;Three Caballeros, The (1945);Animation|Children|Musical;1945;6;3,6666666666666665;4,0;1,0327955589886444;1996-08-31 15:24:50+00:00;2016-12-26 11:08:35+00:00;3;periodo_antes_1950;avaliacao_media;popularidade_baixa;genero_animacao|genero_infantil|genero_musical
1025;Sword in the Stone, The (1963);Animation|Children|Fantasy|Musical;1963;25;3,58;3,5;0,799478997014097;1996-08-31 15:29:25+00:00;2017-05-08 02:35:34+00:00;4;periodo_1950_1969;avaliacao_media;popularidade_media;genero_animacao|genero_infantil|genero_fantasia|genero_musical
1027;Robin Hood: Prince of Thieves (1991);Adventure|Drama;1991;28;3,017857142857143;3,0;0,8658344600264604;1996-08-27 13:18:54+00:00;2017-10-19 18:24:08+00:00;2;periodo_1990_1999;avaliacao_media;popularidade_media;genero_aventura|genero_drama
1028;Mary Poppins (1964);Children|Comedy|Fantasy|Musical;1964;71;3,887323943661972;4,0;0,858558522419125;1996-09-16 16:45:09+00:00;2018-09-01 18:34:27+00:00;4;periodo_1950_1969;avaliacao_media;popularidade_alta;genero_infantil|genero_comedia|genero_fantasia|genero_musical
1029;Dumbo (1941);Animation|Children|Drama|Musical;1941;35;3,3857142857142857;3,5;0,8918397564924453;1996-09-16 16:44:39+00:00;2017-05-14 23:16:18+00:00;4;periodo_antes_1950;avaliacao_media;popularidade_media;genero_animacao|genero_infantil|genero_drama|genero_musical
1030;Pete's Dragon (1977);Adventure|Animation|Children|Musical;1977;15;2,7666666666666666;3,0;0,7286647932708024;1999-11-03 14:52:26+00:00;2015-06-29 00:06:18+00:00;4;periodo_1970_1989;avaliacao_baixa;popularidade_media;genero_aventura|genero_animacao|genero_infantil|genero_musical
1031;Bedknobs and Broomsticks (1971);Adventure|Children|Musical;1971;24;3,4791666666666665;3,25;0,9943226519756473;1996-09-16 16:46:44+00:00;2018-02-22 21:54:46+00:00;3;periodo_1970_1989;avaliacao_media;popularidade_media;genero_aventura|genero_infantil|genero_musical
1032;Alice in Wonderland (1951);Adventure|Animation|Children|Fantasy|Musical;1951;40;3,375;3,5;0,9590994707911139;1996-08-27 13:20:33+00:00;2018-02-15 02:27:52+00:00;5;periodo_1950_1969;avaliacao_media;popularidade_media;genero_aventura|genero_animacao|genero_infantil|genero_fantasia|genero_musical
1033;Fox and the Hound, The (1981);Animation|Children|Drama;1981;20;3,575;3,5;0,6544382886752658;1996-08-27 13:21:44+00:00;2017-05-14 23:28:01+00:00;3;periodo_1970_1989;avaliacao_media;popularidade_media;genero_animacao|genero_infantil|genero_drama
1034;Freeway (1996);Comedy|Crime|Drama|Thriller;1996;5;3,1;2,5;1,6355427233796125;1997-02-19 12:14:11+00:00;2018-02-21 00:42:35+00:00;4;periodo_1990_1999;avaliacao_media;popularidade_baixa;genero_comedia|genero_crime|genero_drama|genero_suspense
1035;Sound of Music, The (1965);Musical|Romance;1965;64;3,9375;4,0;1,0293317295817757;1996-09-16 16:58:15+00:00;2018-09-01 18:31:56+00:00;2;periodo_1950_1969;avaliacao_media;popularidade_alta;genero_musical|genero_romance
1036;Die Hard (1988);Action|Crime|Thriller;1988;145;3,8620689655172415;4,0;0,9118867014721941;1996-09-16 16:42:41+00:00;2018-09-01 18:41:18+00:00;3;periodo_1970_1989;avaliacao_media;popularidade_alta;genero_acao|genero_crime|genero_suspense
1037;Lawnmower Man, The (1992);Action|Horror|Sci-Fi|Thriller;1992;24;2,7708333333333335;3,0;0,9438492725405695;1998-07-19 19:25:28+00:00;2017-05-14 23:20:15+00:00;4;periodo_1990_1999;avaliacao_baixa;popularidade_media;genero_acao|genero_terror|genero_ficcao_cientifica|genero_suspense
1041;Secrets & Lies (1996);Drama;1996;11;4,590909090909091;5,0;0,49082490860702144;1997-02-19 12:11:08+00:00;2008-04-06 16:27:27+00:00;1;periodo_1990_1999;avaliacao_alta;popularidade_media;genero_drama
1042;That Thing You Do! (1996);Comedy|Drama;1996;42;3,2738095238095237;3,0;0,9052851656393122;1996-10-17 12:47:42+00:00;2018-02-20 15:09:28+00:00;2;periodo_1990_1999;avaliacao_media;popularidade_media;genero_comedia|genero_drama
1043;To Gillian on Her 37th Birthday (1996);Drama|Romance;1996;5;2,4;2,0;0,5477225575051661;1997-04-23 16:36:10+00:00;2002-10-23 23:24:19+00:00;2;periodo_1990_1999;avaliacao_baixa;popularidade_baixa;genero_drama|genero_romance
1047;Long Kiss Goodnight, The (1996);Action|Drama|Thriller;1996;33;3,3181818181818183;3,0;0,8274412915180696;1996-12-15 22:26:16+00:00;2017-06-26 22:29:10+00:00;3;periodo_1990_1999;avaliacao_media;popularidade_media;genero_acao|genero_drama|genero_suspense
1049;Ghost and the Darkness, The (1996);Action|Adventure;1996;21;3,4761904761904763;3,5;1,0182852065628578;1996-10-17 12:51:34+00:00;2018-01-05 17:03:27+00:00;2;periodo_1990_1999;avaliacao_media;popularidade_media;genero_acao|genero_aventura
1050;Looking for Richard (1996);Documentary|Drama;1996;5;3,9;4,0;0,22360679774997894;2000-03-31 05:54:43+00:00;2017-06-26 17:45:11+00:00;2;periodo_1990_1999;avaliacao_media;popularidade_baixa;genero_documentario|genero_drama
1056;Jude (1996);Drama;1996;7;3,0714285714285716;3,0;0,7319250547113999;1996-11-05 19:11:20+00:00;2008-08-02 11:12:00+00:00;1;periodo_1990_1999;avaliacao_media;popularidade_baixa;genero_drama
1057;Everyone Says I Love You (1996);Comedy|Musical|Romance;1996;15;3,466666666666667;3,0;0,8755950357709134;1996-12-13 08:46:50+00:00;2018-02-20 17:16:05+00:00;3;periodo_1990_1999;avaliacao_media;popularidade_media;genero_comedia|genero_musical|genero_romance
1059;William Shakespeare's Romeo + Juliet (1996);Drama|Romance;1996;36;3,7222222222222223;3,75;0,921523927636363;1996-11-05 19:10:54+00:00;2018-06-18 15:09:27+00:00;2;periodo_1990_1999;avaliacao_media;popularidade_media;genero_drama|genero_romance
1060;Swingers (1996);Comedy|Drama;1996;36;3,6944444444444446;4,0;1,0972548719273267;1997-02-19 12:12:28+00:00;2018-02-14 20:40:33+00:00;2;periodo_1990_1999;avaliacao_media;popularidade_media;genero_comedia|genero_drama
1061;Sleepers (1996);Thriller;1996;29;3,6724137931034484;3,5;0,8267390984741272;1996-10-17 12:54:20+00:00;2013-05-18 15:25:40+00:00;1;periodo_1990_1999;avaliacao_media;popularidade_media;genero_suspense
1064;Aladdin and the King of Thieves (1996);Animation|Children|Comedy|Fantasy|Musical|Romance;1996;13;3,1538461538461537;3,5;1,125178048588596;1996-10-17 12:49:39+00:00;2017-05-08 02:47:03+00:00;6;periodo_1990_1999;avaliacao_media;popularidade_media;genero_animacao|genero_infantil|genero_comedia|genero_fantasia|genero_musical|genero_romance
1073;Willy Wonka & the Chocolate Factory (1971);Children|Comedy|Fantasy|Musical;1971;119;3,8739495798319328;4,0;0,9210773155197541;1996-10-08 17:18:50+00:00;2018-06-25 04:56:21+00:00;4;periodo_1970_1989;avaliacao_media;popularidade_alta;genero_infantil|genero_comedia|genero_fantasia|genero_musical
1077;Sleeper (1973);Comedy|Sci-Fi;1973;28;3,75;4,0;0,7136240321480627;1997-03-19 11:53:59+00:00;2018-02-20 14:33:41+00:00;2;periodo_1970_1989;avaliacao_media;popularidade_media;genero_comedia|genero_ficcao_cientifica
1078;Bananas (1971);Comedy|War;1971;11;3,409090909090909;3,0;1,0202495238465397;1999-11-03 14:45:14+00:00;2008-01-21 20:51:26+00:00;2;periodo_1970_1989;avaliacao_media;popularidade_media;genero_comedia|genero_guerra
1079;Fish Called Wanda, A (1988);Comedy|Crime;1988;71;3,9225352112676055;4,0;0,9359788128094402;1996-09-16 16:44:16+00:00;2018-09-09 01:27:28+00:00;2;periodo_1970_1989;avaliacao_media;popularidade_alta;genero_comedia|genero_crime
1080;Monty Python's Life of Brian (1979);Comedy;1979;89;3,9269662921348316;4,0;1,0701278645928909;1996-09-16 16:45:41+00:00;2018-05-31 19:47:08+00:00;1;periodo_1970_1989;avaliacao_media;popularidade_alta;genero_comedia
1081;Victor/Victoria (1982);Comedy|Musical|Romance;1982;12;3,5416666666666665;4,0;0,9643257968260739;1996-09-16 16:49:01+00:00;2018-02-21 17:57:49+00:00;3;periodo_1970_1989;avaliacao_media;popularidade_media;genero_comedia|genero_musical|genero_romance
1082;Candidate, The (1972);Drama;1972;6;3,5833333333333335;3,75;0,4915960401250875;1996-10-16 13:10:20+00:00;2004-10-18 13:00:29+00:00;1;periodo_1970_1989;avaliacao_media;popularidade_baixa;genero_drama
1083;Great Race, The (1965);Comedy|Musical;1965;6;3,3333333333333335;3,5;0,816496580927726;2000-08-01 17:05:52+00:00;2003-07-28 21:27:15+00:00;2;periodo_1950_1969;avaliacao_media;popularidade_baixa;genero_comedia|genero_musical
1084;Bonnie and Clyde (1967);Crime|Drama;1967;35;4,071428571428571;4,0;0,6981367759853319;1996-10-16 13:22:08+00:00;2017-06-26 18:24:31+00:00;2;periodo_1950_1969;avaliacao_alta;popularidade_media;genero_crime|genero_drama
1086;Dial M for Murder (1954);Crime|Mystery|Thriller;1954;25;4,1;4,0;0,5400617248673217;1997-02-23 22:34:30+00:00;2018-02-09 17:25:05+00:00;3;periodo_1950_1969;avaliacao_alta;popularidade_media;genero_crime|genero_misterio|genero_suspense
1088;Dirty Dancing (1987);Drama|Musical|Romance;1987;42;3,369047619047619;3,5;0,994248851226354;1997-04-07 07:36:08+00:00;2018-01-17 01:52:47+00:00;3;periodo_1970_1989;avaliacao_media;popularidade_media;genero_drama|genero_musical|genero_romance
1089;Reservoir Dogs (1992);Crime|Mystery|Thriller;1992;131;4,202290076335878;4,0;0,7888127055513403;1997-06-21 15:10:20+00:00;2018-09-14 03:09:25+00:00;3;periodo_1990_1999;avaliacao_alta;popularidade_alta;genero_crime|genero_misterio|genero_suspense
1090;Platoon (1986);Drama|War;1986;63;3,984126984126984;4,0;0,9374306596647389;1997-03-19 11:50:39+00:00;2018-08-11 00:54:18+00:00;2;periodo_1970_1989;avaliacao_media;popularidade_alta;genero_drama|genero_guerra
1091;Weekend at Bernie's (1989);Comedy;1989;21;2,5476190476190474;3,0;1,0712698295103096;1997-04-07 07:42:14+00:00;2017-06-26 19:23:43+00:00;1;periodo_1970_1989;avaliacao_baixa;popularidade_media;genero_comedia
1092;Basic Instinct (1992);Crime|Mystery|Thriller;1992;47;3,1914893617021276;3,0;0,8112871649513513;1997-02-15 22:30:11+00:00;2016-07-27 21:17:17+00:00;3;periodo_1990_1999;avaliacao_media;popularidade_media;genero_crime|genero_misterio|genero_suspense
1093;Doors, The (1991);Drama;1991;37;3,4054054054054053;3,5;0,9918965968581901;1997-03-30 11:37:54+00:00;2017-06-26 22:57:16+00:00;1;periodo_1990_1999;avaliacao_media;popularidade_media;genero_drama
1094;Crying Game, The (1992);Drama|Romance|Thriller;1992;42;3,4404761904761907;4,0;1,001233269720343;1997-03-19 11:55:16+00:00;2018-02-20 14:57:08+00:00;3;periodo_1990_1999;avaliacao_media;popularidade_media;genero_drama|genero_romance|genero_suspense
1095;Glengarry Glen Ross (1992);Drama;1992;15;3,6666666666666665;4,0;0,9759000729485332;1997-03-30 11:33:30+00:00;2017-08-16 19:21:32+00:00;1;periodo_1990_1999;avaliacao_media;popularidade_media;genero_drama
1096;Sophie's Choice (1982);Drama;1982;10;4,05;4,25;0,9846036991827954;1997-03-19 11:54:39+00:00;2015-06-29 00:01:51+00:00;1;periodo_1970_1989;avaliacao_alta;popularidade_media;genero_drama
1097;E.T. the Extra-Terrestrial (1982);Children|Drama|Sci-Fi;1982;122;3,7663934426229506;4,0;1,0702290367164524;1996-12-26 14:03:36+00:00;2018-09-01 18:40:43+00:00;3;periodo_1970_1989;avaliacao_media;popularidade_alta;genero_infantil|genero_drama|genero_ficcao_cientifica
1100;Days of Thunder (1990);Action|Drama|Romance;1990;19;2,710526315789474;3,0;1,17042002756945;1998-03-29 12:14:03+00:00;2017-06-26 21:55:46+00:00;3;periodo_1990_1999;avaliacao_baixa;popularidade_media;genero_acao|genero_drama|genero_romance
1101;Top Gun (1986);Action|Romance;1986;83;3,3012048192771086;3,5;1,1096576022011624;1996-12-26 14:03:36+00:00;2018-08-11 02:21:51+00:00;2;periodo_1970_1989;avaliacao_media;popularidade_alta;genero_acao|genero_romance
1103;Rebel Without a Cause (1955);Drama;1955;15;4,1;4,0;0,7837638128197258;1997-02-23 22:32:03+00:00;2018-02-20 09:47:10+00:00;1;periodo_1950_1969;avaliacao_alta;popularidade_media;genero_drama
1104;Streetcar Named Desire, A (1951);Drama;1951;20;4,475;4,75;0,6584471365105534;1997-02-23 22:31:22+00:00;2017-06-27 01:29:19+00:00;1;periodo_1950_1969;avaliacao_alta;popularidade_media;genero_drama
1120;People vs. Larry Flynt, The (1996);Comedy|Drama;1996;27;3,537037037037037;3,5;0,5357583756107198;1997-03-30 11:43:52+00:00;2017-06-26 18:21:33+00:00;2;periodo_1990_1999;avaliacao_media;popularidade_media;genero_comedia|genero_drama
1124;On Golden Pond (1981);Drama;1981;13;3,6538461538461537;4,0;1,26465765104987;1997-03-19 11:58:18+00:00;2018-08-12 22:46:47+00:00;1;periodo_1970_1989;avaliacao_media;popularidade_media;genero_drama
1125;Return of the Pink Panther, The (1975);Comedy|Crime;1975;24;3,6875;4,0;0,8445799058652202;1999-10-17 15:26:03+00:00;2017-05-14 23:23:15+00:00;2;periodo_1970_1989;avaliacao_media;popularidade_media;genero_comedia|genero_crime
1126;Drop Dead Fred (1991);Comedy|Fantasy;1991;6;2,8333333333333335;2,0;1,2909944487358056;2000-04-17 04:22:52+00:00;2018-02-21 03:18:48+00:00;2;periodo_1990_1999;avaliacao_baixa;popularidade_baixa;genero_comedia|genero_fantasia
1127;Abyss, The (1989);Action|Adventure|Sci-Fi|Thriller;1989;62;3,475806451612903;3,5;0,9251823894390695;1997-05-30 20:45:12+00:00;2018-08-11 02:15:49+00:00;4;periodo_1970_1989;avaliacao_media;popularidade_alta;genero_acao|genero_aventura|genero_ficcao_cientifica|genero_suspense
1128;Fog, The (1980);Horror;1980;5;2,5;2,0;1,224744871391589;2000-03-24 19:22:20+00:00;2018-08-10 04:17:47+00:00;1;periodo_1970_1989;avaliacao_baixa;popularidade_baixa;genero_terror
1129;Escape from New York (1981);Action|Adventure|Sci-Fi|Thriller;1981;39;3,448717948717949;3,5;0,9651484191486588;1997-09-16 13:25:38+00:00;2017-06-27 04:58:48+00:00;4;periodo_1970_1989;avaliacao_media;popularidade_media;genero_acao|genero_aventura|genero_ficcao_cientifica|genero_suspense
1130;Howling, The (1980);Horror|Mystery;1980;5;2,9;3,0;0,8944271909999159;2000-01-30 19:42:10+00:00;2018-08-10 04:17:00+00:00;2;periodo_1970_1989;avaliacao_baixa;popularidade_baixa;genero_terror|genero_misterio
1131;Jean de Florette (1986);Drama|Mystery;1986;11;4,090909090909091;4,0;0,6640098575390961;1997-03-19 12:00:02+00:00;2012-01-15 07:07:00+00:00;2;periodo_1970_1989;avaliacao_alta;popularidade_media;genero_drama|genero_misterio
1132;Manon of the Spring (Manon des sources) (1986);Drama;1986;8;4,0625;4,0;0,4172614801981402;1997-03-19 12:03:03+00:00;2008-12-20 19:52:11+00:00;1;periodo_1970_1989;avaliacao_alta;popularidade_baixa;genero_drama
1135;Private Benjamin (1980);Comedy;1980;13;3,1153846153846154;3,0;0,5828752780343234;1997-04-07 07:36:21+00:00;2017-04-02 00:54:54+00:00;1;periodo_1970_1989;avaliacao_media;popularidade_media;genero_comedia
1136;Monty Python and the Holy Grail (1975);Adventure|Comedy|Fantasy;1975;136;4,161764705882353;4,25;0,9065244025257829;1996-12-13 08:56:48+00:00;2018-09-18 01:49:08+00:00;3;periodo_1970_1989;avaliacao_alta;popularidade_alta;genero_aventura|genero_comedia|genero_fantasia
1147;When We Were Kings (1996);Documentary;1996;10;3,9;4,0;0,9067647005823628;1999-10-05 09:14:28+00:00;2014-10-12 12:41:43+00:00;1;periodo_1990_1999;avaliacao_media;popularidade_media;genero_documentario
1148;Wallace & Gromit: The Wrong Trousers (1993);Animation|Children|Comedy|Crime;1993;56;4,035714285714286;4,0;1,030697658063538;1997-06-21 15:10:59+00:00;2018-03-07 07:37:50+00:00;4;periodo_1990_1999;avaliacao_alta;popularidade_alta;genero_animacao|genero_infantil|genero_comedia|genero_crime
1171;Bob Roberts (1992);Comedy;1992;17;3,3529411764705883;3,0;0,701888209634219;1997-03-30 11:36:06+00:00;2017-06-27 00:30:15+00:00;1;periodo_1990_1999;avaliacao_media;popularidade_media;genero_comedia
1172;Cinema Paradiso (Nuovo cinema Paradiso) (1989);Drama;1989;34;4,161764705882353;4,0;1,0277998584450223;1997-03-19 11:53:59+00:00;2016-03-22 08:51:18+00:00;1;periodo_1970_1989;avaliacao_alta;popularidade_media;genero_drama
1173;Cook the Thief His Wife & Her Lover, The (1989);Comedy|Drama;1989;11;3,1363636363636362;3,5;1,1421669994118435;1997-02-15 22:04:48+00:00;2015-02-17 09:18:07+00:00;2;periodo_1970_1989;avaliacao_media;popularidade_media;genero_comedia|genero_drama
1175;Delicatessen (1991);Comedy|Drama|Romance;1991;21;3,8333333333333335;4,0;0,8563488385776752;2000-10-09 17:52:05+00:00;2015-12-10 14:24:35+00:00;3;periodo_1990_1999;avaliacao_media;popularidade_media;genero_comedia|genero_drama|genero_romance
1177;Enchanted April (1992);Drama|Romance;1992;6;4,0;4,0;0,6324555320336759;1997-03-19 12:03:19+00:00;2001-01-11 02:34:36+00:00;2;periodo_1990_1999;avaliacao_alta;popularidade_baixa;genero_drama|genero_romance
1178;Paths of Glory (1957);Drama|War;1957;12;4,541666666666667;4,75;0,5418123347254158;1999-10-20 00:47:04+00:00;2018-02-19 08:34:52+00:00;2;periodo_1950_1969;avaliacao_alta;popularidade_media;genero_drama|genero_guerra
1179;Grifters, The (1990);Crime|Drama|Film-Noir;1990;27;3,6296296296296298;4,0;1,0246255656860948;1997-04-07 07:15:52+00:00;2018-08-10 23:52:51+00:00;3;periodo_1990_1999;avaliacao_media;popularidade_media;genero_crime|genero_drama|genero_film_noir
1183;English Patient, The (1996);Drama|Romance|War;1996;45;3,7111111111111112;4,0;0,9622941863121178;1997-01-04 18:59:59+00:00;2017-06-26 17:52:39+00:00;3;periodo_1990_1999;avaliacao_media;popularidade_media;genero_drama|genero_romance|genero_guerra
1184;Mediterraneo (1991);Comedy|Drama;1991;7;3,9285714285714284;4,0;0,7319250547113998;1997-04-07 07:17:58+00:00;2007-02-12 23:39:37+00:00;2;periodo_1990_1999;avaliacao_media;popularidade_baixa;genero_comedia|genero_drama
1185;My Left Foot (1989);Drama;1989;10;3,95;4,0;0,7619419633774976;1997-03-19 11:57:21+00:00;2018-02-20 14:24:45+00:00;1;periodo_1970_1989;avaliacao_media;popularidade_media;genero_drama
1186;Sex, Lies, and Videotape (1989);Drama;1989;23;3,5869565217391304;4,0;1,2215133489487862;1997-04-07 07:14:17+00:00;2017-06-27 00:47:36+00:00;1;periodo_1970_1989;avaliacao_media;popularidade_media;genero_drama
1187;Passion Fish (1992);Drama;1992;5;3,6;4,0;1,140175425099138;1997-04-07 07:19:04+00:00;2004-11-30 13:49:07+00:00;1;periodo_1990_1999;avaliacao_media;popularidade_baixa;genero_drama
1188;Strictly Ballroom (1992);Comedy|Romance;1992;22;3,659090909090909;4,0;1,2572301720956691;1997-09-16 13:18:22+00:00;2015-06-28 23:44:39+00:00;2;periodo_1990_1999;avaliacao_media;popularidade_media;genero_comedia|genero_romance
1189;Thin Blue Line, The (1988);Documentary;1988;11;4,0;4,0;0,5477225575051661;1997-04-07 07:16:34+00:00;2018-02-20 10:47:06+00:00;1;periodo_1970_1989;avaliacao_alta;popularidade_media;genero_documentario
1190;Tie Me Up! Tie Me Down! (¡Átame!) (1990);Crime|Drama|Romance;1990;6;3,1666666666666665;3,0;0,752772652709081;1997-04-07 07:17:40+00:00;2007-04-03 21:54:09+00:00;3;periodo_1990_1999;avaliacao_media;popularidade_baixa;genero_crime|genero_drama|genero_romance
1191;Madonna: Truth or Dare (1991);Documentary|Musical;1991;6;3,5;3,5;1,0488088481701516;1997-04-07 07:21:09+00:00;2002-12-09 00:56:21+00:00;2;periodo_1990_1999;avaliacao_media;popularidade_baixa;genero_documentario|genero_musical
1192;Paris Is Burning (1990);Documentary;1990;5;4,5;4,5;0,49999999999999994;2000-03-31 05:54:30+00:00;2018-09-01 19:03:46+00:00;1;periodo_1990_1999;avaliacao_alta;popularidade_baixa;genero_documentario
1193;One Flew Over the Cuckoo's Nest (1975);Drama;1975;133;4,203007518796992;4,0;0,7588807397844317;1996-12-26 14:14:25+00:00;2018-08-11 00:51:11+00:00;1;periodo_1970_1989;avaliacao_alta;popularidade_alta;genero_drama
1194;Cheech and Chong's Up in Smoke (1978);Comedy;1978;11;3,590909090909091;4,0;1,28097973868016;1997-04-07 07:39:24+00:00;2013-09-06 17:39:38+00:00;1;periodo_1970_1989;avaliacao_media;popularidade_media;genero_comedia
1196;Star Wars: Episode V - The Empire Strikes Back (1980);Action|Adventure|Sci-Fi;1980;211;4,2156398104265405;4,5;0,8421581929938285;1996-12-13 08:56:48+00:00;2018-08-30 11:05:33+00:00;3;periodo_1970_1989;avaliacao_alta;popularidade_alta;genero_acao|genero_aventura|genero_ficcao_cientifica
1197;Princess Bride, The (1987);Action|Adventure|Comedy|Fantasy|Romance;1987;142;4,232394366197183;4,5;0,8135858196438052;1996-12-13 08:56:48+00:00;2018-08-30 11:06:02+00:00;5;periodo_1970_1989;avaliacao_alta;popularidade_alta;genero_acao|genero_aventura|genero_comedia|genero_fantasia|genero_romance
1198;Raiders of the Lost Ark (Indiana Jones and the Raiders of the Lost Ark) (1981);Action|Adventure;1981;200;4,2075;4,0;0,7945756745034187;1996-12-13 08:56:48+00:00;2018-08-30 11:08:38+00:00;2;periodo_1970_1989;avaliacao_alta;popularidade_alta;genero_acao|genero_aventura
1199;Brazil (1985);Fantasy|Sci-Fi;1985;59;4,177966101694915;4,0;0,839554027057422;1997-05-30 20:59:18+00:00;2018-06-01 10:15:04+00:00;2;periodo_1970_1989;avaliacao_alta;popularidade_alta;genero_fantasia|genero_ficcao_cientifica
1200;Aliens (1986);Action|Adventure|Horror|Sci-Fi;1986;126;3,9642857142857144;4,0;1,0103040560713819;1996-12-13 08:56:48+00:00;2018-08-31 10:01:07+00:00;4;periodo_1970_1989;avaliacao_media;popularidade_alta;genero_acao|genero_aventura|genero_terror|genero_ficcao_cientifica
1201;Good, the Bad and the Ugly, The (Buono, il brutto, il cattivo, Il) (1966);Action|Adventure|Western;1966;72;4,145833333333333;4,0;0,8657712510559181;1996-12-26 14:14:25+00:00;2018-09-13 20:20:06+00:00;3;periodo_1950_1969;avaliacao_alta;popularidade_alta;genero_acao|genero_aventura|genero_faroeste
1202;Withnail & I (1987);Comedy;1987;7;3,857142857142857;4,0;0,6267831705280087;2000-03-24 20:06:01+00:00;2017-08-07 19:04:54+00:00;1;periodo_1970_1989;avaliacao_media;popularidade_baixa;genero_comedia
1203;12 Angry Men (1957);Drama;1957;57;4,149122807017544;4,0;1,0131497574779822;1997-03-19 11:57:21+00:00;2018-06-28 01:13:56+00:00;1;periodo_1950_1969;avaliacao_alta;popularidade_alta;genero_drama
1204;Lawrence of Arabia (1962);Adventure|Drama|War;1962;45;4,3;4,5;0,8353007079652649;1997-03-30 11:31:03+00:00;2018-05-14 20:27:25+00:00;3;periodo_1950_1969;avaliacao_alta;popularidade_media;genero_aventura|genero_drama|genero_guerra
1206;Clockwork Orange, A (1971);Crime|Drama|Sci-Fi|Thriller;1971;120;3,995833333333333;4,0;1,0114799734521085;1997-03-30 11:39:19+00:00;2018-07-03 17:51:03+00:00;4;periodo_1970_1989;avaliacao_media;popularidade_alta;genero_crime|genero_drama|genero_ficcao_cientifica|genero_suspense
1207;To Kill a Mockingbird (1962);Drama;1962;58;4,120689655172414;4,0;0,8650643664703344;1997-03-19 11:56:05+00:00;2018-08-11 00:53:41+00:00;1;periodo_1950_1969;avaliacao_alta;popularidade_alta;genero_drama
1208;Apocalypse Now (1979);Action|Drama|War;1979;107;4,219626168224299;4,5;0,8332069498003221;1996-12-26 14:16:28+00:00;2018-07-03 17:51:37+00:00;3;periodo_1970_1989;avaliacao_alta;popularidade_alta;genero_acao|genero_drama|genero_guerra
1209;Once Upon a Time in the West (C'era una volta il West) (1968);Action|Drama|Western;1968;18;4,305555555555555;4,5;0,7304086062103484;2000-01-10 00:06:51+00:00;2018-07-21 23:07:13+00:00;3;periodo_1950_1969;avaliacao_alta;popularidade_media;genero_acao|genero_drama|genero_faroeste
1210;Star Wars: Episode VI - Return of the Jedi (1983);Action|Adventure|Sci-Fi;1983;196;4,137755102040816;4,0;0,8661160348771241;1996-12-26 14:08:55+00:00;2018-08-30 11:05:54+00:00;3;periodo_1970_1989;avaliacao_alta;popularidade_alta;genero_acao|genero_aventura|genero_ficcao_cientifica
1211;Wings of Desire (Himmel über Berlin, Der) (1987);Drama|Fantasy|Romance;1987;13;3,8846153846153846;4,0;1,1208970766356101;1997-05-30 20:40:13+00:00;2015-11-15 11:27:24+00:00;3;periodo_1970_1989;avaliacao_media;popularidade_media;genero_drama|genero_fantasia|genero_romance
1212;Third Man, The (1949);Film-Noir|Mystery|Thriller;1949;24;4,229166666666667;4,5;0,977787727771069;1999-10-19 19:46:49+00:00;2018-07-03 18:51:55+00:00;3;periodo_antes_1950;avaliacao_alta;popularidade_media;genero_film_noir|genero_misterio|genero_suspense
1213;Goodfellas (1990);Crime|Drama;1990;126;4,25;4,0;0,6833739825307954;1997-03-19 11:54:21+00:00;2018-09-18 01:49:11+00:00;2;periodo_1990_1999;avaliacao_alta;popularidade_alta;genero_crime|genero_drama
1214;Alien (1979);Horror|Sci-Fi;1979;146;3,969178082191781;4,0;0,9436221532308472;1996-12-13 08:57:05+00:00;2018-08-31 10:00:56+00:00;2;periodo_1970_1989;avaliacao_media;popularidade_alta;genero_terror|genero_ficcao_cientifica
1215;Army of Darkness (1993);Action|Adventure|Comedy|Fantasy|Horror;1993;51;4,03921568627451;4,0;0,8651192822663357;1996-11-27 10:10:01+00:00;2018-08-26 10:50:44+00:00;5;periodo_1990_1999;avaliacao_alta;popularidade_alta;genero_acao|genero_aventura|genero_comedia|genero_fantasia|genero_terror
1216;Big Blue, The (Grand bleu, Le) (1988);Adventure|Drama|Romance;1988;11;3,4545454545454546;3,0;0,8201995322647244;2000-04-17 03:25:25+00:00;2017-06-27 00:01:02+00:00;3;periodo_1970_1989;avaliacao_media;popularidade_media;genero_aventura|genero_drama|genero_romance
1217;Ran (1985);Drama|War;1985;15;4,433333333333334;4,0;0,5627314338711379;1997-03-19 12:03:43+00:00;2009-08-15 11:29:52+00:00;2;periodo_1970_1989;avaliacao_alta;popularidade_media;genero_drama|genero_guerra
1218;Killer, The (Die xue shuang xiong) (1989);Action|Crime|Drama|Thriller;1989;11;4,0;4,0;1,161895003862225;2000-03-24 19:53:10+00:00;2017-06-30 04:40:31+00:00;4;periodo_1970_1989;avaliacao_alta;popularidade_media;genero_acao|genero_crime|genero_drama|genero_suspense
1219;Psycho (1960);Crime|Horror;1960;83;4,036144578313253;4,0;0,8546256223937793;1996-11-27 10:09:09+00:00;2018-07-24 18:50:04+00:00;2;periodo_1950_1969;avaliacao_alta;popularidade_alta;genero_crime|genero_terror
1220;Blues Brothers, The (1980);Action|Comedy|Musical;1980;84;3,8095238095238093;4,0;0,9114557464515378;1996-12-26 14:15:41+00:00;2018-04-08 19:49:00+00:00;3;periodo_1970_1989;avaliacao_media;popularidade_alta;genero_acao|genero_comedia|genero_musical
1221;Godfather: Part II, The (1974);Crime|Drama;1974;129;4,25968992248062;4,5;0,8030721655622084;1997-01-28 17:43:16+00:00;2018-08-31 10:02:23+00:00;2;periodo_1970_1989;avaliacao_alta;popularidade_alta;genero_crime|genero_drama
1222;Full Metal Jacket (1987);Drama|War;1987;102;4,098039215686274;4,0;0,8145922131314713;1997-05-30 20:56:12+00:00;2018-07-03 17:52:01+00:00;2;periodo_1970_1989;avaliacao_alta;popularidade_alta;genero_drama|genero_guerra
1223;Grand Day Out with Wallace and Gromit, A (1989);Adventure|Animation|Children|Comedy|Sci-Fi;1989;28;4,089285714285714;4,25;1,0891176468486996;1999-10-20 01:51:50+00:00;2018-03-07 07:38:44+00:00;5;periodo_1970_1989;avaliacao_alta;popularidade_media;genero_aventura|genero_animacao|genero_infantil|genero_comedia|genero_ficcao_cientifica
1224;Henry V (1989);Action|Drama|Romance|War;1989;19;4,0;4,0;0,8164965809277261;1997-02-23 22:35:38+00:00;2017-06-26 18:16:11+00:00;4;periodo_1970_1989;avaliacao_alta;popularidade_media;genero_acao|genero_drama|genero_romance|genero_guerra
1225;Amadeus (1984);Drama;1984;76;4,184210526315789;4,0;0,7520731580688936;1996-12-26 14:13:43+00:00;2018-06-18 15:06:27+00:00;1;periodo_1970_1989;avaliacao_alta;popularidade_alta;genero_drama
1226;Quiet Man, The (1952);Drama|Romance;1952;6;3,5;3,5;1,0488088481701514;2000-07-30 19:00:18+00:00;2018-02-20 15:12:08+00:00;2;periodo_1950_1969;avaliacao_media;popularidade_baixa;genero_drama|genero_romance
1227;Once Upon a Time in America (1984);Crime|Drama;1984;16;4,0625;4,0;0,75;1997-04-07 07:16:22+00:00;2017-01-22 15:08:45+00:00;2;periodo_1970_1989;avaliacao_alta;popularidade_media;genero_crime|genero_drama
1228;Raging Bull (1980);Drama;1980;40;4,1875;4,0;0,7981348449787359;1997-03-19 11:56:26+00:00;2017-06-26 18:14:13+00:00;1;periodo_1970_1989;avaliacao_alta;popularidade_media;genero_drama
1230;Annie Hall (1977);Comedy|Romance;1977;58;3,8706896551724137;4,0;1,1103987936519648;1997-03-19 12:03:43+00:00;2018-05-23 20:48:25+00:00;2;periodo_1970_1989;avaliacao_media;popularidade_alta;genero_comedia|genero_romance
1231;Right Stuff, The (1983);Drama;1983;22;3,8636363636363638;4,0;1,0256451881367417;1996-12-13 08:57:48+00:00;2017-06-26 18:21:12+00:00;1;periodo_1970_1989;avaliacao_media;popularidade_media;genero_drama
1232;Stalker (1979);Drama|Mystery|Sci-Fi;1979;8;3,625;3,75;1,093813773650968;2001-01-24 03:36:19+00:00;2018-04-29 10:36:38+00:00;3;periodo_1970_1989;avaliacao_media;popularidade_baixa;genero_drama|genero_misterio|genero_ficcao_cientifica
1233;Boot, Das (Boat, The) (1981);Action|Drama|War;1981;40;4,2125;4,0;0,6783038801644539;1996-12-26 14:16:28+00:00;2017-06-30 04:40:53+00:00;3;periodo_1970_1989;avaliacao_alta;popularidade_media;genero_acao|genero_drama|genero_guerra
1234;Sting, The (1973);Comedy|Crime;1973;64;3,9765625;4,0;0,9488074699744756;1996-12-26 14:11:27+00:00;2018-08-11 00:52:13+00:00;2;periodo_1970_1989;avaliacao_media;popularidade_alta;genero_comedia|genero_crime
1235;Harold and Maude (1971);Comedy|Drama|Romance;1971;26;4,288461538461538;4,5;0,7095502367426414;1997-04-07 07:14:38+00:00;2017-11-24 16:28:20+00:00;3;periodo_1970_1989;avaliacao_alta;popularidade_media;genero_comedia|genero_drama|genero_romance
1237;Seventh Seal, The (Sjunde inseglet, Det) (1957);Drama;1957;18;4,222222222222222;4,0;0,7712141348743973;1998-03-09 18:33:22+00:00;2018-05-02 18:42:00+00:00;1;periodo_1950_1969;avaliacao_alta;popularidade_media;genero_drama
1238;Local Hero (1983);Comedy;1983;9;4,055555555555555;4,0;0,8079466429027216;1997-05-30 21:00:50+00:00;2013-06-01 23:27:29+00:00;1;periodo_1970_1989;avaliacao_alta;popularidade_baixa;genero_comedia
1240;Terminator, The (1984);Action|Sci-Fi|Thriller;1984;131;3,8969465648854964;4,0;0,8497003029392378;1996-12-13 08:56:48+00:00;2018-08-10 03:37:48+00:00;3;periodo_1970_1989;avaliacao_media;popularidade_alta;genero_acao|genero_ficcao_cientifica|genero_suspense
1241;Dead Alive (Braindead) (1992);Comedy|Fantasy|Horror;1992;10;4,05;4,5;1,2791055902899928;2000-05-08 04:24:38+00:00;2018-01-10 03:38:36+00:00;3;periodo_1990_1999;avaliacao_alta;popularidade_media;genero_comedia|genero_fantasia|genero_terror
1242;Glory (1989);Drama|War;1989;41;4,170731707317073;4,0;0,6577400331586275;1996-12-26 14:12:42+00:00;2017-06-26 17:44:58+00:00;2;periodo_1970_1989;avaliacao_alta;popularidade_media;genero_drama|genero_guerra
1243;Rosencrantz and Guildenstern Are Dead (1990);Comedy|Drama;1990;16;3,96875;4,0;1,1614466553971963;1997-09-16 13:27:23+00:00;2017-06-27 00:56:28+00:00;2;periodo_1990_1999;avaliacao_media;popularidade_media;genero_comedia|genero_drama
1244;Manhattan (1979);Comedy|Drama|Romance;1979;33;4,106060606060606;4,0;0,7578503290308195;1997-04-07 07:13:48+00:00;2017-06-26 17:42:47+00:00;3;periodo_1970_1989;avaliacao_alta;popularidade_media;genero_comedia|genero_drama|genero_romance
1245;Miller's Crossing (1990);Crime|Drama|Film-Noir|Thriller;1990;20;4,225;4,0;0,6972691091152079;1997-09-16 13:01:56+00:00;2017-08-17 20:15:47+00:00;4;periodo_1990_1999;avaliacao_alta;popularidade_media;genero_crime|genero_drama|genero_film_noir|genero_suspense
1246;Dead Poets Society (1989);Drama;1989;86;3,9593023255813953;4,0;0,9431334391243521;1996-12-13 08:57:48+00:00;2018-05-05 19:33:20+00:00;1;periodo_1970_1989;avaliacao_media;popularidade_alta;genero_drama
1247;Graduate, The (1967);Comedy|Drama|Romance;1967;79;4,063291139240507;4,0;0,9106460393715244;1997-03-19 11:59:39+00:00;2017-09-26 03:08:50+00:00;3;periodo_1950_1969;avaliacao_alta;popularidade_alta;genero_comedia|genero_drama|genero_romance
1248;Touch of Evil (1958);Crime|Film-Noir|Thriller;1958;17;4,264705882352941;4,5;0,709701677177274;1999-11-06 21:10:20+00:00;2017-06-26 18:14:05+00:00;3;periodo_1950_1969;avaliacao_alta;popularidade_media;genero_crime|genero_film_noir|genero_suspense
1249;Femme Nikita, La (Nikita) (1990);Action|Crime|Romance|Thriller;1990;35;4,071428571428571;4,0;0,6767445554101716;1997-09-16 13:17:45+00:00;2017-06-29 18:55:53+00:00;4;periodo_1990_1999;avaliacao_alta;popularidade_media;genero_acao|genero_crime|genero_romance|genero_suspense
1250;Bridge on the River Kwai, The (1957);Adventure|Drama|War;1957;45;4,122222222222222;4,5;1,11373427728702;1996-12-26 14:13:17+00:00;2017-04-02 00:57:10+00:00;3;periodo_1950_1969;avaliacao_alta;popularidade_media;genero_aventura|genero_drama|genero_guerra
1251;8 1/2 (8½) (1963);Drama|Fantasy;1963;14;4,071428571428571;4,25;0,7032108464077431;1999-10-14 16:43:41+00:00;2018-08-13 16:46:41+00:00;2;periodo_1950_1969;avaliacao_alta;popularidade_media;genero_drama|genero_fantasia
1252;Chinatown (1974);Crime|Film-Noir|Mystery|Thriller;1974;59;4,211864406779661;4,5;0,7779470653392173;1999-10-05 09:12:15+00:00;2018-07-03 17:00:24+00:00;4;periodo_1970_1989;avaliacao_alta;popularidade_alta;genero_crime|genero_film_noir|genero_misterio|genero_suspense
1253;Day the Earth Stood Still, The (1951);Drama|Sci-Fi|Thriller;1951;25;3,82;4,0;0,7483314773547882;1998-08-02 19:07:54+00:00;2018-02-20 11:11:46+00:00;3;periodo_1950_1969;avaliacao_media;popularidade_media;genero_drama|genero_ficcao_cientifica|genero_suspense
1254;Treasure of the Sierra Madre, The (1948);Action|Adventure|Drama|Western;1948;16;3,65625;4,0;1,0911576421397597;1996-12-26 14:16:08+00:00;2017-06-27 00:35:25+00:00;4;periodo_antes_1950;avaliacao_media;popularidade_media;genero_acao|genero_aventura|genero_drama|genero_faroeste
1255;Bad Taste (1987);Comedy|Horror|Sci-Fi;1987;6;3,0;3,0;1,1401754250991378;2003-01-21 19:08:58+00:00;2017-05-28 08:10:59+00:00;3;periodo_1970_1989;avaliacao_media;popularidade_baixa;genero_comedia|genero_terror|genero_ficcao_cientifica
1256;Duck Soup (1933);Comedy|Musical|War;1933;23;3,8043478260869565;4,0;1,145536103502145;2000-01-02 07:42:40+00:00;2018-03-07 07:39:07+00:00;3;periodo_antes_1950;avaliacao_media;popularidade_media;genero_comedia|genero_musical|genero_guerra
1257;Better Off Dead... (1985);Comedy|Romance;1985;27;3,685185185185185;4,0;0,9721916967124822;1997-09-16 13:11:56+00:00;2017-06-26 21:06:10+00:00;2;periodo_1970_1989;avaliacao_media;popularidade_media;genero_comedia|genero_romance
1258;Shining, The (1980);Horror;1980;109;4,08256880733945;4,0;0,7622874976136029;1996-11-27 10:09:09+00:00;2018-09-03 02:58:01+00:00;1;periodo_1970_1989;avaliacao_alta;popularidade_alta;genero_terror
1259;Stand by Me (1986);Adventure|Drama;1986;91;4,0054945054945055;4,0;0,7207037667543575;1997-03-19 11:56:05+00:00;2018-08-10 23:39:38+00:00;2;periodo_1970_1989;avaliacao_alta;popularidade_alta;genero_aventura|genero_drama
1260;M (1931);Crime|Film-Noir|Thriller;1931;15;3,7333333333333334;4,0;1,1474609652039003;2000-03-24 19:15:09+00:00;2018-05-02 18:27:26+00:00;3;periodo_antes_1950;avaliacao_media;popularidade_media;genero_crime|genero_film_noir|genero_suspense
1261;Evil Dead II (Dead by Dawn) (1987);Action|Comedy|Fantasy|Horror;1987;34;4,044117647058823;4,0;0,8106081429996409;1997-09-16 13:23:16+00:00;2018-06-01 10:15:18+00:00;4;periodo_1970_1989;avaliacao_alta;popularidade_media;genero_acao|genero_comedia|genero_fantasia|genero_terror
1262;Great Escape, The (1963);Action|Adventure|Drama|War;1963;43;4,127906976744186;4,0;0,8666645370107577;1999-10-14 17:04:21+00:00;2017-05-08 02:53:54+00:00;4;periodo_1950_1969;avaliacao_alta;popularidade_media;genero_acao|genero_aventura|genero_drama|genero_guerra
1263;Deer Hunter, The (1978);Drama|War;1978;43;3,8255813953488373;4,0;1,0958999396572953;1997-03-19 11:56:55+00:00;2018-07-03 18:31:09+00:00;2;periodo_1970_1989;avaliacao_media;popularidade_media;genero_drama|genero_guerra
1264;Diva (1981);Action|Drama|Mystery|Romance|Thriller;1981;5;3,8;4,0;0,447213595499958;1999-10-14 10:48:05+00:00;2002-12-09 01:39:38+00:00;5;periodo_1970_1989;avaliacao_media;popularidade_baixa;genero_acao|genero_drama|genero_misterio|genero_romance|genero_suspense
1265;Groundhog Day (1993);Comedy|Fantasy|Romance;1993;143;3,944055944055944;4,0;0,8498237081162134;1996-11-05 06:28:41+00:00;2018-09-10 22:28:54+00:00;3;periodo_1990_1999;avaliacao_media;popularidade_alta;genero_comedia|genero_fantasia|genero_romance
1266;Unforgiven (1992);Drama|Western;1992;45;4,111111111111111;4,0;0,7221250905934833;1996-12-26 14:15:11+00:00;2018-08-11 02:14:29+00:00;2;periodo_1990_1999;avaliacao_alta;popularidade_media;genero_drama|genero_faroeste
1267;Manchurian Candidate, The (1962);Crime|Thriller|War;1962;30;4,25;4,0;0,7740400060943122;1997-04-07 07:12:24+00:00;2013-09-10 22:05:08+00:00;3;periodo_1950_1969;avaliacao_alta;popularidade_media;genero_crime|genero_suspense|genero_guerra
1268;Pump Up the Volume (1990);Comedy|Drama;1990;9;3,611111111111111;4,0;0,7817359599705717;1997-03-30 11:37:20+00:00;2018-02-23 00:33:01+00:00;2;periodo_1990_1999;avaliacao_media;popularidade_baixa;genero_comedia|genero_drama
1269;Arsenic and Old Lace (1944);Comedy|Mystery|Thriller;1944;29;3,8793103448275863;4,0;0,9224886024634;1997-04-07 07:13:27+00:00;2018-03-07 07:38:23+00:00;3;periodo_antes_1950;avaliacao_media;popularidade_media;genero_comedia|genero_misterio|genero_suspense
1270;Back to the Future (1985);Adventure|Comedy|Sci-Fi;1985;171;4,038011695906433;4,0;0,8744844665374806;1996-12-13 08:57:48+00:00;2018-08-31 10:02:09+00:00;3;periodo_1970_1989;avaliacao_alta;popularidade_alta;genero_aventura|genero_comedia|genero_ficcao_cientifica
1271;Fried Green Tomatoes (1991);Comedy|Crime|Drama;1991;30;3,5;3,5;0,8094272134003795;1997-03-19 11:54:39+00:00;2018-05-05 19:43:04+00:00;3;periodo_1990_1999;avaliacao_media;popularidade_media;genero_comedia|genero_crime|genero_drama
1272;Patton (1970);Drama|War;1970;33;4,121212121212121;4,5;1,1991553214027302;1996-12-26 14:15:11+00:00;2017-07-21 02:41:23+00:00;2;periodo_1970_1989;avaliacao_alta;popularidade_media;genero_drama|genero_guerra
1273;Down by Law (1986);Comedy|Drama|Film-Noir;1986;11;4,045454545454546;4,0;0,7229988054812212;1999-10-17 17:58:23+00:00;2017-12-25 22:01:12+00:00;3;periodo_1970_1989;avaliacao_alta;popularidade_media;genero_comedia|genero_drama|genero_film_noir
1274;Akira (1988);Action|Adventure|Animation|Sci-Fi;1988;39;3,7435897435897436;4,0;1,2715086091135728;1997-09-16 13:11:23+00:00;2018-05-02 19:34:05+00:00;4;periodo_1970_1989;avaliacao_media;popularidade_media;genero_acao|genero_aventura|genero_animacao|genero_ficcao_cientifica
1275;Highlander (1986);Action|Adventure|Fantasy;1986;48;3,7291666666666665;4,0;1,0363516887114312;1996-12-26 14:15:29+00:00;2018-09-01 18:42:07+00:00;3;periodo_1970_1989;avaliacao_media;popularidade_media;genero_acao|genero_aventura|genero_fantasia
1276;Cool Hand Luke (1967);Drama;1967;57;4,271929824561403;4,0;0,6201250985443274;1997-03-19 12:02:32+00:00;2017-05-14 23:14:30+00:00;1;periodo_1950_1969;avaliacao_alta;popularidade_alta;genero_drama
1277;Cyrano de Bergerac (1990);Comedy|Drama|Romance;1990;12;4,125;4,0;0,6784005252999681;1999-10-21 22:14:43+00:00;2007-10-16 01:53:49+00:00;3;periodo_1990_1999;avaliacao_alta;popularidade_media;genero_comedia|genero_drama|genero_romance
1278;Young Frankenstein (1974);Comedy|Fantasy;1974;69;3,9927536231884058;4,0;0,8931633867689722;1996-12-13 08:57:05+00:00;2018-08-10 03:39:13+00:00;2;periodo_1970_1989;avaliacao_media;popularidade_alta;genero_comedia|genero_fantasia
1279;Night on Earth (1991);Comedy|Drama;1991;8;4,125;4,25;0,9543135154205276;2000-07-09 21:29:28+00:00;2016-11-19 08:34:19+00:00;2;periodo_1990_1999;avaliacao_alta;popularidade_baixa;genero_comedia|genero_drama
1280;Raise the Red Lantern (Da hong deng long gao gao gua) (1991);Drama;1991;9;4,333333333333333;4,0;0,6614378277661477;1997-03-19 11:58:18+00:00;2012-11-11 22:53:15+00:00;1;periodo_1990_1999;avaliacao_alta;popularidade_baixa;genero_drama
1281;Great Dictator, The (1940);Comedy|Drama|War;1940;15;4,133333333333334;4,0;0,6113996432854077;1997-05-30 20:59:50+00:00;2017-12-25 21:58:57+00:00;3;periodo_antes_1950;avaliacao_alta;popularidade_media;genero_comedia|genero_drama|genero_guerra
1282;Fantasia (1940);Animation|Children|Fantasy|Musical;1940;53;3,7830188679245285;4,0;1,0214499214082142;1996-12-13 08:58:05+00:00;2018-02-15 02:27:29+00:00;4;periodo_antes_1950;avaliacao_media;popularidade_alta;genero_animacao|genero_infantil|genero_fantasia|genero_musical
1283;High Noon (1952);Drama|Western;1952;19;4,2105263157894735;4,0;0,7512173356493558;1997-05-30 21:06:13+00:00;2017-06-26 06:08:08+00:00;2;periodo_1950_1969;avaliacao_alta;popularidade_media;genero_drama|genero_faroeste
1284;Big Sleep, The (1946);Crime|Film-Noir|Mystery;1946;14;4,142857142857143;4,25;0,9492622930986467;1998-06-28 11:34:02+00:00;2017-02-24 17:42:06+00:00;3;periodo_antes_1950;avaliacao_alta;popularidade_media;genero_crime|genero_film_noir|genero_misterio
1285;Heathers (1989);Comedy;1989;41;3,731707317073171;4,0;1,013024931674992;1997-04-07 07:15:52+00:00;2016-12-29 17:16:25+00:00;1;periodo_1970_1989;avaliacao_media;popularidade_media;genero_comedia
1286;Somewhere in Time (1980);Drama|Romance;1980;7;3,0714285714285716;3,0;1,096531327587567;1997-04-07 07:34:35+00:00;2018-08-12 22:51:26+00:00;2;periodo_1970_1989;avaliacao_media;popularidade_baixa;genero_drama|genero_romance
1287;Ben-Hur (1959);Action|Adventure|Drama;1959;34;3,9411764705882355;4,0;0,9905975078001625;1997-05-30 20:55:55+00:00;2018-07-03 18:41:30+00:00;3;periodo_1950_1969;avaliacao_media;popularidade_media;genero_acao|genero_aventura|genero_drama
1288;This Is Spinal Tap (1984);Comedy;1984;66;4,015151515151516;4,0;0,7543193415243102;1997-04-07 07:15:23+00:00;2018-08-10 03:41:21+00:00;1;periodo_1970_1989;avaliacao_alta;popularidade_alta;genero_comedia
1289;Koyaanisqatsi (a.k.a. Koyaanisqatsi: Life Out of Balance) (1983);Documentary;1983;11;3,8636363636363638;4,0;0,8090398349558905;1999-10-05 09:15:17+00:00;2018-02-27 22:33:32+00:00;1;periodo_1970_1989;avaliacao_media;popularidade_media;genero_documentario
1290;Some Kind of Wonderful (1987);Drama|Romance;1987;10;3,35;3,0;1,0013879257199867;1997-04-07 07:17:06+00:00;2013-05-18 16:42:33+00:00;2;periodo_1970_1989;avaliacao_media;popularidade_media;genero_drama|genero_romance
1291;Indiana Jones and the Last Crusade (1989);Action|Adventure;1989;140;4,046428571428572;4,0;0,7817533065304718;1996-12-26 14:09:52+00:00;2018-08-31 10:01:31+00:00;2;periodo_1970_1989;avaliacao_alta;popularidade_alta;genero_acao|genero_aventura
1292;Being There (1979);Comedy|Drama;1979;20;3,95;4,0;0,8870412083230169;1997-03-19 11:59:20+00:00;2018-08-25 04:38:12+00:00;2;periodo_1970_1989;avaliacao_media;popularidade_media;genero_comedia|genero_drama
1293;Gandhi (1982);Drama;1982;27;3,8333333333333335;4,0;0,9607689228305228;1997-03-19 11:56:26+00:00;2017-06-24 06:21:37+00:00;1;periodo_1970_1989;avaliacao_media;popularidade_media;genero_drama
1295;Unbearable Lightness of Being, The (1988);Drama;1988;11;3,227272727272727;3,0;1,3297299794250779;1997-03-19 12:03:44+00:00;2017-08-07 19:06:41+00:00;1;periodo_1970_1989;avaliacao_media;popularidade_media;genero_drama
1296;Room with a View, A (1986);Drama|Romance;1986;17;3,7058823529411766;4,0;1,118855770550484;1997-03-19 12:04:14+00:00;2015-05-18 17:00:38+00:00;2;periodo_1970_1989;avaliacao_media;popularidade_media;genero_drama|genero_romance
1297;Real Genius (1985);Comedy;1985;20;3,675;4,0;0,8472090402579147;1997-05-30 21:00:31+00:00;2017-06-26 22:51:02+00:00;1;periodo_1970_1989;avaliacao_media;popularidade_media;genero_comedia
1298;Pink Floyd: The Wall (1982);Drama|Musical;1982;23;3,760869565217391;4,0;1,0538842141140994;1997-05-30 21:07:23+00:00;2018-06-18 15:02:24+00:00;2;periodo_1970_1989;avaliacao_media;popularidade_media;genero_drama|genero_musical
1299;Killing Fields, The (1984);Drama|War;1984;28;4,017857142857143;4,0;1,0756750064851;1997-03-19 11:57:53+00:00;2017-06-27 00:05:36+00:00;2;periodo_1970_1989;avaliacao_alta;popularidade_media;genero_drama|genero_guerra
1300;My Life as a Dog (Mitt liv som hund) (1985);Comedy|Drama;1985;9;4,166666666666667;4,0;0,7499999999999999;1997-03-19 11:59:19+00:00;2016-11-19 08:39:09+00:00;2;periodo_1970_1989;avaliacao_alta;popularidade_baixa;genero_comedia|genero_drama
1301;Forbidden Planet (1956);Drama|Sci-Fi;1956;13;3,8076923076923075;4,0;0,7227972727092274;1997-05-30 21:06:32+00:00;2018-08-11 00:06:32+00:00;2;periodo_1950_1969;avaliacao_media;popularidade_media;genero_drama|genero_ficcao_cientifica
1302;Field of Dreams (1989);Children|Drama|Fantasy;1989;56;3,517857142857143;3,75;1,1199199878655524;1996-12-13 08:58:05+00:00;2018-09-01 18:43:35+00:00;3;periodo_1970_1989;avaliacao_media;popularidade_alta;genero_infantil|genero_drama|genero_fantasia
1303;Man Who Would Be King, The (1975);Adventure|Drama;1975;17;4,029411764705882;4,0;0,6724625508925691;1996-12-26 14:15:29+00:00;2012-12-11 04:09:00+00:00;2;periodo_1970_1989;avaliacao_alta;popularidade_media;genero_aventura|genero_drama
1304;Butch Cassidy and the Sundance Kid (1969);Action|Western;1969;62;3,943548387096774;4,0;0,9281783618415149;1997-03-19 12:03:19+00:00;2017-02-24 17:41:32+00:00;2;periodo_1950_1969;avaliacao_media;popularidade_alta;genero_acao|genero_faroeste
1306;Until the End of the World (Bis ans Ende der Welt) (1991);Adventure|Drama|Sci-Fi;1991;5;2,7;3,0;1,2041594578792296;1997-05-30 20:41:39+00:00;2007-02-13 00:51:56+00:00;3;periodo_1990_1999;avaliacao_baixa;popularidade_baixa;genero_aventura|genero_drama|genero_ficcao_cientifica
1307;When Harry Met Sally... (1989);Comedy|Romance;1989;85;3,8588235294117648;4,0;0,8150802060514776;1997-03-19 11:57:53+00:00;2018-09-01 18:35:39+00:00;2;periodo_1970_1989;avaliacao_media;popularidade_alta;genero_comedia|genero_romance
1320;Alien³ (a.k.a. Alien 3) (1992);Action|Horror|Sci-Fi|Thriller;1992;47;3,148936170212766;3,0;0,9435991089683603;1998-03-29 12:15:39+00:00;2018-09-03 02:55:33+00:00;4;periodo_1990_1999;avaliacao_media;popularidade_media;genero_acao|genero_terror|genero_ficcao_cientifica|genero_suspense
1321;American Werewolf in London, An (1981);Comedy|Horror|Thriller;1981;23;3,4130434782608696;3,5;0,912690502070209;1999-10-06 16:24:45+00:00;2018-08-10 03:46:59+00:00;3;periodo_1970_1989;avaliacao_media;popularidade_media;genero_comedia|genero_terror|genero_suspense
1327;Amityville Horror, The (1979);Drama|Horror|Mystery|Thriller;1979;15;2,6333333333333333;3,0;1,2742878496672263;2000-07-08 18:07:27+00:00;2018-08-10 04:17:24+00:00;4;periodo_1970_1989;avaliacao_baixa;popularidade_media;genero_drama|genero_terror|genero_misterio|genero_suspense
1333;Birds, The (1963);Horror|Thriller;1963;44;3,602272727272727;4,0;0,8039115525697959;1996-11-27 10:10:01+00:00;2018-08-12 05:45:50+00:00;2;periodo_1950_1969;avaliacao_media;popularidade_media;genero_terror|genero_suspense
1334;Blob, The (1958);Horror|Sci-Fi;1958;6;3,0;2,5;1,2649110640673518;1998-08-02 19:12:21+00:00;2002-09-03 19:07:44+00:00;2;periodo_1950_1969;avaliacao_media;popularidade_baixa;genero_terror|genero_ficcao_cientifica
1339;Dracula (Bram Stoker's Dracula) (1992);Fantasy|Horror|Romance|Thriller;1992;29;3,4655172413793105;3,5;0,8857103130373326;1996-11-27 10:10:01+00:00;2017-06-26 22:54:19+00:00;4;periodo_1990_1999;avaliacao_media;popularidade_media;genero_fantasia|genero_terror|genero_romance|genero_suspense
1342;Candyman (1992);Horror|Thriller;1992;11;2,5;2,5;1,0488088481701516;2000-08-08 03:22:32+00:00;2017-06-26 22:39:33+00:00;2;periodo_1990_1999;avaliacao_baixa;popularidade_media;genero_terror|genero_suspense
1343;Cape Fear (1991);Thriller;1991;25;3,78;4,0;0,6934214687571573;1997-03-19 12:00:45+00:00;2018-02-22 21:39:03+00:00;1;periodo_1990_1999;avaliacao_media;popularidade_media;genero_suspense
1344;Cape Fear (1962);Crime|Drama|Thriller;1962;14;3,9642857142857144;4,0;0,5705694090550688;1997-09-16 13:32:53+00:00;2012-11-11 22:51:55+00:00;3;periodo_1950_1969;avaliacao_media;popularidade_media;genero_crime|genero_drama|genero_suspense
1345;Carrie (1976);Drama|Fantasy|Horror|Thriller;1976;36;3,3472222222222223;3,5;0,9473228778619437;1996-11-27 10:10:01+00:00;2018-08-10 03:46:22+00:00;4;periodo_1970_1989;avaliacao_media;popularidade_media;genero_drama|genero_fantasia|genero_terror|genero_suspense
1346;Cat People (1982);Drama|Fantasy|Horror;1982;8;2,8125;3,0;1,19335960332883;1997-04-07 07:38:11+00:00;2012-04-07 21:20:00+00:00;3;periodo_1970_1989;avaliacao_baixa;popularidade_baixa;genero_drama|genero_fantasia|genero_terror
1347;Nightmare on Elm Street, A (1984);Horror|Thriller;1984;27;3,0;3,0;1,2009611535381535;1997-09-16 13:34:02+00:00;2017-06-26 22:45:26+00:00;2;periodo_1970_1989;avaliacao_media;popularidade_media;genero_terror|genero_suspense
1348;Nosferatu (Nosferatu, eine Symphonie des Grauens) (1922);Horror;1922;16;3,53125;4,0;0,7846177413237608;2000-07-30 18:56:33+00:00;2017-05-14 23:29:40+00:00;1;periodo_antes_1950;avaliacao_media;popularidade_media;genero_terror
1350;Omen, The (1976);Horror|Mystery|Thriller;1976;22;3,8181818181818183;4,0;0,7487363091276265;1996-11-27 10:10:01+00:00;2017-06-26 22:38:23+00:00;3;periodo_1970_1989;avaliacao_media;popularidade_media;genero_terror|genero_misterio|genero_suspense
1354;Breaking the Waves (1996);Drama|Mystery;1996;7;4,071428571428571;4,0;1,0177004891982147;1999-10-14 07:06:45+00:00;2015-11-27 18:10:19+00:00;2;periodo_1990_1999;avaliacao_alta;popularidade_baixa;genero_drama|genero_misterio
1356;Star Trek: First Contact (1996);Action|Adventure|Sci-Fi|Thriller;1996;91;3,879120879120879;4,0;0,9897829709943136;1996-11-22 12:37:45+00:00;2018-08-31 10:01:17+00:00;4;periodo_1990_1999;avaliacao_media;popularidade_alta;genero_acao|genero_aventura|genero_ficcao_cientifica|genero_suspense
1357;Shine (1996);Drama|Romance;1996;24;4,0;4,0;0,9555330859059091;1997-02-19 12:11:41+00:00;2017-06-27 00:05:51+00:00;2;periodo_1990_1999;avaliacao_alta;popularidade_media;genero_drama|genero_romance
1358;Sling Blade (1996);Drama;1996;47;3,8404255319148937;4,0;1,0483236254524533;1997-02-19 12:15:51+00:00;2016-11-19 08:34:06+00:00;1;periodo_1990_1999;avaliacao_media;popularidade_media;genero_drama
1359;Jingle All the Way (1996);Children|Comedy;1996;18;2,861111111111111;3,0;1,2579810570391277;1996-11-27 19:36:45+00:00;2017-06-26 21:52:55+00:00;2;periodo_1990_1999;avaliacao_baixa;popularidade_media;genero_infantil|genero_comedia
1361;Paradise Lost: The Child Murders at Robin Hood Hills (1996);Documentary;1996;6;4,083333333333333;4,0;0,6645800679125629;1996-12-13 08:46:50+00:00;2014-10-18 15:26:14+00:00;1;periodo_1990_1999;avaliacao_alta;popularidade_baixa;genero_documentario
1363;Preacher's Wife, The (1996);Drama;1996;5;3,5;3,0;1,0;1996-12-13 08:46:50+00:00;2003-08-05 17:53:31+00:00;1;periodo_1990_1999;avaliacao_media;popularidade_baixa;genero_drama
1365;Ridicule (1996);Drama;1996;6;3,5833333333333335;3,75;0,4915960401250875;1999-02-22 08:28:19+00:00;2016-07-27 21:00:11+00:00;1;periodo_1990_1999;avaliacao_media;popularidade_baixa;genero_drama
1366;Crucible, The (1996);Drama;1996;5;3,9;4,0;0,8944271909999159;1997-02-19 12:12:47+00:00;2017-06-26 21:56:16+00:00;1;periodo_1990_1999;avaliacao_media;popularidade_baixa;genero_drama
1367;101 Dalmatians (1996);Adventure|Children|Comedy;1996;47;3,074468085106383;3,0;0,8967254645329894;1996-11-27 19:36:45+00:00;2018-02-14 20:40:41+00:00;3;periodo_1990_1999;avaliacao_media;popularidade_media;genero_aventura|genero_infantil|genero_comedia
1370;Die Hard 2 (1990);Action|Adventure|Thriller;1990;68;3,4044117647058822;3,5;0,8431344899941735;1996-12-26 14:12:25+00:00;2017-12-25 21:46:35+00:00;3;periodo_1990_1999;avaliacao_media;popularidade_alta;genero_acao|genero_aventura|genero_suspense
1371;Star Trek: The Motion Picture (1979);Adventure|Sci-Fi;1979;45;3,0444444444444443;3,0;0,958349802230033;1996-12-31 16:52:25+00:00;2017-06-27 00:42:26+00:00;2;periodo_1970_1989;avaliacao_media;popularidade_media;genero_aventura|genero_ficcao_cientifica
1372;Star Trek VI: The Undiscovered Country (1991);Action|Mystery|Sci-Fi;1991;42;3,3452380952380953;3,5;1,1555174917046074;1996-12-31 16:52:25+00:00;2018-09-01 18:34:22+00:00;3;periodo_1990_1999;avaliacao_media;popularidade_media;genero_acao|genero_misterio|genero_ficcao_cientifica
1373;Star Trek V: The Final Frontier (1989);Action|Sci-Fi;1989;30;2,6666666666666665;3,0;1,093344547181068;1996-12-31 16:52:25+00:00;2017-06-27 00:57:56+00:00;2;periodo_1970_1989;avaliacao_baixa;popularidade_media;genero_acao|genero_ficcao_cientifica
1374;Star Trek II: The Wrath of Khan (1982);Action|Adventure|Sci-Fi|Thriller;1982;62;3,7661290322580645;4,0;1,039063820187191;1996-12-26 14:14:48+00:00;2018-09-01 18:37:06+00:00;4;periodo_1970_1989;avaliacao_media;popularidade_alta;genero_acao|genero_aventura|genero_ficcao_cientifica|genero_suspense
1375;Star Trek III: The Search for Spock (1984);Action|Adventure|Sci-Fi;1984;42;3,261904761904762;3,25;0,774896493781158;1996-12-31 16:52:25+00:00;2018-08-31 10:01:55+00:00;3;periodo_1970_1989;avaliacao_media;popularidade_media;genero_acao|genero_aventura|genero_ficcao_cientifica
1376;Star Trek IV: The Voyage Home (1986);Adventure|Comedy|Sci-Fi;1986;43;3,4767441860465116;3,5;1,1016950596375017;1996-12-26 14:13:03+00:00;2018-09-01 18:35:10+00:00;3;periodo_1970_1989;avaliacao_media;popularidade_media;genero_aventura|genero_comedia|genero_ficcao_cientifica
1377;Batman Returns (1992);Action|Crime;1992;60;3,025;3,0;0,8802205039609224;1997-05-30 20:56:58+00:00;2018-08-31 10:32:00+00:00;2;periodo_1990_1999;avaliacao_media;popularidade_alta;genero_acao|genero_crime
1378;Young Guns (1988);Action|Comedy|Western;1988;25;3,1;3,0;1,0606601717798212;1997-09-16 13:29:05+00:00;2018-02-21 02:20:06+00:00;3;periodo_1970_1989;avaliacao_media;popularidade_media;genero_acao|genero_comedia|genero_faroeste
1379;Young Guns II (1990);Action|Western;1990;11;3,0;3,0;1,3416407864998738;1999-12-11 22:29:38+00:00;2002-04-18 10:10:32+00:00;2;periodo_1990_1999;avaliacao_media;popularidade_media;genero_acao|genero_faroeste
1380;Grease (1978);Comedy|Musical|Romance;1978;68;3,139705882352941;3,0;1,1258349745036471;1997-04-07 07:17:06+00:00;2018-05-05 20:02:50+00:00;3;periodo_1970_1989;avaliacao_media;popularidade_alta;genero_comedia|genero_musical|genero_romance
1381;Grease 2 (1982);Comedy|Musical|Romance;1982;19;2,0789473684210527;2,5;1,0173926082384546;1997-04-07 07:24:48+00:00;2018-08-12 22:51:44+00:00;3;periodo_1970_1989;avaliacao_baixa;popularidade_media;genero_comedia|genero_musical|genero_romance
1385;Under Siege (1992);Action|Drama|Thriller;1992;24;2,8541666666666665;3,0;1,0578810513666363;1996-12-26 14:15:11+00:00;2017-06-26 23:01:55+00:00;3;periodo_1990_1999;avaliacao_baixa;popularidade_media;genero_acao|genero_drama|genero_suspense
1387;Jaws (1975);Action|Horror;1975;91;4,0054945054945055;4,0;0,9204301696444425;1997-04-07 07:14:04+00:00;2018-08-12 05:47:05+00:00;2;periodo_1970_1989;avaliacao_alta;popularidade_alta;genero_acao|genero_terror
1388;Jaws 2 (1978);Horror|Thriller;1978;17;2,6176470588235294;2,5;1,008238125467917;1997-04-07 07:22:38+00:00;2018-08-10 04:19:33+00:00;2;periodo_1970_1989;avaliacao_baixa;popularidade_media;genero_terror|genero_suspense
1389;Jaws 3-D (1983);Action|Horror;1983;6;1,4166666666666667;1,25;0,4915960401250875;2000-08-03 20:39:24+00:00;2018-08-12 15:09:10+00:00;2;periodo_1970_1989;avaliacao_baixa;popularidade_baixa;genero_acao|genero_terror
1390;My Fellow Americans (1996);Comedy;1996;9;2,6666666666666665;3,0;1,0;1996-12-26 13:55:17+00:00;2017-06-30 04:33:56+00:00;1;periodo_1990_1999;avaliacao_baixa;popularidade_baixa;genero_comedia
1391;Mars Attacks! (1996);Action|Comedy|Sci-Fi;1996;86;3,0930232558139537;3,0;1,1795104365969125;1996-12-13 08:46:50+00:00;2018-09-18 01:49:29+00:00;3;periodo_1990_1999;avaliacao_media;popularidade_alta;genero_acao|genero_comedia|genero_ficcao_cientifica
1393;Jerry Maguire (1996);Drama|Romance;1996;85;3,5941176470588236;3,5;0,9112201319393359;1997-01-02 12:11:24+00:00;2018-08-11 02:19:17+00:00;2;periodo_1990_1999;avaliacao_media;popularidade_alta;genero_drama|genero_romance
1394;Raising Arizona (1987);Comedy;1987;58;3,9913793103448274;4,0;0,9619578870234048;1997-03-19 12:02:33+00:00;2018-03-07 07:38:18+00:00;1;periodo_1970_1989;avaliacao_media;popularidade_alta;genero_comedia
1395;Tin Men (1987);Comedy|Drama;1987;5;3,0;3,0;0,7071067811865476;1997-04-07 07:18:50+00:00;2005-08-13 00:36:35+00:00;2;periodo_1970_1989;avaliacao_media;popularidade_baixa;genero_comedia|genero_drama
1396;Sneakers (1992);Action|Comedy|Crime|Drama|Sci-Fi;1992;46;3,4782608695652173;3,5;0,6579135517268919;1997-03-30 11:35:18+00:00;2018-08-11 00:53:52+00:00;5;periodo_1990_1999;avaliacao_media;popularidade_media;genero_acao|genero_comedia|genero_crime|genero_drama|genero_ficcao_cientifica
1399;Marvin's Room (1996);Drama;1996;5;3,1;3,0;0,7416198487095663;1999-10-12 08:21:12+00:00;2007-03-26 18:55:54+00:00;1;periodo_1990_1999;avaliacao_media;popularidade_baixa;genero_drama
1405;Beavis and Butt-Head Do America (1996);Adventure|Animation|Comedy|Crime;1996;31;2,935483870967742;3,0;1,2432614064351806;1997-01-02 12:10:53+00:00;2017-06-27 01:03:38+00:00;4;periodo_1990_1999;avaliacao_baixa;popularidade_media;genero_aventura|genero_animacao|genero_comedia|genero_crime
1407;Scream (1996);Comedy|Horror|Mystery|Thriller;1996;70;3,2;3,0;1,1960078522353836;1997-02-23 22:21:59+00:00;2018-08-10 04:16:57+00:00;4;periodo_1990_1999;avaliacao_media;popularidade_alta;genero_comedia|genero_terror|genero_misterio|genero_suspense
1408;Last of the Mohicans, The (1992);Action|Romance|War|Western;1992;39;3,8333333333333335;4,0;0,868553950490285;1997-03-19 11:59:39+00:00;2017-06-26 18:06:11+00:00;4;periodo_1990_1999;avaliacao_media;popularidade_media;genero_acao|genero_romance|genero_guerra|genero_faroeste
1409;Michael (1996);Comedy|Drama|Fantasy|Romance;1996;23;2,5;2,5;1,0975178606954212;1997-01-22 13:03:26+00:00;2018-02-21 17:25:36+00:00;4;periodo_1990_1999;avaliacao_baixa;popularidade_media;genero_comedia|genero_drama|genero_fantasia|genero_romance
1411;Hamlet (1996);Crime|Drama|Romance;1996;16;4,0;4,0;1,016530045465127;1997-02-19 12:12:09+00:00;2017-06-26 17:37:29+00:00;3;periodo_1990_1999;avaliacao_alta;popularidade_media;genero_crime|genero_drama|genero_romance
1414;Mother (1996);Comedy;1996;8;3,0;3,0;0,9258200997725514;1997-02-19 12:13:55+00:00;2003-03-31 02:49:47+00:00;1;periodo_1990_1999;avaliacao_media;popularidade_baixa;genero_comedia
1416;Evita (1996);Drama|Musical;1996;12;3,4166666666666665;3,75;1,1247895426040886;1997-02-19 12:11:28+00:00;2012-09-25 21:50:51+00:00;2;periodo_1990_1999;avaliacao_media;popularidade_media;genero_drama|genero_musical
1425;Fierce Creatures (1997);Comedy;1997;8;3,0;3,0;0,46291004988627577;1997-02-23 22:24:12+00:00;2012-01-15 06:28:39+00:00;1;periodo_1990_1999;avaliacao_media;popularidade_baixa;genero_comedia
1429;First Strike (Police Story 4: First Strike) (Ging chaat goo si 4: Ji gaan daan yam mo) (1996);Action|Adventure|Comedy|Thriller;1996;20;3,575;3,75;0,7992595257322145;1997-02-14 19:20:13+00:00;2017-06-26 18:05:56+00:00;4;periodo_1990_1999;avaliacao_media;popularidade_media;genero_acao|genero_aventura|genero_comedia|genero_suspense
1431;Beverly Hills Ninja (1997);Action|Comedy;1997;16;2,46875;2,5;1,2037268516292778;1997-05-18 17:33:01+00:00;2018-02-21 04:04:39+00:00;2;periodo_1990_1999;avaliacao_baixa;popularidade_media;genero_acao|genero_comedia
1432;Metro (1997);Action|Comedy|Crime|Drama|Thriller;1997;7;2,7142857142857144;3,0;1,2198750911856664;1997-02-14 19:20:13+00:00;2017-06-26 19:07:42+00:00;5;periodo_1990_1999;avaliacao_baixa;popularidade_baixa;genero_acao|genero_comedia|genero_crime|genero_drama|genero_suspense
1438;Dante's Peak (1997);Action|Thriller;1997;24;2,625;3,0;0,9918143234365557;1997-02-23 22:23:59+00:00;2018-09-01 20:44:44+00:00;2;periodo_1990_1999;avaliacao_baixa;popularidade_media;genero_acao|genero_suspense
1441;Benny & Joon (1993);Comedy|Romance;1993;19;3,473684210526316;3,5;1,020262550775348;1999-10-20 00:55:23+00:00;2018-02-21 00:14:57+00:00;2;periodo_1990_1999;avaliacao_media;popularidade_media;genero_comedia|genero_romance
1442;Prefontaine (1997);Drama;1997;5;3,5;4,0;0,8660254037844387;1997-02-19 12:16:52+00:00;2009-03-15 02:08:19+00:00;1;periodo_1990_1999;avaliacao_media;popularidade_baixa;genero_drama
1445;McHale's Navy (1997);Comedy|War;1997;7;2,142857142857143;2,0;0,8997354108424372;2000-04-17 04:25:03+00:00;2018-02-22 23:34:50+00:00;2;periodo_1990_1999;avaliacao_baixa;popularidade_baixa;genero_comedia|genero_guerra
1446;Kolya (Kolja) (1996);Comedy|Drama;1996;7;4,428571428571429;4,5;0,44986770542121873;1998-03-09 18:09:13+00:00;2015-11-22 16:39:02+00:00;2;periodo_1990_1999;avaliacao_alta;popularidade_baixa;genero_comedia|genero_drama
1449;Waiting for Guffman (1996);Comedy;1996;24;3,875;4,0;0,8242255917447339;1998-03-09 18:25:53+00:00;2018-08-11 00:07:54+00:00;1;periodo_1990_1999;avaliacao_media;popularidade_media;genero_comedia
1454;SubUrbia (1997);Comedy|Drama;1997;6;3,75;3,75;0,758287544405155;1997-06-21 14:51:42+00:00;2016-11-19 08:07:28+00:00;2;periodo_1990_1999;avaliacao_media;popularidade_baixa;genero_comedia|genero_drama
1457;Fools Rush In (1997);Comedy|Drama|Romance;1997;12;3,0833333333333335;3,25;1,0624442944398915;2000-02-21 22:04:29+00:00;2017-06-26 22:00:42+00:00;3;periodo_1990_1999;avaliacao_media;popularidade_media;genero_comedia|genero_drama|genero_romance
1459;Absolute Power (1997);Mystery|Thriller;1997;12;2,6666666666666665;3,0;0,912870929175277;1997-02-23 22:25:25+00:00;2017-06-26 19:09:00+00:00;2;periodo_1990_1999;avaliacao_baixa;popularidade_media;genero_misterio|genero_suspense
1461;Vegas Vacation (National Lampoon's Las Vegas Vacation) (1997);Comedy;1997;8;2,3125;2,25;1,0329396331413978;2000-04-17 04:20:39+00:00;2017-06-27 04:23:31+00:00;1;periodo_1990_1999;avaliacao_baixa;popularidade_baixa;genero_comedia
1464;Lost Highway (1997);Crime|Drama|Fantasy|Film-Noir|Mystery|Romance;1997;17;3,264705882352941;3,5;1,238921494925419;1997-09-16 12:55:21+00:00;2018-02-20 09:38:29+00:00;6;periodo_1990_1999;avaliacao_media;popularidade_media;genero_crime|genero_drama|genero_fantasia|genero_film_noir|genero_misterio|genero_romance
1466;Donnie Brasco (1997);Crime|Drama;1997;52;3,7403846153846154;4,0;0,7241654061365727;1997-12-04 10:59:47+00:00;2018-09-01 20:32:19+00:00;2;periodo_1990_1999;avaliacao_media;popularidade_alta;genero_crime|genero_drama
1468;Booty Call (1997);Comedy|Romance;1997;5;2,6;2,0;1,816590212458495;2000-08-09 05:10:15+00:00;2018-02-23 02:02:44+00:00;2;periodo_1990_1999;avaliacao_baixa;popularidade_baixa;genero_comedia|genero_romance
1474;Jungle2Jungle (a.k.a. Jungle 2 Jungle) (1997);Children|Comedy;1997;11;2,1363636363636362;2,0;0,8686457589520912;1997-05-18 17:36:02+00:00;2009-11-17 00:27:54+00:00;2;periodo_1990_1999;avaliacao_baixa;popularidade_media;genero_infantil|genero_comedia
1476;Private Parts (1997);Comedy|Drama;1997;26;3,5384615384615383;3,5;0,9687422456265332;1997-05-18 17:33:40+00:00;2017-06-26 18:28:23+00:00;2;periodo_1990_1999;avaliacao_media;popularidade_media;genero_comedia|genero_drama
1479;Saint, The (1997);Action|Romance|Sci-Fi|Thriller;1997;30;3,216666666666667;3,0;0,9347997511299645;1997-09-16 12:55:21+00:00;2018-09-01 20:34:39+00:00;4;periodo_1990_1999;avaliacao_media;popularidade_media;genero_acao|genero_romance|genero_ficcao_cientifica|genero_suspense
1480;Smilla's Sense of Snow (1997);Drama|Thriller;1997;11;3,3636363636363638;3,0;0,5518563713009523;1998-03-09 18:30:06+00:00;2017-06-26 21:55:28+00:00;2;periodo_1990_1999;avaliacao_media;popularidade_media;genero_drama|genero_suspense
1483;Crash (1996);Drama|Thriller;1996;11;3,090909090909091;3,5;1,513574937328539;1997-09-16 12:55:21+00:00;2011-11-25 19:54:58+00:00;2;periodo_1990_1999;avaliacao_media;popularidade_media;genero_drama|genero_suspense
1485;Liar Liar (1997);Comedy;1997;74;3,0337837837837838;3,0;0,9768942998902644;1997-05-18 17:33:01+00:00;2018-06-25 04:40:07+00:00;1;periodo_1990_1999;avaliacao_media;popularidade_alta;genero_comedia
1487;Selena (1997);Drama|Musical;1997;5;3,0;3,0;1,0;1999-10-12 08:27:35+00:00;2018-02-20 14:16:29+00:00;2;periodo_1990_1999;avaliacao_media;popularidade_baixa;genero_drama|genero_musical
1488;Devil's Own, The (1997);Action|Drama|Thriller;1997;15;2,8333333333333335;3,0;1,1751393027860064;1997-03-30 11:28:12+00:00;2017-06-26 23:00:34+00:00;3;periodo_1990_1999;avaliacao_baixa;popularidade_media;genero_acao|genero_drama|genero_suspense
1498;Inventing the Abbotts (1997);Drama|Romance;1997;5;3,0;3,0;0,7905694150420949;2000-03-31 06:06:00+00:00;2007-08-03 20:31:43+00:00;2;periodo_1990_1999;avaliacao_media;popularidade_baixa;genero_drama|genero_romance
1499;Anaconda (1997);Action|Adventure|Thriller;1997;27;1,9259259259259258;2,0;1,0981076704223751;1997-05-18 17:37:35+00:00;2018-09-01 20:48:33+00:00;3;periodo_1990_1999;avaliacao_baixa;popularidade_media;genero_acao|genero_aventura|genero_suspense
1500;Grosse Pointe Blank (1997);Comedy|Crime|Romance;1997;59;3,610169491525424;4,0;0,974094613271683;1998-01-04 22:10:27+00:00;2013-12-27 06:13:04+00:00;3;periodo_1990_1999;avaliacao_media;popularidade_alta;genero_comedia|genero_crime|genero_romance
1513;Romy and Michele's High School Reunion (1997);Comedy;1997;29;2,9655172413793105;3,0;0,9722124481485388;2000-01-02 07:59:03+00:00;2018-09-01 20:34:37+00:00;1;periodo_1990_1999;avaliacao_baixa;popularidade_media;genero_comedia
1515;Volcano (1997);Action|Drama|Thriller;1997;15;2,1;2,0;0,6324555320336759;1997-09-16 12:56:28+00:00;2017-06-26 19:05:12+00:00;3;periodo_1990_1999;avaliacao_baixa;popularidade_media;genero_acao|genero_drama|genero_suspense
1517;Austin Powers: International Man of Mystery (1997);Action|Adventure|Comedy;1997;100;3,535;3,5;0,8911886285838546;1997-05-30 20:27:25+00:00;2018-08-10 03:48:39+00:00;3;periodo_1990_1999;avaliacao_media;popularidade_alta;genero_acao|genero_aventura|genero_comedia
1518;Breakdown (1997);Action|Thriller;1997;13;3,3461538461538463;3,5;1,0284416890093029;1998-07-19 18:14:43+00:00;2005-02-21 08:28:50+00:00;2;periodo_1990_1999;avaliacao_media;popularidade_media;genero_acao|genero_suspense
1527;Fifth Element, The (1997);Action|Adventure|Comedy|Sci-Fi;1997;116;3,7456896551724137;4,0;0,9004725562657121;1997-05-30 20:24:28+00:00;2018-09-01 18:42:48+00:00;4;periodo_1990_1999;avaliacao_media;popularidade_alta;genero_acao|genero_aventura|genero_comedia|genero_ficcao_cientifica
1537;Shall We Dance? (Shall We Dansu?) (1996);Comedy|Drama|Romance;1996;13;3,8076923076923075;4,0;0,7227972727092276;1999-10-05 09:02:57+00:00;2015-08-28 20:29:28+00:00;3;periodo_1990_1999;avaliacao_media;popularidade_media;genero_comedia|genero_drama|genero_romance
1541;Addicted to Love (1997);Comedy|Romance;1997;10;2,7;3,0;1,0327955589886446;1998-07-23 21:09:15+00:00;2018-02-21 03:55:19+00:00;2;periodo_1990_1999;avaliacao_baixa;popularidade_media;genero_comedia|genero_romance
1542;Brassed Off (1996);Comedy|Drama|Romance;1996;7;3,7142857142857144;4,0;0,9063269671749656;1999-10-12 08:24:36+00:00;2007-02-18 00:54:18+00:00;3;periodo_1990_1999;avaliacao_media;popularidade_baixa;genero_comedia|genero_drama|genero_romance
1544;Lost World: Jurassic Park, The (1997);Action|Adventure|Sci-Fi|Thriller;1997;67;2,753731343283582;3,0;0,9938185247132999;1997-05-27 13:07:33+00:00;2018-08-12 15:03:01+00:00;4;periodo_1990_1999;avaliacao_baixa;popularidade_alta;genero_acao|genero_aventura|genero_ficcao_cientifica|genero_suspense
1552;Con Air (1997);Action|Adventure|Thriller;1997;59;3,0338983050847457;3,0;1,024965965707714;1997-07-18 19:00:58+00:00;2018-02-28 15:25:15+00:00;3;periodo_1990_1999;avaliacao_media;popularidade_alta;genero_acao|genero_aventura|genero_suspense
1554;Pillow Book, The (1996);Drama|Romance;1996;5;2,4;2,0;1,140175425099138;2000-03-31 06:02:37+00:00;2015-04-09 10:20:31+00:00;2;periodo_1990_1999;avaliacao_baixa;popularidade_baixa;genero_drama|genero_romance
1556;Speed 2: Cruise Control (1997);Action|Romance|Thriller;1997;19;1,605263157894737;1,5;0,7742190934602184;1998-07-19 19:25:28+00:00;2017-05-01 19:46:20+00:00;3;periodo_1990_1999;avaliacao_baixa;popularidade_media;genero_acao|genero_romance|genero_suspense
1562;Batman & Robin (1997);Action|Adventure|Fantasy|Thriller;1997;42;2,2142857142857144;2,0;0,7337080660129097;1999-10-06 16:17:38+00:00;2018-08-31 10:32:34+00:00;4;periodo_1990_1999;avaliacao_baixa;popularidade_media;genero_acao|genero_aventura|genero_fantasia|genero_suspense
1566;Hercules (1997);Adventure|Animation|Children|Comedy|Musical;1997;31;3,4516129032258065;4,0;1,0356546939792675;1997-07-01 12:42:26+00:00;2018-02-14 20:41:22+00:00;5;periodo_1990_1999;avaliacao_media;popularidade_media;genero_aventura|genero_animacao|genero_infantil|genero_comedia|genero_musical
1569;My Best Friend's Wedding (1997);Comedy|Romance;1997;40;3,5;3,75;0,9128709291752768;1998-06-07 10:11:17+00:00;2018-09-01 20:32:26+00:00;2;periodo_1990_1999;avaliacao_media;popularidade_media;genero_comedia|genero_romance
1573;Face/Off (1997);Action|Crime|Drama|Thriller;1997;77;3,3701298701298703;3,5;1,0431562600645339;1998-06-07 17:48:58+00:00;2017-06-27 05:47:18+00:00;4;periodo_1990_1999;avaliacao_media;popularidade_alta;genero_acao|genero_crime|genero_drama|genero_suspense
1580;Men in Black (a.k.a. MIB) (1997);Action|Comedy|Sci-Fi;1997;165;3,487878787878788;3,5;0,9172325740912886;1997-07-07 12:07:18+00:00;2018-07-22 13:30:52+00:00;3;periodo_1990_1999;avaliacao_media;popularidade_alta;genero_acao|genero_comedia|genero_ficcao_cientifica
1582;Wild America (1997);Adventure|Children;1997;5;2,6;3,0;0,8944271909999159;2000-04-17 03:27:21+00:00;2001-10-30 02:30:49+00:00;2;periodo_1990_1999;avaliacao_baixa;popularidade_baixa;genero_aventura|genero_infantil
1584;Contact (1997);Drama|Sci-Fi;1997;82;3,652439024390244;3,5;1,0174072117434976;1997-09-16 12:53:29+00:00;2018-09-13 18:18:33+00:00;2;periodo_1990_1999;avaliacao_media;popularidade_alta;genero_drama|genero_ficcao_cientifica
1586;G.I. Jane (1997);Action|Drama;1997;22;2,7954545454545454;3,0;0,8818148346435336;1997-09-16 12:54:09+00:00;2014-09-20 17:25:56+00:00;2;periodo_1990_1999;avaliacao_baixa;popularidade_media;genero_acao|genero_drama
1587;Conan the Barbarian (1982);Action|Adventure|Fantasy;1982;31;3,2580645161290325;3,0;1,2238666031743783;1998-03-29 12:13:34+00:00;2018-08-12 15:16:53+00:00;3;periodo_1970_1989;avaliacao_media;popularidade_media;genero_acao|genero_aventura|genero_fantasia
1588;George of the Jungle (1997);Children|Comedy;1997;20;3,075;3,0;0,8626001086067755;1998-01-14 10:30:14+00:00;2018-02-17 21:46:15+00:00;2;periodo_1990_1999;avaliacao_media;popularidade_media;genero_infantil|genero_comedia
1589;Cop Land (1997);Action|Crime|Drama|Thriller;1997;16;3,28125;3,0;0,9481341325642344;1997-09-16 12:55:21+00:00;2017-06-27 00:41:40+00:00;4;periodo_1990_1999;avaliacao_media;popularidade_media;genero_acao|genero_crime|genero_drama|genero_suspense
1590;Event Horizon (1997);Horror|Sci-Fi|Thriller;1997;25;2,94;3,0;1,0238815035605113;1997-09-16 12:56:28+00:00;2017-06-27 00:30:38+00:00;3;periodo_1990_1999;avaliacao_baixa;popularidade_media;genero_terror|genero_ficcao_cientifica|genero_suspense
1591;Spawn (1997);Action|Adventure|Sci-Fi|Thriller;1997;26;2,6346153846153846;2,75;1,1185498854113956;1999-11-18 17:37:57+00:00;2018-08-01 08:54:59+00:00;4;periodo_1990_1999;avaliacao_baixa;popularidade_media;genero_acao|genero_aventura|genero_ficcao_cientifica|genero_suspense
1593;Picture Perfect (1997);Comedy|Romance;1997;6;2,8333333333333335;2,5;0,983192080250175;2000-06-20 15:21:59+00:00;2012-09-25 22:20:48+00:00;2;periodo_1990_1999;avaliacao_baixa;popularidade_baixa;genero_comedia|genero_romance
1594;In the Company of Men (1997);Comedy|Drama;1997;6;4,083333333333333;4,25;1,1143009766964518;1998-06-21 09:16:40+00:00;2016-04-17 04:46:12+00:00;2;periodo_1990_1999;avaliacao_alta;popularidade_baixa;genero_comedia|genero_drama
1597;Conspiracy Theory (1997);Drama|Mystery|Romance|Thriller;1997;43;2,941860465116279;3,0;1,018923932424028;1997-09-16 12:55:21+00:00;2018-06-25 04:38:16+00:00;4;periodo_1990_1999;avaliacao_baixa;popularidade_media;genero_drama|genero_misterio|genero_romance|genero_suspense
1603;Mimic (1997);Horror|Sci-Fi|Thriller;1997;13;2,4615384615384617;2,5;0,8770580193070292;1997-09-16 12:55:21+00:00;2017-06-26 22:50:36+00:00;3;periodo_1990_1999;avaliacao_baixa;popularidade_media;genero_terror|genero_ficcao_cientifica|genero_suspense
1608;Air Force One (1997);Action|Thriller;1997;58;3,3448275862068964;3,0;0,7206654852855038;1997-09-16 12:53:29+00:00;2018-02-09 17:41:18+00:00;2;periodo_1990_1999;avaliacao_media;popularidade_alta;genero_acao|genero_suspense
1610;Hunt for Red October, The (1990);Action|Adventure|Thriller;1990;90;3,8722222222222222;4,0;0,8822886197211138;1997-09-16 13:17:45+00:00;2018-09-01 18:44:30+00:00;3;periodo_1990_1999;avaliacao_media;popularidade_alta;genero_acao|genero_aventura|genero_suspense
1611;My Own Private Idaho (1991);Drama|Romance;1991;5;4,1;4,0;0,7416198487095663;2000-06-20 16:19:35+00:00;2012-04-23 22:12:12+00:00;2;periodo_1990_1999;avaliacao_alta;popularidade_baixa;genero_drama|genero_romance
1614;In & Out (1997);Comedy;1997;26;2,7884615384615383;3,0;1,1590778828282153;1998-01-14 10:30:14+00:00;2018-09-01 19:15:34+00:00;1;periodo_1990_1999;avaliacao_baixa;popularidade_media;genero_comedia
1615;Edge, The (1997);Adventure|Drama;1997;11;3,0;3,0;0,8660254037844388;1998-01-14 10:29:10+00:00;2017-06-26 19:04:47+00:00;2;periodo_1990_1999;avaliacao_media;popularidade_media;genero_aventura|genero_drama
1616;Peacemaker, The (1997);Action|Thriller|War;1997;20;3,025;3,0;1,1410406146191845;1998-01-17 00:39:47+00:00;2018-02-21 01:45:18+00:00;3;periodo_1990_1999;avaliacao_media;popularidade_media;genero_acao|genero_suspense|genero_guerra
1617;L.A. Confidential (1997);Crime|Film-Noir|Mystery|Thriller;1997;97;4,061855670103093;4,0;0,8299652727384985;1998-01-14 10:22:49+00:00;2018-08-12 05:29:34+00:00;4;periodo_1990_1999;avaliacao_alta;popularidade_alta;genero_crime|genero_film_noir|genero_misterio|genero_suspense
1619;Seven Years in Tibet (1997);Adventure|Drama|War;1997;14;3,4285714285714284;3,0;0,8287419301647451;2000-10-27 05:05:17+00:00;2017-06-27 00:32:31+00:00;3;periodo_1990_1999;avaliacao_media;popularidade_media;genero_aventura|genero_drama|genero_guerra
1620;Kiss the Girls (1997);Crime|Drama|Mystery|Thriller;1997;13;3,1153846153846154;3,0;1,227359057656013;1998-01-14 10:27:51+00:00;2009-12-24 03:11:26+00:00;4;periodo_1990_1999;avaliacao_media;popularidade_media;genero_crime|genero_drama|genero_misterio|genero_suspense
1625;Game, The (1997);Drama|Mystery|Thriller;1997;77;3,7012987012987013;4,0;1,0171546363952713;1998-01-17 00:38:11+00:00;2018-08-10 03:43:17+00:00;3;periodo_1990_1999;avaliacao_media;popularidade_alta;genero_drama|genero_misterio|genero_suspense
1627;U Turn (1997);Crime|Drama|Mystery;1997;7;3,357142857142857;4,0;1,3758114488755875;1999-11-04 15:32:56+00:00;2003-06-09 10:24:13+00:00;3;periodo_1990_1999;avaliacao_media;popularidade_baixa;genero_crime|genero_drama|genero_misterio
1633;Ulee's Gold (1997);Drama;1997;5;4,0;4,0;0,7071067811865475;1998-03-09 18:09:13+00:00;2018-02-22 19:17:35+00:00;1;periodo_1990_1999;avaliacao_alta;popularidade_baixa;genero_drama
1635;Ice Storm, The (1997);Drama;1997;17;3,8823529411764706;4,0;0,9105185981884494;1998-03-09 18:09:39+00:00;2017-06-27 00:01:26+00:00;1;periodo_1990_1999;avaliacao_media;popularidade_media;genero_drama
1639;Chasing Amy (1997);Comedy|Drama|Romance;1997;52;3,576923076923077;4,0;1,0953762688854483;1998-01-17 00:41:06+00:00;2018-01-04 16:04:08+00:00;3;periodo_1990_1999;avaliacao_media;popularidade_alta;genero_comedia|genero_drama|genero_romance
1641;Full Monty, The (1997);Comedy|Drama;1997;56;3,7589285714285716;4,0;0,8474081952345337;1998-03-09 18:08:38+00:00;2018-08-11 00:56:00+00:00;2;periodo_1990_1999;avaliacao_media;popularidade_alta;genero_comedia|genero_drama
1643;Mrs. Brown (a.k.a. Her Majesty, Mrs. Brown) (1997);Drama|Romance;1997;5;3,8;4,0;0,8366600265340756;1998-03-09 18:08:38+00:00;2004-07-09 15:24:55+00:00;2;periodo_1990_1999;avaliacao_media;popularidade_baixa;genero_drama|genero_romance
1644;I Know What You Did Last Summer (1997);Horror|Mystery|Thriller;1997;32;2,109375;2,0;0,9897407203648778;2000-07-30 18:58:56+00:00;2018-09-01 20:36:55+00:00;3;periodo_1990_1999;avaliacao_baixa;popularidade_media;genero_terror|genero_misterio|genero_suspense
1645;The Devil's Advocate (1997);Drama|Mystery|Thriller;1997;51;3,411764705882353;3,5;0,988462858952936;1998-07-19 18:13:09+00:00;2018-07-03 18:11:25+00:00;3;periodo_1990_1999;avaliacao_media;popularidade_alta;genero_drama|genero_misterio|genero_suspense
1646;RocketMan (a.k.a. Rocket Man) (1997);Children|Comedy|Romance|Sci-Fi;1997;7;2,142857142857143;2,0;1,0293317295817757;1998-01-17 00:45:52+00:00;2018-02-22 20:01:47+00:00;4;periodo_1990_1999;avaliacao_baixa;popularidade_baixa;genero_infantil|genero_comedia|genero_romance|genero_ficcao_cientifica
1653;Gattaca (1997);Drama|Sci-Fi|Thriller;1997;86;3,953488372093023;4,0;0,8066922548164499;1998-01-14 10:22:49+00:00;2018-09-01 18:42:54+00:00;3;periodo_1990_1999;avaliacao_media;popularidade_alta;genero_drama|genero_ficcao_cientifica|genero_suspense
1658;Life Less Ordinary, A (1997);Romance|Thriller;1997;8;3,0625;2,5;1,2374368670764582;1999-10-11 15:13:35+00:00;2017-06-26 21:56:49+00:00;2;periodo_1990_1999;avaliacao_media;popularidade_baixa;genero_romance|genero_suspense
1663;Stripes (1981);Comedy|War;1981;34;3,7941176470588234;3,75;0,8449282474361406;1999-11-03 14:59:43+00:00;2017-06-26 22:50:24+00:00;2;periodo_1970_1989;avaliacao_media;popularidade_media;genero_comedia|genero_guerra
1665;Bean (1997);Comedy;1997;16;2,96875;3,0;0,9911062842433535;1998-01-14 10:38:16+00:00;2017-05-08 21:29:08+00:00;1;periodo_1990_1999;avaliacao_baixa;popularidade_media;genero_comedia
1667;Mad City (1997);Action|Drama;1997;5;2,1;2,0;0,22360679774997894;2000-04-17 03:06:33+00:00;2017-06-26 21:17:54+00:00;2;periodo_1990_1999;avaliacao_baixa;popularidade_baixa;genero_acao|genero_drama
1672;Rainmaker, The (1997);Drama;1997;12;3,375;3,5;0,7723929758166559;1998-01-14 10:24:58+00:00;2018-02-21 00:14:00+00:00;1;periodo_1990_1999;avaliacao_media;popularidade_media;genero_drama
1673;Boogie Nights (1997);Drama;1997;39;4,076923076923077;4,0;0,7392960871352163;1999-10-12 08:04:08+00:00;2018-09-03 03:03:54+00:00;1;periodo_1990_1999;avaliacao_alta;popularidade_media;genero_drama
1674;Witness (1985);Drama|Romance|Thriller;1985;40;3,65;4,0;0,818065259762795;1999-11-03 14:31:20+00:00;2018-08-11 00:58:54+00:00;3;periodo_1970_1989;avaliacao_media;popularidade_media;genero_drama|genero_romance|genero_suspense
1676;Starship Troopers (1997);Action|Sci-Fi;1997;80;3,33125;3,5;1,093547675681011;1998-01-14 10:37:00+00:00;2018-09-18 01:49:33+00:00;2;periodo_1990_1999;avaliacao_media;popularidade_alta;genero_acao|genero_ficcao_cientifica
1678;Joy Luck Club, The (1993);Drama|Romance;1993;10;3,5;3,5;0,8498365855987975;1999-10-12 08:03:34+00:00;2009-05-14 08:29:41+00:00;2;periodo_1990_1999;avaliacao_media;popularidade_media;genero_drama|genero_romance
1680;Sliding Doors (1998);Drama|Romance;1998;25;3,6;3,5;0,9013878188659973;1999-07-28 13:10:54+00:00;2017-02-24 16:37:07+00:00;2;periodo_1990_1999;avaliacao_media;popularidade_media;genero_drama|genero_romance
1681;Mortal Kombat: Annihilation (1997);Action|Adventure|Fantasy;1997;7;1,9285714285714286;2,0;0,9759000729485331;2000-08-08 04:50:20+00:00;2018-01-05 14:49:08+00:00;3;periodo_1990_1999;avaliacao_baixa;popularidade_baixa;genero_acao|genero_aventura|genero_fantasia
1682;Truman Show, The (1998);Comedy|Drama|Sci-Fi;1998;125;3,812;4,0;0,8295548748109317;1999-03-23 22:00:35+00:00;2018-08-10 03:39:41+00:00;3;periodo_1990_1999;avaliacao_media;popularidade_alta;genero_comedia|genero_drama|genero_ficcao_cientifica
1683;Wings of the Dove, The (1997);Drama|Romance;1997;6;4,416666666666667;4,75;0,8010409893798611;1998-03-09 18:11:18+00:00;2003-05-15 17:53:40+00:00;2;periodo_1990_1999;avaliacao_alta;popularidade_baixa;genero_drama|genero_romance
1687;Jackal, The (1997);Action|Thriller;1997;18;3,2222222222222223;3,0;1,0463131662318244;1998-01-14 10:32:20+00:00;2017-06-30 04:31:38+00:00;2;periodo_1990_1999;avaliacao_media;popularidade_media;genero_acao|genero_suspense
1688;Anastasia (1997);Adventure|Animation|Children|Drama|Musical;1997;20;3,35;3,0;0,6901563514694944;1998-05-02 23:17:07+00:00;2018-09-01 18:37:42+00:00;5;periodo_1990_1999;avaliacao_media;popularidade_media;genero_aventura|genero_animacao|genero_infantil|genero_drama|genero_musical
1689;Man Who Knew Too Little, The (1997);Comedy|Crime|Thriller;1997;7;2,2142857142857144;2,0;0,9940297973880049;1999-10-13 22:25:46+00:00;2018-02-20 16:34:38+00:00;3;periodo_1990_1999;avaliacao_baixa;popularidade_baixa;genero_comedia|genero_crime|genero_suspense
1690;Alien: Resurrection (1997);Action|Horror|Sci-Fi;1997;45;2,922222222222222;3,0;0,999747442854919;1997-12-29 07:40:21+00:00;2018-09-01 20:30:15+00:00;3;periodo_1990_1999;avaliacao_baixa;popularidade_media;genero_acao|genero_terror|genero_ficcao_cientifica
1693;Amistad (1997);Drama|Mystery;1997;19;3,5;3,5;0,8660254037844385;1998-01-14 10:22:49+00:00;2017-06-26 22:57:37+00:00;2;periodo_1990_1999;avaliacao_media;popularidade_media;genero_drama|genero_misterio
1694;Apostle, The (1997);Drama;1997;7;3,0;3,0;1,0;1998-03-09 18:13:05+00:00;2017-06-27 01:02:28+00:00;1;periodo_1990_1999;avaliacao_media;popularidade_baixa;genero_drama
1701;Deconstructing Harry (1997);Comedy|Drama;1997;8;3,875;4,0;0,9910312089651148;1999-10-19 19:39:32+00:00;2017-06-26 23:59:19+00:00;2;periodo_1990_1999;avaliacao_media;popularidade_baixa;genero_comedia|genero_drama
1702;Flubber (1997);Children|Comedy|Fantasy;1997;16;3,0;3,0;0,9128709291752769;2000-08-08 03:12:11+00:00;2018-02-17 21:46:16+00:00;3;periodo_1990_1999;avaliacao_media;popularidade_media;genero_infantil|genero_comedia|genero_fantasia
1703;For Richer or Poorer (1997);Comedy;1997;5;2,9;3,0;0,8944271909999159;2000-04-17 04:20:05+00:00;2018-02-23 00:41:41+00:00;1;periodo_1990_1999;avaliacao_baixa;popularidade_baixa;genero_comedia
1704;Good Will Hunting (1997);Drama|Romance;1997;141;4,078014184397163;4,0;0,7775503840892666;1998-03-09 18:07:42+00:00;2018-09-01 18:45:13+00:00;2;periodo_1990_1999;avaliacao_alta;popularidade_alta;genero_drama|genero_romance
1707;Home Alone 3 (1997);Children|Comedy;1997;8;1,875;1,25;1,1572751247156894;2000-08-18 10:59:15+00:00;2010-02-26 02:21:04+00:00;2;periodo_1990_1999;avaliacao_baixa;popularidade_baixa;genero_infantil|genero_comedia
1711;Midnight in the Garden of Good and Evil (1997);Crime|Drama|Mystery;1997;24;3,1041666666666665;3,0;1,2851929872562928;1998-01-14 10:38:40+00:00;2017-06-27 05:49:09+00:00;3;periodo_1990_1999;avaliacao_media;popularidade_media;genero_crime|genero_drama|genero_misterio
1713;Mouse Hunt (1997);Children|Comedy;1997;7;3,0714285714285716;3,0;0,8864052604279182;2000-04-17 04:21:15+00:00;2017-06-26 22:16:13+00:00;2;periodo_1990_1999;avaliacao_media;popularidade_baixa;genero_infantil|genero_comedia
1717;Scream 2 (1997);Comedy|Horror|Mystery|Thriller;1997;31;2,9193548387096775;3,0;1,0008061266927808;1998-05-03 17:45:32+00:00;2018-08-10 04:19:16+00:00;4;periodo_1990_1999;avaliacao_baixa;popularidade_media;genero_comedia|genero_terror|genero_misterio|genero_suspense
1719;Sweet Hereafter, The (1997);Drama;1997;16;4,25;4,0;0,7527726527090811;1998-03-09 18:10:06+00:00;2018-02-24 12:38:58+00:00;1;periodo_1990_1999;avaliacao_alta;popularidade_media;genero_drama
1721;Titanic (1997);Drama|Romance;1997;140;3,414285714285714;3,5;1,0524771347724904;1998-01-14 10:27:27+00:00;2018-08-11 02:24:37+00:00;2;periodo_1990_1999;avaliacao_media;popularidade_alta;genero_drama|genero_romance
1722;Tomorrow Never Dies (1997);Action|Adventure|Thriller;1997;45;3,066666666666667;3,0;0,9977246841962695;1998-05-03 17:45:48+00:00;2018-09-01 20:24:36+00:00;3;periodo_1990_1999;avaliacao_media;popularidade_media;genero_acao|genero_aventura|genero_suspense
1726;Postman, The (1997);Action|Adventure|Drama|Sci-Fi;1997;13;2,6923076923076925;2,5;1,1996260100975487;1998-05-03 17:45:48+00:00;2017-06-26 22:59:55+00:00;4;periodo_1990_1999;avaliacao_baixa;popularidade_media;genero_acao|genero_aventura|genero_drama|genero_ficcao_cientifica
1729;Jackie Brown (1997);Crime|Drama|Thriller;1997;48;3,6979166666666665;4,0;0,7051450984932662;1998-01-14 10:22:49+00:00;2018-02-16 08:00:25+00:00;3;periodo_1990_1999;avaliacao_media;popularidade_media;genero_crime|genero_drama|genero_suspense
1732;Big Lebowski, The (1998);Comedy|Crime;1998;106;3,9245283018867925;4,0;1,137650990146737;1998-07-19 18:13:42+00:00;2018-07-21 23:06:51+00:00;2;periodo_1990_1999;avaliacao_media;popularidade_alta;genero_comedia|genero_crime
1734;My Life in Pink (Ma vie en rose) (1997);Comedy|Drama;1997;9;4,055555555555555;4,0;0,8819171036881968;2000-07-25 15:35:57+00:00;2010-10-09 16:54:25+00:00;2;periodo_1990_1999;avaliacao_alta;popularidade_baixa;genero_comedia|genero_drama
1735;Great Expectations (1998);Drama|Romance;1998;11;3,3181818181818183;3,5;0,9816498172140428;2000-03-31 06:04:26+00:00;2017-06-27 01:04:35+00:00;2;periodo_1990_1999;avaliacao_media;popularidade_media;genero_drama|genero_romance
1747;Wag the Dog (1997);Comedy;1997;31;3,338709677419355;3,0;0,9520775246287594;1998-01-17 00:38:11+00:00;2017-06-26 23:56:00+00:00;1;periodo_1990_1999;avaliacao_media;popularidade_media;genero_comedia
1748;Dark City (1998);Adventure|Film-Noir|Sci-Fi|Thriller;1998;48;3,8229166666666665;4,0;0,9592194484864296;1999-10-29 15:36:57+00:00;2018-09-01 20:30:17+00:00;4;periodo_1990_1999;avaliacao_media;popularidade_media;genero_aventura|genero_film_noir|genero_ficcao_cientifica|genero_suspense
1753;Half Baked (1998);Comedy;1998;16;3,59375;3,75;0,9868932735272509;2000-01-29 02:03:59+00:00;2017-06-26 22:34:57+00:00;1;periodo_1990_1999;avaliacao_media;popularidade_media;genero_comedia
1754;Fallen (1998);Crime|Drama|Fantasy|Thriller;1998;15;3,5;3,5;0,9063269671749656;1998-01-17 00:42:48+00:00;2009-05-11 09:02:08+00:00;4;periodo_1990_1999;avaliacao_media;popularidade_media;genero_crime|genero_drama|genero_fantasia|genero_suspense
1755;Shooting Fish (1997);Comedy|Romance;1997;5;4,1;4,0;0,7416198487095662;2000-01-09 23:58:18+00:00;2010-12-11 18:53:52+00:00;2;periodo_1990_1999;avaliacao_alta;popularidade_baixa;genero_comedia|genero_romance
1760;Spice World (1997);Comedy;1997;10;1,35;1,0;0,944281031614353;1999-12-11 08:26:10+00:00;2017-05-08 21:30:06+00:00;1;periodo_1990_1999;avaliacao_baixa;popularidade_media;genero_comedia
1762;Deep Rising (1998);Action|Horror|Sci-Fi;1998;5;2,3;2,0;1,0954451150103321;2000-04-17 03:13:21+00:00;2017-06-26 20:50:48+00:00;3;periodo_1990_1999;avaliacao_baixa;popularidade_baixa;genero_acao|genero_terror|genero_ficcao_cientifica
1769;Replacement Killers, The (1998);Action|Crime|Thriller;1998;14;2,9285714285714284;3,0;0,7559289460184544;1999-11-04 15:32:56+00:00;2017-06-26 22:49:22+00:00;3;periodo_1990_1999;avaliacao_baixa;popularidade_media;genero_acao|genero_crime|genero_suspense
1772;Blues Brothers 2000 (1998);Action|Comedy|Musical;1998;12;2,7083333333333335;2,75;1,075730900224108;1999-12-12 06:26:08+00:00;2015-08-27 09:54:52+00:00;3;periodo_1990_1999;avaliacao_baixa;popularidade_media;genero_acao|genero_comedia|genero_musical
1777;Wedding Singer, The (1998);Comedy|Romance;1998;56;3,419642857142857;3,5;0,8133923671003699;1998-05-03 17:46:10+00:00;2018-01-17 02:09:57+00:00;2;periodo_1990_1999;avaliacao_media;popularidade_alta;genero_comedia|genero_romance
1779;Sphere (1998);Sci-Fi|Thriller;1998;23;2,760869565217391;3,0;0,91539317456032;1999-11-18 17:37:14+00:00;2017-06-26 22:36:46+00:00;2;periodo_1990_1999;avaliacao_baixa;popularidade_media;genero_ficcao_cientifica|genero_suspense
1783;Palmetto (1998);Crime|Drama|Mystery|Romance|Thriller;1998;5;2,8;3,0;1,0954451150103324;1999-10-14 10:44:21+00:00;2005-05-30 05:19:45+00:00;5;periodo_1990_1999;avaliacao_baixa;popularidade_baixa;genero_crime|genero_drama|genero_misterio|genero_romance|genero_suspense
1784;As Good as It Gets (1997);Comedy|Drama|Romance;1997;96;3,6979166666666665;4,0;0,8899413542672843;1998-05-03 17:46:10+00:00;2018-08-11 00:54:57+00:00;3;periodo_1990_1999;avaliacao_media;popularidade_alta;genero_comedia|genero_drama|genero_romance
1785;King of New York (1990);Crime|Thriller;1990;5;3,9;4,0;0,7416198487095663;2000-06-20 15:41:24+00:00;2009-05-11 08:59:43+00:00;2;periodo_1990_1999;avaliacao_media;popularidade_baixa;genero_crime|genero_suspense
1792;U.S. Marshals (1998);Action|Crime|Thriller;1998;23;3,0217391304347827;3,0;1,071089726204592;2000-04-17 03:16:25+00:00;2017-06-26 22:05:22+00:00;3;periodo_1990_1999;avaliacao_media;popularidade_media;genero_acao|genero_crime|genero_suspense
1797;Everest (1998);Documentary|IMAX;1998;6;4,25;4,25;0,758287544405155;1999-10-05 09:14:28+00:00;2006-12-08 01:06:58+00:00;2;periodo_1990_1999;avaliacao_alta;popularidade_baixa;genero_documentario|genero_imax
1799;Suicide Kings (1997);Comedy|Crime|Drama|Mystery|Thriller;1997;13;3,423076923076923;3,0;0,7025594235292438;1999-10-12 08:03:00+00:00;2017-06-28 02:04:54+00:00;5;periodo_1990_1999;avaliacao_media;popularidade_media;genero_comedia|genero_crime|genero_drama|genero_misterio|genero_suspense
1801;Man in the Iron Mask, The (1998);Action|Adventure|Drama;1998;25;3,5;3,5;0,82915619758885;1999-10-12 08:12:35+00:00;2018-09-01 20:44:49+00:00;3;periodo_1990_1999;avaliacao_media;popularidade_media;genero_acao|genero_aventura|genero_drama
1805;Wild Things (1998);Crime|Drama|Mystery|Thriller;1998;31;3,0161290322580645;3,0;1,0366924243938986;1998-05-03 17:45:48+00:00;2018-09-01 20:39:20+00:00;4;periodo_1990_1999;avaliacao_media;popularidade_media;genero_crime|genero_drama|genero_misterio|genero_suspense
1806;Paulie (1998);Adventure|Children|Comedy;1998;8;2,3125;2,0;0,7989949043284676;2000-04-17 03:29:37+00:00;2017-05-19 23:05:26+00:00;3;periodo_1990_1999;avaliacao_baixa;popularidade_baixa;genero_aventura|genero_infantil|genero_comedia
1809;Fireworks (Hana-bi) (1997);Crime|Drama;1997;6;4,0;3,75;0,8366600265340756;2000-07-09 21:30:12+00:00;2015-11-15 11:24:06+00:00;2;periodo_1990_1999;avaliacao_alta;popularidade_baixa;genero_crime|genero_drama
1810;Primary Colors (1998);Comedy|Drama;1998;11;3,5;3,5;0,6324555320336759;1998-05-03 17:46:10+00:00;2017-06-26 18:24:44+00:00;2;periodo_1990_1999;avaliacao_media;popularidade_media;genero_comedia|genero_drama
1821;Object of My Affection, The (1998);Comedy|Romance;1998;6;2,6666666666666665;3,0;0,5163977794943222;1998-05-03 17:46:10+00:00;2012-07-14 01:10:25+00:00;2;periodo_1990_1999;avaliacao_baixa;popularidade_baixa;genero_comedia|genero_romance
1831;Lost in Space (1998);Action|Adventure|Sci-Fi;1998;29;2,4482758620689653;2,5;1,0207212749728822;1998-08-02 19:10:33+00:00;2018-09-01 20:39:23+00:00;3;periodo_1990_1999;avaliacao_baixa;popularidade_media;genero_acao|genero_aventura|genero_ficcao_cientifica
1833;Mercury Rising (1998);Action|Drama|Thriller;1998;13;3,0;3,0;0,816496580927726;2000-04-17 03:05:41+00:00;2018-06-25 04:46:49+00:00;3;periodo_1990_1999;avaliacao_media;popularidade_media;genero_acao|genero_drama|genero_suspense
1834;Spanish Prisoner, The (1997);Crime|Drama|Mystery|Thriller;1997;11;4,0;4,0;0,6708203932499369;1999-12-14 12:22:14+00:00;2017-06-27 05:47:51+00:00;4;periodo_1990_1999;avaliacao_alta;popularidade_media;genero_crime|genero_drama|genero_misterio|genero_suspense
1835;City of Angels (1998);Drama|Fantasy|Romance;1998;17;3,3823529411764706;3,0;0,9275204136012635;1998-05-03 17:45:48+00:00;2018-09-01 21:08:18+00:00;3;periodo_1990_1999;avaliacao_media;popularidade_media;genero_drama|genero_fantasia|genero_romance
1840;He Got Game (1998);Drama;1998;7;3,2142857142857144;3,0;0,809173593712687;1998-07-23 13:21:51+00:00;2018-02-21 02:03:22+00:00;1;periodo_1990_1999;avaliacao_media;popularidade_baixa;genero_drama
1845;Zero Effect (1998);Comedy|Mystery|Thriller;1998;15;3,966666666666667;4,0;0,7432233529572065;1999-10-19 19:42:30+00:00;2018-02-20 09:39:01+00:00;3;periodo_1990_1999;avaliacao_media;popularidade_media;genero_comedia|genero_misterio|genero_suspense
1848;Borrowers, The (1997);Adventure|Children|Comedy|Fantasy;1997;12;3,0416666666666665;3,0;0,6200562046860728;1999-10-05 09:02:57+00:00;2017-05-08 21:32:37+00:00;4;periodo_1990_1999;avaliacao_media;popularidade_media;genero_aventura|genero_infantil|genero_comedia|genero_fantasia
1855;Krippendorf's Tribe (1998);Comedy;1998;7;2,5714285714285716;2,0;0,7867957924694431;1999-02-15 08:30:10+00:00;2018-02-20 04:59:47+00:00;1;periodo_1990_1999;avaliacao_baixa;popularidade_baixa;genero_comedia
1858;Mr. Nice Guy (Yat goh ho yan) (1997);Action|Comedy;1997;8;2,5625;2,5;0,5629958132298016;2000-04-17 03:04:27+00:00;2017-06-26 22:31:49+00:00;2;periodo_1990_1999;avaliacao_baixa;popularidade_baixa;genero_acao|genero_comedia
1862;Species II (1998);Horror|Sci-Fi;1998;9;1,9444444444444444;2,0;0,982485510212633;2000-02-16 22:45:11+00:00;2017-06-26 19:09:49+00:00;2;periodo_1990_1999;avaliacao_baixa;popularidade_baixa;genero_terror|genero_ficcao_cientifica
1863;Major League: Back to the Minors (1998);Comedy;1998;7;2,4285714285714284;2,0;0,5345224838248488;2000-05-29 18:32:47+00:00;2010-11-04 10:22:53+00:00;1;periodo_1990_1999;avaliacao_baixa;popularidade_baixa;genero_comedia
1866;Big Hit, The (1998);Action|Comedy|Crime;1998;7;2,9285714285714284;3,0;1,5660079668957474;1999-12-20 06:10:08+00:00;2017-06-26 18:46:26+00:00;3;periodo_1990_1999;avaliacao_baixa;popularidade_baixa;genero_acao|genero_comedia|genero_crime
1873;Misérables, Les (1998);Crime|Drama|Romance|War;1998;10;3,75;3,5;0,8249579113843056;1999-10-20 01:52:54+00:00;2018-02-21 17:41:23+00:00;4;periodo_1990_1999;avaliacao_media;popularidade_media;genero_crime|genero_drama|genero_romance|genero_guerra
1875;Clockwatchers (1997);Comedy;1997;6;3,9166666666666665;4,0;0,6645800679125629;2000-04-17 01:36:11+00:00;2003-06-23 12:43:52+00:00;1;periodo_1990_1999;avaliacao_media;popularidade_baixa;genero_comedia
1876;Deep Impact (1998);Drama|Sci-Fi|Thriller;1998;43;3,0697674418604652;3,0;0,9035735624310024;1999-03-17 00:52:45+00:00;2018-09-01 20:24:39+00:00;3;periodo_1990_1999;avaliacao_media;popularidade_media;genero_drama|genero_ficcao_cientifica|genero_suspense
1882;Godzilla (1998);Action|Sci-Fi|Thriller;1998;33;1,9545454545454546;2,0;0,8419066564541572;1998-07-23 13:22:23+00:00;2018-09-01 20:34:33+00:00;3;periodo_1990_1999;avaliacao_baixa;popularidade_media;genero_acao|genero_ficcao_cientifica|genero_suspense
1883;Bulworth (1998);Comedy|Drama|Romance;1998;24;3,2708333333333335;3,5;1,2681651129183409;1999-10-05 09:07:18+00:00;2017-06-26 17:54:57+00:00;3;periodo_1990_1999;avaliacao_media;popularidade_media;genero_comedia|genero_drama|genero_romance
1884;Fear and Loathing in Las Vegas (1998);Adventure|Comedy|Drama;1998;46;3,967391304347826;4,0;0,8459194466052471;1999-12-11 05:53:17+00:00;2018-06-18 15:02:46+00:00;3;periodo_1990_1999;avaliacao_media;popularidade_media;genero_aventura|genero_comedia|genero_drama
1885;Opposite of Sex, The (1998);Comedy|Drama|Romance;1998;12;3,125;3,0;1,1306675421666135;1999-10-12 08:02:49+00:00;2010-03-20 21:55:23+00:00;3;periodo_1990_1999;avaliacao_media;popularidade_media;genero_comedia|genero_drama|genero_romance
1889;Insomnia (1997);Drama|Mystery|Thriller;1997;8;3,75;3,75;0,6546536707079772;2001-07-15 02:49:14+00:00;2017-05-08 21:32:02+00:00;3;periodo_1990_1999;avaliacao_media;popularidade_baixa;genero_drama|genero_misterio|genero_suspense
1892;Perfect Murder, A (1998);Thriller;1998;16;3,28125;3,25;0,836037279870541;1999-10-17 17:23:03+00:00;2018-02-17 09:19:04+00:00;1;periodo_1990_1999;avaliacao_media;popularidade_media;genero_suspense
1894;Six Days Seven Nights (1998);Adventure|Comedy|Romance;1998;16;2,84375;3,0;0,7899103324639659;1999-11-18 17:36:28+00:00;2018-02-21 02:29:35+00:00;3;periodo_1990_1999;avaliacao_baixa;popularidade_media;genero_aventura|genero_comedia|genero_romance
1895;Can't Hardly Wait (1998);Comedy|Drama|Romance;1998;15;3,3333333333333335;4,0;1,0118347314702751;1999-12-19 18:46:19+00:00;2018-01-31 23:26:30+00:00;3;periodo_1990_1999;avaliacao_media;popularidade_media;genero_comedia|genero_drama|genero_romance
1907;Mulan (1998);Adventure|Animation|Children|Comedy|Drama|Musical|Romance;1998;45;3,566666666666667;3,5;0,7948699150289825;1999-02-28 11:29:10+00:00;2018-08-31 10:00:51+00:00;7;periodo_1990_1999;avaliacao_media;popularidade_media;genero_aventura|genero_animacao|genero_infantil|genero_comedia|genero_drama|genero_musical|genero_romance
1909;X-Files: Fight the Future, The (1998);Action|Crime|Mystery|Sci-Fi|Thriller;1998;42;3,4404761904761907;3,5;0,9383585886443916;1998-08-10 10:37:08+00:00;2018-09-01 20:24:41+00:00;5;periodo_1990_1999;avaliacao_media;popularidade_media;genero_acao|genero_crime|genero_misterio|genero_ficcao_cientifica|genero_suspense
1911;Dr. Dolittle (1998);Comedy;1998;32;2,609375;3,0;0,8588662350316372;1999-10-17 20:56:52+00:00;2018-09-01 20:39:25+00:00;1;periodo_1990_1999;avaliacao_baixa;popularidade_media;genero_comedia
1912;Out of Sight (1998);Comedy|Crime|Drama|Romance|Thriller;1998;32;3,859375;4,0;1,0490731316185118;1999-10-02 13:02:28+00:00;2018-09-01 20:39:31+00:00;5;periodo_1990_1999;avaliacao_media;popularidade_media;genero_comedia|genero_crime|genero_drama|genero_romance|genero_suspense
1914;Smoke Signals (1998);Comedy|Drama;1998;9;3,388888888888889;4,0;1,1118053386771944;1999-10-05 09:06:37+00:00;2012-12-11 00:16:23+00:00;2;periodo_1990_1999;avaliacao_media;popularidade_baixa;genero_comedia|genero_drama
1916;Buffalo '66 (a.k.a. Buffalo 66) (1998);Drama|Romance;1998;12;3,4166666666666665;3,5;1,378954368902449;1999-10-20 12:04:54+00:00;2018-05-02 17:29:34+00:00;2;periodo_1990_1999;avaliacao_media;popularidade_media;genero_drama|genero_romance
1917;Armageddon (1998);Action|Romance|Sci-Fi|Thriller;1998;92;3,0543478260869565;3,0;1,105571608257119;1998-07-23 13:20:37+00:00;2018-03-18 18:26:58+00:00;4;periodo_1990_1999;avaliacao_media;popularidade_alta;genero_acao|genero_romance|genero_ficcao_cientifica|genero_suspense
1918;Lethal Weapon 4 (1998);Action|Comedy|Crime|Thriller;1998;33;2,8484848484848486;3,0;0,9801534357312418;1998-07-23 13:21:10+00:00;2017-12-13 02:28:47+00:00;4;periodo_1990_1999;avaliacao_baixa;popularidade_media;genero_acao|genero_comedia|genero_crime|genero_suspense
1919;Madeline (1998);Children|Comedy;1998;5;2,5;3,0;1,0;2000-08-08 03:32:52+00:00;2005-01-27 19:31:00+00:00;2;periodo_1990_1999;avaliacao_baixa;popularidade_baixa;genero_infantil|genero_comedia
1920;Small Soldiers (1998);Animation|Children|Fantasy|War;1998;18;2,8333333333333335;3,0;0,9235481451827988;2000-04-17 03:38:18+00:00;2017-06-27 04:23:21+00:00;4;periodo_1990_1999;avaliacao_baixa;popularidade_media;genero_animacao|genero_infantil|genero_fantasia|genero_guerra
1921;Pi (1998);Drama|Sci-Fi|Thriller;1998;47;3,851063829787234;4,0;0,839998017706132;2000-02-16 22:40:18+00:00;2018-06-18 15:07:13+00:00;3;periodo_1990_1999;avaliacao_media;popularidade_media;genero_drama|genero_ficcao_cientifica|genero_suspense
1923;There's Something About Mary (1998);Comedy|Romance;1998;105;3,676190476190476;4,0;0,871506631944823;1998-08-30 20:53:48+00:00;2018-03-07 07:47:09+00:00;2;periodo_1990_1999;avaliacao_media;popularidade_alta;genero_comedia|genero_romance
1924;Plan 9 from Outer Space (1959);Horror|Sci-Fi;1959;8;3,1875;3,0;1,066954946163547;2000-08-03 20:50:12+00:00;2016-03-01 23:35:33+00:00;2;periodo_1950_1969;avaliacao_media;popularidade_baixa;genero_terror|genero_ficcao_cientifica
1927;All Quiet on the Western Front (1930);Action|Drama|War;1930;10;4,35;4,5;0,6687467549246292;2000-03-21 03:38:43+00:00;2012-06-22 05:38:15+00:00;3;periodo_antes_1950;avaliacao_alta;popularidade_media;genero_acao|genero_drama|genero_guerra
1931;Mutiny on the Bounty (1935);Adventure|Drama;1935;6;4,166666666666667;4,0;0,408248290463863;1999-12-23 16:15:17+00:00;2015-06-29 00:57:09+00:00;2;periodo_antes_1950;avaliacao_alta;popularidade_baixa;genero_aventura|genero_drama
1939;Best Years of Our Lives, The (1946);Drama|War;1946;8;4,0625;4,0;0,8634441002668988;1999-12-23 16:22:38+00:00;2015-06-29 00:16:11+00:00;2;periodo_antes_1950;avaliacao_alta;popularidade_baixa;genero_drama|genero_guerra
1944;From Here to Eternity (1953);Drama|Romance|War;1953;11;3,9545454545454546;4,0;0,5680909018170178;2000-03-21 03:39:14+00:00;2012-04-05 20:20:08+00:00;3;periodo_1950_1969;avaliacao_media;popularidade_media;genero_drama|genero_romance|genero_guerra
1945;On the Waterfront (1954);Crime|Drama;1954;24;4,1875;4,5;0,953397813771538;1999-10-19 19:43:18+00:00;2018-07-03 21:48:50+00:00;2;periodo_1950_1969;avaliacao_alta;popularidade_media;genero_crime|genero_drama
1947;West Side Story (1961);Drama|Musical|Romance;1961;34;3,6029411764705883;4,0;1,2171714089885532;1999-10-14 16:48:20+00:00;2018-08-12 05:30:33+00:00;3;periodo_1950_1969;avaliacao_media;popularidade_media;genero_drama|genero_musical|genero_romance
1948;Tom Jones (1963);Adventure|Comedy|Romance;1963;7;3,642857142857143;4,0;0,475594865605671;2000-01-02 07:49:35+00:00;2010-02-17 07:05:40+00:00;3;periodo_1950_1969;avaliacao_media;popularidade_baixa;genero_aventura|genero_comedia|genero_romance
1949;Man for All Seasons, A (1966);Drama;1966;6;4,333333333333333;4,5;0,816496580927726;1999-10-14 17:04:21+00:00;2012-09-25 22:22:51+00:00;1;periodo_1950_1969;avaliacao_alta;popularidade_baixa;genero_drama
1950;In the Heat of the Night (1967);Drama|Mystery;1967;11;4,181818181818182;4,0;0,5600324665913252;1999-12-22 19:16:46+00:00;2017-06-26 18:15:07+00:00;2;periodo_1950_1969;avaliacao_alta;popularidade_media;genero_drama|genero_misterio
1951;Oliver! (1968);Drama|Musical;1968;7;3,5714285714285716;4,0;0,9759000729485331;1999-12-11 08:19:05+00:00;2018-02-20 17:15:23+00:00;2;periodo_1950_1969;avaliacao_media;popularidade_baixa;genero_drama|genero_musical
1952;Midnight Cowboy (1969);Drama;1969;22;3,9545454545454546;4,0;1,0568269096134508;1999-12-22 19:07:56+00:00;2017-06-27 02:57:27+00:00;1;periodo_1950_1969;avaliacao_media;popularidade_media;genero_drama
1953;French Connection, The (1971);Action|Crime|Thriller;1971;39;3,871794871794872;4,0;0,784034343349803;1999-10-05 09:10:47+00:00;2017-06-27 05:05:23+00:00;3;periodo_1970_1989;avaliacao_media;popularidade_media;genero_acao|genero_crime|genero_suspense
1954;Rocky (1976);Drama;1976;64;3,828125;4,0;1,0166032376778775;1999-10-20 12:04:54+00:00;2018-08-10 03:39:58+00:00;1;periodo_1970_1989;avaliacao_media;popularidade_alta;genero_drama
1955;Kramer vs. Kramer (1979);Drama;1979;14;3,892857142857143;4,0;0,6844023622158192;1999-11-03 14:48:25+00:00;2017-02-24 16:22:05+00:00;1;periodo_1970_1989;avaliacao_media;popularidade_media;genero_drama
1956;Ordinary People (1980);Drama;1980;12;4,0;4,0;0,8790490729915326;1999-10-19 19:45:25+00:00;2012-09-25 22:26:58+00:00;1;periodo_1970_1989;avaliacao_alta;popularidade_media;genero_drama
1957;Chariots of Fire (1981);Drama;1981;13;4,038461538461538;4,0;0,7205766921228921;1999-11-03 14:31:20+00:00;2007-05-14 16:19:52+00:00;1;periodo_1970_1989;avaliacao_alta;popularidade_media;genero_drama
1958;Terms of Endearment (1983);Comedy|Drama;1983;22;3,7954545454545454;4,0;0,9342566552267625;1999-10-17 17:24:04+00:00;2018-04-11 17:37:19+00:00;2;periodo_1970_1989;avaliacao_media;popularidade_media;genero_comedia|genero_drama
1959;Out of Africa (1985);Drama|Romance;1985;15;3,6666666666666665;3,5;0,6172133998483676;1999-11-03 14:40:06+00:00;2018-02-20 15:13:54+00:00;2;periodo_1970_1989;avaliacao_media;popularidade_media;genero_drama|genero_romance
1960;Last Emperor, The (1987);Drama;1987;26;3,6923076923076925;4,0;0,8375789285425352;1999-12-23 16:27:12+00:00;2018-02-20 11:24:40+00:00;1;periodo_1970_1989;avaliacao_media;popularidade_media;genero_drama
1961;Rain Man (1988);Drama;1988;96;3,8072916666666665;4,0;0,7826062788652403;1999-11-03 14:32:16+00:00;2018-09-01 18:41:06+00:00;1;periodo_1970_1989;avaliacao_media;popularidade_alta;genero_drama
1962;Driving Miss Daisy (1989);Drama;1989;23;3,739130434782609;4,0;0,9277240628327441;1999-11-03 14:32:16+00:00;2018-08-10 03:40:43+00:00;1;periodo_1970_1989;avaliacao_media;popularidade_media;genero_drama
1963;Take the Money and Run (1969);Comedy|Crime;1969;11;3,3636363636363638;3,5;0,9770084209183943;1999-10-13 22:19:43+00:00;2015-11-15 10:50:35+00:00;2;periodo_1950_1969;avaliacao_media;popularidade_media;genero_comedia|genero_crime
1964;Klute (1971);Drama|Mystery;1971;6;4,083333333333333;4,0;0,8010409893798609;1999-10-17 15:24:48+00:00;2010-02-27 02:35:07+00:00;2;periodo_1970_1989;avaliacao_alta;popularidade_baixa;genero_drama|genero_misterio
1965;Repo Man (1984);Comedy|Sci-Fi;1984;21;3,380952380952381;4,0;0,9862145038575776;1998-08-02 19:06:38+00:00;2017-06-26 23:04:47+00:00;2;periodo_1970_1989;avaliacao_media;popularidade_media;genero_comedia|genero_ficcao_cientifica
1966;Metropolitan (1990);Comedy;1990;8;3,625;4,0;1,0606601717798212;1999-10-02 13:01:12+00:00;2003-03-31 02:48:03+00:00;1;periodo_1990_1999;avaliacao_media;popularidade_baixa;genero_comedia
1967;Labyrinth (1986);Adventure|Fantasy|Musical;1986;42;3,8214285714285716;4,0;0,9488210179174005;1999-11-03 00:52:44+00:00;2018-02-19 08:37:27+00:00;3;periodo_1970_1989;avaliacao_media;popularidade_media;genero_aventura|genero_fantasia|genero_musical
1968;Breakfast Club, The (1985);Comedy|Drama;1985;113;3,7787610619469025;4,0;0,8887643235166479;1999-10-13 10:33:07+00:00;2018-09-01 18:39:00+00:00;2;periodo_1970_1989;avaliacao_media;popularidade_alta;genero_comedia|genero_drama
1969;Nightmare on Elm Street 2: Freddy's Revenge, A (1985);Horror;1985;10;2,35;2,25;0,9442810316143531;2000-08-21 23:30:50+00:00;2018-08-10 04:20:02+00:00;1;periodo_1970_1989;avaliacao_baixa;popularidade_media;genero_terror
1970;Nightmare on Elm Street 3: Dream Warriors, A (1987);Horror|Thriller;1987;12;2,9166666666666665;3,0;0,9731236802019037;2000-01-30 19:43:50+00:00;2018-03-27 12:44:47+00:00;2;periodo_1970_1989;avaliacao_baixa;popularidade_media;genero_terror|genero_suspense
1971;Nightmare on Elm Street 4: The Dream Master, A (1988);Horror|Thriller;1988;7;2,4285714285714284;2,5;1,0177004891982149;2000-08-08 03:29:07+00:00;2007-05-14 20:59:13+00:00;2;periodo_1970_1989;avaliacao_baixa;popularidade_baixa;genero_terror|genero_suspense
1972;Nightmare on Elm Street 5: The Dream Child, A (1989);Horror;1989;7;2,142857142857143;2,0;1,3758114488755875;2000-08-08 03:28:21+00:00;2010-07-18 18:13:02+00:00;1;periodo_1970_1989;avaliacao_baixa;popularidade_baixa;genero_terror
1973;Freddy's Dead: The Final Nightmare (Nightmare on Elm Street Part 6: Freddy's Dead, A) (1991);Horror;1991;5;2,2;2,0;0,4472135954999579;2000-08-08 03:28:42+00:00;2007-08-03 20:29:13+00:00;1;periodo_1990_1999;avaliacao_baixa;popularidade_baixa;genero_terror
1974;Friday the 13th (1980);Horror|Mystery|Thriller;1980;16;2,875;3,0;1,27148207485071;2000-01-30 19:42:49+00:00;2018-08-10 04:17:40+00:00;3;periodo_1970_1989;avaliacao_baixa;popularidade_media;genero_terror|genero_misterio|genero_suspense
1975;Friday the 13th Part 2 (1981);Horror;1981;7;2,5;2,0;1,1180339887498947;2000-01-30 19:42:49+00:00;2018-08-10 04:18:20+00:00;1;periodo_1970_1989;avaliacao_baixa;popularidade_baixa;genero_terror
1976;Friday the 13th Part 3: 3D (1982);Horror;1982;7;2,2142857142857144;2,0;1,2198750911856666;2000-08-21 23:40:09+00:00;2018-08-10 04:20:23+00:00;1;periodo_1970_1989;avaliacao_baixa;popularidade_baixa;genero_terror
1977;Friday the 13th Part IV: The Final Chapter (1984);Horror;1984;6;2,5833333333333335;2,5;0,917423929634859;2000-08-21 23:37:41+00:00;2018-08-12 15:08:16+00:00;1;periodo_1970_1989;avaliacao_baixa;popularidade_baixa;genero_terror
1982;Halloween (1978);Horror;1978;27;3,7222222222222223;4,0;0,9935690651280801;1999-11-03 14:48:25+00:00;2018-08-12 05:44:22+00:00;1;periodo_1970_1989;avaliacao_media;popularidade_media;genero_terror
1983;Halloween II (1981);Horror;1981;5;2,4;2,0;0,5477225575051661;2000-12-06 21:43:37+00:00;2018-09-13 21:39:52+00:00;1;periodo_1970_1989;avaliacao_baixa;popularidade_baixa;genero_terror
1991;Child's Play (1988);Horror|Thriller;1988;12;2,7083333333333335;3,0;0,8106768589869638;2000-06-30 13:32:24+00:00;2018-08-10 04:22:16+00:00;2;periodo_1970_1989;avaliacao_baixa;popularidade_media;genero_terror|genero_suspense
1993;Child's Play 3 (1991);Comedy|Horror|Thriller;1991;5;1,8;2,0;1,0368220676663862;2000-08-21 23:41:28+00:00;2017-06-26 18:46:35+00:00;3;periodo_1990_1999;avaliacao_baixa;popularidade_baixa;genero_comedia|genero_terror|genero_suspense
1994;Poltergeist (1982);Horror|Thriller;1982;47;3,425531914893617;3,5;0,8141327968555365;1999-11-25 23:06:24+00:00;2018-08-10 03:44:12+00:00;2;periodo_1970_1989;avaliacao_media;popularidade_media;genero_terror|genero_suspense
1995;Poltergeist II: The Other Side (1986);Horror|Thriller;1986;6;1,6666666666666667;2,0;0,5163977794943223;2000-08-21 23:36:12+00:00;2007-08-03 20:25:28+00:00;2;periodo_1970_1989;avaliacao_baixa;popularidade_baixa;genero_terror|genero_suspense
1997;Exorcist, The (1973);Horror|Mystery;1973;53;3,80188679245283;4,0;1,0064198860006648;1999-11-03 14:45:14+00:00;2018-08-10 03:39:37+00:00;2;periodo_1970_1989;avaliacao_media;popularidade_alta;genero_terror|genero_misterio
2000;Lethal Weapon (1987);Action|Comedy|Crime|Drama;1987;75;3,6733333333333333;3,5;0,7644700219200323;1999-10-17 17:59:13+00:00;2018-02-27 07:54:41+00:00;4;periodo_1970_1989;avaliacao_media;popularidade_alta;genero_acao|genero_comedia|genero_crime|genero_drama
2001;Lethal Weapon 2 (1989);Action|Comedy|Crime|Drama;1989;47;3,1808510638297873;3,0;0,8686917444646389;1999-10-17 17:59:13+00:00;2017-10-15 23:18:12+00:00;4;periodo_1970_1989;avaliacao_media;popularidade_media;genero_acao|genero_comedia|genero_crime|genero_drama
2002;Lethal Weapon 3 (1992);Action|Comedy|Crime|Drama;1992;46;2,9347826086956523;3,0;0,9809785117828578;1998-08-03 14:26:23+00:00;2018-08-10 23:53:57+00:00;4;periodo_1990_1999;avaliacao_baixa;popularidade_media;genero_acao|genero_comedia|genero_crime|genero_drama
2003;Gremlins (1984);Comedy|Horror;1984;41;3,3780487804878048;3,5;0,920465152822732;1999-10-20 00:49:39+00:00;2018-08-10 04:17:08+00:00;2;periodo_1970_1989;avaliacao_media;popularidade_media;genero_comedia|genero_terror
2004;Gremlins 2: The New Batch (1990);Comedy|Horror;1990;15;3,3333333333333335;3,0;0,7480132415430957;2000-01-30 19:43:50+00:00;2017-06-26 18:17:00+00:00;2;periodo_1990_1999;avaliacao_media;popularidade_media;genero_comedia|genero_terror
2005;Goonies, The (1985);Action|Adventure|Children|Comedy|Fantasy;1985;57;3,5701754385964914;3,5;0,9084847888263304;2000-02-28 16:54:51+00:00;2018-08-11 00:59:40+00:00;5;periodo_1970_1989;avaliacao_media;popularidade_alta;genero_acao|genero_aventura|genero_infantil|genero_comedia|genero_fantasia
2006;Mask of Zorro, The (1998);Action|Comedy|Romance;1998;60;3,1;3,25;1,0325220069883518;1998-12-20 05:44:29+00:00;2018-06-25 03:59:24+00:00;3;periodo_1990_1999;avaliacao_media;popularidade_alta;genero_acao|genero_comedia|genero_romance
2009;Soylent Green (1973);Drama|Mystery|Sci-Fi|Thriller;1973;19;3,473684210526316;3,5;0,5393845312155512;2000-06-01 21:50:18+00:00;2015-06-28 23:59:40+00:00;4;periodo_1970_1989;avaliacao_media;popularidade_media;genero_drama|genero_misterio|genero_ficcao_cientifica|genero_suspense
2010;Metropolis (1927);Drama|Sci-Fi;1927;21;3,857142857142857;4,0;0,7270291799999697;2000-06-20 15:24:58+00:00;2018-09-13 21:14:51+00:00;2;periodo_antes_1950;avaliacao_media;popularidade_media;genero_drama|genero_ficcao_cientifica
2011;Back to the Future Part II (1989);Adventure|Comedy|Sci-Fi;1989;87;3,5057471264367814;3,5;1,0272288667155631;1998-08-02 19:07:16+00:00;2018-08-10 03:42:54+00:00;3;periodo_1970_1989;avaliacao_media;popularidade_alta;genero_aventura|genero_comedia|genero_ficcao_cientifica
2012;Back to the Future Part III (1990);Adventure|Comedy|Sci-Fi|Western;1990;88;3,3693181818181817;3,5;0,9206891415118383;1998-08-02 19:07:16+00:00;2018-03-23 16:27:55+00:00;4;periodo_1990_1999;avaliacao_media;popularidade_alta;genero_aventura|genero_comedia|genero_ficcao_cientifica|genero_faroeste
2013;Poseidon Adventure, The (1972);Action|Adventure|Drama;1972;21;3,0952380952380953;3,0;1,056161062753305;1999-11-03 14:47:13+00:00;2018-08-10 03:32:04+00:00;3;periodo_1970_1989;avaliacao_media;popularidade_media;genero_acao|genero_aventura|genero_drama
2014;Freaky Friday (1977);Children|Comedy|Fantasy;1977;8;2,625;2,5;0,7440238091428449;1999-10-19 19:44:41+00:00;2009-03-22 23:29:39+00:00;3;periodo_1970_1989;avaliacao_baixa;popularidade_baixa;genero_infantil|genero_comedia|genero_fantasia
2015;Absent-Minded Professor, The (1961);Children|Comedy|Fantasy;1961;9;3,388888888888889;3,5;0,4166666666666667;1999-10-14 17:32:02+00:00;2012-06-22 05:24:34+00:00;3;periodo_1950_1969;avaliacao_media;popularidade_baixa;genero_infantil|genero_comedia|genero_fantasia
2017;Babes in Toyland (1961);Children|Fantasy|Musical;1961;5;3,1;4,0;1,51657508881031;1999-12-11 08:28:28+00:00;2009-03-22 08:46:14+00:00;3;periodo_1950_1969;avaliacao_media;popularidade_baixa;genero_infantil|genero_fantasia|genero_musical
2018;Bambi (1942);Animation|Children|Drama;1942;38;3,3684210526315788;3,5;0,9634132068392958;2000-05-21 03:51:26+00:00;2018-03-27 17:39:26+00:00;3;periodo_antes_1950;avaliacao_media;popularidade_media;genero_animacao|genero_infantil|genero_drama
2019;Seven Samurai (Shichinin no samurai) (1954);Action|Adventure|Drama;1954;48;4,1875;4,0;0,7553004193062884;1996-12-26 14:11:46+00:00;2018-08-03 13:13:56+00:00;3;periodo_1950_1969;avaliacao_alta;popularidade_media;genero_acao|genero_aventura|genero_drama
2020;Dangerous Liaisons (1988);Drama|Romance;1988;25;4,0;4,0;0,9464847243000457;1999-11-03 01:14:17+00:00;2015-06-28 23:44:33+00:00;2;periodo_1970_1989;avaliacao_alta;popularidade_media;genero_drama|genero_romance
2021;Dune (1984);Adventure|Sci-Fi;1984;37;3,4324324324324325;3,5;1,0217235041433268;1998-08-02 19:10:02+00:00;2015-12-18 15:26:10+00:00;2;periodo_1970_1989;avaliacao_media;popularidade_media;genero_aventura|genero_ficcao_cientifica
2022;Last Temptation of Christ, The (1988);Drama;1988;8;3,6875;3,5;0,6512350903146596;1999-11-03 14:31:20+00:00;2016-11-19 07:56:33+00:00;1;periodo_1970_1989;avaliacao_media;popularidade_baixa;genero_drama
2023;Godfather: Part III, The (1990);Crime|Drama|Mystery|Thriller;1990;45;3,3555555555555556;3,0;0,9978512267402745;1999-10-19 19:35:38+00:00;2018-07-03 17:10:46+00:00;4;periodo_1990_1999;avaliacao_media;popularidade_media;genero_crime|genero_drama|genero_misterio|genero_suspense
2025;Lolita (1997);Drama|Romance;1997;7;3,9285714285714284;4,0;0,6725927091345493;2000-01-09 23:41:35+00:00;2012-04-23 21:00:06+00:00;2;periodo_1990_1999;avaliacao_media;popularidade_baixa;genero_drama|genero_romance
2027;Jane Austen's Mafia! (1998);Comedy|Crime;1998;9;1,8333333333333333;2,0;0,7905694150420949;1998-08-30 20:53:48+00:00;2007-08-03 20:35:15+00:00;2;periodo_1990_1999;avaliacao_baixa;popularidade_baixa;genero_comedia|genero_crime
2028;Saving Private Ryan (1998);Action|Drama|War;1998;188;4,1462765957446805;4,0;0,8117696836802664;1998-08-03 14:19:11+00:00;2018-08-28 15:35:05+00:00;3;periodo_1990_1999;avaliacao_alta;popularidade_alta;genero_acao|genero_drama|genero_guerra
2033;Black Cauldron, The (1985);Adventure|Animation|Children|Fantasy;1985;8;3,75;3,75;0,7559289460184544;2000-06-20 16:37:40+00:00;2015-07-04 08:55:43+00:00;4;periodo_1970_1989;avaliacao_media;popularidade_baixa;genero_aventura|genero_animacao|genero_infantil|genero_fantasia
2034;Black Hole, The (1979);Children|Sci-Fi;1979;9;2,611111111111111;3,0;1,1666666666666667;1998-08-02 19:13:08+00:00;2004-02-02 23:32:49+00:00;2;periodo_1970_1989;avaliacao_baixa;popularidade_baixa;genero_infantil|genero_ficcao_cientifica
2036;Blank Check (1994);Children|Comedy;1994;6;2,25;2,25;1,036822067666386;2000-08-08 04:18:59+00:00;2017-06-26 18:46:51+00:00;2;periodo_1990_1999;avaliacao_baixa;popularidade_baixa;genero_infantil|genero_comedia
2040;Computer Wore Tennis Shoes, The (1969);Children|Comedy;1969;7;2,857142857142857;3,0;0,6900655593423541;1999-11-03 14:54:33+00:00;2003-03-27 19:38:04+00:00;2;periodo_1950_1969;avaliacao_baixa;popularidade_baixa;genero_infantil|genero_comedia
2042;D2: The Mighty Ducks (1994);Children|Comedy;1994;6;2,5833333333333335;2,75;0,7359800721939872;2000-02-21 22:04:53+00:00;2017-05-08 21:30:27+00:00;2;periodo_1990_1999;avaliacao_baixa;popularidade_baixa;genero_infantil|genero_comedia
2046;Flight of the Navigator (1986);Adventure|Children|Sci-Fi;1986;24;3,2083333333333335;3,0;0,832970935693524;1999-12-23 16:16:11+00:00;2017-02-24 17:09:23+00:00;3;periodo_1970_1989;avaliacao_media;popularidade_media;genero_aventura|genero_infantil|genero_ficcao_cientifica
2048;Great Mouse Detective, The (1986);Action|Animation|Children|Crime;1986;8;3,5625;3,5;0,6781013409302689;2000-06-20 16:37:08+00:00;2018-09-13 21:39:15+00:00;4;periodo_1970_1989;avaliacao_media;popularidade_baixa;genero_acao|genero_animacao|genero_infantil|genero_crime
2052;Hocus Pocus (1993);Children|Comedy|Fantasy|Horror;1993;23;2,760869565217391;3,0;1,0752332222422438;2000-02-21 22:05:27+00:00;2018-02-20 10:32:57+00:00;4;periodo_1990_1999;avaliacao_baixa;popularidade_media;genero_infantil|genero_comedia|genero_fantasia|genero_terror
2053;Honey, I Blew Up the Kid (1992);Children|Comedy|Sci-Fi;1992;20;2,05;2,0;0,8870412083230169;2000-05-21 04:07:41+00:00;2017-06-26 19:26:07+00:00;3;periodo_1990_1999;avaliacao_baixa;popularidade_media;genero_infantil|genero_comedia|genero_ficcao_cientifica
2054;Honey, I Shrunk the Kids (1989);Adventure|Children|Comedy|Fantasy|Sci-Fi;1989;68;2,7573529411764706;3,0;0,8914713942172446;1999-10-29 15:48:09+00:00;2018-01-05 17:51:09+00:00;5;periodo_1970_1989;avaliacao_baixa;popularidade_alta;genero_aventura|genero_infantil|genero_comedia|genero_fantasia|genero_ficcao_cientifica
2058;Negotiator, The (1998);Action|Crime|Drama|Mystery|Thriller;1998;30;3,35;3,5;1,08397416943394;1999-10-11 13:01:05+00:00;2018-06-25 04:02:53+00:00;5;periodo_1990_1999;avaliacao_media;popularidade_media;genero_acao|genero_crime|genero_drama|genero_misterio|genero_suspense
2059;Parent Trap, The (1998);Children|Comedy|Romance;1998;15;3,0;3,0;0,7559289460184544;2000-07-04 04:37:50+00:00;2018-03-07 07:41:00+00:00;3;periodo_1990_1999;avaliacao_media;popularidade_media;genero_infantil|genero_comedia|genero_romance
2060;BASEketball (1998);Comedy;1998;14;3,0714285714285716;3,25;0,8516306272526402;2000-06-19 18:30:05+00:00;2017-06-26 23:07:23+00:00;1;periodo_1990_1999;avaliacao_media;popularidade_media;genero_comedia
2064;Roger & Me (1989);Documentary;1989;31;3,838709677419355;4,0;1,051880037315675;1999-10-05 09:02:57+00:00;2018-02-21 01:58:28+00:00;1;periodo_1970_1989;avaliacao_media;popularidade_media;genero_documentario
2065;Purple Rose of Cairo, The (1985);Comedy|Drama|Fantasy|Romance;1985;13;3,730769230769231;4,0;0,9919548170024475;1999-10-13 22:33:28+00:00;2013-09-10 21:53:16+00:00;4;periodo_1970_1989;avaliacao_media;popularidade_media;genero_comedia|genero_drama|genero_fantasia|genero_romance
2067;Doctor Zhivago (1965);Drama|Romance|War;1965;21;4,142857142857143;4,0;0,7096276689725595;1999-10-14 16:58:30+00:00;2017-02-24 17:28:02+00:00;3;periodo_1950_1969;avaliacao_alta;popularidade_media;genero_drama|genero_romance|genero_guerra
2070;Tender Mercies (1983);Drama|Romance|Western;1983;5;3,4;4,0;1,3416407864998738;1999-12-11 08:38:34+00:00;2005-04-18 13:01:36+00:00;3;periodo_1970_1989;avaliacao_media;popularidade_baixa;genero_drama|genero_romance|genero_faroeste
2072;'burbs, The (1989);Comedy;1989;17;3,176470588235294;3,5;1,2366938848016849;2000-04-17 04:19:11+00:00;2017-06-26 21:05:10+00:00;1;periodo_1970_1989;avaliacao_media;popularidade_media;genero_comedia
2073;Fandango (1985);Comedy;1985;5;3,6;3,0;0,8944271909999159;1999-11-03 15:07:02+00:00;2007-02-18 22:52:47+00:00;1;periodo_1970_1989;avaliacao_media;popularidade_baixa;genero_comedia
2076;Blue Velvet (1986);Drama|Mystery|Thriller;1986;46;3,9456521739130435;4,0;0,8896207735731821;1999-10-05 09:18:15+00:00;2018-02-20 09:10:39+00:00;3;periodo_1970_1989;avaliacao_media;popularidade_media;genero_drama|genero_misterio|genero_suspense
2077;Journey of Natty Gann, The (1985);Adventure|Children;1985;5;3,4;3,5;0,6519202405202649;1999-11-17 13:10:35+00:00;2009-03-23 23:51:04+00:00;2;periodo_1970_1989;avaliacao_media;popularidade_baixa;genero_aventura|genero_infantil
2078;Jungle Book, The (1967);Animation|Children|Comedy|Musical;1967;53;3,830188679245283;4,0;0,854532014447399;1999-10-01 19:54:14+00:00;2018-08-10 03:41:47+00:00;4;periodo_1950_1969;avaliacao_media;popularidade_alta;genero_animacao|genero_infantil|genero_comedia|genero_musical
2080;Lady and the Tramp (1955);Animation|Children|Comedy|Romance;1955;55;3,4;3,5;0,9784719757905218;1999-10-13 08:02:07+00:00;2018-05-05 20:30:10+00:00;4;periodo_1950_1969;avaliacao_media;popularidade_alta;genero_animacao|genero_infantil|genero_comedia|genero_romance
2081;Little Mermaid, The (1989);Animation|Children|Comedy|Musical|Romance;1989;67;3,425373134328358;3,5;1,0739820103992617;1999-11-03 01:13:25+00:00;2018-09-01 18:39:23+00:00;5;periodo_1970_1989;avaliacao_media;popularidade_alta;genero_animacao|genero_infantil|genero_comedia|genero_musical|genero_romance
2082;Mighty Ducks, The (1992);Children|Comedy;1992;26;2,6538461538461537;3,0;0,9356199096773301;1998-07-23 21:14:30+00:00;2018-02-20 18:19:12+00:00;2;periodo_1990_1999;avaliacao_baixa;popularidade_media;genero_infantil|genero_comedia
2083;Muppet Christmas Carol, The (1992);Children|Comedy|Musical;1992;19;3,736842105263158;3,5;0,8558365149670101;2000-02-16 18:36:25+00:00;2018-02-20 11:01:46+00:00;3;periodo_1990_1999;avaliacao_media;popularidade_media;genero_infantil|genero_comedia|genero_musical
2084;Newsies (1992);Children|Musical;1992;5;2,7;2,0;1,2549900398011133;2000-06-22 13:43:46+00:00;2018-02-21 03:22:47+00:00;2;periodo_1990_1999;avaliacao_baixa;popularidade_baixa;genero_infantil|genero_musical
2085;101 Dalmatians (One Hundred and One Dalmatians) (1961);Adventure|Animation|Children;1961;44;3,4318181818181817;3,5;0,7516718504936342;1999-10-14 16:48:20+00:00;2018-03-07 07:43:09+00:00;3;periodo_1950_1969;avaliacao_media;popularidade_media;genero_aventura|genero_animacao|genero_infantil
2087;Peter Pan (1953);Animation|Children|Fantasy|Musical;1953;41;3,573170731707317;3,5;0,7463324963593313;1999-10-20 12:32:26+00:00;2018-08-10 03:47:10+00:00;4;periodo_1950_1969;avaliacao_media;popularidade_media;genero_animacao|genero_infantil|genero_fantasia|genero_musical
2088;Popeye (1980);Adventure|Comedy|Musical;1980;18;2,5;2,75;0,9548637106322309;1999-11-03 15:04:32+00:00;2018-08-12 22:51:42+00:00;3;periodo_1970_1989;avaliacao_baixa;popularidade_media;genero_aventura|genero_comedia|genero_musical
2089;Rescuers Down Under, The (1990);Adventure|Animation|Children;1990;10;3,5;3,25;0,5773502691896258;2000-06-20 16:37:40+00:00;2016-10-14 21:28:01+00:00;3;periodo_1990_1999;avaliacao_media;popularidade_media;genero_aventura|genero_animacao|genero_infantil
2090;Rescuers, The (1977);Adventure|Animation|Children|Crime|Drama;1977;13;3,1923076923076925;3,0;1,1094003924504583;2000-06-20 16:37:40+00:00;2017-05-08 02:43:20+00:00;5;periodo_1970_1989;avaliacao_media;popularidade_media;genero_aventura|genero_animacao|genero_infantil|genero_crime|genero_drama
2092;Return of Jafar, The (1994);Adventure|Animation|Children|Fantasy|Musical|Romance;1994;6;2,4166666666666665;2,25;1,0206207261596576;2000-06-22 13:42:09+00:00;2018-02-20 10:23:43+00:00;6;periodo_1990_1999;avaliacao_baixa;popularidade_baixa;genero_aventura|genero_animacao|genero_infantil|genero_fantasia|genero_musical|genero_romance
2093;Return to Oz (1985);Adventure|Children|Fantasy;1985;6;3,0;3,0;0,7071067811865476;2000-06-19 17:49:57+00:00;2008-01-23 07:17:33+00:00;3;periodo_1970_1989;avaliacao_media;popularidade_baixa;genero_aventura|genero_infantil|genero_fantasia
2094;Rocketeer, The (1991);Action|Adventure|Sci-Fi;1991;39;3,2564102564102564;3,0;0,8100665573028298;1998-08-02 19:09:26+00:00;2018-08-31 10:41:11+00:00;3;periodo_1990_1999;avaliacao_media;popularidade_media;genero_acao|genero_aventura|genero_ficcao_cientifica
2096;Sleeping Beauty (1959);Animation|Children|Musical;1959;22;3,409090909090909;3,5;0,6480072684109491;1999-12-11 07:50:46+00:00;2018-08-10 03:44:51+00:00;3;periodo_1950_1969;avaliacao_media;popularidade_media;genero_animacao|genero_infantil|genero_musical
2097;Something Wicked This Way Comes (1983);Children|Drama|Fantasy|Mystery|Thriller;1983;10;2,9;3,0;0,9067647005823629;1999-12-12 06:39:00+00:00;2009-01-02 21:22:03+00:00;5;periodo_1970_1989;avaliacao_baixa;popularidade_media;genero_infantil|genero_drama|genero_fantasia|genero_misterio|genero_suspense
2099;Song of the South (1946);Adventure|Animation|Children|Musical;1946;6;3,4166666666666665;3,5;0,664580067912563;2000-07-30 18:43:08+00:00;2018-02-23 04:07:31+00:00;4;periodo_antes_1950;avaliacao_media;popularidade_baixa;genero_aventura|genero_animacao|genero_infantil|genero_musical
2100;Splash (1984);Comedy|Fantasy|Romance;1984;51;3,1176470588235294;3,0;0,972564832256018;1999-10-13 13:20:56+00:00;2018-08-10 04:00:11+00:00;3;periodo_1970_1989;avaliacao_media;popularidade_alta;genero_comedia|genero_fantasia|genero_romance
2105;Tron (1982);Action|Adventure|Sci-Fi;1982;50;3,34;3,0;0,6809357307321703;1999-11-04 15:44:33+00:00;2018-02-16 08:00:14+00:00;3;periodo_1970_1989;avaliacao_media;popularidade_alta;genero_acao|genero_aventura|genero_ficcao_cientifica
2106;Swing Kids (1993);Drama|War;1993;5;3,7;3,0;0,9746794344808964;2000-06-20 14:49:55+00:00;2003-06-05 03:12:31+00:00;2;periodo_1990_1999;avaliacao_media;popularidade_baixa;genero_drama|genero_guerra
2108;L.A. Story (1991);Comedy|Romance;1991;24;3,4791666666666665;3,25;0,8782290315652618;1999-10-05 09:05:04+00:00;2008-12-28 21:05:55+00:00;2;periodo_1990_1999;avaliacao_media;popularidade_media;genero_comedia|genero_romance
2109;Jerk, The (1979);Comedy;1979;27;3,3703703703703702;3,0;0,8273287946596166;1999-10-05 09:02:57+00:00;2017-04-02 00:17:25+00:00;1;periodo_1970_1989;avaliacao_media;popularidade_media;genero_comedia
2110;Dead Men Don't Wear Plaid (1982);Comedy|Crime|Thriller;1982;18;3,3055555555555554;3,25;1,0166104131013727;1999-11-03 15:00:22+00:00;2005-03-18 20:04:45+00:00;3;periodo_1970_1989;avaliacao_media;popularidade_media;genero_comedia|genero_crime|genero_suspense
2111;Man with Two Brains, The (1983);Comedy;1983;10;3,25;3,0;0,6346477588219924;2000-03-24 20:02:04+00:00;2010-06-08 00:44:58+00:00;1;periodo_1970_1989;avaliacao_media;popularidade_media;genero_comedia
2112;Grand Canyon (1991);Crime|Drama;1991;8;3,1875;3,25;0,8425090080061035;1999-10-12 08:25:39+00:00;2013-01-26 04:59:15+00:00;2;periodo_1990_1999;avaliacao_media;popularidade_baixa;genero_crime|genero_drama
2114;Outsiders, The (1983);Drama;1983;16;3,71875;3,5;0,682367203197809;1999-11-03 14:33:55+00:00;2018-09-03 03:03:12+00:00;1;periodo_1970_1989;avaliacao_media;popularidade_media;genero_drama
2115;Indiana Jones and the Temple of Doom (1984);Action|Adventure|Fantasy;1984;108;3,638888888888889;4,0;0,8505999348819535;1999-10-06 16:26:52+00:00;2018-08-18 11:28:39+00:00;3;periodo_1970_1989;avaliacao_media;popularidade_alta;genero_acao|genero_aventura|genero_fantasia
2116;Lord of the Rings, The (1978);Adventure|Animation|Children|Fantasy;1978;15;3,1333333333333333;3,0;1,1567606658662104;1999-11-03 14:48:25+00:00;2018-02-21 01:43:23+00:00;4;periodo_1970_1989;avaliacao_media;popularidade_media;genero_aventura|genero_animacao|genero_infantil|genero_fantasia
2117;1984 (Nineteen Eighty-Four) (1984);Drama|Sci-Fi;1984;14;3,7142857142857144;4,0;0,8483986208028745;1999-12-23 16:38:13+00:00;2014-02-15 22:24:34+00:00;2;periodo_1970_1989;avaliacao_media;popularidade_media;genero_drama|genero_ficcao_cientifica
2118;Dead Zone, The (1983);Thriller;1983;15;3,7333333333333334;3,5;0,8837151016885368;2000-03-24 19:20:30+00:00;2018-09-03 03:17:34+00:00;1;periodo_1970_1989;avaliacao_media;popularidade_media;genero_suspense
2121;Cujo (1983);Horror|Thriller;1983;7;2,2142857142857144;2,0;0,39339789623472154;2000-10-11 15:13:33+00:00;2018-08-10 04:19:39+00:00;2;periodo_1970_1989;avaliacao_baixa;popularidade_baixa;genero_terror|genero_suspense
2122;Children of the Corn (1984);Horror|Thriller;1984;11;2,4545454545454546;3,0;1,1716344450071756;2000-08-21 23:38:25+00:00;2011-03-19 22:34:24+00:00;2;periodo_1970_1989;avaliacao_baixa;popularidade_media;genero_terror|genero_suspense
2123;All Dogs Go to Heaven (1989);Animation|Children|Comedy|Drama|Fantasy;1989;15;2,7;3,0;0,9219544457292886;2000-04-17 03:39:02+00:00;2018-02-20 10:22:30+00:00;5;periodo_1970_1989;avaliacao_baixa;popularidade_media;genero_animacao|genero_infantil|genero_comedia|genero_drama|genero_fantasia
2124;Addams Family, The (1991);Children|Comedy|Fantasy;1991;38;3,289473684210526;3,0;0,8976815403791096;1998-07-23 21:10:54+00:00;2018-05-06 20:00:40+00:00;3;periodo_1990_1999;avaliacao_media;popularidade_media;genero_infantil|genero_comedia|genero_fantasia
2125;Ever After: A Cinderella Story (1998);Comedy|Drama|Romance;1998;21;3,619047619047619;3,5;0,8500700251267819;1999-02-22 08:27:34+00:00;2018-09-01 20:48:30+00:00;3;periodo_1990_1999;avaliacao_media;popularidade_media;genero_comedia|genero_drama|genero_romance
2126;Snake Eyes (1998);Action|Crime|Mystery|Thriller;1998;15;2,7666666666666666;3,0;0,9795528620364545;1999-11-04 15:43:50+00:00;2017-06-27 00:59:46+00:00;4;periodo_1990_1999;avaliacao_baixa;popularidade_media;genero_acao|genero_crime|genero_misterio|genero_suspense
2130;Atlantic City (1980);Crime|Drama|Romance;1980;8;3,6875;3,75;0,7039429765866795;1999-10-17 17:52:46+00:00;2012-11-11 22:51:44+00:00;3;periodo_1970_1989;avaliacao_media;popularidade_baixa;genero_crime|genero_drama|genero_romance
2132;Who's Afraid of Virginia Woolf? (1966);Drama;1966;7;4,142857142857143;4,0;0,7480132415430957;1999-10-14 16:43:40+00:00;2015-06-29 00:07:47+00:00;1;periodo_1950_1969;avaliacao_alta;popularidade_baixa;genero_drama
2133;Adventures in Babysitting (1987);Adventure|Comedy;1987;20;3,325;3,25;0,9904145862372884;1999-11-03 14:59:43+00:00;2017-06-26 19:21:58+00:00;2;periodo_1970_1989;avaliacao_media;popularidade_media;genero_aventura|genero_comedia
2134;Weird Science (1985);Comedy|Fantasy|Sci-Fi;1985;22;3,1136363636363638;3,0;0,858179387699251;1999-11-03 14:59:43+00:00;2017-06-26 19:13:08+00:00;3;periodo_1970_1989;avaliacao_media;popularidade_media;genero_comedia|genero_fantasia|genero_ficcao_cientifica
2135;Doctor Dolittle (1967);Adventure|Children|Musical;1967;11;3,772727272727273;4,0;1,0808246010254476;2000-07-09 21:14:09+00:00;2017-02-24 17:16:49+00:00;3;periodo_1950_1969;avaliacao_media;popularidade_media;genero_aventura|genero_infantil|genero_musical
2136;Nutty Professor, The (1963);Comedy|Sci-Fi;1963;14;2,4642857142857144;2,5;1,1513250846522238;1999-10-13 10:37:12+00:00;2012-02-02 01:19:04+00:00;2;periodo_1950_1969;avaliacao_baixa;popularidade_media;genero_comedia|genero_ficcao_cientifica
2137;Charlotte's Web (1973);Animation|Children;1973;21;3,5476190476190474;3,5;0,9862145038575776;2000-04-17 03:36:59+00:00;2018-02-20 17:43:33+00:00;2;periodo_1970_1989;avaliacao_media;popularidade_media;genero_animacao|genero_infantil
2138;Watership Down (1978);Adventure|Animation|Children|Drama|Fantasy;1978;10;4,05;4,0;0,5502524673073059;2000-06-20 16:05:01+00:00;2018-05-02 17:55:41+00:00;5;periodo_1970_1989;avaliacao_alta;popularidade_media;genero_aventura|genero_animacao|genero_infantil|genero_drama|genero_fantasia
2139;Secret of NIMH, The (1982);Adventure|Animation|Children|Drama;1982;21;3,4761904761904763;3,5;0,7327378534679111;2000-04-17 03:37:26+00:00;2017-05-14 23:26:01+00:00;4;periodo_1970_1989;avaliacao_media;popularidade_media;genero_aventura|genero_animacao|genero_infantil|genero_drama
2140;Dark Crystal, The (1982);Adventure|Fantasy;1982;34;3,5441176470588234;3,5;0,8199006504747033;1999-10-29 15:35:43+00:00;2017-06-26 23:20:31+00:00;2;periodo_1970_1989;avaliacao_media;popularidade_media;genero_aventura|genero_fantasia
2141;American Tail, An (1986);Adventure|Animation|Children|Comedy;1986;18;3,1666666666666665;3,0;1,260252075625209;1998-12-10 22:04:29+00:00;2017-02-24 17:24:21+00:00;4;periodo_1970_1989;avaliacao_media;popularidade_media;genero_aventura|genero_animacao|genero_infantil|genero_comedia
2142;American Tail: Fievel Goes West, An (1991);Adventure|Animation|Children|Musical|Western;1991;10;2,7;3,0;0,7888106377466155;2000-07-04 04:39:29+00:00;2017-02-24 17:19:18+00:00;5;periodo_1990_1999;avaliacao_baixa;popularidade_media;genero_aventura|genero_animacao|genero_infantil|genero_musical|genero_faroeste
2143;Legend (1985);Adventure|Fantasy|Romance;1985;13;3,076923076923077;3,0;0,75955452531275;2000-04-17 03:30:52+00:00;2017-05-04 06:30:55+00:00;3;periodo_1970_1989;avaliacao_media;popularidade_media;genero_aventura|genero_fantasia|genero_romance
2144;Sixteen Candles (1984);Comedy|Romance;1984;49;3,6020408163265305;3,5;0,8476658628056143;1999-10-19 19:37:09+00:00;2018-08-11 01:00:58+00:00;2;periodo_1970_1989;avaliacao_media;popularidade_media;genero_comedia|genero_romance
2145;Pretty in Pink (1986);Comedy|Drama|Romance;1986;33;3,242424242424242;3,0;0,801572791076356;1999-10-06 16:30:12+00:00;2018-01-31 23:29:15+00:00;3;periodo_1970_1989;avaliacao_media;popularidade_media;genero_comedia|genero_drama|genero_romance
2146;St. Elmo's Fire (1985);Drama|Romance;1985;16;3,21875;3,0;1,0160175523418218;1999-11-03 14:40:06+00:00;2008-12-13 04:36:16+00:00;2;periodo_1970_1989;avaliacao_media;popularidade_media;genero_drama|genero_romance
2148;House (1986);Comedy|Fantasy|Horror;1986;9;3,0555555555555554;2,5;1,1843892002959913;2000-06-30 13:34:33+00:00;2018-08-10 04:19:29+00:00;3;periodo_1970_1989;avaliacao_media;popularidade_baixa;genero_comedia|genero_fantasia|genero_terror
2150;Gods Must Be Crazy, The (1980);Adventure|Comedy;1980;28;3,892857142857143;4,0;0,9463100155354194;1999-10-05 09:02:57+00:00;2014-02-27 22:58:17+00:00;2;periodo_1970_1989;avaliacao_media;popularidade_media;genero_aventura|genero_comedia
2151;Gods Must Be Crazy II, The (1989);Comedy;1989;6;3,75;3,25;0,9874208829065749;2000-03-15 16:57:12+00:00;2009-01-02 21:21:27+00:00;1;periodo_1970_1989;avaliacao_media;popularidade_baixa;genero_comedia
2153;Avengers, The (1998);Action|Adventure;1998;11;2,3181818181818183;2,0;0,8447700063546075;1999-11-18 17:39:26+00:00;2015-06-29 00:11:20+00:00;2;periodo_1990_1999;avaliacao_baixa;popularidade_media;genero_acao|genero_aventura
2155;Slums of Beverly Hills, The (1998);Comedy|Drama;1998;8;3,625;3,5;0,7440238091428449;1999-11-03 15:09:11+00:00;2010-10-09 16:50:27+00:00;2;periodo_1990_1999;avaliacao_media;popularidade_baixa;genero_comedia|genero_drama
2159;Henry: Portrait of a Serial Killer (1986);Crime|Horror|Thriller;1986;7;3,9285714285714284;4,0;0,8864052604279183;2000-03-24 19:12:37+00:00;2009-01-02 21:21:21+00:00;3;periodo_1970_1989;avaliacao_media;popularidade_baixa;genero_crime|genero_terror|genero_suspense
2160;Rosemary's Baby (1968);Drama|Horror|Thriller;1968;32;4,171875;4,0;0,7252293852915244;2000-03-21 03:45:38+00:00;2018-04-06 18:25:51+00:00;3;periodo_1950_1969;avaliacao_alta;popularidade_media;genero_drama|genero_terror|genero_suspense
2161;NeverEnding Story, The (1984);Adventure|Children|Fantasy;1984;43;3,5813953488372094;4,0;0,9444715866944277;1999-11-18 17:42:12+00:00;2018-08-11 00:52:55+00:00;3;periodo_1970_1989;avaliacao_media;popularidade_media;genero_aventura|genero_infantil|genero_fantasia
2162;NeverEnding Story II: The Next Chapter, The (1990);Adventure|Children|Fantasy;1990;8;2,5;2,75;0,9258200997725514;2000-10-15 14:22:34+00:00;2018-02-21 17:29:27+00:00;3;periodo_1990_1999;avaliacao_baixa;popularidade_baixa;genero_aventura|genero_infantil|genero_fantasia
2163;Attack of the Killer Tomatoes! (1978);Comedy|Horror;1978;5;2,2;2,5;0,7582875444051551;2000-08-21 23:26:58+00:00;2012-06-22 06:44:25+00:00;2;periodo_1970_1989;avaliacao_baixa;popularidade_baixa;genero_comedia|genero_terror
2167;Blade (1998);Action|Horror|Thriller;1998;58;3,3620689655172415;3,5;0,935616428042749;1999-11-18 17:26:53+00:00;2018-08-31 10:44:47+00:00;3;periodo_1990_1999;avaliacao_media;popularidade_alta;genero_acao|genero_terror|genero_suspense
2169;Dead Man on Campus (1998);Comedy;1998;7;2,2857142857142856;2,0;0,9063269671749656;2000-06-19 18:29:19+00:00;2016-06-18 19:20:24+00:00;1;periodo_1990_1999;avaliacao_baixa;popularidade_baixa;genero_comedia
2170;Wrongfully Accused (1998);Action|Comedy;1998;5;2,4;3,0;1,08397416943394;2000-08-18 11:03:15+00:00;2018-02-22 01:28:50+00:00;2;periodo_1990_1999;avaliacao_baixa;popularidade_baixa;genero_acao|genero_comedia
2171;Next Stop Wonderland (1998);Comedy|Drama|Romance;1998;8;3,3125;3,0;0,9613049166924836;1999-10-20 00:40:31+00:00;2017-06-26 22:34:42+00:00;3;periodo_1990_1999;avaliacao_media;popularidade_baixa;genero_comedia|genero_drama|genero_romance
2174;Beetlejuice (1988);Comedy|Fantasy;1988;91;3,4725274725274726;3,5;0,9078749221323794;1999-10-13 13:28:43+00:00;2018-08-10 03:42:39+00:00;2;periodo_1970_1989;avaliacao_media;popularidade_alta;genero_comedia|genero_fantasia
2176;Rope (1948);Crime|Drama|Thriller;1948;10;3,9;3,75;0,5163977794943223;2000-06-01 21:48:40+00:00;2018-07-03 17:17:42+00:00;3;periodo_antes_1950;avaliacao_media;popularidade_media;genero_crime|genero_drama|genero_suspense
2183;Man Who Knew Too Much, The (1956);Adventure|Drama|Mystery|Thriller;1956;9;3,5555555555555554;3,5;0,8819171036881968;2002-12-09 01:45:53+00:00;2010-11-17 02:13:27+00:00;4;periodo_1950_1969;avaliacao_media;popularidade_baixa;genero_aventura|genero_drama|genero_misterio|genero_suspense
2184;Trouble with Harry, The (1955);Comedy|Mystery;1955;6;3,4166666666666665;3,25;1,0206207261596576;2000-08-08 05:34:42+00:00;2017-12-09 20:14:20+00:00;2;periodo_1950_1969;avaliacao_media;popularidade_baixa;genero_comedia|genero_misterio
2186;Strangers on a Train (1951);Crime|Drama|Film-Noir|Thriller;1951;25;3,98;4,0;0,9733961166965893;1999-11-04 15:18:37+00:00;2017-06-26 17:50:06+00:00;4;periodo_1950_1969;avaliacao_media;popularidade_media;genero_crime|genero_drama|genero_film_noir|genero_suspense
2188;54 (1998);Drama;1998;5;2,0;2,0;0,7071067811865476;2000-06-19 17:41:09+00:00;2018-02-21 17:31:19+00:00;1;periodo_1990_1999;avaliacao_baixa;popularidade_baixa;genero_drama
2193;Willow (1988);Action|Adventure|Fantasy;1988;40;3,3375;3,5;1,0277402395547233;1999-11-18 17:42:12+00:00;2018-02-20 14:58:14+00:00;3;periodo_1970_1989;avaliacao_media;popularidade_media;genero_acao|genero_aventura|genero_fantasia
2194;Untouchables, The (1987);Action|Crime|Drama;1987;65;3,9384615384615387;4,0;0,7262257542622998;1999-11-03 14:33:55+00:00;2018-08-12 05:45:35+00:00;3;periodo_1970_1989;avaliacao_media;popularidade_alta;genero_acao|genero_crime|genero_drama
2195;Dirty Work (1998);Comedy;1998;7;3,2142857142857144;3,0;1,07459848537112;1999-12-12 06:27:16+00:00;2016-06-18 19:20:35+00:00;1;periodo_1990_1999;avaliacao_media;popularidade_baixa;genero_comedia
2202;Lifeboat (1944);Drama|War;1944;7;4,357142857142857;4,5;0,7480132415430957;2000-08-09 04:53:13+00:00;2010-02-26 02:26:03+00:00;2;periodo_antes_1950;avaliacao_alta;popularidade_baixa;genero_drama|genero_guerra
2203;Shadow of a Doubt (1943);Crime|Drama|Thriller;1943;7;4,142857142857143;4,0;0,6900655593423541;1999-12-13 10:08:49+00:00;2007-02-13 10:39:06+00:00;3;periodo_antes_1950;avaliacao_alta;popularidade_baixa;genero_crime|genero_drama|genero_suspense
2206;Suspicion (1941);Film-Noir|Mystery|Thriller;1941;5;4,0;4,0;0,7905694150420949;2000-07-02 17:53:43+00:00;2007-02-13 10:39:39+00:00;3;periodo_antes_1950;avaliacao_alta;popularidade_baixa;genero_film_noir|genero_misterio|genero_suspense
2208;Lady Vanishes, The (1938);Drama|Mystery|Thriller;1938;6;3,9166666666666665;4,0;0,8010409893798611;2000-11-20 15:15:51+00:00;2017-06-27 02:52:59+00:00;3;periodo_antes_1950;avaliacao_media;popularidade_baixa;genero_drama|genero_misterio|genero_suspense
2231;Rounders (1998);Drama;1998;36;3,861111111111111;4,0;0,7330085861035922;1999-10-17 17:27:21+00:00;2017-06-27 01:05:39+00:00;1;periodo_1990_1999;avaliacao_media;popularidade_media;genero_drama
2232;Cube (1997);Horror|Mystery|Sci-Fi|Thriller;1997;27;3,425925925925926;4,0;1,115482852536064;2000-08-08 03:02:36+00:00;2018-05-02 19:24:42+00:00;4;periodo_1990_1999;avaliacao_media;popularidade_media;genero_terror|genero_misterio|genero_ficcao_cientifica|genero_suspense
2236;Simon Birch (1998);Drama;1998;9;3,0;3,0;1,0;2000-06-20 16:24:37+00:00;2012-04-07 20:44:07+00:00;1;periodo_1990_1999;avaliacao_media;popularidade_baixa;genero_drama
2239;Swept Away (Travolti da un insolito destino nell'azzurro mare d'Agosto) (1975);Comedy|Drama;1975;6;4,666666666666667;5,0;0,5163977794943222;1999-10-05 09:03:51+00:00;2007-02-13 10:21:43+00:00;2;periodo_1970_1989;avaliacao_alta;popularidade_baixa;genero_comedia|genero_drama
2240;My Bodyguard (1980);Drama;1980;7;3,857142857142857;4,0;0,8997354108424372;1999-11-03 14:33:55+00:00;2003-03-31 02:57:46+00:00;1;periodo_1970_1989;avaliacao_media;popularidade_baixa;genero_drama
2243;Broadcast News (1987);Comedy|Drama|Romance;1987;28;3,4285714285714284;4,0;0,9880235200593537;1999-10-05 15:23:41+00:00;2018-08-11 02:20:16+00:00;3;periodo_1970_1989;avaliacao_media;popularidade_media;genero_comedia|genero_drama|genero_romance
2245;Working Girl (1988);Comedy|Drama|Romance;1988;22;3,2045454545454546;3,0;0,7967058803223809;1999-10-13 10:33:50+00:00;2018-02-20 15:38:59+00:00;3;periodo_1970_1989;avaliacao_media;popularidade_media;genero_comedia|genero_drama|genero_romance
2247;Married to the Mob (1988);Comedy;1988;12;3,0;3,0;0,8528028654224418;1999-10-17 17:59:13+00:00;2018-02-21 16:40:55+00:00;1;periodo_1970_1989;avaliacao_media;popularidade_media;genero_comedia
2248;Say Anything... (1989);Comedy|Drama|Romance;1989;39;3,923076923076923;4,0;0,8154629096930284;1999-10-13 08:06:24+00:00;2017-06-26 23:03:41+00:00;3;periodo_1970_1989;avaliacao_media;popularidade_media;genero_comedia|genero_drama|genero_romance
2249;My Blue Heaven (1990);Comedy;1990;11;3,1818181818181817;3,0;1,0787197799411874;1999-10-13 10:32:55+00:00;2010-06-08 00:44:46+00:00;1;periodo_1990_1999;avaliacao_media;popularidade_media;genero_comedia
2252;Hero (1992);Comedy|Drama;1992;5;2,5;3,0;1,118033988749895;1999-10-19 22:41:23+00:00;2017-06-27 01:06:55+00:00;2;periodo_1990_1999;avaliacao_baixa;popularidade_baixa;genero_comedia|genero_drama
2253;Toys (1992);Comedy|Fantasy;1992;20;2,375;2,5;0,930124496477417;1999-12-13 00:25:23+00:00;2017-06-26 22:34:27+00:00;2;periodo_1990_1999;avaliacao_baixa;popularidade_media;genero_comedia|genero_fantasia
2259;Blame It on Rio (1984);Comedy|Romance;1984;8;3,1875;3,0;1,0669549461635468;1999-11-03 15:02:42+00:00;2006-07-14 07:07:07+00:00;2;periodo_1970_1989;avaliacao_media;popularidade_baixa;genero_comedia|genero_romance
2261;One Crazy Summer (1986);Comedy;1986;6;3,0;2,5;1,449137674618944;2000-06-21 13:54:03+00:00;2018-02-21 19:02:30+00:00;1;periodo_1970_1989;avaliacao_media;popularidade_baixa;genero_comedia
2262;About Last Night... (1986);Comedy|Drama|Romance;1986;9;3,0;3,0;0,5;1999-10-13 10:37:12+00:00;2004-11-11 15:15:35+00:00;3;periodo_1970_1989;avaliacao_media;popularidade_baixa;genero_comedia|genero_drama|genero_romance
2263;Seventh Sign, The (1988);Drama|Fantasy|Thriller;1988;5;2,8;3,0;0,8366600265340756;2000-06-22 13:58:44+00:00;2001-07-27 18:35:24+00:00;3;periodo_1970_1989;avaliacao_baixa;popularidade_baixa;genero_drama|genero_fantasia|genero_suspense
2266;Butcher's Wife, The (1991);Comedy|Romance;1991;5;3,1;3,0;0,7416198487095663;1999-10-20 01:55:45+00:00;2009-03-23 23:50:34+00:00;2;periodo_1990_1999;avaliacao_media;popularidade_baixa;genero_comedia|genero_romance
2268;Few Good Men, A (1992);Crime|Drama|Thriller;1992;57;3,789473684210526;4,0;0,7437079425146665;1999-10-12 08:02:49+00:00;2018-08-11 00:50:33+00:00;3;periodo_1990_1999;avaliacao_media;popularidade_alta;genero_crime|genero_drama|genero_suspense
2269;Indecent Proposal (1993);Drama|Romance;1993;8;3,0;3,0;1,0350983390135313;2000-06-20 16:32:11+00:00;2018-02-20 17:13:23+00:00;2;periodo_1990_1999;avaliacao_media;popularidade_baixa;genero_drama|genero_romance
2273;Rush Hour (1998);Action|Comedy|Crime|Thriller;1998;42;3,261904761904762;3,5;0,8987667379498777;1999-11-04 15:28:13+00:00;2018-07-03 17:06:11+00:00;4;periodo_1990_1999;avaliacao_media;popularidade_media;genero_acao|genero_comedia|genero_crime|genero_suspense
2275;Six-String Samurai (1998);Action|Adventure|Sci-Fi;1998;5;3,6;4,0;1,2942179105544784;2000-06-20 15:25:24+00:00;2018-02-22 06:07:02+00:00;3;periodo_1990_1999;avaliacao_media;popularidade_baixa;genero_acao|genero_aventura|genero_ficcao_cientifica
2278;Ronin (1998);Action|Crime|Thriller;1998;43;3,5232558139534884;3,5;0,9816985303185897;1999-10-05 09:10:13+00:00;2017-06-27 01:03:52+00:00;3;periodo_1990_1999;avaliacao_media;popularidade_media;genero_acao|genero_crime|genero_suspense
2279;Urban Legend (1998);Horror|Thriller;1998;10;2,4;2,25;0,6146362971528591;1999-03-25 15:50:01+00:00;2018-01-05 17:07:09+00:00;2;periodo_1990_1999;avaliacao_baixa;popularidade_media;genero_terror|genero_suspense
2282;Pecker (1998);Comedy|Drama;1998;6;3,4166666666666665;3,5;1,4288690166235207;1999-12-11 08:50:51+00:00;2009-03-22 22:59:52+00:00;2;periodo_1990_1999;avaliacao_media;popularidade_baixa;genero_comedia|genero_drama
2287;Them! (1954);Horror|Sci-Fi|Thriller;1954;5;3,8;3,5;0,758287544405155;2000-08-08 05:01:54+00:00;2017-05-22 18:03:22+00:00;3;periodo_1950_1969;avaliacao_media;popularidade_baixa;genero_terror|genero_ficcao_cientifica|genero_suspense
2288;Thing, The (1982);Action|Horror|Sci-Fi|Thriller;1982;45;3,933333333333333;4,0;1,047724807727331;1999-11-04 15:28:42+00:00;2018-09-01 18:46:00+00:00;4;periodo_1970_1989;avaliacao_media;popularidade_media;genero_acao|genero_terror|genero_ficcao_cientifica|genero_suspense
2289;Player, The (1992);Comedy|Crime|Drama;1992;38;3,9473684210526314;4,0;0,8446130865685452;1999-10-05 09:01:57+00:00;2018-08-10 23:59:47+00:00;3;periodo_1990_1999;avaliacao_media;popularidade_media;genero_comedia|genero_crime|genero_drama
2290;Stardust Memories (1980);Comedy|Drama;1980;5;3,6;4,0;1,5572411502397436;1999-11-03 14:40:48+00:00;2009-03-22 23:19:40+00:00;2;periodo_1970_1989;avaliacao_media;popularidade_baixa;genero_comedia|genero_drama
2291;Edward Scissorhands (1990);Drama|Fantasy|Romance;1990;80;3,7;4,0;0,6344538167350089;1999-10-12 08:09:09+00:00;2018-07-03 17:52:41+00:00;3;periodo_1990_1999;avaliacao_media;popularidade_alta;genero_drama|genero_fantasia|genero_romance
2294;Antz (1998);Adventure|Animation|Children|Comedy|Fantasy;1998;45;3,2444444444444445;3,0;0,7659087162424526;1999-02-28 11:27:31+00:00;2018-09-01 20:30:29+00:00;5;periodo_1990_1999;avaliacao_media;popularidade_media;genero_aventura|genero_animacao|genero_infantil|genero_comedia|genero_fantasia
2296;Night at the Roxbury, A (1998);Comedy;1998;10;2,1;2,0;1,07496769977314;2000-08-18 11:13:10+00:00;2018-08-03 11:40:55+00:00;1;periodo_1990_1999;avaliacao_baixa;popularidade_media;genero_comedia
2297;What Dreams May Come (1998);Adventure|Drama|Fantasy|Romance;1998;14;3,642857142857143;4,0;0,928782731664065;2000-06-20 15:16:57+00:00;2018-08-11 00:16:39+00:00;4;periodo_1990_1999;avaliacao_media;popularidade_media;genero_aventura|genero_drama|genero_fantasia|genero_romance
2300;Producers, The (1968);Comedy;1968;33;3,9696969696969697;4,0;1,052819087166941;1999-12-20 06:21:52+00:00;2015-06-28 23:47:32+00:00;1;periodo_1950_1969;avaliacao_media;popularidade_media;genero_comedia
2301;History of the World: Part I (1981);Comedy|Musical;1981;16;3,625;3,5;0,8465616732800195;1999-10-19 19:46:49+00:00;2018-08-12 22:46:52+00:00;2;periodo_1970_1989;avaliacao_media;popularidade_media;genero_comedia|genero_musical
2302;My Cousin Vinny (1992);Comedy;1992;59;3,26271186440678;3,0;1,0312192825242905;1999-10-06 16:32:04+00:00;2018-02-25 15:04:32+00:00;1;periodo_1990_1999;avaliacao_media;popularidade_alta;genero_comedia
2303;Nashville (1975);Drama|Musical;1975;5;3,6;3,0;0,8944271909999159;1999-11-03 14:47:43+00:00;2009-03-23 23:29:41+00:00;2;periodo_1970_1989;avaliacao_media;popularidade_baixa;genero_drama|genero_musical
2306;Holy Man (1998);Comedy;1998;6;2,5833333333333335;3,0;0,6645800679125629;2000-04-17 04:15:22+00:00;2018-02-21 00:30:45+00:00;1;periodo_1990_1999;avaliacao_baixa;popularidade_baixa;genero_comedia
2311;2010: The Year We Make Contact (1984);Sci-Fi;1984;17;3,588235294117647;4,0;0,6669729688499156;2000-02-16 22:41:58+00:00;2017-06-26 23:03:12+00:00;1;periodo_1970_1989;avaliacao_media;popularidade_media;genero_ficcao_cientifica
2312;Children of a Lesser God (1986);Drama;1986;12;3,8333333333333335;4,0;0,8071648849616486;1999-11-17 13:00:11+00:00;2015-06-29 00:11:45+00:00;1;periodo_1970_1989;avaliacao_media;popularidade_media;genero_drama
2313;Elephant Man, The (1980);Drama;1980;17;4,029411764705882;4,0;0,544018273914527;1999-10-19 19:44:41+00:00;2012-01-21 18:17:52+00:00;1;periodo_1970_1989;avaliacao_alta;popularidade_media;genero_drama
2315;Bride of Chucky (Child's Play 4) (1998);Comedy|Horror|Thriller;1998;6;2,1666666666666665;2,5;1,2110601416389968;2000-08-08 03:27:43+00:00;2017-05-01 19:50:28+00:00;3;periodo_1990_1999;avaliacao_baixa;popularidade_baixa;genero_comedia|genero_terror|genero_suspense
2316;Practical Magic (1998);Drama|Fantasy|Mystery|Romance;1998;7;3,2142857142857144;3,5;1,185226520443204;1998-10-25 20:05:35+00:00;2015-06-29 00:10:46+00:00;4;periodo_1990_1999;avaliacao_media;popularidade_baixa;genero_drama|genero_fantasia|genero_misterio|genero_romance
2318;Happiness (1998);Comedy|Drama;1998;16;4,125;4,25;1,0082988974836113;2000-03-24 19:28:08+00:00;2016-09-21 22:02:44+00:00;2;periodo_1990_1999;avaliacao_alta;popularidade_media;genero_comedia|genero_drama
2320;Apt Pupil (1998);Drama|Thriller;1998;9;3,0;3,0;0,7905694150420949;1999-07-26 11:06:17+00:00;2012-10-10 03:15:54+00:00;2;periodo_1990_1999;avaliacao_media;popularidade_baixa;genero_drama|genero_suspense
2321;Pleasantville (1998);Comedy|Drama|Fantasy;1998;61;3,4836065573770494;3,5;1,0081634007555278;1999-02-07 08:49:34+00:00;2017-06-26 18:27:33+00:00;3;periodo_1990_1999;avaliacao_media;popularidade_alta;genero_comedia|genero_drama|genero_fantasia
2322;Soldier (1998);Action|Sci-Fi|War;1998;8;3,0625;3,0;0,8634441002668988;1999-03-23 23:57:16+00:00;2017-06-26 22:14:43+00:00;3;periodo_1990_1999;avaliacao_media;popularidade_baixa;genero_acao|genero_ficcao_cientifica|genero_guerra
2324;Life Is Beautiful (La Vita è bella) (1997);Comedy|Drama|Romance|War;1997;88;4,1477272727272725;4,5;1,037124370192721;1999-02-22 08:00:53+00:00;2018-07-30 23:37:16+00:00;4;periodo_1990_1999;avaliacao_alta;popularidade_alta;genero_comedia|genero_drama|genero_romance|genero_guerra
2325;Orgazmo (1997);Comedy;1997;13;3,1153846153846154;3,5;1,2102659169552739;2000-06-19 18:17:22+00:00;2017-06-26 23:15:00+00:00;1;periodo_1990_1999;avaliacao_media;popularidade_media;genero_comedia
2328;Vampires (1998);Horror|Western;1998;7;2,4285714285714284;2,0;1,2392393980641052;2000-06-30 13:33:56+00:00;2017-06-26 21:05:33+00:00;2;periodo_1990_1999;avaliacao_baixa;popularidade_baixa;genero_terror|genero_faroeste
2329;American History X (1998);Crime|Drama;1998;129;4,217054263565892;4,0;0,643006127377462;1999-12-11 15:05:31+00:00;2018-07-03 17:50:31+00:00;2;periodo_1990_1999;avaliacao_alta;popularidade_alta;genero_crime|genero_drama
2334;Siege, The (1998);Action|Thriller;1998;13;2,8076923076923075;3,0;0,9250779592927457;1999-02-22 08:06:33+00:00;2017-10-26 19:52:41+00:00;2;periodo_1990_1999;avaliacao_baixa;popularidade_media;genero_acao|genero_suspense
2335;Waterboy, The (1998);Comedy;1998;28;3,1785714285714284;3,5;0,7959886202690862;2000-04-17 04:22:52+00:00;2018-03-07 07:41:55+00:00;1;periodo_1990_1999;avaliacao_media;popularidade_media;genero_comedia
2336;Elizabeth (1998);Drama;1998;23;3,6739130434782608;4,0;0,9487874516763479;1999-10-02 13:04:40+00:00;2017-06-26 18:19:54+00:00;1;periodo_1990_1999;avaliacao_media;popularidade_media;genero_drama
2338;I Still Know What You Did Last Summer (1998);Horror|Mystery|Thriller;1998;18;2,0555555555555554;2,0;1,0966377611066325;2000-06-22 14:01:05+00:00;2015-06-28 23:57:57+00:00;3;periodo_1990_1999;avaliacao_baixa;popularidade_media;genero_terror|genero_misterio|genero_suspense
2340;Meet Joe Black (1998);Romance;1998;20;3,05;3,5;1,190974832912761;2000-07-28 08:50:00+00:00;2018-09-01 21:08:10+00:00;1;periodo_1990_1999;avaliacao_media;popularidade_media;genero_romance
2344;Runaway Train (1985);Action|Adventure|Drama|Thriller;1985;8;3,25;3,0;0,7071067811865475;1999-10-17 20:55:53+00:00;2003-06-05 02:42:43+00:00;4;periodo_1970_1989;avaliacao_media;popularidade_baixa;genero_acao|genero_aventura|genero_drama|genero_suspense
2346;Stepford Wives, The (1975);Mystery|Sci-Fi|Thriller;1975;11;3,1818181818181817;3,0;0,716684284490991;2000-07-02 17:37:41+00:00;2013-12-10 15:31:48+00:00;3;periodo_1970_1989;avaliacao_media;popularidade_media;genero_misterio|genero_ficcao_cientifica|genero_suspense
2348;Sid and Nancy (1986);Drama;1986;8;3,4375;3,75;0,7288689868556626;1999-11-03 14:40:06+00:00;2017-06-27 00:28:01+00:00;1;periodo_1970_1989;avaliacao_media;popularidade_baixa;genero_drama
2349;Mona Lisa (1986);Comedy|Thriller;1986;7;3,5;4,0;1,118033988749895;1999-10-13 22:21:13+00:00;2005-08-12 23:58:23+00:00;2;periodo_1970_1989;avaliacao_media;popularidade_baixa;genero_comedia|genero_suspense
2351;Nights of Cabiria (Notti di Cabiria, Le) (1957);Drama;1957;7;4,285714285714286;4,0;0,4879500364742668;1999-10-17 17:22:16+00:00;2015-11-22 12:31:04+00:00;1;periodo_1950_1969;avaliacao_alta;popularidade_baixa;genero_drama
2352;Big Chill, The (1983);Comedy|Drama;1983;25;3,84;4,0;0,8129165598838133;1999-11-03 14:31:20+00:00;2017-08-07 19:05:16+00:00;2;periodo_1970_1989;avaliacao_media;popularidade_media;genero_comedia|genero_drama
2353;Enemy of the State (1998);Action|Thriller;1998;67;3,4925373134328357;3,5;0,8897247502246803;1999-10-01 19:51:24+00:00;2018-06-25 03:59:19+00:00;2;periodo_1990_1999;avaliacao_media;popularidade_alta;genero_acao|genero_suspense
2354;Rugrats Movie, The (1998);Animation|Children|Comedy;1998;7;2,5;2,5;0,9574271077563381;2000-04-17 03:39:02+00:00;2015-11-28 22:24:44+00:00;3;periodo_1990_1999;avaliacao_baixa;popularidade_baixa;genero_animacao|genero_infantil|genero_comedia
2355;Bug's Life, A (1998);Adventure|Animation|Children|Comedy;1998;92;3,516304347826087;3,5;0,887802222049142;1999-10-12 09:01:56+00:00;2018-08-10 03:41:55+00:00;4;periodo_1990_1999;avaliacao_media;popularidade_alta;genero_aventura|genero_animacao|genero_infantil|genero_comedia
2356;Celebrity (1998);Comedy;1998;5;2,6;3,0;0,9617692030835673;2000-07-09 21:34:48+00:00;2018-02-20 17:18:46+00:00;1;periodo_1990_1999;avaliacao_baixa;popularidade_baixa;genero_comedia
2357;Central Station (Central do Brasil) (1998);Drama;1998;6;4,416666666666667;4,25;0,49159604012508756;1999-10-11 15:12:27+00:00;2013-09-10 22:05:58+00:00;1;periodo_1990_1999;avaliacao_alta;popularidade_baixa;genero_drama
2359;Waking Ned Devine (a.k.a. Waking Ned) (1998);Comedy;1998;26;3,673076923076923;4,0;0,8595616056142537;1999-10-20 01:01:57+00:00;2017-06-26 21:18:22+00:00;1;periodo_1990_1999;avaliacao_media;popularidade_media;genero_comedia
2360;Celebration, The (Festen) (1998);Drama;1998;12;4,458333333333333;4,5;0,5822500764406576;2000-06-10 14:20:12+00:00;2015-11-22 17:51:28+00:00;1;periodo_1990_1999;avaliacao_alta;popularidade_media;genero_drama
2361;Pink Flamingos (1972);Comedy;1972;10;2,75;3,0;1,2304019216861166;2000-01-02 07:48:11+00:00;2018-02-20 11:29:01+00:00;1;periodo_1970_1989;avaliacao_baixa;popularidade_media;genero_comedia
2366;King Kong (1933);Action|Adventure|Fantasy|Horror;1933;25;3,64;4,0;0,9949874371066201;1999-11-04 15:23:49+00:00;2018-02-20 10:20:35+00:00;4;periodo_antes_1950;avaliacao_media;popularidade_media;genero_acao|genero_aventura|genero_fantasia|genero_terror
2367;King Kong (1976);Adventure|Fantasy|Romance|Sci-Fi|Thriller;1976;14;2,7142857142857144;3,0;0,9346798241250173;1999-11-03 14:47:43+00:00;2007-02-18 22:32:06+00:00;5;periodo_1970_1989;avaliacao_baixa;popularidade_media;genero_aventura|genero_fantasia|genero_romance|genero_ficcao_cientifica|genero_suspense
2369;Desperately Seeking Susan (1985);Comedy|Drama|Romance;1985;24;2,6666666666666665;3,0;0,8030738049717998;1999-11-03 14:59:08+00:00;2017-06-27 00:00:55+00:00;3;periodo_1970_1989;avaliacao_baixa;popularidade_media;genero_comedia|genero_drama|genero_romance
2371;Fletch (1985);Comedy|Crime|Mystery;1985;24;3,0833333333333335;3,0;1,0700128673207085;1999-11-03 15:07:02+00:00;2017-06-26 22:32:00+00:00;3;periodo_1970_1989;avaliacao_media;popularidade_media;genero_comedia|genero_crime|genero_misterio
2372;Fletch Lives (1989);Comedy;1989;9;2,2222222222222223;2,0;1,277475809729658;2000-06-21 14:08:37+00:00;2017-06-26 19:16:52+00:00;1;periodo_1970_1989;avaliacao_baixa;popularidade_baixa;genero_comedia
2373;Red Sonja (1985);Action|Adventure|Fantasy;1985;9;2,2777777777777777;2,0;0,97182531580755;2000-04-17 03:14:33+00:00;2017-04-02 00:56:08+00:00;3;periodo_1970_1989;avaliacao_baixa;popularidade_baixa;genero_acao|genero_aventura|genero_fantasia
2374;Gung Ho (1986);Comedy|Drama;1986;9;3,1666666666666665;3,0;0,8660254037844386;1999-12-23 19:49:06+00:00;2009-01-02 21:20:26+00:00;2;periodo_1970_1989;avaliacao_media;popularidade_baixa;genero_comedia|genero_drama
2375;Money Pit, The (1986);Comedy;1986;21;2,9285714285714284;3,0;1,1100193048514324;2000-04-17 04:21:15+00:00;2018-09-02 04:01:28+00:00;1;periodo_1970_1989;avaliacao_baixa;popularidade_media;genero_comedia
2376;View to a Kill, A (1985);Action|Adventure|Thriller;1985;21;3,2142857142857144;3,0;0,8598172563316661;2000-04-17 03:08:14+00:00;2018-02-21 00:52:46+00:00;3;periodo_1970_1989;avaliacao_media;popularidade_media;genero_acao|genero_aventura|genero_suspense
2377;Lifeforce (1985);Horror|Sci-Fi;1985;5;2,5;2,5;1,118033988749895;2000-03-24 19:20:57+00:00;2018-08-12 15:06:24+00:00;2;periodo_1970_1989;avaliacao_baixa;popularidade_baixa;genero_terror|genero_ficcao_cientifica
2378;Police Academy (1984);Comedy|Crime;1984;22;3,022727272727273;3,0;1,0743466755292628;1999-12-11 14:45:51+00:00;2018-05-05 20:37:21+00:00;2;periodo_1970_1989;avaliacao_media;popularidade_media;genero_comedia|genero_crime
2379;Police Academy 2: Their First Assignment (1985);Comedy|Crime;1985;12;2,4583333333333335;2,25;1,2873216263610932;2000-04-17 04:23:21+00:00;2014-02-02 14:43:40+00:00;2;periodo_1970_1989;avaliacao_baixa;popularidade_media;genero_comedia|genero_crime
2380;Police Academy 3: Back in Training (1986);Comedy|Crime;1986;10;2,3;2,5;1,3581032524975576;2000-04-17 04:24:40+00:00;2017-06-30 04:31:16+00:00;2;periodo_1970_1989;avaliacao_baixa;popularidade_media;genero_comedia|genero_crime
2381;Police Academy 4: Citizens on Patrol (1987);Comedy|Crime;1987;7;2,142857142857143;2,0;1,546886273407694;2000-04-17 04:23:21+00:00;2017-06-26 18:58:01+00:00;2;periodo_1970_1989;avaliacao_baixa;popularidade_baixa;genero_comedia|genero_crime
2382;Police Academy 5: Assignment: Miami Beach (1988);Comedy|Crime;1988;5;2,5;2,0;1,5811388300841898;2000-04-17 04:27:19+00:00;2017-06-26 19:11:31+00:00;2;periodo_1970_1989;avaliacao_baixa;popularidade_baixa;genero_comedia|genero_crime
2384;Babe: Pig in the City (1998);Adventure|Children|Drama;1998;29;2,7758620689655173;3,0;1,2996304893572614;1999-02-22 08:12:36+00:00;2018-09-01 21:08:22+00:00;3;periodo_1990_1999;avaliacao_baixa;popularidade_media;genero_aventura|genero_infantil|genero_drama
2387;Very Bad Things (1998);Comedy|Crime;1998;16;3,4375;4,0;1,1672617529928753;1999-11-02 16:13:20+00:00;2018-02-21 04:06:11+00:00;2;periodo_1990_1999;avaliacao_media;popularidade_media;genero_comedia|genero_crime
2389;Psycho (1998);Crime|Horror|Thriller;1998;9;1,8888888888888888;2,0;0,8579691784155834;2000-07-30 18:51:34+00:00;2015-08-27 09:54:44+00:00;3;periodo_1990_1999;avaliacao_baixa;popularidade_baixa;genero_crime|genero_terror|genero_suspense
2390;Little Voice (1998);Comedy;1998;7;3,9285714285714284;4,0;0,8380817098475258;1999-02-22 08:00:53+00:00;2007-06-09 00:14:12+00:00;1;periodo_1990_1999;avaliacao_media;popularidade_baixa;genero_comedia
2391;Simple Plan, A (1998);Crime|Drama|Thriller;1998;22;3,7954545454545454;4,0;0,8403385217689542;1999-10-11 13:03:02+00:00;2017-06-26 17:52:06+00:00;3;periodo_1990_1999;avaliacao_media;popularidade_media;genero_crime|genero_drama|genero_suspense
2392;Jack Frost (1998);Children|Comedy|Drama;1998;8;1,9375;2,0;0,7288689868556626;2000-08-03 16:27:16+00:00;2017-10-26 19:54:26+00:00;3;periodo_1990_1999;avaliacao_baixa;popularidade_baixa;genero_infantil|genero_comedia|genero_drama
2393;Star Trek: Insurrection (1998);Action|Drama|Romance|Sci-Fi;1998;33;3,1515151515151514;3,0;1,100318480066457;1999-02-07 08:49:34+00:00;2018-09-01 20:34:28+00:00;4;periodo_1990_1999;avaliacao_media;popularidade_media;genero_acao|genero_drama|genero_romance|genero_ficcao_cientifica
2394;Prince of Egypt, The (1998);Animation|Musical;1998;25;3,5;3,0;0,9464847243000456;1999-02-22 08:02:39+00:00;2017-04-28 23:01:20+00:00;2;periodo_1990_1999;avaliacao_media;popularidade_media;genero_animacao|genero_musical
2395;Rushmore (1998);Comedy|Drama;1998;56;3,544642857142857;3,5;1,1570997667141198;1999-10-19 19:25:30+00:00;2018-05-05 20:02:42+00:00;2;periodo_1990_1999;avaliacao_media;popularidade_alta;genero_comedia|genero_drama
2396;Shakespeare in Love (1998);Comedy|Drama|Romance;1998;92;3,777173913043478;4,0;1,0360643262380964;1999-02-07 08:50:05+00:00;2018-08-12 05:45:42+00:00;3;periodo_1990_1999;avaliacao_media;popularidade_alta;genero_comedia|genero_drama|genero_romance
2398;Miracle on 34th Street (1947);Comedy|Drama;1947;17;4,0588235294117645;4,0;0,7882407813680823;1999-10-05 15:23:41+00:00;2018-08-12 17:38:01+00:00;2;periodo_antes_1950;avaliacao_alta;popularidade_media;genero_comedia|genero_drama
2401;Pale Rider (1985);Western;1985;8;3,8125;4,0;0,7529703086538577;2000-08-08 13:50:23+00:00;2017-05-22 17:56:45+00:00;1;periodo_1970_1989;avaliacao_media;popularidade_baixa;genero_faroeste
2402;Rambo: First Blood Part II (1985);Action|Adventure|Thriller;1985;19;2,6578947368421053;3,0;1,0678721258619792;1999-11-04 15:43:21+00:00;2017-06-27 01:08:58+00:00;3;periodo_1970_1989;avaliacao_baixa;popularidade_media;genero_acao|genero_aventura|genero_suspense
2403;First Blood (Rambo: First Blood) (1982);Action|Adventure|Drama|Thriller;1982;30;3,55;3,5;0,9130283071488925;1999-10-17 21:07:30+00:00;2018-08-11 02:17:56+00:00;4;periodo_1970_1989;avaliacao_media;popularidade_media;genero_acao|genero_aventura|genero_drama|genero_suspense
2404;Rambo III (1988);Action|Adventure|Thriller|War;1988;12;1,9166666666666667;2,0;0,6685579234215214;2000-04-17 03:19:47+00:00;2018-02-20 15:24:47+00:00;4;periodo_1970_1989;avaliacao_baixa;popularidade_media;genero_acao|genero_aventura|genero_suspense|genero_guerra
2405;Jewel of the Nile, The (1985);Action|Adventure|Comedy|Romance;1985;21;2,8095238095238093;3,0;0,8135752957807667;1999-11-03 01:17:31+00:00;2016-03-25 21:27:52+00:00;4;periodo_1970_1989;avaliacao_baixa;popularidade_media;genero_acao|genero_aventura|genero_comedia|genero_romance
2406;Romancing the Stone (1984);Action|Adventure|Comedy|Romance;1984;54;3,4537037037037037;3,5;0,6954604726673023;1999-10-10 13:44:16+00:00;2018-08-10 03:42:43+00:00;4;periodo_1970_1989;avaliacao_media;popularidade_alta;genero_acao|genero_aventura|genero_comedia|genero_romance
2407;Cocoon (1985);Comedy|Sci-Fi;1985;43;3,2674418604651163;3,5;0,7586708082883098;1999-11-03 14:58:30+00:00;2018-09-01 18:39:29+00:00;2;periodo_1970_1989;avaliacao_media;popularidade_media;genero_comedia|genero_ficcao_cientifica
2408;Cocoon: The Return (1988);Comedy|Sci-Fi;1988;9;2,3333333333333335;3,0;0,8660254037844387;2000-04-17 04:17:48+00:00;2009-03-22 09:37:17+00:00;2;periodo_1970_1989;avaliacao_baixa;popularidade_baixa;genero_comedia|genero_ficcao_cientifica
2409;Rocky II (1979);Action|Drama;1979;26;3,1923076923076925;3,0;1,0961470984947512;1999-11-03 14:46:34+00:00;2018-02-16 08:02:30+00:00;2;periodo_1970_1989;avaliacao_media;popularidade_media;genero_acao|genero_drama
2410;Rocky III (1982);Action|Drama;1982;24;2,7291666666666665;3,0;0,9666073195175625;1999-11-03 14:39:28+00:00;2017-06-26 23:56:14+00:00;2;periodo_1970_1989;avaliacao_baixa;popularidade_media;genero_acao|genero_drama
2411;Rocky IV (1985);Action|Drama;1985;29;2,706896551724138;3,0;1,1379590233906738;1999-11-03 14:40:48+00:00;2018-02-17 09:11:43+00:00;2;periodo_1970_1989;avaliacao_baixa;popularidade_media;genero_acao|genero_drama
2412;Rocky V (1990);Action|Drama;1990;17;1,9411764705882353;2,0;0,747545001596402;2000-04-17 03:21:06+00:00;2017-06-26 22:03:51+00:00;2;periodo_1990_1999;avaliacao_baixa;popularidade_media;genero_acao|genero_drama
2413;Clue (1985);Comedy|Crime|Mystery|Thriller;1985;18;3,388888888888889;3,0;0,5829830881301374;1999-11-03 15:01:04+00:00;2017-06-27 00:23:57+00:00;4;periodo_1970_1989;avaliacao_media;popularidade_media;genero_comedia|genero_crime|genero_misterio|genero_suspense
2414;Young Sherlock Holmes (1985);Action|Adventure|Children|Fantasy|Mystery|Thriller;1985;11;3,3636363636363638;3,0;0,5045249791095129;1999-11-04 15:30:05+00:00;2002-04-18 10:22:02+00:00;6;periodo_1970_1989;avaliacao_media;popularidade_media;genero_acao|genero_aventura|genero_infantil|genero_fantasia|genero_misterio|genero_suspense
2416;Back to School (1986);Comedy;1986;16;2,90625;3,0;0,8797490172391972;1999-10-17 17:56:14+00:00;2017-04-02 01:12:36+00:00;1;periodo_1970_1989;avaliacao_baixa;popularidade_media;genero_comedia
2418;Nothing in Common (1986);Comedy;1986;6;2,75;2,25;0,987420882906575;2000-04-17 04:13:33+00:00;2018-02-22 21:38:33+00:00;1;periodo_1970_1989;avaliacao_baixa;popularidade_baixa;genero_comedia
2420;Karate Kid, The (1984);Drama;1984;38;3,5657894736842106;3,75;0,7812935620856428;1999-11-03 14:39:28+00:00;2018-08-10 03:43:21+00:00;1;periodo_1970_1989;avaliacao_media;popularidade_media;genero_drama
2421;Karate Kid, Part II, The (1986);Action|Adventure|Drama;1986;29;2,7758620689655173;3,0;0,9690404578071007;1999-11-03 14:40:48+00:00;2018-03-27 17:35:57+00:00;3;periodo_1970_1989;avaliacao_baixa;popularidade_media;genero_acao|genero_aventura|genero_drama
2422;Karate Kid, Part III, The (1989);Action|Adventure|Children|Drama;1989;14;1,75;2,0;0,672252242036482;2000-07-09 21:11:45+00:00;2017-06-26 20:41:43+00:00;4;periodo_1970_1989;avaliacao_baixa;popularidade_media;genero_acao|genero_aventura|genero_infantil|genero_drama
2423;Christmas Vacation (National Lampoon's Christmas Vacation) (1989);Comedy;1989;30;3,566666666666667;4,0;1,142692927446732;1999-11-03 15:02:42+00:00;2018-08-11 02:25:48+00:00;1;periodo_1970_1989;avaliacao_media;popularidade_media;genero_comedia
2424;You've Got Mail (1998);Comedy|Romance;1998;50;3,12;3,5;1,1045361017187263;1999-01-03 16:37:30+00:00;2018-09-01 20:24:38+00:00;2;periodo_1990_1999;avaliacao_media;popularidade_alta;genero_comedia|genero_romance
2427;Thin Red Line, The (1998);Action|Drama|War;1998;35;3,3;3,5;1,4152530432649097;1999-10-19 22:37:36+00:00;2017-06-26 06:06:42+00:00;3;periodo_1990_1999;avaliacao_media;popularidade_media;genero_acao|genero_drama|genero_guerra
2428;Faculty, The (1998);Horror|Sci-Fi;1998;23;2,4782608695652173;2,5;0,9472239447886797;1999-12-11 19:27:18+00:00;2018-09-01 20:48:35+00:00;2;periodo_1990_1999;avaliacao_baixa;popularidade_media;genero_terror|genero_ficcao_cientifica
2429;Mighty Joe Young (1998);Action|Adventure|Drama|Fantasy|Thriller;1998;5;2,8;3,0;1,0954451150103321;2000-08-03 16:18:58+00:00;2010-06-22 03:22:12+00:00;5;periodo_1990_1999;avaliacao_baixa;popularidade_baixa;genero_acao|genero_aventura|genero_drama|genero_fantasia|genero_suspense
2430;Mighty Joe Young (1949);Adventure|Children|Drama;1949;6;2,8333333333333335;3,0;0,752772652709081;1999-12-23 16:15:17+00:00;2007-06-27 01:58:36+00:00;3;periodo_antes_1950;avaliacao_baixa;popularidade_baixa;genero_aventura|genero_infantil|genero_drama
2431;Patch Adams (1998);Comedy|Drama;1998;27;3,3703703703703702;4,0;1,1651394154992172;1999-07-11 07:26:40+00:00;2017-02-24 16:30:15+00:00;2;periodo_1990_1999;avaliacao_media;popularidade_media;genero_comedia|genero_drama
2432;Stepmom (1998);Drama;1998;6;3,0833333333333335;2,75;1,241638702145945;2004-09-29 01:26:43+00:00;2012-09-14 06:50:05+00:00;1;periodo_1990_1999;avaliacao_media;popularidade_baixa;genero_drama
2433;Civil Action, A (1998);Drama;1998;11;3,0454545454545454;3,0;0,650174801670499;1999-01-13 14:26:42+00:00;2017-06-26 18:14:45+00:00;1;periodo_1990_1999;avaliacao_media;popularidade_media;genero_drama
2436;Tea with Mussolini (1999);Comedy|Drama|War;1999;6;4,25;4,5;0,8803408430829506;1999-05-12 12:02:26+00:00;2007-02-12 19:46:24+00:00;3;periodo_1990_1999;avaliacao_alta;popularidade_baixa;genero_comedia|genero_drama|genero_guerra
2443;Playing by Heart (1998);Drama|Romance;1998;8;3,375;3,5;0,8762745818846642;1999-10-11 15:12:27+00:00;2008-11-10 23:31:08+00:00;2;periodo_1990_1999;avaliacao_media;popularidade_baixa;genero_drama|genero_romance
2445;At First Sight (1999);Drama;1999;8;2,6875;2,75;0,7039429765866795;1999-10-04 09:37:44+00:00;2018-02-23 00:23:23+00:00;1;periodo_1990_1999;avaliacao_baixa;popularidade_baixa;genero_drama
2447;Varsity Blues (1999);Comedy|Drama;1999;15;3,2666666666666666;3,5;1,0327955589886444;1999-10-04 09:35:00+00:00;2018-01-17 02:30:22+00:00;2;periodo_1990_1999;avaliacao_media;popularidade_media;genero_comedia|genero_drama
2450;Howard the Duck (1986);Adventure|Comedy|Sci-Fi;1986;16;2,15625;2,0;1,2479149276559949;2000-06-20 15:37:31+00:00;2017-06-26 20:41:16+00:00;3;periodo_1970_1989;avaliacao_baixa;popularidade_media;genero_aventura|genero_comedia|genero_ficcao_cientifica
2454;Fly, The (1958);Horror|Mystery|Sci-Fi;1958;13;3,3846153846153846;3,0;0,6504436355879907;2000-01-30 19:43:50+00:00;2018-08-10 23:48:10+00:00;3;periodo_1950_1969;avaliacao_media;popularidade_media;genero_terror|genero_misterio|genero_ficcao_cientifica
2455;Fly, The (1986);Drama|Horror|Sci-Fi|Thriller;1986;43;3,383720930232558;3,5;0,8986577908345785;1999-10-29 15:40:43+00:00;2018-08-10 03:48:05+00:00;4;periodo_1970_1989;avaliacao_media;popularidade_media;genero_drama|genero_terror|genero_ficcao_cientifica|genero_suspense
2456;Fly II, The (1989);Horror|Sci-Fi;1989;9;2,2777777777777777;2,0;0,97182531580755;2000-06-20 15:37:56+00:00;2005-04-05 16:04:42+00:00;2;periodo_1970_1989;avaliacao_baixa;popularidade_baixa;genero_terror|genero_ficcao_cientifica
2457;Running Scared (1986);Action|Comedy;1986;8;3,5625;3,5;0,9797047660246574;1999-11-03 15:02:42+00:00;2004-03-07 08:46:33+00:00;2;periodo_1970_1989;avaliacao_media;popularidade_baixa;genero_acao|genero_comedia
2458;Armed and Dangerous (1986);Comedy|Crime;1986;8;2,75;2,5;0,8864052604279183;2000-04-17 03:45:53+00:00;2018-08-10 04:00:57+00:00;2;periodo_1970_1989;avaliacao_baixa;popularidade_baixa;genero_comedia|genero_crime
2459;Texas Chainsaw Massacre, The (1974);Horror;1974;13;3,269230769230769;3,5;1,284772752529032;1999-11-19 12:18:16+00:00;2017-05-28 08:16:45+00:00;1;periodo_1970_1989;avaliacao_media;popularidade_media;genero_terror
2463;Ruthless People (1986);Comedy;1986;14;3,3214285714285716;3,5;0,9528730413685933;1999-11-03 15:01:04+00:00;2008-12-30 01:56:11+00:00;1;periodo_1970_1989;avaliacao_media;popularidade_media;genero_comedia
2467;Name of the Rose, The (Name der Rose, Der) (1986);Crime|Drama|Mystery|Thriller;1986;18;3,75;4,0;0,7524469885568253;1999-10-14 10:48:05+00:00;2015-04-04 20:16:40+00:00;4;periodo_1970_1989;avaliacao_media;popularidade_media;genero_crime|genero_drama|genero_misterio|genero_suspense
2468;Jumpin' Jack Flash (1986);Action|Comedy|Romance|Thriller;1986;15;2,5;2,0;0,7559289460184544;1999-11-03 15:02:42+00:00;2018-02-21 18:30:41+00:00;4;periodo_1970_1989;avaliacao_baixa;popularidade_media;genero_acao|genero_comedia|genero_romance|genero_suspense
2469;Peggy Sue Got Married (1986);Comedy|Drama;1986;7;3,2142857142857144;3,0;1,14953406710222;2000-03-15 17:07:44+00:00;2015-12-18 15:35:02+00:00;2;periodo_1970_1989;avaliacao_media;popularidade_baixa;genero_comedia|genero_drama
2470;Crocodile Dundee (1986);Adventure|Comedy;1986;57;3,175438596491228;3,0;0,9087433831070529;1999-11-03 14:59:08+00:00;2017-06-26 18:04:14+00:00;2;periodo_1970_1989;avaliacao_media;popularidade_alta;genero_aventura|genero_comedia
2471;Crocodile Dundee II (1988);Action|Adventure|Comedy;1988;24;2,4791666666666665;2,75;1,2809572394406312;1999-11-03 15:00:22+00:00;2017-06-27 00:53:50+00:00;3;periodo_1970_1989;avaliacao_baixa;popularidade_media;genero_acao|genero_aventura|genero_comedia
2473;Soul Man (1986);Comedy;1986;8;2,5625;2,75;0,4955156044825575;2000-04-17 04:20:39+00:00;2007-02-13 22:58:53+00:00;1;periodo_1970_1989;avaliacao_baixa;popularidade_baixa;genero_comedia
2474;Color of Money, The (1986);Drama;1986;13;3,5;4,0;0,7071067811865475;1999-11-03 14:39:28+00:00;2017-06-27 01:07:38+00:00;1;periodo_1970_1989;avaliacao_media;popularidade_media;genero_drama
2476;Heartbreak Ridge (1986);Action|War;1986;12;3,75;4,0;0,7537783614444091;1999-11-04 15:22:17+00:00;2017-04-02 00:16:03+00:00;2;periodo_1970_1989;avaliacao_media;popularidade_media;genero_acao|genero_guerra
2478;¡Three Amigos! (1986);Comedy|Western;1986;26;3,1346153846153846;3,0;0,9440094523646709;1999-11-03 15:03:22+00:00;2017-12-13 02:31:29+00:00;2;periodo_1970_1989;avaliacao_media;popularidade_media;genero_comedia|genero_faroeste
2485;She's All That (1999);Comedy|Romance;1999;29;2,8448275862068964;3,0;1,0445731209092584;1999-10-05 15:22:24+00:00;2018-09-01 20:44:46+00:00;2;periodo_1990_1999;avaliacao_baixa;popularidade_media;genero_comedia|genero_romance
2490;Payback (1999);Action|Thriller;1999;45;3,422222222222222;3,5;0,9883155754958418;1999-10-04 09:34:07+00:00;2018-06-25 04:02:22+00:00;2;periodo_1990_1999;avaliacao_media;popularidade_media;genero_acao|genero_suspense
2491;Simply Irresistible (1999);Comedy|Romance;1999;5;3,6;4,0;1,08397416943394;2000-08-08 04:15:32+00:00;2010-06-08 00:52:08+00:00;2;periodo_1990_1999;avaliacao_media;popularidade_baixa;genero_comedia|genero_romance
2492;20 Dates (1998);Comedy|Romance;1998;7;3,0;4,0;1,4142135623730951;2000-08-08 07:27:42+00:00;2002-09-03 19:29:20+00:00;2;periodo_1990_1999;avaliacao_media;popularidade_baixa;genero_comedia|genero_romance
2496;Blast from the Past (1999);Comedy|Romance;1999;23;3,108695652173913;3,0;0,878486841355511;1999-02-14 00:07:06+00:00;2018-01-05 17:59:26+00:00;2;periodo_1990_1999;avaliacao_media;popularidade_media;genero_comedia|genero_romance
2497;Message in a Bottle (1999);Romance;1999;6;2,9166666666666665;3,0;1,0206207261596576;1999-05-12 12:01:15+00:00;2017-06-26 19:26:28+00:00;1;periodo_1990_1999;avaliacao_baixa;popularidade_baixa;genero_romance
2498;My Favorite Martian (1999);Comedy|Sci-Fi;1999;5;2,1;2,0;0,7416198487095663;2000-12-01 17:37:39+00:00;2018-01-05 17:38:03+00:00;2;periodo_1990_1999;avaliacao_baixa;popularidade_baixa;genero_comedia|genero_ficcao_cientifica
2500;Jawbreaker (1999);Comedy;1999;7;2,0;1,5;1,1180339887498947;1999-05-12 12:00:44+00:00;2009-03-22 22:20:55+00:00;1;periodo_1990_1999;avaliacao_baixa;popularidade_baixa;genero_comedia
2501;October Sky (1999);Drama;1999;30;3,75;4,0;0,7960029457578485;1999-02-21 10:25:23+00:00;2018-09-01 20:39:18+00:00;1;periodo_1990_1999;avaliacao_media;popularidade_media;genero_drama
2502;Office Space (1999);Comedy|Crime;1999;94;4,090425531914893;4,0;0,8097615670493038;1999-10-20 11:42:50+00:00;2017-12-13 02:06:43+00:00;2;periodo_1990_1999;avaliacao_alta;popularidade_alta;genero_comedia|genero_crime
2504;200 Cigarettes (1999);Comedy|Drama;1999;6;3,1666666666666665;3,0;0,752772652709081;1999-05-12 11:58:31+00:00;2007-08-02 19:51:30+00:00;2;periodo_1990_1999;avaliacao_media;popularidade_baixa;genero_comedia|genero_drama
2505;8MM (1999);Drama|Mystery|Thriller;1999;18;2,9444444444444446;3,0;0,8555852638929972;1999-05-12 11:58:31+00:00;2017-06-26 19:11:08+00:00;3;periodo_1990_1999;avaliacao_baixa;popularidade_media;genero_drama|genero_misterio|genero_suspense
2506;Other Sister, The (1999);Comedy|Drama|Romance;1999;6;3,3333333333333335;3,25;1,0801234497346432;1999-05-12 11:59:10+00:00;2009-03-22 22:20:50+00:00;3;periodo_1990_1999;avaliacao_media;popularidade_baixa;genero_comedia|genero_drama|genero_romance
2513;Pet Sematary (1989);Horror;1989;10;2,85;3,0;1,1559027256266468;2000-06-30 13:36:16+00:00;2017-04-02 00:54:47+00:00;1;periodo_1970_1989;avaliacao_baixa;popularidade_media;genero_terror
2517;Christine (1983);Horror;1983;10;2,95;3,0;1,1167910378500636;1999-10-19 19:40:08+00:00;2018-08-12 15:12:06+00:00;1;periodo_1970_1989;avaliacao_baixa;popularidade_media;genero_terror
2518;Night Shift (1982);Comedy;1982;10;3,05;3,0;1,0124228365658294;1999-11-03 15:01:04+00:00;2005-04-05 15:58:53+00:00;1;periodo_1970_1989;avaliacao_media;popularidade_media;genero_comedia
2524;Towering Inferno, The (1974);Action|Adventure|Drama|Thriller;1974;9;3,2222222222222223;3,5;1,3254978100489054;1999-11-03 14:51:54+00:00;2009-01-02 21:19:50+00:00;4;periodo_1970_1989;avaliacao_media;popularidade_baixa;genero_acao|genero_aventura|genero_drama|genero_suspense
2527;Westworld (1973);Action|Sci-Fi|Thriller|Western;1973;18;3,4166666666666665;3,0;0,5490633736057197;1999-10-20 00:46:11+00:00;2018-01-06 05:09:04+00:00;4;periodo_1970_1989;avaliacao_media;popularidade_media;genero_acao|genero_ficcao_cientifica|genero_suspense|genero_faroeste
2528;Logan's Run (1976);Action|Adventure|Sci-Fi;1976;24;3,2291666666666665;3,0;0,7369025460119136;1999-10-10 13:44:15+00:00;2018-03-06 13:11:39+00:00;3;periodo_1970_1989;avaliacao_media;popularidade_media;genero_acao|genero_aventura|genero_ficcao_cientifica
2529;Planet of the Apes (1968);Action|Drama|Sci-Fi;1968;56;3,8035714285714284;4,0;0,8617032363479133;1999-10-14 16:58:30+00:00;2017-06-26 17:48:29+00:00;3;periodo_1950_1969;avaliacao_media;popularidade_alta;genero_acao|genero_drama|genero_ficcao_cientifica
2530;Beneath the Planet of the Apes (1970);Action|Sci-Fi;1970;18;2,7777777777777777;3,0;1,2032092163462902;2000-04-17 03:12:37+00:00;2018-02-20 16:38:58+00:00;2;periodo_1970_1989;avaliacao_baixa;popularidade_media;genero_acao|genero_ficcao_cientifica
2531;Battle for the Planet of the Apes (1973);Action|Sci-Fi;1973;9;2,7777777777777777;2,0;1,3017082793177757;2000-07-09 21:12:39+00:00;2002-08-27 19:03:42+00:00;2;periodo_1970_1989;avaliacao_baixa;popularidade_baixa;genero_acao|genero_ficcao_cientifica
2532;Conquest of the Planet of the Apes (1972);Action|Sci-Fi;1972;12;2,7916666666666665;2,75;1,1171866722289792;2000-04-17 03:09:29+00:00;2007-01-03 21:53:18+00:00;2;periodo_1970_1989;avaliacao_baixa;popularidade_media;genero_acao|genero_ficcao_cientifica
2533;Escape from the Planet of the Apes (1971);Action|Sci-Fi;1971;15;3,0;3,0;1,0856202966836188;2000-03-24 19:44:20+00:00;2017-06-26 22:30:29+00:00;2;periodo_1970_1989;avaliacao_media;popularidade_media;genero_acao|genero_ficcao_cientifica
2539;Analyze This (1999);Comedy;1999;47;3,095744680851064;3,0;0,8316974384036412;1999-05-12 12:00:03+00:00;2018-03-07 07:42:09+00:00;1;periodo_1990_1999;avaliacao_media;popularidade_media;genero_comedia
2541;Cruel Intentions (1999);Drama;1999;40;3,225;3,5;0,9537375868735511;1999-05-12 12:00:03+00:00;2018-01-17 01:50:59+00:00;1;periodo_1990_1999;avaliacao_media;popularidade_media;genero_drama
2542;Lock, Stock & Two Smoking Barrels (1998);Comedy|Crime|Thriller;1998;67;4,052238805970149;4,0;0,879627712049031;1999-05-12 11:57:42+00:00;2017-06-26 18:22:21+00:00;3;periodo_1990_1999;avaliacao_alta;popularidade_alta;genero_comedia|genero_crime|genero_suspense
2548;Rage: Carrie 2, The (1999);Horror;1999;6;1,8333333333333333;2,0;0,408248290463863;1999-05-12 12:00:44+00:00;2007-02-22 02:04:41+00:00;1;periodo_1990_1999;avaliacao_baixa;popularidade_baixa;genero_terror
2549;Wing Commander (1999);Action|Sci-Fi;1999;6;2,9166666666666665;3,0;0,6645800679125629;1999-08-15 06:38:13+00:00;2005-05-31 02:25:15+00:00;2;periodo_1990_1999;avaliacao_baixa;popularidade_baixa;genero_acao|genero_ficcao_cientifica
2550;Haunting, The (1963);Horror|Thriller;1963;7;4,0;4,0;0,816496580927726;2000-03-21 03:44:27+00:00;2005-05-29 23:10:02+00:00;2;periodo_1950_1969;avaliacao_alta;popularidade_baixa;genero_terror|genero_suspense
2551;Dead Ringers (1988);Drama|Horror|Thriller;1988;8;3,6875;4,0;0,9613049166924837;1999-11-03 14:38:48+00:00;2007-02-17 18:37:59+00:00;3;periodo_1970_1989;avaliacao_media;popularidade_baixa;genero_drama|genero_terror|genero_suspense
2553;Village of the Damned (1960);Horror|Sci-Fi|Thriller;1960;6;3,0833333333333335;3,25;0,9174239296348589;1999-10-14 16:58:30+00:00;2017-12-25 22:06:03+00:00;3;periodo_1950_1969;avaliacao_media;popularidade_baixa;genero_terror|genero_ficcao_cientifica|genero_suspense
2558;Forces of Nature (1999);Comedy|Romance;1999;9;2,3333333333333335;2,0;1,0;1999-05-12 12:01:15+00:00;2012-04-07 20:32:04+00:00;2;periodo_1990_1999;avaliacao_baixa;popularidade_baixa;genero_comedia|genero_romance
2560;Ravenous (1999);Horror|Thriller;1999;8;3,0;3,0;0,9636241116594315;1999-05-12 12:00:44+00:00;2010-03-15 21:10:42+00:00;2;periodo_1990_1999;avaliacao_media;popularidade_baixa;genero_terror|genero_suspense
2565;King and I, The (1956);Drama|Musical|Romance;1956;12;4,166666666666667;4,0;0,6513389472789296;2000-07-02 17:49:41+00:00;2017-02-24 16:40:21+00:00;3;periodo_1950_1969;avaliacao_alta;popularidade_media;genero_drama|genero_musical|genero_romance
2567;EDtv (1999);Comedy;1999;19;2,973684210526316;3,0;0,7541309238404149;1999-05-12 11:58:31+00:00;2018-02-21 08:32:08+00:00;1;periodo_1990_1999;avaliacao_baixa;popularidade_media;genero_comedia
2568;Mod Squad, The (1999);Action|Crime;1999;8;3,1875;3,5;1,412634317254722;1999-05-12 12:01:54+00:00;2005-05-31 02:28:07+00:00;2;periodo_1990_1999;avaliacao_media;popularidade_baixa;genero_acao|genero_crime
2570;Walk on the Moon, A (1999);Drama|Romance;1999;5;3,2;3,0;0,4472135954999579;1999-10-04 09:33:01+00:00;2001-10-16 15:59:08+00:00;2;periodo_1990_1999;avaliacao_media;popularidade_baixa;genero_drama|genero_romance
2571;Matrix, The (1999);Action|Sci-Fi|Thriller;1999;278;4,192446043165468;4,5;0,9752425167066034;1999-05-12 11:57:41+00:00;2018-08-31 09:58:07+00:00;3;periodo_1990_1999;avaliacao_alta;popularidade_alta;genero_acao|genero_ficcao_cientifica|genero_suspense
2572;10 Things I Hate About You (1999);Comedy|Romance;1999;54;3,5277777777777777;3,5;1,047983988547331;1999-05-12 12:00:03+00:00;2018-05-05 20:42:13+00:00;2;periodo_1990_1999;avaliacao_media;popularidade_alta;genero_comedia|genero_romance
2574;Out-of-Towners, The (1999);Comedy;1999;6;2,0;2,0;0,8944271909999159;1999-05-12 11:59:35+00:00;2002-08-31 20:21:57+00:00;1;periodo_1990_1999;avaliacao_baixa;popularidade_baixa;genero_comedia
2579;Following (1998);Crime|Mystery|Thriller;1998;6;3,8333333333333335;4,0;0,25819888974716115;2003-03-06 19:26:09+00:00;2018-09-16 10:38:13+00:00;3;periodo_1990_1999;avaliacao_media;popularidade_baixa;genero_crime|genero_misterio|genero_suspense
2580;Go (1999);Comedy|Crime;1999;39;3,9615384615384617;4,0;0,8061002238246822;1999-05-12 11:59:10+00:00;2018-02-23 07:59:13+00:00;2;periodo_1990_1999;avaliacao_media;popularidade_media;genero_comedia|genero_crime
2581;Never Been Kissed (1999);Comedy|Romance;1999;36;2,9583333333333335;3,0;1,0781929326423911;1999-05-12 11:58:31+00:00;2018-01-17 02:25:24+00:00;2;periodo_1990_1999;avaliacao_baixa;popularidade_media;genero_comedia|genero_romance
2583;Cookie's Fortune (1999);Comedy|Drama;1999;12;3,875;4,0;0,956437518750037;1999-05-12 11:57:42+00:00;2018-02-22 01:44:42+00:00;2;periodo_1990_1999;avaliacao_media;popularidade_media;genero_comedia|genero_drama
2594;Open Your Eyes (Abre los ojos) (1997);Drama|Romance|Sci-Fi|Thriller;1997;10;3,75;4,0;0,754615428178118;2002-10-09 04:13:09+00:00;2018-02-20 16:37:49+00:00;4;periodo_1990_1999;avaliacao_media;popularidade_media;genero_drama|genero_romance|genero_ficcao_cientifica|genero_suspense
2596;SLC Punk! (1998);Comedy|Drama;1998;12;3,7916666666666665;4,0;0,864931246172816;1999-11-19 12:40:11+00:00;2016-09-23 00:43:27+00:00;2;periodo_1990_1999;avaliacao_media;popularidade_media;genero_comedia|genero_drama
2598;Pushing Tin (1999);Comedy;1999;25;2,84;3,0;1,0380269746013346;1999-05-12 11:58:31+00:00;2018-02-21 20:30:43+00:00;1;periodo_1990_1999;avaliacao_baixa;popularidade_media;genero_comedia
2599;Election (1999);Comedy;1999;56;3,6607142857142856;4,0;1,0664603425996029;1999-05-12 12:00:03+00:00;2018-03-07 07:39:02+00:00;1;periodo_1990_1999;avaliacao_media;popularidade_alta;genero_comedia
2600;eXistenZ (1999);Action|Sci-Fi|Thriller;1999;22;3,8636363636363638;4,0;0,8044788046842173;2000-03-24 19:32:31+00:00;2017-06-27 01:46:35+00:00;3;periodo_1990_1999;avaliacao_media;popularidade_media;genero_acao|genero_ficcao_cientifica|genero_suspense
2605;Entrapment (1999);Crime|Thriller;1999;43;2,988372093023256;3,0;0,935340351174903;1999-05-12 12:01:15+00:00;2018-02-21 00:49:57+00:00;2;periodo_1990_1999;avaliacao_baixa;popularidade_media;genero_crime|genero_suspense
2606;Idle Hands (1999);Comedy|Horror;1999;15;2,566666666666667;2,5;0,9232447954800246;1999-05-12 11:59:35+00:00;2017-06-27 01:11:30+00:00;2;periodo_1990_1999;avaliacao_baixa;popularidade_media;genero_comedia|genero_terror
2613;Night of the Comet (1984);Comedy|Horror|Sci-Fi;1984;8;2,875;2,5;1,3562026818605375;2000-04-17 03:05:41+00:00;2018-02-21 17:37:40+00:00;3;periodo_1970_1989;avaliacao_baixa;popularidade_baixa;genero_comedia|genero_terror|genero_ficcao_cientifica
2616;Dick Tracy (1990);Action|Crime;1990;26;2,8846153846153846;3,0;1,061203960675725;2000-01-02 07:35:48+00:00;2017-06-26 17:45:27+00:00;2;periodo_1990_1999;avaliacao_baixa;popularidade_media;genero_acao|genero_crime
2617;Mummy, The (1999);Action|Adventure|Comedy|Fantasy|Horror|Thriller;1999;87;3,1206896551724137;3,0;1,1436516312798009;1999-05-12 11:58:31+00:00;2018-05-05 20:37:30+00:00;6;periodo_1990_1999;avaliacao_media;popularidade_alta;genero_acao|genero_aventura|genero_comedia|genero_fantasia|genero_terror|genero_suspense
2618;Castle, The (1997);Comedy;1997;5;3,4;3,5;0,41833001326703784;2000-11-23 00:18:45+00:00;2009-05-14 07:54:09+00:00;1;periodo_1990_1999;avaliacao_media;popularidade_baixa;genero_comedia
2622;William Shakespeare's A Midsummer Night's Dream (1999);Comedy|Fantasy;1999;11;3,1363636363636362;3,0;0,7103136311133658;1999-05-12 12:02:26+00:00;2018-02-21 17:33:38+00:00;2;periodo_1990_1999;avaliacao_media;popularidade_media;genero_comedia|genero_fantasia
2628;Star Wars: Episode I - The Phantom Menace (1999);Action|Adventure|Sci-Fi;1999;140;3,107142857142857;3,0;1,1217049495448899;1999-06-20 08:48:03+00:00;2018-07-30 23:41:26+00:00;3;periodo_1990_1999;avaliacao_media;popularidade_alta;genero_acao|genero_aventura|genero_ficcao_cientifica
2640;Superman (1978);Action|Adventure|Sci-Fi;1978;61;3,6065573770491803;4,0;0,8221656062819738;1999-10-17 15:25:33+00:00;2018-08-31 10:32:24+00:00;3;periodo_1970_1989;avaliacao_media;popularidade_alta;genero_acao|genero_aventura|genero_ficcao_cientifica
2641;Superman II (1980);Action|Sci-Fi;1980;49;3,020408163265306;3,0;0,8895175639629829;1999-10-17 21:07:30+00:00;2018-08-31 10:32:37+00:00;2;periodo_1970_1989;avaliacao_media;popularidade_media;genero_acao|genero_ficcao_cientifica
2642;Superman III (1983);Action|Adventure|Sci-Fi;1983;22;2,25;2,0;0,8830412814596522;2000-04-17 03:33:13+00:00;2018-08-31 10:34:29+00:00;3;periodo_1970_1989;avaliacao_baixa;popularidade_media;genero_acao|genero_aventura|genero_ficcao_cientifica
2643;Superman IV: The Quest for Peace (1987);Action|Adventure|Sci-Fi;1987;16;1,6875;2,0;0,6291528696058959;2000-04-17 03:21:43+00:00;2018-08-31 10:34:43+00:00;3;periodo_1970_1989;avaliacao_baixa;popularidade_media;genero_acao|genero_aventura|genero_ficcao_cientifica
2644;Dracula (1931);Horror;1931;9;3,3333333333333335;3,5;0,5590169943749475;2000-07-30 18:56:33+00:00;2015-06-29 00:46:19+00:00;1;periodo_antes_1950;avaliacao_media;popularidade_baixa;genero_terror
2648;Frankenstein (1931);Drama|Horror|Sci-Fi;1931;11;3,909090909090909;4,0;0,9438798074485389;2000-01-30 19:42:10+00:00;2017-05-22 17:56:21+00:00;3;periodo_antes_1950;avaliacao_media;popularidade_media;genero_drama|genero_terror|genero_ficcao_cientifica
2654;Wolf Man, The (1941);Drama|Fantasy|Horror;1941;5;3,6;3,5;1,1937336386313322;2000-07-30 18:56:33+00:00;2013-05-18 16:04:38+00:00;3;periodo_antes_1950;avaliacao_media;popularidade_baixa;genero_drama|genero_fantasia|genero_terror
2657;Rocky Horror Picture Show, The (1975);Comedy|Horror|Musical|Sci-Fi;1975;63;3,3412698412698414;3,0;1,1137896541776637;1999-11-19 12:18:16+00:00;2017-12-25 21:49:38+00:00;4;periodo_1970_1989;avaliacao_media;popularidade_alta;genero_comedia|genero_terror|genero_musical|genero_ficcao_cientifica
2662;War of the Worlds, The (1953);Action|Drama|Sci-Fi;1953;12;3,1666666666666665;3,0;0,8616404368553291;2000-04-17 03:02:14+00:00;2018-08-10 23:57:44+00:00;3;periodo_1950_1969;avaliacao_media;popularidade_media;genero_acao|genero_drama|genero_ficcao_cientifica
2664;Invasion of the Body Snatchers (1956);Horror|Sci-Fi|Thriller;1956;13;3,769230769230769;4,0;0,6956826568014751;2000-08-09 18:34:37+00:00;2016-04-09 18:12:52+00:00;3;periodo_1950_1969;avaliacao_media;popularidade_media;genero_terror|genero_ficcao_cientifica|genero_suspense
2668;Swamp Thing (1982);Horror|Sci-Fi;1982;8;2,9375;3,0;0,7288689868556626;2000-08-03 15:08:48+00:00;2009-01-02 21:19:24+00:00;2;periodo_1970_1989;avaliacao_baixa;popularidade_baixa;genero_terror|genero_ficcao_cientifica
2670;Run Silent Run Deep (1958);War;1958;5;3,6;3,0;0,8944271909999159;1999-10-20 00:43:49+00:00;2003-11-24 14:38:55+00:00;1;periodo_1950_1969;avaliacao_media;popularidade_baixa;genero_guerra
2671;Notting Hill (1999);Comedy|Romance;1999;56;3,455357142857143;3,5;1,054327815651822;1999-10-04 09:34:31+00:00;2018-07-10 18:57:24+00:00;2;periodo_1990_1999;avaliacao_media;popularidade_alta;genero_comedia|genero_romance
2672;Thirteenth Floor, The (1999);Drama|Sci-Fi|Thriller;1999;12;2,9583333333333335;3,0;1,1171866722289794;2000-02-16 22:44:21+00:00;2016-10-16 18:31:03+00:00;3;periodo_1990_1999;avaliacao_baixa;popularidade_media;genero_drama|genero_ficcao_cientifica|genero_suspense
2676;Instinct (1999);Drama|Thriller;1999;6;3,1666666666666665;3,5;1,2110601416389968;2000-06-19 17:46:40+00:00;2017-06-26 19:27:21+00:00;2;periodo_1990_1999;avaliacao_media;popularidade_baixa;genero_drama|genero_suspense
2683;Austin Powers: The Spy Who Shagged Me (1999);Action|Adventure|Comedy;1999;121;3,1983471074380163;3,5;1,215317754819316;1999-10-04 09:35:30+00:00;2018-03-07 07:41:33+00:00;3;periodo_1990_1999;avaliacao_media;popularidade_alta;genero_acao|genero_aventura|genero_comedia
2686;Red Violin, The (Violon rouge, Le) (1998);Drama|Mystery;1998;19;4,026315789473684;4,0;0,696692268479466;1999-11-25 22:45:33+00:00;2016-03-25 22:12:05+00:00;2;periodo_1990_1999;avaliacao_alta;popularidade_media;genero_drama|genero_misterio
2687;Tarzan (1999);Adventure|Animation|Children|Drama;1999;24;3,4583333333333335;3,25;0,9881544795032399;2000-01-19 22:57:43+00:00;2018-09-01 18:38:03+00:00;4;periodo_1990_1999;avaliacao_media;popularidade_media;genero_aventura|genero_animacao|genero_infantil|genero_drama
2688;General's Daughter, The (1999);Crime|Drama|Mystery|Thriller;1999;15;2,933333333333333;3,0;0,9976162063830435;1999-10-04 09:38:58+00:00;2011-08-05 01:29:39+00:00;4;periodo_1990_1999;avaliacao_baixa;popularidade_media;genero_crime|genero_drama|genero_misterio|genero_suspense
2690;Ideal Husband, An (1999);Comedy|Romance;1999;10;3,7;4,0;0,8232726023485646;1999-10-12 09:01:56+00:00;2012-04-05 20:13:51+00:00;2;periodo_1990_1999;avaliacao_media;popularidade_media;genero_comedia|genero_romance
2692;Run Lola Run (Lola rennt) (1998);Action|Crime;1998;75;4,0;4,0;0,6524382543012601;1999-10-04 09:21:19+00:00;2018-08-31 09:58:05+00:00;2;periodo_1990_1999;avaliacao_alta;popularidade_alta;genero_acao|genero_crime
2694;Big Daddy (1999);Comedy;1999;48;3,1979166666666665;3,5;0,932507391638797;1999-10-19 16:28:48+00:00;2018-02-17 21:45:09+00:00;1;periodo_1990_1999;avaliacao_media;popularidade_media;genero_comedia
2699;Arachnophobia (1990);Comedy|Horror;1990;53;2,811320754716981;3,0;0,9518525211717191;1999-10-23 00:42:55+00:00;2017-04-02 01:06:49+00:00;2;periodo_1990_1999;avaliacao_baixa;popularidade_alta;genero_comedia|genero_terror
2700;South Park: Bigger, Longer and Uncut (1999);Animation|Comedy|Musical;1999;76;3,861842105263158;4,0;1,0086250846590663;1999-10-04 09:26:31+00:00;2018-01-17 02:01:51+00:00;3;periodo_1990_1999;avaliacao_media;popularidade_alta;genero_animacao|genero_comedia|genero_musical
2701;Wild Wild West (1999);Action|Comedy|Sci-Fi|Western;1999;53;2,207547169811321;2,0;0,9827060474103312;1999-12-17 04:57:48+00:00;2018-09-01 20:30:23+00:00;4;periodo_1990_1999;avaliacao_baixa;popularidade_alta;genero_acao|genero_comedia|genero_ficcao_cientifica|genero_faroeste
2702;Summer of Sam (1999);Drama;1999;15;3,4;3,5;1,0555973258234954;1999-10-04 09:36:07+00:00;2017-05-03 22:28:49+00:00;1;periodo_1990_1999;avaliacao_media;popularidade_media;genero_drama
2706;American Pie (1999);Comedy|Romance;1999;103;3,378640776699029;3,5;1,0442795138404477;1999-10-04 09:13:03+00:00;2018-03-07 07:40:13+00:00;2;periodo_1990_1999;avaliacao_media;popularidade_alta;genero_comedia|genero_romance
2707;Arlington Road (1999);Thriller;1999;22;3,272727272727273;3,25;0,9602488854864254;1999-11-04 15:09:15+00:00;2017-06-26 23:58:02+00:00;1;periodo_1990_1999;avaliacao_media;popularidade_media;genero_suspense
2709;Muppets From Space (1999);Children|Comedy;1999;9;3,1666666666666665;3,0;1,224744871391589;1999-10-05 08:55:40+00:00;2017-06-26 22:19:27+00:00;2;periodo_1990_1999;avaliacao_media;popularidade_baixa;genero_infantil|genero_comedia
2710;Blair Witch Project, The (1999);Drama|Horror|Thriller;1999;64;2,796875;3,0;1,3735562405783561;1999-10-05 08:55:40+00:00;2018-05-05 20:39:20+00:00;3;periodo_1990_1999;avaliacao_baixa;popularidade_alta;genero_drama|genero_terror|genero_suspense
2712;Eyes Wide Shut (1999);Drama|Mystery|Thriller;1999;53;3,4622641509433962;3,5;1,1130737785855644;1999-10-05 08:55:40+00:00;2018-09-18 01:49:36+00:00;3;periodo_1990_1999;avaliacao_media;popularidade_alta;genero_drama|genero_misterio|genero_suspense
2713;Lake Placid (1999);Horror|Thriller;1999;12;2,6666666666666665;3,0;0,9128709291752768;2000-09-15 02:45:34+00:00;2017-05-14 23:28:58+00:00;2;periodo_1990_1999;avaliacao_baixa;popularidade_media;genero_terror|genero_suspense
2716;Ghostbusters (a.k.a. Ghost Busters) (1984);Action|Comedy|Sci-Fi;1984;120;3,775;4,0;0,862013472569168;1999-10-13 13:28:43+00:00;2018-08-10 03:38:19+00:00;3;periodo_1970_1989;avaliacao_media;popularidade_alta;genero_acao|genero_comedia|genero_ficcao_cientifica
2717;Ghostbusters II (1989);Comedy|Fantasy|Sci-Fi;1989;47;3,0;3,0;0,8784868413555108;1999-10-17 17:48:28+00:00;2018-01-31 23:31:04+00:00;3;periodo_1970_1989;avaliacao_media;popularidade_media;genero_comedia|genero_fantasia|genero_ficcao_cientifica
2718;Drop Dead Gorgeous (1999);Comedy;1999;10;3,2;3,0;0,8232726023485646;1999-11-19 12:40:11+00:00;2018-02-17 21:46:49+00:00;1;periodo_1990_1999;avaliacao_media;popularidade_media;genero_comedia
2719;Haunting, The (1999);Horror|Thriller;1999;13;2,1153846153846154;2,0;0,8454250941056752;1999-10-05 08:59:12+00:00;2017-06-26 19:14:04+00:00;2;periodo_1990_1999;avaliacao_baixa;popularidade_media;genero_terror|genero_suspense
2720;Inspector Gadget (1999);Action|Adventure|Children|Comedy;1999;21;2,0952380952380953;2,0;1,168535917495132;1999-10-05 08:59:12+00:00;2018-03-27 18:15:54+00:00;4;periodo_1990_1999;avaliacao_baixa;popularidade_media;genero_acao|genero_aventura|genero_infantil|genero_comedia
2722;Deep Blue Sea (1999);Action|Horror|Sci-Fi|Thriller;1999;29;2,7758620689655173;3,0;0,9782108932761574;2000-04-17 03:09:29+00:00;2017-06-26 21:07:07+00:00;4;periodo_1990_1999;avaliacao_baixa;popularidade_media;genero_acao|genero_terror|genero_ficcao_cientifica|genero_suspense
2723;Mystery Men (1999);Action|Comedy|Fantasy;1999;39;3,08974358974359;3,5;1,069135132957297;1999-10-19 19:19:45+00:00;2018-08-31 10:34:17+00:00;3;periodo_1990_1999;avaliacao_media;popularidade_media;genero_acao|genero_comedia|genero_fantasia
2724;Runaway Bride (1999);Comedy|Romance;1999;42;2,8333333333333335;3,0;1,0515184529577066;1999-10-04 09:18:53+00:00;2017-10-22 02:47:13+00:00;2;periodo_1990_1999;avaliacao_baixa;popularidade_media;genero_comedia|genero_romance
2726;Killing, The (1956);Crime|Film-Noir;1956;9;4,055555555555555;4,0;0,5270462766947298;2000-03-21 03:56:26+00:00;2017-06-26 17:39:06+00:00;2;periodo_1950_1969;avaliacao_alta;popularidade_baixa;genero_crime|genero_film_noir
2728;Spartacus (1960);Action|Drama|Romance|War;1960;13;3,576923076923077;3,5;0,7595545253127498;2001-01-10 21:56:20+00:00;2015-06-28 23:54:25+00:00;4;periodo_1950_1969;avaliacao_media;popularidade_media;genero_acao|genero_drama|genero_romance|genero_guerra
2729;Lolita (1962);Drama|Romance;1962;7;3,5;3,5;0,5;1999-10-14 17:04:21+00:00;2015-06-29 00:07:44+00:00;2;periodo_1950_1969;avaliacao_media;popularidade_baixa;genero_drama|genero_romance
2730;Barry Lyndon (1975);Drama|Romance|War;1975;7;3,7142857142857144;4,0;0,9940297973880049;2000-03-24 19:42:17+00:00;2014-04-26 12:43:40+00:00;3;periodo_1970_1989;avaliacao_media;popularidade_baixa;genero_drama|genero_romance|genero_guerra
2731;400 Blows, The (Les quatre cents coups) (1959);Crime|Drama;1959;12;4,0;4,0;0,7687061147858074;2000-02-16 17:51:18+00:00;2018-05-02 18:13:22+00:00;2;periodo_1950_1969;avaliacao_alta;popularidade_media;genero_crime|genero_drama
2732;Jules and Jim (Jules et Jim) (1961);Drama|Romance;1961;5;4,5;4,5;0,5;2000-01-02 08:02:43+00:00;2018-02-09 09:31:19+00:00;2;periodo_1950_1969;avaliacao_alta;popularidade_baixa;genero_drama|genero_romance
2734;Mosquito Coast, The (1986);Adventure|Drama|Thriller;1986;10;3,25;3,0;0,5892556509887895;1999-11-03 14:41:15+00:00;2018-02-21 18:56:54+00:00;3;periodo_1970_1989;avaliacao_media;popularidade_media;genero_aventura|genero_drama|genero_suspense
2735;Golden Child, The (1986);Action|Adventure|Comedy|Fantasy|Mystery;1986;16;2,71875;3,0;1,0483121354507603;1999-11-03 15:03:22+00:00;2017-05-14 23:30:34+00:00;5;periodo_1970_1989;avaliacao_baixa;popularidade_media;genero_acao|genero_aventura|genero_comedia|genero_fantasia|genero_misterio
2736;Brighton Beach Memoirs (1986);Comedy;1986;5;3,6;4,0;0,5477225575051662;2000-06-21 14:00:09+00:00;2005-08-13 00:09:35+00:00;1;periodo_1970_1989;avaliacao_media;popularidade_baixa;genero_comedia
2739;Color Purple, The (1985);Drama;1985;12;3,9166666666666665;4,0;0,7637626158259733;2000-02-22 01:23:50+00:00;2018-08-12 15:20:21+00:00;1;periodo_1970_1989;avaliacao_media;popularidade_media;genero_drama
2745;Mission, The (1986);Drama;1986;9;3,5;3,5;0,8660254037844386;2000-03-24 20:04:23+00:00;2017-06-27 00:05:19+00:00;1;periodo_1970_1989;avaliacao_media;popularidade_baixa;genero_drama
2746;Little Shop of Horrors (1986);Comedy|Horror|Musical;1986;39;3,3333333333333335;3,5;0,7194052124144799;1999-11-03 15:05:24+00:00;2018-08-10 04:00:23+00:00;3;periodo_1970_1989;avaliacao_media;popularidade_media;genero_comedia|genero_terror|genero_musical
2747;Little Shop of Horrors, The (1960);Comedy|Horror;1960;9;3,0;3,0;0,7071067811865475;2000-03-24 19:19:48+00:00;2013-01-26 04:58:15+00:00;2;periodo_1950_1969;avaliacao_media;popularidade_baixa;genero_comedia|genero_terror
2748;Allan Quatermain and the Lost City of Gold (1987);Action|Adventure|Comedy;1987;6;1,8333333333333333;2,0;0,9309493362512629;2000-04-17 03:20:23+00:00;2009-02-16 23:26:45+00:00;3;periodo_1970_1989;avaliacao_baixa;popularidade_baixa;genero_acao|genero_aventura|genero_comedia
2750;Radio Days (1987);Comedy|Drama;1987;7;3,142857142857143;3,0;0,6267831705280087;2000-01-02 07:52:17+00:00;2009-03-22 23:19:18+00:00;2;periodo_1970_1989;avaliacao_media;popularidade_baixa;genero_comedia|genero_drama
2752;Outrageous Fortune (1987);Comedy|Mystery;1987;8;2,8125;3,0;0,6512350903146596;1999-10-14 10:48:05+00:00;2009-01-02 21:19:11+00:00;2;periodo_1970_1989;avaliacao_baixa;popularidade_baixa;genero_comedia|genero_misterio
2759;Dick (1999);Comedy;1999;8;3,5;3,5;0,8451542547285166;1999-10-05 08:55:40+00:00;2011-10-15 11:47:57+00:00;1;periodo_1990_1999;avaliacao_media;popularidade_baixa;genero_comedia
2761;Iron Giant, The (1999);Adventure|Animation|Children|Drama|Sci-Fi;1999;39;4,051282051282051;4,0;0,8012726045327075;1999-10-01 19:43:51+00:00;2018-02-20 09:13:50+00:00;5;periodo_1990_1999;avaliacao_alta;popularidade_media;genero_aventura|genero_animacao|genero_infantil|genero_drama|genero_ficcao_cientifica
2762;Sixth Sense, The (1999);Drama|Horror|Mystery;1999;179;3,893854748603352;4,0;0,9554199036374794;1999-08-28 23:14:52+00:00;2018-08-31 10:00:08+00:00;3;periodo_1990_1999;avaliacao_media;popularidade_alta;genero_drama|genero_terror|genero_misterio
2763;Thomas Crown Affair, The (1999);Action|Mystery;1999;48;3,6458333333333335;4,0;0,8626920589946813;1999-10-05 08:56:39+00:00;2017-04-02 00:55:07+00:00;2;periodo_1990_1999;avaliacao_media;popularidade_media;genero_acao|genero_misterio
2764;Thomas Crown Affair, The (1968);Crime|Drama|Romance|Thriller;1968;7;4,0;4,0;0,6454972243679027;2000-01-02 07:34:27+00:00;2013-10-22 19:24:15+00:00;4;periodo_1950_1969;avaliacao_alta;popularidade_baixa;genero_crime|genero_drama|genero_romance|genero_suspense
2769;Yards, The (2000);Crime|Drama;2000;5;3,4;4,0;1,3416407864998738;2000-11-17 20:43:41+00:00;2003-09-11 12:51:23+00:00;2;periodo_2000_2009;avaliacao_media;popularidade_baixa;genero_crime|genero_drama
2770;Bowfinger (1999);Comedy;1999;38;2,960526315789474;3,0;1,0422272081186597;1999-10-02 12:56:38+00:00;2009-12-23 04:09:01+00:00;1;periodo_1990_1999;avaliacao_baixa;popularidade_media;genero_comedia
2772;Detroit Rock City (1999);Comedy;1999;10;2,85;3,25;1,395429045928965;2000-03-24 19:27:02+00:00;2017-10-26 19:53:57+00:00;1;periodo_1990_1999;avaliacao_baixa;popularidade_media;genero_comedia
2779;Heaven Can Wait (1978);Comedy;1978;13;3,269230769230769;3,0;0,6650621717611762;1999-11-03 14:52:26+00:00;2018-02-20 18:12:24+00:00;1;periodo_1970_1989;avaliacao_media;popularidade_media;genero_comedia
2787;Cat's Eye (1985);Horror;1985;6;2,4166666666666665;2,25;0,4915960401250875;2000-06-30 13:31:45+00:00;2018-08-10 04:19:51+00:00;1;periodo_1970_1989;avaliacao_baixa;popularidade_baixa;genero_terror
2788;Monty Python's And Now for Something Completely Different (1971);Comedy;1971;28;4,053571428571429;4,0;0,7115357115303973;1999-12-22 19:55:11+00:00;2017-06-27 00:06:20+00:00;1;periodo_1970_1989;avaliacao_alta;popularidade_media;genero_comedia
2791;Airplane! (1980);Comedy;1980;87;3,8563218390804597;4,0;0,9642084534616004;1999-11-03 15:07:02+00:00;2018-09-01 18:38:25+00:00;1;periodo_1970_1989;avaliacao_media;popularidade_alta;genero_comedia
2792;Airplane II: The Sequel (1982);Comedy;1982;19;3,1842105263157894;3,0;1,204280863279334;1999-12-11 22:21:27+00:00;2018-08-12 22:46:55+00:00;1;periodo_1970_1989;avaliacao_media;popularidade_media;genero_comedia
2793;American Werewolf in Paris, An (1997);Comedy|Horror|Romance|Thriller;1997;10;2,3;2,0;0,9189365834726815;2000-01-10 00:02:59+00:00;2012-06-22 05:46:34+00:00;4;periodo_1990_1999;avaliacao_baixa;popularidade_media;genero_comedia|genero_terror|genero_romance|genero_suspense
2794;European Vacation (aka National Lampoon's European Vacation) (1985);Adventure|Comedy|Romance;1985;15;2,6333333333333333;3,0;0,5163977794943221;1999-11-03 15:05:24+00:00;2018-09-02 20:54:02+00:00;3;periodo_1970_1989;avaliacao_baixa;popularidade_media;genero_aventura|genero_comedia|genero_romance
2795;National Lampoon's Vacation (1983);Comedy;1983;26;3,6538461538461537;3,75;0,8218178723930353;1999-11-03 15:00:22+00:00;2018-08-10 04:00:03+00:00;1;periodo_1970_1989;avaliacao_media;popularidade_media;genero_comedia
2796;Funny Farm (1988);Comedy;1988;11;2,590909090909091;2,5;1,044465935734187;1999-10-13 19:25:23+00:00;2017-06-26 22:05:14+00:00;1;periodo_1970_1989;avaliacao_baixa;popularidade_media;genero_comedia
2797;Big (1988);Comedy|Drama|Fantasy|Romance;1988;91;3,71978021978022;4,0;0,8794214992722054;1999-10-19 16:29:29+00:00;2018-08-10 03:41:28+00:00;4;periodo_1970_1989;avaliacao_media;popularidade_alta;genero_comedia|genero_drama|genero_fantasia|genero_romance
2798;Problem Child (1990);Children|Comedy;1990;12;1,5833333333333333;1,25;0,7929614610987591;2000-04-17 04:26:32+00:00;2017-06-26 20:52:46+00:00;2;periodo_1990_1999;avaliacao_baixa;popularidade_media;genero_infantil|genero_comedia
2799;Problem Child 2 (1991);Comedy;1991;8;1,3125;1,0;0,8425090080061035;2000-08-18 11:15:26+00:00;2017-06-30 04:30:49+00:00;1;periodo_1990_1999;avaliacao_baixa;popularidade_baixa;genero_comedia
2802;Tequila Sunrise (1988);Action|Drama|Romance|Thriller;1988;13;3,0384615384615383;3,0;0,4311582492512881;1999-10-17 21:06:07+00:00;2009-01-02 21:19:02+00:00;4;periodo_1970_1989;avaliacao_media;popularidade_media;genero_acao|genero_drama|genero_romance|genero_suspense
2803;Pelican Brief, The (1993);Crime|Drama|Mystery|Romance|Thriller;1993;13;2,923076923076923;3,0;0,672252242036482;2000-06-22 13:56:25+00:00;2018-02-20 15:55:56+00:00;5;periodo_1990_1999;avaliacao_baixa;popularidade_media;genero_crime|genero_drama|genero_misterio|genero_romance|genero_suspense
2804;Christmas Story, A (1983);Children|Comedy;1983;55;3,9727272727272727;4,0;0,9497474411759171;1999-11-03 14:41:53+00:00;2018-08-12 05:30:40+00:00;2;periodo_1970_1989;avaliacao_media;popularidade_alta;genero_infantil|genero_comedia
2805;Mickey Blue Eyes (1999);Comedy|Romance;1999;23;3,0;3,0;0,8660254037844387;1999-10-04 09:19:20+00:00;2017-05-14 23:25:18+00:00;2;periodo_1990_1999;avaliacao_media;popularidade_media;genero_comedia|genero_romance
2806;Teaching Mrs. Tingle (1999);Comedy|Thriller;1999;9;2,3333333333333335;2,0;1,414213562373095;1999-11-19 12:41:59+00:00;2010-06-08 00:43:44+00:00;2;periodo_1990_1999;avaliacao_baixa;popularidade_baixa;genero_comedia|genero_suspense
2808;Universal Soldier (1992);Action|Sci-Fi;1992;17;2,2058823529411766;2,5;1,1733875043199147;2000-04-17 03:16:25+00:00;2017-06-26 22:18:45+00:00;2;periodo_1990_1999;avaliacao_baixa;popularidade_media;genero_acao|genero_ficcao_cientifica
2810;Perfect Blue (1997);Animation|Horror|Mystery|Thriller;1997;5;4,2;4,5;1,0368220676663862;2005-11-25 08:24:10+00:00;2017-06-26 23:10:40+00:00;4;periodo_1990_1999;avaliacao_alta;popularidade_baixa;genero_animacao|genero_terror|genero_misterio|genero_suspense
2815;Iron Eagle (1986);Action|War;1986;7;2,2857142857142856;2,0;0,7559289460184544;1999-10-20 00:42:16+00:00;2017-04-02 00:53:33+00:00;2;periodo_1970_1989;avaliacao_baixa;popularidade_baixa;genero_acao|genero_guerra
2819;Three Days of the Condor (3 Days of the Condor) (1975);Drama|Mystery|Romance|Thriller;1975;16;3,75;4,0;1,0165300454651272;1999-10-20 00:57:03+00:00;2017-06-26 23:10:06+00:00;4;periodo_1970_1989;avaliacao_media;popularidade_media;genero_drama|genero_misterio|genero_romance|genero_suspense
2822;Medicine Man (1992);Adventure|Romance;1992;11;3,1363636363636362;2,5;1,1638494123147782;1999-11-17 13:09:25+00:00;2017-06-26 22:35:05+00:00;2;periodo_1990_1999;avaliacao_media;popularidade_media;genero_aventura|genero_romance
2826;13th Warrior, The (1999);Action|Adventure|Fantasy;1999;26;2,9038461538461537;3,0;1,0001922892047386;2000-06-06 22:21:36+00:00;2018-09-01 20:39:21+00:00;3;periodo_1990_1999;avaliacao_baixa;popularidade_media;genero_acao|genero_aventura|genero_fantasia
2827;Astronaut's Wife, The (1999);Horror|Sci-Fi|Thriller;1999;11;2,272727272727273;2,0;0,8764598212022148;2000-11-24 02:16:40+00:00;2012-01-16 04:21:31+00:00;3;periodo_1990_1999;avaliacao_baixa;popularidade_media;genero_terror|genero_ficcao_cientifica|genero_suspense
2829;Muse, The (1999);Comedy;1999;7;3,0714285714285716;3,0;1,096531327587567;1999-10-04 09:18:53+00:00;2017-06-26 22:02:58+00:00;1;periodo_1990_1999;avaliacao_media;popularidade_baixa;genero_comedia
2840;Stigmata (1999);Drama|Thriller;1999;23;2,869565217391304;3,0;1,0468284493514404;1999-10-20 01:34:20+00:00;2017-05-14 23:23:54+00:00;2;periodo_1990_1999;avaliacao_baixa;popularidade_media;genero_drama|genero_suspense
2841;Stir of Echoes (1999);Horror|Mystery|Thriller;1999;18;3,5277777777777777;4,0;0,8655535838617663;1999-10-17 15:01:16+00:00;2018-02-21 01:52:32+00:00;3;periodo_1990_1999;avaliacao_media;popularidade_media;genero_terror|genero_misterio|genero_suspense
2843;Black Cat, White Cat (Crna macka, beli macor) (1998);Comedy|Romance;1998;9;3,9444444444444446;4,0;1,1843892002959913;1999-12-13 09:53:34+00:00;2016-09-21 12:15:23+00:00;2;periodo_1990_1999;avaliacao_media;popularidade_baixa;genero_comedia|genero_romance
2846;Adventures of Milo and Otis, The (Koneko monogatari) (1986);Adventure|Children|Comedy|Drama;1986;7;3,857142857142857;3,5;0,801783725737273;2000-07-28 00:35:06+00:00;2017-06-26 18:16:41+00:00;4;periodo_1970_1989;avaliacao_media;popularidade_baixa;genero_aventura|genero_infantil|genero_comedia|genero_drama
2857;Yellow Submarine (1968);Adventure|Animation|Comedy|Fantasy|Musical;1968;14;3,2857142857142856;3,0;0,8017837257372732;1999-12-11 07:56:32+00:00;2017-05-14 23:26:31+00:00;5;periodo_1950_1969;avaliacao_media;popularidade_media;genero_aventura|genero_animacao|genero_comedia|genero_fantasia|genero_musical
2858;American Beauty (1999);Drama|Romance;1999;204;4,056372549019608;4,0;0,9702513911360044;1999-10-04 09:13:03+00:00;2018-08-11 02:16:16+00:00;2;periodo_1990_1999;avaliacao_alta;popularidade_alta;genero_drama|genero_romance
2859;Stop Making Sense (1984);Documentary|Musical;1984;7;3,857142857142857;4,0;0,8521681032463467;1999-11-16 03:39:09+00:00;2012-09-23 21:11:08+00:00;2;periodo_1970_1989;avaliacao_media;popularidade_baixa;genero_documentario|genero_musical
2860;Blue Streak (1999);Comedy;1999;9;2,611111111111111;3,0;0,6009252125773316;1999-10-04 09:36:54+00:00;2017-10-26 19:53:50+00:00;1;periodo_1990_1999;avaliacao_baixa;popularidade_baixa;genero_comedia
2861;For Love of the Game (1999);Comedy|Drama;1999;8;3,375;3,5;0,7440238091428449;1999-10-05 08:57:59+00:00;2009-11-17 00:46:22+00:00;2;periodo_1990_1999;avaliacao_media;popularidade_baixa;genero_comedia|genero_drama
2863;Hard Day's Night, A (1964);Adventure|Comedy|Musical;1964;19;3,473684210526316;3,5;0,8575430700315083;1999-10-14 17:04:21+00:00;2015-06-28 23:58:58+00:00;3;periodo_1950_1969;avaliacao_media;popularidade_media;genero_aventura|genero_comedia|genero_musical
2866;Buddy Holly Story, The (1978);Drama;1978;5;3,6;3,5;0,4183300132670377;2000-03-24 19:42:50+00:00;2005-08-12 23:58:02+00:00;1;periodo_1970_1989;avaliacao_media;popularidade_baixa;genero_drama
2867;Fright Night (1985);Comedy|Horror|Thriller;1985;12;3,5833333333333335;4,0;1,0836246694508316;2000-06-21 14:01:37+00:00;2018-08-12 15:06:07+00:00;3;periodo_1970_1989;avaliacao_media;popularidade_media;genero_comedia|genero_terror|genero_suspense
2870;Barefoot in the Park (1967);Comedy;1967;8;3,3125;3,0;0,45806269065645216;1999-10-14 17:32:02+00:00;2010-06-21 05:13:42+00:00;1;periodo_1950_1969;avaliacao_media;popularidade_baixa;genero_comedia
2871;Deliverance (1972);Adventure|Drama|Thriller;1972;30;3,9;4,0;0,6351757834348448;1999-11-03 14:54:20+00:00;2017-05-14 23:17:41+00:00;3;periodo_1970_1989;avaliacao_media;popularidade_media;genero_aventura|genero_drama|genero_suspense
2872;Excalibur (1981);Adventure|Fantasy;1981;25;3,64;3,5;1,0157099323461727;1999-11-04 15:28:42+00:00;2017-06-26 18:23:11+00:00;2;periodo_1970_1989;avaliacao_media;popularidade_media;genero_aventura|genero_fantasia
2875;Sommersby (1993);Drama|Mystery|Romance;1993;10;2,95;3,0;0,6851601597031488;1999-10-12 08:25:38+00:00;2012-04-07 20:32:39+00:00;3;periodo_1990_1999;avaliacao_baixa;popularidade_media;genero_drama|genero_misterio|genero_romance
2877;Tommy (1975);Musical;1975;7;3,0;3,0;1,1547005383792515;1999-11-03 14:53:20+00:00;2018-02-20 11:22:09+00:00;1;periodo_1970_1989;avaliacao_media;popularidade_baixa;genero_musical
2879;Armour of God II: Operation Condor (Operation Condor) (Fei ying gai wak) (1991);Action|Adventure|Comedy;1991;7;3,2142857142857144;4,0;1,409998311380279;2000-06-24 23:24:23+00:00;2017-06-26 22:54:28+00:00;3;periodo_1990_1999;avaliacao_media;popularidade_baixa;genero_acao|genero_aventura|genero_comedia
2880;Armour of God (Long xiong hu di) (1987);Action|Adventure|Comedy;1987;6;3,0833333333333335;3,5;1,2006942436218584;2000-06-24 23:24:23+00:00;2017-06-26 22:39:47+00:00;3;periodo_1970_1989;avaliacao_media;popularidade_baixa;genero_acao|genero_aventura|genero_comedia
2881;Double Jeopardy (1999);Action|Crime|Drama|Thriller;1999;19;3,026315789473684;3,0;1,1483524939200496;1999-10-04 09:16:20+00:00;2018-01-05 17:58:54+00:00;4;periodo_1990_1999;avaliacao_media;popularidade_media;genero_acao|genero_crime|genero_drama|genero_suspense
2883;Mumford (1999);Comedy|Drama;1999;5;3,2;3,0;0,4472135954999579;1999-10-05 08:56:10+00:00;2002-12-18 18:47:47+00:00;2;periodo_1990_1999;avaliacao_media;popularidade_baixa;genero_comedia|genero_drama
2888;Drive Me Crazy (1999);Comedy|Romance;1999;5;2,1;1,5;1,08397416943394;2000-08-08 04:10:28+00:00;2011-12-18 19:52:04+00:00;2;periodo_1990_1999;avaliacao_baixa;popularidade_baixa;genero_comedia|genero_romance
2889;Mystery, Alaska (1999);Comedy|Drama;1999;8;3,75;3,75;0,6546536707079771;2000-07-28 00:15:03+00:00;2008-02-26 17:46:59+00:00;2;periodo_1990_1999;avaliacao_media;popularidade_baixa;genero_comedia|genero_drama
2890;Three Kings (1999);Action|Adventure|Comedy|Drama|War;1999;45;3,7111111111111112;4,0;0,7723112367851749;1999-10-05 08:53:43+00:00;2018-09-01 20:24:42+00:00;5;periodo_1990_1999;avaliacao_media;popularidade_media;genero_acao|genero_aventura|genero_comedia|genero_drama|genero_guerra
2901;Phantasm (1979);Horror|Sci-Fi;1979;14;2,892857142857143;2,75;1,3327036058700004;2000-03-24 19:22:54+00:00;2018-09-13 21:55:53+00:00;2;periodo_1970_1989;avaliacao_baixa;popularidade_media;genero_terror|genero_ficcao_cientifica
2906;Random Hearts (1999);Drama|Romance;1999;7;2,5714285714285716;2,0;1,511857892036909;1999-10-10 02:33:50+00:00;2005-02-21 08:22:35+00:00;2;periodo_1990_1999;avaliacao_baixa;popularidade_baixa;genero_drama|genero_romance
2907;Superstar (1999);Comedy;1999;7;3,5714285714285716;3,0;1,1338934190276817;2000-05-31 21:01:37+00:00;2009-03-23 23:49:13+00:00;1;periodo_1990_1999;avaliacao_media;popularidade_baixa;genero_comedia
2908;Boys Don't Cry (1999);Drama;1999;39;3,551282051282051;4,0;1,0809040550614624;1999-12-12 14:28:40+00:00;2018-05-05 19:42:19+00:00;1;periodo_1990_1999;avaliacao_media;popularidade_media;genero_drama
2912;Limey, The (1999);Crime|Drama|Thriller;1999;14;3,892857142857143;4,0;0,7384644001776053;1999-10-19 19:17:54+00:00;2017-06-30 04:51:44+00:00;3;periodo_1990_1999;avaliacao_media;popularidade_media;genero_crime|genero_drama|genero_suspense
2915;Risky Business (1983);Comedy;1983;42;3,4404761904761907;3,5;0,9186574307265117;1999-10-05 09:01:56+00:00;2018-09-03 03:02:25+00:00;1;periodo_1970_1989;avaliacao_media;popularidade_media;genero_comedia
2916;Total Recall (1990);Action|Adventure|Sci-Fi|Thriller;1990;88;3,653409090909091;4,0;0,8035766117495508;1999-10-23 00:44:12+00:00;2018-06-25 05:11:22+00:00;4;periodo_1990_1999;avaliacao_media;popularidade_alta;genero_acao|genero_aventura|genero_ficcao_cientifica|genero_suspense
2917;Body Heat (1981);Crime|Thriller;1981;10;4,0;4,0;0,6666666666666666;1999-11-16 03:39:09+00:00;2012-11-11 22:53:31+00:00;2;periodo_1970_1989;avaliacao_alta;popularidade_media;genero_crime|genero_suspense
2918;Ferris Bueller's Day Off (1986);Comedy;1986;109;3,8394495412844036;4,0;0,8330019728561242;1999-10-05 09:01:14+00:00;2018-09-01 18:41:08+00:00;1;periodo_1970_1989;avaliacao_media;popularidade_alta;genero_comedia
2919;Year of Living Dangerously, The (1982);Drama|Romance|War;1982;8;3,8125;4,0;0,7529703086538577;1999-11-16 03:38:18+00:00;2012-11-11 22:44:46+00:00;3;periodo_1970_1989;avaliacao_media;popularidade_baixa;genero_drama|genero_romance|genero_guerra
2921;High Plains Drifter (1973);Western;1973;11;4,181818181818182;4,0;0,6030226891555274;1999-11-03 14:51:54+00:00;2017-04-29 13:51:03+00:00;1;periodo_1970_1989;avaliacao_alta;popularidade_media;genero_faroeste
2922;Hang 'Em High (1968);Crime|Drama|Western;1968;5;3,6;4,0;0,5477225575051661;2000-06-19 17:36:56+00:00;2002-04-18 12:35:16+00:00;3;periodo_1950_1969;avaliacao_media;popularidade_baixa;genero_crime|genero_drama|genero_faroeste
2924;Drunken Master (Jui kuen) (1978);Action|Comedy;1978;10;4,05;4,0;0,8959786703810407;2000-11-20 07:39:52+00:00;2017-06-26 23:58:25+00:00;2;periodo_1970_1989;avaliacao_alta;popularidade_media;genero_acao|genero_comedia
2925;Conformist, The (Conformista, Il) (1970);Drama;1970;5;4,1;3,5;0,8215838362577492;1999-10-17 15:22:59+00:00;2018-02-09 09:22:25+00:00;1;periodo_1970_1989;avaliacao_alta;popularidade_baixa;genero_drama
2926;Hairspray (1988);Comedy|Drama;1988;11;3,3181818181818183;3,0;0,9020179397530649;2000-01-02 07:50:00+00:00;2010-06-21 04:35:26+00:00;2;periodo_1970_1989;avaliacao_media;popularidade_media;genero_comedia|genero_drama
2935;Lady Eve, The (1941);Comedy|Romance;1941;8;4,0;4,0;1,3093073414159544;1999-10-05 09:02:57+00:00;2018-03-07 07:38:57+00:00;2;periodo_antes_1950;avaliacao_alta;popularidade_baixa;genero_comedia|genero_romance
2936;Sullivan's Travels (1941);Adventure|Comedy|Romance;1941;7;4,0;4,0;0,7637626158259733;2000-08-08 03:37:47+00:00;2018-03-07 07:38:55+00:00;3;periodo_antes_1950;avaliacao_alta;popularidade_baixa;genero_aventura|genero_comedia|genero_romance
2937;Palm Beach Story, The (1942);Comedy;1942;5;4,1;4,5;0,9617692030835673;2000-11-23 00:09:53+00:00;2017-06-26 21:57:29+00:00;1;periodo_antes_1950;avaliacao_alta;popularidade_baixa;genero_comedia
2940;Gilda (1946);Drama|Film-Noir|Mystery|Romance;1946;6;4,0;4,0;0,0;2000-03-24 19:16:30+00:00;2010-02-17 07:03:10+00:00;4;periodo_antes_1950;avaliacao_alta;popularidade_baixa;genero_drama|genero_film_noir|genero_misterio|genero_romance
2941;South Pacific (1958);Musical|Romance|War;1958;9;3,7777777777777777;4,0;0,6666666666666666;2000-01-02 07:46:20+00:00;2017-02-24 17:32:36+00:00;3;periodo_1950_1969;avaliacao_media;popularidade_baixa;genero_musical|genero_romance|genero_guerra
2942;Flashdance (1983);Drama|Romance;1983;16;2,875;3,0;0,9574271077563381;1999-12-23 19:49:30+00:00;2017-06-26 18:20:56+00:00;2;periodo_1970_1989;avaliacao_baixa;popularidade_media;genero_drama|genero_romance
2944;Dirty Dozen, The (1967);Action|Drama|War;1967;32;3,96875;4,0;0,5670736994828462;1999-11-04 15:42:44+00:00;2017-05-06 15:10:11+00:00;3;periodo_1950_1969;avaliacao_media;popularidade_media;genero_acao|genero_drama|genero_guerra
2946;Help! (1965);Comedy|Musical;1965;7;3,357142857142857;3,5;0,3779644730092272;2000-01-02 07:53:54+00:00;2009-03-22 22:20:04+00:00;2;periodo_1950_1969;avaliacao_media;popularidade_baixa;genero_comedia|genero_musical
2947;Goldfinger (1964);Action|Adventure|Thriller;1964;53;3,839622641509434;4,0;0,6706310525976804;1999-11-04 15:42:44+00:00;2018-01-05 17:22:51+00:00;3;periodo_1950_1969;avaliacao_media;popularidade_alta;genero_acao|genero_aventura|genero_suspense
2948;From Russia with Love (1963);Action|Adventure|Thriller;1963;36;3,75;3,75;0,7416198487095662;1999-11-04 15:37:42+00:00;2018-01-05 17:22:46+00:00;3;periodo_1950_1969;avaliacao_media;popularidade_media;genero_acao|genero_aventura|genero_suspense
2949;Dr. No (1962);Action|Adventure|Thriller;1962;33;3,712121212121212;4,0;0,6617956518809147;1999-11-04 15:37:42+00:00;2018-02-20 10:18:15+00:00;3;periodo_1950_1969;avaliacao_media;popularidade_media;genero_acao|genero_aventura|genero_suspense
2950;Blue Lagoon, The (1980);Adventure|Drama|Romance;1980;14;2,4642857142857144;2,0;0,9700175596008899;1999-11-03 14:40:06+00:00;2018-02-21 00:22:59+00:00;3;periodo_1970_1989;avaliacao_baixa;popularidade_media;genero_aventura|genero_drama|genero_romance
2951;Fistful of Dollars, A (Per un pugno di dollari) (1964);Action|Western;1964;39;3,9358974358974357;4,0;0,8443269444970821;1999-10-14 17:32:02+00:00;2018-05-02 19:23:51+00:00;2;periodo_1950_1969;avaliacao_media;popularidade_media;genero_acao|genero_faroeste
2952;Sydney (Hard Eight) (1996);Crime|Drama|Thriller;1996;12;3,5416666666666665;4,0;0,5822500764406575;1998-07-19 18:16:53+00:00;2018-05-07 06:27:36+00:00;3;periodo_1990_1999;avaliacao_media;popularidade_media;genero_crime|genero_drama|genero_suspense
2953;Home Alone 2: Lost in New York (1992);Children|Comedy;1992;31;2,5161290322580645;3,0;1,3631084021929556;1999-10-20 01:50:54+00:00;2018-05-18 19:52:19+00:00;2;periodo_1990_1999;avaliacao_baixa;popularidade_media;genero_infantil|genero_comedia
2956;Someone to Watch Over Me (1987);Action|Crime|Thriller;1987;6;3,1666666666666665;3,0;0,752772652709081;1999-10-17 21:06:07+00:00;2005-04-11 03:38:30+00:00;3;periodo_1970_1989;avaliacao_media;popularidade_baixa;genero_acao|genero_crime|genero_suspense
2959;Fight Club (1999);Action|Crime|Drama|Thriller;1999;218;4,272935779816514;4,5;0,8613843779335714;1999-12-11 19:19:22+00:00;2018-09-17 04:12:01+00:00;4;periodo_1990_1999;avaliacao_alta;popularidade_alta;genero_acao|genero_crime|genero_drama|genero_suspense
2961;Story of Us, The (1999);Comedy|Drama;1999;5;2,4;3,0;0,8944271909999159;1999-11-25 22:33:33+00:00;2003-01-17 16:50:34+00:00;2;periodo_1990_1999;avaliacao_baixa;popularidade_baixa;genero_comedia|genero_drama
2966;Straight Story, The (1999);Adventure|Drama;1999;14;3,9285714285714284;4,0;0,4746311465493234;2000-07-09 21:50:23+00:00;2017-06-30 04:42:10+00:00;2;periodo_1990_1999;avaliacao_media;popularidade_media;genero_aventura|genero_drama
2968;Time Bandits (1981);Adventure|Comedy|Fantasy|Sci-Fi;1981;41;3,731707317073171;4,0;0,975304830396693;1999-11-18 17:45:02+00:00;2017-06-27 01:11:58+00:00;4;periodo_1970_1989;avaliacao_media;popularidade_media;genero_aventura|genero_comedia|genero_fantasia|genero_ficcao_cientifica
2971;All That Jazz (1979);Drama|Fantasy|Musical;1979;6;4,083333333333333;4,0;0,6645800679125629;1999-11-03 14:46:34+00:00;2012-07-20 23:56:39+00:00;3;periodo_1970_1989;avaliacao_alta;popularidade_baixa;genero_drama|genero_fantasia|genero_musical
2973;Crimes and Misdemeanors (1989);Comedy|Crime|Drama;1989;18;3,9166666666666665;4,0;0,691332898443715;1999-10-17 17:57:16+00:00;2017-09-08 22:16:01+00:00;3;periodo_1970_1989;avaliacao_media;popularidade_media;genero_comedia|genero_crime|genero_drama
2976;Bringing Out the Dead (1999);Drama;1999;6;3,4166666666666665;3,75;0,8010409893798611;2000-03-24 19:20:57+00:00;2017-06-26 18:13:18+00:00;1;periodo_1990_1999;avaliacao_media;popularidade_baixa;genero_drama
2985;RoboCop (1987);Action|Crime|Drama|Sci-Fi|Thriller;1987;70;3,3714285714285714;3,5;0,9768542912933432;1999-11-04 15:27:44+00:00;2018-08-31 10:32:52+00:00;5;periodo_1970_1989;avaliacao_media;popularidade_alta;genero_acao|genero_crime|genero_drama|genero_ficcao_cientifica|genero_suspense
2986;RoboCop 2 (1990);Action|Crime|Sci-Fi|Thriller;1990;25;2,64;3,0;1,186029791643813;2000-04-17 03:20:23+00:00;2018-03-06 13:06:33+00:00;4;periodo_1990_1999;avaliacao_baixa;popularidade_media;genero_acao|genero_crime|genero_ficcao_cientifica|genero_suspense
2987;Who Framed Roger Rabbit? (1988);Adventure|Animation|Children|Comedy|Crime|Fantasy|Mystery;1988;97;3,5721649484536084;4,0;0,9213602114131355;1999-11-03 00:56:14+00:00;2018-08-11 01:02:04+00:00;7;periodo_1970_1989;avaliacao_media;popularidade_alta;genero_aventura|genero_animacao|genero_infantil|genero_comedia|genero_crime|genero_fantasia|genero_misterio
2989;For Your Eyes Only (1981);Action|Adventure|Thriller;1981;21;3,5476190476190474;4,0;0,9474275949216635;1999-11-04 15:37:42+00:00;2018-02-20 11:37:32+00:00;3;periodo_1970_1989;avaliacao_media;popularidade_media;genero_acao|genero_aventura|genero_suspense
2990;Licence to Kill (1989);Action|Adventure|Thriller;1989;20;3,325;3,0;0,9634778013448003;1999-11-03 01:02:19+00:00;2018-02-20 11:32:16+00:00;3;periodo_1970_1989;avaliacao_media;popularidade_media;genero_acao|genero_aventura|genero_suspense
2991;Live and Let Die (1973);Action|Adventure|Thriller;1973;23;3,6956521739130435;3,5;0,7498352915319987;1999-11-03 14:53:20+00:00;2018-01-05 17:34:39+00:00;3;periodo_1970_1989;avaliacao_media;popularidade_media;genero_acao|genero_aventura|genero_suspense
2993;Thunderball (1965);Action|Adventure|Thriller;1965;24;3,4791666666666665;3,5;0,6990547448032122;1999-11-04 15:37:05+00:00;2018-01-05 17:22:31+00:00;3;periodo_1950_1969;avaliacao_media;popularidade_media;genero_acao|genero_aventura|genero_suspense
2995;House on Haunted Hill (1999);Horror|Thriller;1999;14;2,4285714285714284;2,75;0,9168747682531899;1999-12-11 09:16:09+00:00;2017-06-26 19:17:22+00:00;2;periodo_1990_1999;avaliacao_baixa;popularidade_media;genero_terror|genero_suspense
2997;Being John Malkovich (1999);Comedy|Drama|Fantasy;1999;99;3,9545454545454546;4,0;0,8981014813883702;1999-10-31 05:58:56+00:00;2018-06-18 15:00:32+00:00;3;periodo_1990_1999;avaliacao_media;popularidade_alta;genero_comedia|genero_drama|genero_fantasia
3000;Princess Mononoke (Mononoke-hime) (1997);Action|Adventure|Animation|Drama|Fantasy;1997;48;3,9583333333333335;4,0;0,9555734233306651;2000-11-21 06:46:14+00:00;2018-08-31 09:44:17+00:00;5;periodo_1990_1999;avaliacao_media;popularidade_media;genero_acao|genero_aventura|genero_animacao|genero_drama|genero_fantasia
3004;Bachelor, The (1999);Comedy|Romance;1999;11;2,5454545454545454;2,5;1,2738631295108878;2000-03-31 06:05:13+00:00;2010-06-21 05:12:17+00:00;2;periodo_1990_1999;avaliacao_baixa;popularidade_media;genero_comedia|genero_romance
3005;Bone Collector, The (1999);Thriller;1999;25;2,84;3,0;1,1521718621802912;2000-04-17 01:38:47+00:00;2013-03-14 00:57:42+00:00;1;periodo_1990_1999;avaliacao_baixa;popularidade_media;genero_suspense
3006;Insider, The (1999);Drama|Thriller;1999;31;3,7419354838709675;4,0;0,6936734070864505;1999-11-25 22:31:04+00:00;2018-07-03 18:37:48+00:00;2;periodo_1990_1999;avaliacao_media;popularidade_media;genero_drama|genero_suspense
3007;American Movie (1999);Documentary;1999;6;3,75;3,75;0,5244044240850758;2000-03-31 05:53:01+00:00;2018-02-20 11:47:00+00:00;1;periodo_1990_1999;avaliacao_media;popularidade_baixa;genero_documentario
3016;Creepshow (1982);Horror;1982;14;3,0714285714285716;3,0;0,85163062725264;2000-01-23 00:08:41+00:00;2018-08-10 04:16:53+00:00;1;periodo_1970_1989;avaliacao_media;popularidade_media;genero_terror
3018;Re-Animator (1985);Comedy|Horror|Sci-Fi;1985;10;3,45;3,75;1,0658851303546322;2000-03-24 19:57:38+00:00;2017-05-28 08:10:18+00:00;3;periodo_1970_1989;avaliacao_media;popularidade_media;genero_comedia|genero_terror|genero_ficcao_cientifica
3019;Drugstore Cowboy (1989);Crime|Drama;1989;10;4,15;4,0;0,944281031614353;1999-11-03 14:36:07+00:00;2009-06-15 08:50:45+00:00;2;periodo_1970_1989;avaliacao_alta;popularidade_media;genero_crime|genero_drama
3020;Falling Down (1993);Action|Drama;1993;17;3,5294117647058822;4,0;1,0528323144513285;1999-12-20 06:09:20+00:00;2017-06-28 02:05:03+00:00;2;periodo_1990_1999;avaliacao_media;popularidade_media;genero_acao|genero_drama
3022;General, The (1926);Comedy|War;1926;9;4,0;4,0;1,0897247358851685;2000-01-02 07:47:16+00:00;2018-03-07 07:39:02+00:00;2;periodo_antes_1950;avaliacao_alta;popularidade_baixa;genero_comedia|genero_guerra
3024;Piranha (1978);Horror|Sci-Fi;1978;7;2,642857142857143;3,0;1,1073348527841416;1999-11-19 12:28:33+00:00;2011-05-27 02:40:54+00:00;2;periodo_1970_1989;avaliacao_baixa;popularidade_baixa;genero_terror|genero_ficcao_cientifica
3029;Nighthawks (1981);Action|Drama;1981;6;3,25;3,25;0,758287544405155;1999-11-03 14:41:15+00:00;2005-04-11 03:38:09+00:00;2;periodo_1970_1989;avaliacao_media;popularidade_baixa;genero_acao|genero_drama
3030;Yojimbo (1961);Action|Adventure;1961;13;4,230769230769231;4,5;1,1477402547212903;2000-01-02 07:47:16+00:00;2017-06-26 06:06:50+00:00;2;periodo_1950_1969;avaliacao_alta;popularidade_media;genero_acao|genero_aventura
3032;Omega Man, The (1971);Action|Drama|Sci-Fi|Thriller;1971;6;3,6666666666666665;3,5;0,752772652709081;2000-08-03 20:50:37+00:00;2007-01-03 02:57:42+00:00;4;periodo_1970_1989;avaliacao_media;popularidade_baixa;genero_acao|genero_drama|genero_ficcao_cientifica|genero_suspense
3033;Spaceballs (1987);Comedy|Sci-Fi;1987;59;3,483050847457627;3,5;0,8558425053254152;1999-11-03 15:04:32+00:00;2018-08-10 04:00:14+00:00;2;periodo_1970_1989;avaliacao_media;popularidade_alta;genero_comedia|genero_ficcao_cientifica
3034;Robin Hood (1973);Adventure|Animation|Children|Comedy|Musical;1973;36;3,513888888888889;3,25;0,8983008652141244;2000-05-21 03:53:12+00:00;2017-12-25 21:57:56+00:00;5;periodo_1970_1989;avaliacao_media;popularidade_media;genero_aventura|genero_animacao|genero_infantil|genero_comedia|genero_musical
3035;Mister Roberts (1955);Comedy|Drama|War;1955;11;3,8181818181818183;4,0;0,7507571935295484;1999-12-23 16:22:38+00:00;2009-11-17 03:43:18+00:00;3;periodo_1950_1969;avaliacao_media;popularidade_media;genero_comedia|genero_drama|genero_guerra
3036;Quest for Fire (Guerre du feu, La) (1981);Adventure|Drama;1981;7;3,7857142857142856;4,0;1,07459848537112;2000-06-21 13:43:02+00:00;2018-02-21 17:54:53+00:00;2;periodo_1970_1989;avaliacao_media;popularidade_baixa;genero_aventura|genero_drama
3037;Little Big Man (1970);Western;1970;24;4,145833333333333;4,25;1,0371277924976336;1999-11-03 14:48:25+00:00;2018-09-13 21:13:48+00:00;1;periodo_1970_1989;avaliacao_alta;popularidade_media;genero_faroeste
3038;Face in the Crowd, A (1957);Drama;1957;5;4,2;4,0;0,570087712549569;2003-03-31 02:58:59+00:00;2014-12-06 18:09:19+00:00;1;periodo_1950_1969;avaliacao_alta;popularidade_baixa;genero_drama
3039;Trading Places (1983);Comedy;1983;39;3,730769230769231;4,0;0,768167281039696;1999-11-03 15:03:47+00:00;2018-08-11 00:58:19+00:00;1;periodo_1970_1989;avaliacao_media;popularidade_media;genero_comedia
3040;Meatballs (1979);Comedy;1979;9;3,2222222222222223;3,0;1,3944333775567925;1999-11-03 14:53:20+00:00;2018-02-21 02:33:03+00:00;1;periodo_1970_1989;avaliacao_media;popularidade_baixa;genero_comedia
3041;Meatballs Part II (1984);Comedy;1984;6;2,0833333333333335;1,5;1,3570801990548187;2000-08-18 11:14:16+00:00;2018-08-11 00:13:44+00:00;1;periodo_1970_1989;avaliacao_baixa;popularidade_baixa;genero_comedia
3044;Dead Again (1991);Mystery|Romance|Thriller;1991;13;3,769230769230769;4,0;0,9040507133494736;1999-12-13 10:12:00+00:00;2007-06-10 12:36:05+00:00;3;periodo_1990_1999;avaliacao_media;popularidade_media;genero_misterio|genero_romance|genero_suspense
3045;Peter's Friends (1992);Comedy|Drama;1992;5;3,6;3,0;0,8944271909999159;2000-08-09 05:04:44+00:00;2017-06-26 23:57:31+00:00;2;periodo_1990_1999;avaliacao_media;popularidade_baixa;genero_comedia|genero_drama
3052;Dogma (1999);Adventure|Comedy|Fantasy;1999;79;3,6455696202531644;4,0;0,9810770466038489;1999-11-19 12:37:42+00:00;2018-09-01 18:43:46+00:00;3;periodo_1990_1999;avaliacao_media;popularidade_alta;genero_aventura|genero_comedia|genero_fantasia
3053;Messenger: The Story of Joan of Arc, The (1999);Drama|War;1999;11;3,909090909090909;4,0;0,8005679801922451;2000-06-19 17:47:32+00:00;2017-06-27 00:38:25+00:00;2;periodo_1990_1999;avaliacao_media;popularidade_media;genero_drama|genero_guerra
3054;Pokémon: The First Movie (1998);Adventure|Animation|Children|Fantasy|Sci-Fi;1998;8;2,3125;2,5;1,131923142267177;2000-08-06 22:14:30+00:00;2017-06-26 21:02:00+00:00;5;periodo_1990_1999;avaliacao_baixa;popularidade_baixa;genero_aventura|genero_animacao|genero_infantil|genero_fantasia|genero_ficcao_cientifica
3060;Commitments, The (1991);Comedy|Drama|Musical;1991;15;3,8666666666666667;4,0;0,8121107126025424;1999-11-02 16:10:30+00:00;2008-12-13 03:47:40+00:00;3;periodo_1990_1999;avaliacao_media;popularidade_media;genero_comedia|genero_drama|genero_musical
3061;Holiday Inn (1942);Comedy|Musical;1942;8;3,625;4,0;1,1877349391654208;2000-04-17 03:52:19+00:00;2018-03-07 07:42:26+00:00;2;periodo_antes_1950;avaliacao_media;popularidade_baixa;genero_comedia|genero_musical
3062;Longest Day, The (1962);Action|Drama|War;1962;11;4,0;4,0;0,3872983346207417;1999-12-23 16:27:36+00:00;2009-11-17 00:45:59+00:00;3;periodo_1950_1969;avaliacao_alta;popularidade_media;genero_acao|genero_drama|genero_guerra
3063;Poison Ivy (1992);Drama|Thriller;1992;6;2,1666666666666665;2,0;0,983192080250175;1999-10-30 15:00:27+00:00;2007-08-03 20:35:20+00:00;2;periodo_1990_1999;avaliacao_baixa;popularidade_baixa;genero_drama|genero_suspense
3066;Tora! Tora! Tora! (1970);Action|Drama|War;1970;7;3,9285714285714284;4,0;0,6074928962939559;1999-12-23 16:23:10+00:00;2004-11-18 18:51:22+00:00;3;periodo_1970_1989;avaliacao_media;popularidade_baixa;genero_acao|genero_drama|genero_guerra
3067;Women on the Verge of a Nervous Breakdown (Mujeres al borde de un ataque de nervios) (1988);Comedy|Drama;1988;10;3,55;4,0;1,1890705987824646;1999-11-03 15:07:02+00:00;2012-04-29 10:39:49+00:00;2;periodo_1970_1989;avaliacao_media;popularidade_media;genero_comedia|genero_drama
3068;Verdict, The (1982);Drama|Mystery;1982;7;4,357142857142857;4,5;0,7480132415430955;1999-11-03 14:36:07+00:00;2018-02-21 00:12:40+00:00;2;periodo_1970_1989;avaliacao_alta;popularidade_baixa;genero_drama|genero_misterio
3070;Adventures of Buckaroo Banzai Across the 8th Dimension, The (1984);Adventure|Comedy|Sci-Fi;1984;21;3,5476190476190474;3,0;0,9862145038575775;2000-03-24 20:00:33+00:00;2017-06-27 00:07:32+00:00;3;periodo_1970_1989;avaliacao_media;popularidade_media;genero_aventura|genero_comedia|genero_ficcao_cientifica
3071;Stand and Deliver (1988);Comedy|Drama;1988;9;3,5;3,5;0,82915619758885;1999-11-03 14:40:48+00:00;2018-02-20 14:17:33+00:00;2;periodo_1970_1989;avaliacao_media;popularidade_baixa;genero_comedia|genero_drama
3072;Moonstruck (1987);Comedy|Romance;1987;27;3,5555555555555554;4,0;1,0771519903228188;1999-11-03 15:03:47+00:00;2018-02-20 11:30:23+00:00;2;periodo_1970_1989;avaliacao_media;popularidade_media;genero_comedia|genero_romance
3079;Mansfield Park (1999);Comedy|Drama|Romance;1999;6;3,0833333333333335;3,0;0,6645800679125629;2000-07-09 20:57:01+00:00;2012-12-19 22:38:06+00:00;3;periodo_1990_1999;avaliacao_media;popularidade_baixa;genero_comedia|genero_drama|genero_romance
3081;Sleepy Hollow (1999);Fantasy|Horror|Mystery|Romance;1999;62;3,475806451612903;4,0;0,9072902338735297;2000-03-24 19:20:57+00:00;2018-08-15 08:17:27+00:00;4;periodo_1990_1999;avaliacao_media;popularidade_alta;genero_fantasia|genero_terror|genero_misterio|genero_romance
3082;World Is Not Enough, The (1999);Action|Adventure|Thriller;1999;39;3,3333333333333335;3,5;1,090227724481482;1999-12-12 14:29:10+00:00;2017-08-08 20:00:11+00:00;3;periodo_1990_1999;avaliacao_media;popularidade_media;genero_acao|genero_aventura|genero_suspense
3083;All About My Mother (Todo sobre mi madre) (1999);Drama;1999;19;4,157894736842105;4,0;0,9867543820659304;2000-07-09 20:55:06+00:00;2017-05-01 21:25:55+00:00;1;periodo_1990_1999;avaliacao_alta;popularidade_media;genero_drama
3087;Scrooged (1988);Comedy|Fantasy|Romance;1988;24;3,1666666666666665;3,0;1,0598058340078627;2000-01-02 07:57:33+00:00;2017-06-27 04:55:06+00:00;3;periodo_1970_1989;avaliacao_media;popularidade_media;genero_comedia|genero_fantasia|genero_romance
3088;Harvey (1950);Comedy|Fantasy;1950;12;3,8333333333333335;4,0;1,2492421945347751;2000-01-02 07:48:11+00:00;2018-03-07 07:38:45+00:00;2;periodo_1950_1969;avaliacao_media;popularidade_media;genero_comedia|genero_fantasia
3089;Bicycle Thieves (a.k.a. The Bicycle Thief) (a.k.a. The Bicycle Thieves) (Ladri di biciclette) (1948);Drama;1948;16;4,125;4,5;1,161895003862225;2000-06-10 14:15:33+00:00;2016-11-19 08:39:46+00:00;1;periodo_antes_1950;avaliacao_alta;popularidade_media;genero_drama
3090;Matewan (1987);Drama;1987;6;4,166666666666667;4,0;0,6831300510639733;2000-03-24 19:55:59+00:00;2006-09-25 17:29:48+00:00;1;periodo_1970_1989;avaliacao_alta;popularidade_baixa;genero_drama
3095;Grapes of Wrath, The (1940);Drama;1940;9;4,111111111111111;4,0;0,485912657903775;2000-08-07 15:24:26+00:00;2012-09-25 22:16:34+00:00;1;periodo_antes_1950;avaliacao_alta;popularidade_baixa;genero_drama
3098;Natural, The (1984);Drama;1984;24;3,6458333333333335;4,0;0,699054744803212;2000-03-24 19:58:28+00:00;2018-08-12 05:31:39+00:00;1;periodo_1970_1989;avaliacao_media;popularidade_media;genero_drama
3099;Shampoo (1975);Comedy|Drama|Romance;1975;7;3,0714285714285716;2,5;1,592392629257711;2000-01-02 07:52:50+00:00;2009-03-24 01:35:53+00:00;3;periodo_1970_1989;avaliacao_media;popularidade_baixa;genero_comedia|genero_drama|genero_romance
3100;River Runs Through It, A (1992);Drama;1992;22;3,9318181818181817;4,0;0,8351711336671198;2000-01-02 08:03:34+00:00;2018-02-20 16:26:44+00:00;1;periodo_1990_1999;avaliacao_media;popularidade_media;genero_drama
3101;Fatal Attraction (1987);Drama|Thriller;1987;36;3,0972222222222223;3,0;1,188152494087501;2000-02-22 01:24:54+00:00;2015-06-28 23:36:07+00:00;2;periodo_1970_1989;avaliacao_media;popularidade_media;genero_drama|genero_suspense
3102;Jagged Edge (1985);Crime|Romance|Thriller;1985;7;3,5714285714285716;3,5;0,607492896293956;1999-11-16 03:38:18+00:00;2004-11-12 20:45:30+00:00;3;periodo_1970_1989;avaliacao_media;popularidade_baixa;genero_crime|genero_romance|genero_suspense
3104;Midnight Run (1988);Action|Comedy|Crime|Thriller;1988;22;3,6363636363636362;4,0;0,8191432542575633;1999-11-17 13:06:45+00:00;2018-02-20 14:22:16+00:00;4;periodo_1970_1989;avaliacao_media;popularidade_media;genero_acao|genero_comedia|genero_crime|genero_suspense
3105;Awakenings (1990);Drama|Mystery;1990;22;3,6818181818181817;4,0;0,6463349888014092;2000-06-20 16:05:41+00:00;2017-06-26 23:30:08+00:00;2;periodo_1990_1999;avaliacao_media;popularidade_media;genero_drama|genero_misterio
3107;Backdraft (1991);Action|Drama;1991;23;3,3043478260869565;3,5;1,0843843082889209;2000-02-04 12:29:31+00:00;2017-06-27 00:34:13+00:00;2;periodo_1990_1999;avaliacao_media;popularidade_media;genero_acao|genero_drama
3108;Fisher King, The (1991);Comedy|Drama|Fantasy|Romance;1991;36;3,8055555555555554;4,0;0,9045739153070733;1999-12-20 05:54:47+00:00;2017-06-27 00:40:52+00:00;4;periodo_1990_1999;avaliacao_media;popularidade_media;genero_comedia|genero_drama|genero_fantasia|genero_romance
3113;End of Days (1999);Action|Fantasy|Horror|Mystery|Thriller;1999;15;2,7;3,0;1,2363540870525034;1999-12-11 19:27:18+00:00;2017-06-26 19:03:59+00:00;5;periodo_1990_1999;avaliacao_baixa;popularidade_media;genero_acao|genero_fantasia|genero_terror|genero_misterio|genero_suspense
3114;Toy Story 2 (1999);Adventure|Animation|Children|Comedy|Fantasy;1999;97;3,8608247422680413;4,0;0,8314842027251289;1999-12-12 05:27:09+00:00;2018-08-31 10:02:32+00:00;5;periodo_1990_1999;avaliacao_media;popularidade_alta;genero_aventura|genero_animacao|genero_infantil|genero_comedia|genero_fantasia
3115;Flawless (1999);Drama;1999;5;4,0;4,0;0,7071067811865476;1999-11-25 22:37:07+00:00;2009-01-02 21:35:08+00:00;1;periodo_1990_1999;avaliacao_alta;popularidade_baixa;genero_drama
3130;Bonfire of the Vanities (1990);Comedy|Crime|Drama;1990;5;2,4;2,0;1,140175425099138;2000-01-02 08:07:47+00:00;2005-01-10 22:38:17+00:00;3;periodo_1990_1999;avaliacao_baixa;popularidade_baixa;genero_comedia|genero_crime|genero_drama
3134;Grand Illusion (La grande illusion) (1937);Drama|War;1937;7;3,7142857142857144;4,0;1,1126972805283735;2000-01-02 07:42:40+00:00;2018-05-02 19:00:25+00:00;2;periodo_antes_1950;avaliacao_media;popularidade_baixa;genero_drama|genero_guerra
3146;Deuce Bigalow: Male Gigolo (1999);Comedy;1999;17;2,323529411764706;2,5;1,22399418491506;2000-01-19 22:53:17+00:00;2017-06-26 18:57:14+00:00;1;periodo_1990_1999;avaliacao_baixa;popularidade_media;genero_comedia
3147;Green Mile, The (1999);Crime|Drama;1999;111;4,148648648648648;4,0;0,7342113721990003;2000-02-16 17:46:20+00:00;2018-09-01 18:43:00+00:00;2;periodo_1990_1999;avaliacao_alta;popularidade_alta;genero_crime|genero_drama
3148;Cider House Rules, The (1999);Drama;1999;26;3,75;4,0;0,85146931829632;2000-07-09 21:54:45+00:00;2017-06-27 00:30:32+00:00;1;periodo_1990_1999;avaliacao_media;popularidade_media;genero_drama
3152;Last Picture Show, The (1971);Drama;1971;8;4,5;4,5;0,5345224838248487;2000-01-02 08:03:00+00:00;2012-12-11 03:53:31+00:00;1;periodo_1970_1989;avaliacao_alta;popularidade_baixa;genero_drama
3153;7th Voyage of Sinbad, The (1958);Action|Adventure|Fantasy;1958;5;4,4;4,5;0,6519202405202649;1999-12-23 16:15:17+00:00;2012-06-22 05:22:39+00:00;3;periodo_1950_1969;avaliacao_alta;popularidade_baixa;genero_acao|genero_aventura|genero_fantasia
3155;Anna and the King (1999);Drama|Romance;1999;9;3,6666666666666665;3,5;1,0606601717798212;1999-12-12 05:26:04+00:00;2012-03-27 09:18:33+00:00;2;periodo_1990_1999;avaliacao_media;popularidade_baixa;genero_drama|genero_romance
3156;Bicentennial Man (1999);Drama|Romance|Sci-Fi;1999;15;2,8;3,0;1,1307393283031366;1999-12-29 22:27:40+00:00;2017-11-13 11:42:04+00:00;3;periodo_1990_1999;avaliacao_baixa;popularidade_media;genero_drama|genero_romance|genero_ficcao_cientifica
3157;Stuart Little (1999);Children|Comedy|Fantasy;1999;19;2,8421052631578947;3,0;1,0007307271709476;2000-07-04 04:34:22+00:00;2018-05-02 19:15:28+00:00;3;periodo_1990_1999;avaliacao_baixa;popularidade_media;genero_infantil|genero_comedia|genero_fantasia
3159;Fantasia 2000 (1999);Animation|Children|Musical|IMAX;1999;15;3,8333333333333335;4,0;0,7237468644557459;2000-09-08 19:23:03+00:00;2016-07-27 20:16:41+00:00;4;periodo_1990_1999;avaliacao_media;popularidade_media;genero_animacao|genero_infantil|genero_musical|genero_imax
3160;Magnolia (1999);Drama;1999;52;3,7115384615384617;4,0;0,9918597794149717;2000-03-24 19:29:01+00:00;2018-09-09 01:24:28+00:00;1;periodo_1990_1999;avaliacao_media;popularidade_alta;genero_drama
3168;Easy Rider (1969);Adventure|Drama;1969;29;3,603448275862069;4,0;0,8801309799523713;1999-12-11 08:34:26+00:00;2017-12-25 21:57:40+00:00;2;periodo_1950_1969;avaliacao_media;popularidade_media;genero_aventura|genero_drama
3169;The Falcon and the Snowman (1985);Crime|Drama|Thriller;1985;5;3,3;3,0;0,6708203932499369;1999-12-22 19:01:13+00:00;2009-02-11 07:27:16+00:00;3;periodo_1970_1989;avaliacao_media;popularidade_baixa;genero_crime|genero_drama|genero_suspense
3173;Any Given Sunday (1999);Drama;1999;18;3,0;3,0;0,9074852129730301;2000-01-05 20:04:23+00:00;2017-06-26 22:00:59+00:00;1;periodo_1990_1999;avaliacao_media;popularidade_media;genero_drama
3174;Man on the Moon (1999);Comedy|Drama;1999;39;3,4871794871794872;3,5;0,8310359695741489;2000-05-21 03:30:27+00:00;2018-02-17 21:45:23+00:00;2;periodo_1990_1999;avaliacao_media;popularidade_media;genero_comedia|genero_drama
3175;Galaxy Quest (1999);Adventure|Comedy|Sci-Fi;1999;75;3,58;4,0;1,0398804505092647;1999-12-26 14:01:31+00:00;2018-06-25 05:07:19+00:00;3;periodo_1990_1999;avaliacao_media;popularidade_alta;genero_aventura|genero_comedia|genero_ficcao_cientifica
3176;Talented Mr. Ripley, The (1999);Drama|Mystery|Thriller;1999;49;3,336734693877551;3,5;1,1244802276220447;2000-02-16 16:30:27+00:00;2017-12-23 22:50:04+00:00;3;periodo_1990_1999;avaliacao_media;popularidade_media;genero_drama|genero_misterio|genero_suspense
3177;Next Friday (2000);Comedy;2000;6;3,25;3,75;0,9874208829065749;2000-02-16 19:06:08+00:00;2018-01-17 01:19:23+00:00;1;periodo_2000_2009;avaliacao_media;popularidade_baixa;genero_comedia
3178;Hurricane, The (1999);Drama;1999;16;3,53125;3,5;0,8055795015597984;2000-02-04 12:30:03+00:00;2014-02-02 13:12:11+00:00;1;periodo_1990_1999;avaliacao_media;popularidade_media;genero_drama
3181;Titus (1999);Drama;1999;6;3,9166666666666665;4,0;0,8612007121842542;2000-03-24 19:46:26+00:00;2017-06-26 22:38:44+00:00;1;periodo_1990_1999;avaliacao_media;popularidade_baixa;genero_drama
3182;Mr. Death: The Rise and Fall of Fred A. Leuchter, Jr. (1999);Documentary;1999;5;4,0;4,0;0,6123724356957945;2003-09-18 17:01:40+00:00;2008-01-27 14:56:24+00:00;1;periodo_1990_1999;avaliacao_alta;popularidade_baixa;genero_documentario
3186;Girl, Interrupted (1999);Drama;1999;28;3,4642857142857144;3,5;0,7689407267597685;2000-08-22 13:19:15+00:00;2018-05-05 19:42:31+00:00;1;periodo_1990_1999;avaliacao_media;popularidade_media;genero_drama
3189;My Dog Skip (1999);Children|Drama;1999;11;3,5454545454545454;3,5;0,5680909018170179;2000-04-07 19:02:25+00:00;2015-06-28 21:08:01+00:00;2;periodo_1990_1999;avaliacao_media;popularidade_media;genero_infantil|genero_drama
3196;Stalag 17 (1953);Drama|War;1953;9;3,7222222222222223;4,0;0,5068968775248516;2000-02-22 01:30:42+00:00;2018-09-08 03:33:02+00:00;2;periodo_1950_1969;avaliacao_media;popularidade_baixa;genero_drama|genero_guerra
3197;Presidio, The (1988);Action|Crime|Romance|Thriller;1988;7;2,857142857142857;3,0;0,6900655593423543;2000-04-20 01:47:37+00:00;2018-02-22 20:04:41+00:00;4;periodo_1970_1989;avaliacao_baixa;popularidade_baixa;genero_acao|genero_crime|genero_romance|genero_suspense
3198;Papillon (1973);Crime|Drama;1973;14;3,9285714285714284;4,0;0,5497252060782752;2000-06-20 16:06:33+00:00;2018-07-12 15:35:07+00:00;2;periodo_1970_1989;avaliacao_media;popularidade_media;genero_crime|genero_drama
3200;Last Detail, The (1973);Comedy|Drama;1973;8;4,25;4,0;0,46291004988627604;2000-01-30 03:09:20+00:00;2017-06-26 17:48:55+00:00;2;periodo_1970_1989;avaliacao_alta;popularidade_baixa;genero_comedia|genero_drama
3201;Five Easy Pieces (1970);Drama;1970;8;4,5;4,75;0,5976143046671968;2000-03-24 19:39:47+00:00;2017-06-26 17:36:02+00:00;1;periodo_1970_1989;avaliacao_alta;popularidade_baixa;genero_drama
3203;Dead Calm (1989);Thriller;1989;12;3,1666666666666665;3,0;0,9374368665610922;2000-03-24 19:27:02+00:00;2012-07-15 15:27:54+00:00;1;periodo_1970_1989;avaliacao_media;popularidade_media;genero_suspense
3204;Boys from Brazil, The (1978);Action|Mystery|Thriller;1978;8;3,6875;3,75;0,7039429765866793;2000-03-21 03:45:38+00:00;2007-01-03 02:14:07+00:00;3;periodo_1970_1989;avaliacao_media;popularidade_baixa;genero_acao|genero_misterio|genero_suspense
3208;Loaded Weapon 1 (National Lampoon's Loaded Weapon 1) (1993);Action|Comedy;1993;8;2,1875;2,0;1,0669549461635468;2000-08-03 20:36:40+00:00;2017-06-26 19:26:39+00:00;2;periodo_1990_1999;avaliacao_baixa;popularidade_baixa;genero_acao|genero_comedia
3210;Fast Times at Ridgemont High (1982);Comedy|Drama|Romance;1982;42;3,4761904761904763;3,75;0,8621610748180846;2000-03-24 19:54:45+00:00;2018-08-11 01:00:32+00:00;3;periodo_1970_1989;avaliacao_media;popularidade_media;genero_comedia|genero_drama|genero_romance
3213;Batman: Mask of the Phantasm (1993);Animation|Children;1993;13;4,115384615384615;4,0;0,8204126541423669;2000-08-08 04:29:42+00:00;2018-08-31 10:34:25+00:00;2;periodo_1990_1999;avaliacao_alta;popularidade_media;genero_animacao|genero_infantil
3219;Pacific Heights (1990);Mystery|Thriller;1990;13;3,1923076923076925;3,0;0,9473309334313419;2000-03-24 19:30:02+00:00;2009-01-02 21:03:25+00:00;2;periodo_1990_1999;avaliacao_media;popularidade_media;genero_misterio|genero_suspense
3221;Draughtsman's Contract, The (1982);Drama;1982;5;3,7;3,5;0,8366600265340756;2000-03-24 20:03:23+00:00;2018-02-09 09:28:15+00:00;1;periodo_1970_1989;avaliacao_media;popularidade_baixa;genero_drama
3238;Eye of the Beholder (1999);Thriller;1999;6;1,5833333333333333;1,25;0,8010409893798611;2000-06-19 17:45:10+00:00;2008-02-18 02:18:43+00:00;1;periodo_1990_1999;avaliacao_baixa;popularidade_baixa;genero_suspense
3243;Encino Man (1992);Comedy;1992;15;2,4;2,0;0,870139561876632;2000-02-16 22:30:54+00:00;2018-02-21 02:10:19+00:00;1;periodo_1990_1999;avaliacao_baixa;popularidade_media;genero_comedia
3244;Goodbye Girl, The (1977);Comedy|Romance;1977;12;3,7083333333333335;3,75;0,7821396449755148;2000-03-15 17:02:08+00:00;2018-08-11 00:17:30+00:00;2;periodo_1970_1989;avaliacao_media;popularidade_media;genero_comedia|genero_romance
3246;Malcolm X (1992);Drama;1992;15;4,166666666666667;4,0;0,6454972243679028;2000-03-24 19:49:35+00:00;2017-05-14 23:26:06+00:00;1;periodo_1990_1999;avaliacao_alta;popularidade_media;genero_drama
3247;Sister Act (1992);Comedy|Crime;1992;36;3,0277777777777777;3,0;0,9996030958367171;2000-02-16 22:32:41+00:00;2018-05-18 19:53:59+00:00;2;periodo_1990_1999;avaliacao_media;popularidade_media;genero_comedia|genero_crime
3248;Sister Act 2: Back in the Habit (1993);Comedy;1993;14;1,8928571428571428;2,0;0,9025300214178139;2000-02-16 22:32:41+00:00;2017-06-27 04:23:40+00:00;1;periodo_1990_1999;avaliacao_baixa;popularidade_media;genero_comedia
3249;Hand That Rocks the Cradle, The (1992);Drama|Thriller;1992;9;3,111111111111111;3,0;0,6009252125773314;2000-02-16 22:31:06+00:00;2005-08-13 00:33:57+00:00;2;periodo_1990_1999;avaliacao_media;popularidade_baixa;genero_drama|genero_suspense
3250;Alive (1993);Drama;1993;9;3,1666666666666665;3,0;1,0;2000-06-20 16:22:56+00:00;2018-02-21 03:17:54+00:00;1;periodo_1990_1999;avaliacao_media;popularidade_baixa;genero_drama
3251;Agnes of God (1985);Drama|Mystery;1985;5;3,7;4,0;0,44721359549995787;2000-06-20 16:18:56+00:00;2004-11-12 20:45:09+00:00;2;periodo_1970_1989;avaliacao_media;popularidade_baixa;genero_drama|genero_misterio
3252;Scent of a Woman (1992);Drama;1992;27;3,5925925925925926;4,0;0,940918506209563;2000-02-22 01:37:21+00:00;2018-03-24 22:13:31+00:00;1;periodo_1990_1999;avaliacao_media;popularidade_media;genero_drama
3253;Wayne's World (1992);Comedy;1992;61;3,4754098360655736;3,5;1,0182756237392896;2000-01-29 02:05:56+00:00;2018-08-11 02:24:51+00:00;1;periodo_1990_1999;avaliacao_media;popularidade_alta;genero_comedia
3254;Wayne's World 2 (1993);Comedy;1993;27;3,2962962962962963;3,0;0,8464775345655763;2000-02-16 22:33:14+00:00;2018-01-31 23:28:01+00:00;1;periodo_1990_1999;avaliacao_media;popularidade_media;genero_comedia
3255;League of Their Own, A (1992);Comedy|Drama;1992;45;3,466666666666667;3,5;0,6775624761532395;2000-02-04 12:24:31+00:00;2018-03-07 07:41:30+00:00;2;periodo_1990_1999;avaliacao_media;popularidade_media;genero_comedia|genero_drama
3256;Patriot Games (1992);Action|Crime|Drama|Thriller;1992;31;3,5161290322580645;4,0;0,8513114487634352;2000-02-04 12:23:18+00:00;2017-06-30 04:47:48+00:00;4;periodo_1990_1999;avaliacao_media;popularidade_media;genero_acao|genero_crime|genero_drama|genero_suspense
3257;Bodyguard, The (1992);Drama|Romance|Thriller;1992;32;2,859375;3,0;0,8728371887497209;2000-02-22 01:35:29+00:00;2018-01-05 14:06:38+00:00;3;periodo_1990_1999;avaliacao_baixa;popularidade_media;genero_drama|genero_romance|genero_suspense
3258;Death Becomes Her (1992);Comedy|Fantasy;1992;15;2,8666666666666667;3,0;0,8755950357709131;2000-02-16 22:30:39+00:00;2017-06-26 22:02:51+00:00;2;periodo_1990_1999;avaliacao_baixa;popularidade_media;genero_comedia|genero_fantasia
3259;Far and Away (1992);Adventure|Drama|Romance;1992;11;3,1363636363636362;3,0;0,777525211517578;2000-06-20 15:17:53+00:00;2017-06-26 23:57:39+00:00;3;periodo_1990_1999;avaliacao_media;popularidade_media;genero_aventura|genero_drama|genero_romance
3260;Howards End (1992);Drama;1992;12;4,0;4,0;0,7071067811865476;2000-03-15 17:39:30+00:00;2009-05-14 08:17:59+00:00;1;periodo_1990_1999;avaliacao_alta;popularidade_media;genero_drama
3261;Singles (1992);Comedy|Drama|Romance;1992;11;3,1818181818181817;3,5;1,0067950951590714;2000-06-19 18:17:22+00:00;2016-03-13 20:57:00+00:00;3;periodo_1990_1999;avaliacao_media;popularidade_media;genero_comedia|genero_drama|genero_romance
3262;Twin Peaks: Fire Walk with Me (1992);Crime|Drama|Mystery|Thriller;1992;11;3,409090909090909;3,0;0,7006490497453707;2000-06-20 16:27:08+00:00;2017-05-06 02:02:00+00:00;4;periodo_1990_1999;avaliacao_media;popularidade_media;genero_crime|genero_drama|genero_misterio|genero_suspense
3263;White Men Can't Jump (1992);Comedy|Drama;1992;22;3,0454545454545454;3,0;0,9625003513801574;2000-04-17 04:07:51+00:00;2017-06-27 00:35:33+00:00;2;periodo_1990_1999;avaliacao_media;popularidade_media;genero_comedia|genero_drama
3264;Buffy the Vampire Slayer (1992);Action|Comedy|Horror;1992;26;2,423076923076923;2,5;0,9454343731037887;2000-01-29 02:02:20+00:00;2017-06-26 23:08:41+00:00;3;periodo_1990_1999;avaliacao_baixa;popularidade_media;genero_acao|genero_comedia|genero_terror
3265;Hard-Boiled (Lat sau san taam) (1992);Action|Crime|Drama|Thriller;1992;9;4,0;4,0;1,0307764064044151;2000-01-23 00:31:55+00:00;2017-06-26 17:36:27+00:00;4;periodo_1990_1999;avaliacao_alta;popularidade_baixa;genero_acao|genero_crime|genero_drama|genero_suspense
3266;Man Bites Dog (C'est arrivé près de chez vous) (1992);Comedy|Crime|Drama|Thriller;1992;6;4,5;5,0;0,7745966692414834;2000-11-26 23:40:09+00:00;2018-05-02 17:30:36+00:00;4;periodo_1990_1999;avaliacao_alta;popularidade_baixa;genero_comedia|genero_crime|genero_drama|genero_suspense
3267;Mariachi, El (1992);Action|Crime|Thriller|Western;1992;18;3,5555555555555554;3,5;0,7838233761296739;2000-10-11 14:47:48+00:00;2018-01-16 20:01:14+00:00;4;periodo_1990_1999;avaliacao_media;popularidade_media;genero_acao|genero_crime|genero_suspense|genero_faroeste
3268;Stop! Or My Mom Will Shoot (1992);Action|Comedy;1992;11;1,7727272727272727;1,5;0,8764598212022147;2000-02-16 22:32:56+00:00;2017-06-26 19:07:27+00:00;2;periodo_1990_1999;avaliacao_baixa;popularidade_media;genero_acao|genero_comedia
3269;Forever Young (1992);Drama|Romance|Sci-Fi;1992;27;2,8518518518518516;3,0;0,7943891559268235;2000-02-16 22:47:28+00:00;2017-06-26 21:59:00+00:00;3;periodo_1990_1999;avaliacao_baixa;popularidade_media;genero_drama|genero_romance|genero_ficcao_cientifica
3270;Cutting Edge, The (1992);Comedy|Drama|Romance;1992;12;2,7916666666666665;3,0;1,195794398056891;2000-02-16 16:29:41+00:00;2017-11-24 16:37:38+00:00;3;periodo_1990_1999;avaliacao_baixa;popularidade_media;genero_comedia|genero_drama|genero_romance
3271;Of Mice and Men (1992);Drama;1992;17;3,676470588235294;4,0;0,7693580211487251;2000-06-20 16:14:42+00:00;2018-02-22 01:27:57+00:00;1;periodo_1990_1999;avaliacao_media;popularidade_media;genero_drama
3272;Bad Lieutenant (1992);Crime|Drama;1992;8;3,4375;3,75;1,1783008347374015;2000-06-20 16:27:33+00:00;2017-05-06 02:04:25+00:00;2;periodo_1990_1999;avaliacao_media;popularidade_baixa;genero_crime|genero_drama
3273;Scream 3 (2000);Comedy|Horror|Mystery|Thriller;2000;29;2,6724137931034484;3,0;1,1747025616616251;2000-03-24 19:08:34+00:00;2018-01-16 23:04:30+00:00;4;periodo_2000_2009;avaliacao_baixa;popularidade_media;genero_comedia|genero_terror|genero_misterio|genero_suspense
3274;Single White Female (1992);Drama|Thriller;1992;12;3,375;3,25;0,8012773892638271;2000-02-16 22:32:41+00:00;2012-09-25 21:54:27+00:00;2;periodo_1990_1999;avaliacao_media;popularidade_media;genero_drama|genero_suspense
3275;Boondock Saints, The (2000);Action|Crime|Drama|Thriller;2000;43;4,22093023255814;4,5;0,5804588248942072;2001-08-20 15:52:32+00:00;2018-08-31 10:00:25+00:00;4;periodo_2000_2009;avaliacao_alta;popularidade_media;genero_acao|genero_crime|genero_drama|genero_suspense
3285;Beach, The (2000);Adventure|Drama;2000;32;3,0625;3,25;1,0297979758028961;2000-03-24 19:08:18+00:00;2018-09-01 20:44:39+00:00;2;periodo_2000_2009;avaliacao_media;popularidade_media;genero_aventura|genero_drama
3286;Snow Day (2000);Comedy;2000;5;2,3;2,0;1,0954451150103321;2000-07-17 22:11:43+00:00;2007-02-21 04:47:12+00:00;1;periodo_2000_2009;avaliacao_baixa;popularidade_baixa;genero_comedia
3296;To Sir with Love (1967);Drama;1967;7;4,071428571428571;4,0;0,7319250547113999;2000-04-17 01:32:54+00:00;2016-07-19 21:39:17+00:00;1;periodo_1950_1969;avaliacao_alta;popularidade_baixa;genero_drama
3298;Boiler Room (2000);Crime|Drama|Thriller;2000;21;3,7142857142857144;4,0;0,6239276514834987;2000-03-22 21:18:15+00:00;2018-02-21 08:31:26+00:00;3;periodo_2000_2009;avaliacao_media;popularidade_media;genero_crime|genero_drama|genero_suspense
3300;Pitch Black (2000);Horror|Sci-Fi|Thriller;2000;39;3,5641025641025643;4,0;0,7878976621655149;2000-03-24 19:07:18+00:00;2018-09-01 20:34:31+00:00;3;periodo_2000_2009;avaliacao_media;popularidade_media;genero_terror|genero_ficcao_cientifica|genero_suspense
3301;Whole Nine Yards, The (2000);Comedy|Crime;2000;42;3,5238095238095237;3,5;0,840676128528589;2000-02-21 21:48:56+00:00;2018-09-01 20:39:29+00:00;2;periodo_2000_2009;avaliacao_media;popularidade_media;genero_comedia|genero_crime
3307;City Lights (1931);Comedy|Drama|Romance;1931;13;3,8461538461538463;4,0;1,0681880176381127;2000-04-17 03:47:39+00:00;2018-03-07 07:37:56+00:00;3;periodo_antes_1950;avaliacao_media;popularidade_media;genero_comedia|genero_drama|genero_romance
3308;Flamingo Kid, The (1984);Comedy|Drama;1984;7;2,857142857142857;3,0;1,3451854182690985;2000-06-20 16:16:31+00:00;2004-11-18 18:51:08+00:00;2;periodo_1970_1989;avaliacao_baixa;popularidade_baixa;genero_comedia|genero_drama
3310;Kid, The (1921);Comedy|Drama;1921;5;4,1;4,0;0,7416198487095663;2004-03-05 14:04:23+00:00;2015-11-13 10:39:59+00:00;2;periodo_antes_1950;avaliacao_alta;popularidade_baixa;genero_comedia|genero_drama
3316;Reindeer Games (2000);Action|Thriller;2000;13;2,4615384615384617;2,0;0,9887184141928897;2000-03-05 00:14:36+00:00;2015-12-08 16:38:05+00:00;2;periodo_2000_2009;avaliacao_baixa;popularidade_media;genero_acao|genero_suspense
3317;Wonder Boys (2000);Comedy|Drama;2000;22;3,659090909090909;4,0;0,8221105770307308;2000-03-24 19:46:26+00:00;2017-06-27 00:52:00+00:00;2;periodo_2000_2009;avaliacao_media;popularidade_media;genero_comedia|genero_drama
3327;Beyond the Mat (1999);Documentary;1999;5;3,7;4,0;0,447213595499958;2001-12-30 06:08:29+00:00;2018-02-21 23:49:35+00:00;1;periodo_1990_1999;avaliacao_media;popularidade_baixa;genero_documentario
3328;Ghost Dog: The Way of the Samurai (1999);Crime|Drama;1999;19;4,052631578947368;4,0;0,8802578038106736;2000-09-11 14:20:50+00:00;2017-06-27 01:07:47+00:00;2;periodo_1990_1999;avaliacao_alta;popularidade_media;genero_crime|genero_drama
3334;Key Largo (1948);Crime|Drama|Film-Noir|Thriller;1948;10;4,2;4,25;0,6324555320336759;2000-06-01 21:44:20+00:00;2017-06-27 04:54:25+00:00;4;periodo_antes_1950;avaliacao_alta;popularidade_media;genero_crime|genero_drama|genero_film_noir|genero_suspense
3341;Born Yesterday (1950);Comedy;1950;7;4,285714285714286;4,0;0,48795003647426655;2000-02-21 06:03:47+00:00;2004-10-18 13:00:01+00:00;1;periodo_1950_1969;avaliacao_alta;popularidade_baixa;genero_comedia
3342;Birdy (1984);Drama|War;1984;5;3,5;3,0;1,0;2000-11-22 20:20:28+00:00;2018-02-21 18:36:56+00:00;2;periodo_1970_1989;avaliacao_media;popularidade_baixa;genero_drama|genero_guerra
3347;Never Cry Wolf (1983);Adventure|Drama;1983;9;4,166666666666667;4,0;0,6123724356957945;2000-04-17 01:33:40+00:00;2008-01-24 09:25:56+00:00;2;periodo_1970_1989;avaliacao_alta;popularidade_baixa;genero_aventura|genero_drama
3354;Mission to Mars (2000);Sci-Fi;2000;21;2,6904761904761907;3,0;1,0059347702036958;2000-07-17 22:26:04+00:00;2018-02-20 17:13:57+00:00;1;periodo_2000_2009;avaliacao_baixa;popularidade_media;genero_ficcao_cientifica
3355;Ninth Gate, The (1999);Fantasy|Horror|Mystery|Thriller;1999;15;3,2;3,5;1,082325538564332;2000-08-08 02:51:01+00:00;2017-06-26 19:10:43+00:00;4;periodo_1990_1999;avaliacao_media;popularidade_media;genero_fantasia|genero_terror|genero_misterio|genero_suspense
3358;Defending Your Life (1991);Comedy|Drama|Fantasy|Romance;1991;10;3,85;3,75;0,8834905520465716;2000-03-15 17:03:48+00:00;2018-02-21 03:06:43+00:00;4;periodo_1990_1999;avaliacao_media;popularidade_media;genero_comedia|genero_drama|genero_fantasia|genero_romance
3359;Breaking Away (1979);Comedy|Drama;1979;11;4,090909090909091;4,0;0,5838742081211422;2000-03-24 19:39:47+00:00;2017-01-29 02:22:54+00:00;2;periodo_1970_1989;avaliacao_alta;popularidade_media;genero_comedia|genero_drama
3360;Hoosiers (a.k.a. Best Shot) (1986);Drama|Romance;1986;22;3,7045454545454546;4,0;0,8115108031010947;2000-02-28 16:51:08+00:00;2018-08-12 05:32:08+00:00;2;periodo_1970_1989;avaliacao_media;popularidade_media;genero_drama|genero_romance
3361;Bull Durham (1988);Comedy|Drama|Romance;1988;35;3,6714285714285713;4,0;0,9388890270111886;2000-03-15 16:42:56+00:00;2018-08-11 02:14:48+00:00;3;periodo_1970_1989;avaliacao_media;popularidade_media;genero_comedia|genero_drama|genero_romance
3362;Dog Day Afternoon (1975);Crime|Drama;1975;38;3,9342105263157894;4,0;0,798402565867307;2000-03-24 19:39:18+00:00;2018-08-18 00:14:25+00:00;2;periodo_1970_1989;avaliacao_media;popularidade_media;genero_crime|genero_drama
3363;American Graffiti (1973);Comedy|Drama;1973;43;3,8488372093023258;4,0;0,7522575841214345;2000-03-15 16:35:31+00:00;2018-08-11 00:53:18+00:00;2;periodo_1970_1989;avaliacao_media;popularidade_media;genero_comedia|genero_drama
3365;Searchers, The (1956);Drama|Western;1956;7;4,071428571428571;4,0;0,7319250547113998;2000-03-24 19:35:07+00:00;2017-06-26 23:29:56+00:00;2;periodo_1950_1969;avaliacao_alta;popularidade_baixa;genero_drama|genero_faroeste
3385;Volunteers (1985);Comedy;1985;8;2,8125;2,5;1,19335960332883;2000-04-17 01:40:15+00:00;2018-08-11 00:12:52+00:00;1;periodo_1970_1989;avaliacao_baixa;popularidade_baixa;genero_comedia
3386;JFK (1991);Drama|Mystery|Thriller;1991;31;3,5;3,5;0,8660254037844385;2000-03-21 03:49:15+00:00;2018-02-20 10:28:06+00:00;3;periodo_1990_1999;avaliacao_media;popularidade_media;genero_drama|genero_misterio|genero_suspense
3387;Who's Harry Crumb? (1989);Comedy|Mystery;1989;7;2,857142857142857;2,0;1,0690449676496976;2000-04-17 01:39:33+00:00;2018-02-22 05:57:12+00:00;2;periodo_1970_1989;avaliacao_baixa;popularidade_baixa;genero_comedia|genero_misterio
3388;Harry and the Hendersons (1987);Children|Comedy;1987;11;2,5454545454545454;2,0;1,1057699908784253;2000-03-15 16:23:36+00:00;2017-06-27 01:08:11+00:00;2;periodo_1970_1989;avaliacao_baixa;popularidade_media;genero_infantil|genero_comedia
3392;She-Devil (1989);Comedy;1989;6;2,3333333333333335;2,5;1,2110601416389968;2000-04-17 04:21:15+00:00;2018-02-21 19:19:20+00:00;1;periodo_1970_1989;avaliacao_baixa;popularidade_baixa;genero_comedia
3394;Blind Date (1987);Comedy|Romance;1987;7;2,357142857142857;3,0;0,8521681032463466;2000-08-08 04:13:03+00:00;2003-11-07 14:02:47+00:00;2;periodo_1970_1989;avaliacao_baixa;popularidade_baixa;genero_comedia|genero_romance
3396;Muppet Movie, The (1979);Adventure|Children|Comedy|Musical;1979;33;3,590909090909091;4,0;0,939202998678812;2000-02-28 16:53:09+00:00;2018-02-20 14:50:38+00:00;4;periodo_1970_1989;avaliacao_media;popularidade_media;genero_aventura|genero_infantil|genero_comedia|genero_musical
3397;Great Muppet Caper, The (1981);Children|Comedy;1981;11;3,4545454545454546;3,0;0,8201995322647244;2000-06-21 13:54:27+00:00;2018-02-21 03:05:53+00:00;2;periodo_1970_1989;avaliacao_media;popularidade_media;genero_infantil|genero_comedia
3398;Muppets Take Manhattan, The (1984);Children|Comedy|Musical;1984;15;3,3333333333333335;3,0;1,0293317295817754;2000-08-04 21:51:03+00:00;2017-06-27 00:10:29+00:00;3;periodo_1970_1989;avaliacao_media;popularidade_media;genero_infantil|genero_comedia|genero_musical
3401;Baby... Secret of the Lost Legend (1985);Adventure|Sci-Fi;1985;5;2,2;2,0;1,0954451150103321;2000-04-17 03:33:41+00:00;2002-09-28 01:24:02+00:00;2;periodo_1970_1989;avaliacao_baixa;popularidade_baixa;genero_aventura|genero_ficcao_cientifica
3404;Titanic (1953);Action|Drama;1953;6;3,5833333333333335;4,5;1,9083151381956458;2000-03-15 16:26:09+00:00;2010-09-12 00:20:54+00:00;2;periodo_1950_1969;avaliacao_media;popularidade_baixa;genero_acao|genero_drama
3408;Erin Brockovich (2000);Drama;2000;70;3,5285714285714285;3,5;0,7796585758035478;2000-03-22 21:17:53+00:00;2018-08-31 09:39:31+00:00;1;periodo_2000_2009;avaliacao_media;popularidade_alta;genero_drama
3409;Final Destination (2000);Drama|Thriller;2000;35;2,9285714285714284;3,0;1,085620296683619;2000-08-08 02:54:59+00:00;2017-06-26 19:16:36+00:00;2;periodo_2000_2009;avaliacao_baixa;popularidade_media;genero_drama|genero_suspense
3412;Bear, The (Ours, L') (1988);Adventure|Children|Drama;1988;6;3,4166666666666665;3,75;0,801040989379861;2000-08-18 21:25:18+00:00;2018-02-20 16:28:08+00:00;3;periodo_1970_1989;avaliacao_media;popularidade_baixa;genero_aventura|genero_infantil|genero_drama
3418;Thelma & Louise (1991);Adventure|Crime|Drama;1991;41;3,4634146341463414;4,0;1,0331398979714643;2000-03-15 16:26:09+00:00;2017-06-27 00:58:33+00:00;3;periodo_1990_1999;avaliacao_media;popularidade_media;genero_aventura|genero_crime|genero_drama
3421;Animal House (1978);Comedy;1978;62;3,693548387096774;4,0;1,1027344504059489;2000-03-15 16:19:09+00:00;2018-08-10 03:42:58+00:00;1;periodo_1970_1989;avaliacao_media;popularidade_alta;genero_comedia
3422;She's Gotta Have It (1986);Comedy|Romance;1986;6;3,3333333333333335;3,5;0,816496580927726;2000-03-24 19:58:28+00:00;2017-05-03 22:29:05+00:00;2;periodo_1970_1989;avaliacao_media;popularidade_baixa;genero_comedia|genero_romance
3424;Do the Right Thing (1989);Drama;1989;27;4,037037037037037;4,0;0,8077262236808042;2000-03-24 19:54:15+00:00;2018-05-02 18:01:24+00:00;1;periodo_1970_1989;avaliacao_alta;popularidade_media;genero_drama
3425;Mo' Better Blues (1990);Drama|Musical;1990;5;3,4;3,0;0,8215838362577492;2000-06-20 16:27:56+00:00;2017-05-03 22:29:15+00:00;2;periodo_1990_1999;avaliacao_media;popularidade_baixa;genero_drama|genero_musical
3426;Jungle Fever (1991);Drama|Romance;1991;7;3,0714285714285716;3,0;0,7319250547113999;2000-03-15 16:24:13+00:00;2007-04-03 21:57:45+00:00;2;periodo_1990_1999;avaliacao_media;popularidade_baixa;genero_drama|genero_romance
3429;Creature Comforts (1989);Animation|Comedy;1989;12;4,25;4,25;0,6571287406727709;2000-08-09 04:40:04+00:00;2017-04-29 13:55:50+00:00;2;periodo_1970_1989;avaliacao_alta;popularidade_media;genero_animacao|genero_comedia
3435;Double Indemnity (1944);Crime|Drama|Film-Noir;1944;17;4,323529411764706;4,0;0,7058057556480268;2000-03-15 16:22:08+00:00;2018-02-19 08:36:26+00:00;3;periodo_antes_1950;avaliacao_alta;popularidade_media;genero_crime|genero_drama|genero_film_noir
3438;Teenage Mutant Ninja Turtles (1990);Action|Children|Comedy|Fantasy|Sci-Fi;1990;25;3,0;3,0;1,0897247358851685;2000-06-20 15:46:37+00:00;2018-08-31 10:41:22+00:00;5;periodo_1990_1999;avaliacao_media;popularidade_media;genero_acao|genero_infantil|genero_comedia|genero_fantasia|genero_ficcao_cientifica
3439;Teenage Mutant Ninja Turtles II: The Secret of the Ooze (1991);Action|Children|Fantasy;1991;13;2,6923076923076925;3,0;0,8548504142651104;2000-07-30 18:29:59+00:00;2017-06-27 00:29:22+00:00;3;periodo_1990_1999;avaliacao_baixa;popularidade_media;genero_acao|genero_infantil|genero_fantasia
3440;Teenage Mutant Ninja Turtles III (1993);Action|Adventure|Children|Comedy|Fantasy;1993;14;2,0714285714285716;2,5;1,0894095588038444;2000-07-08 18:19:22+00:00;2018-08-31 10:41:35+00:00;5;periodo_1990_1999;avaliacao_baixa;popularidade_media;genero_acao|genero_aventura|genero_infantil|genero_comedia|genero_fantasia
3441;Red Dawn (1984);Action|Drama|War;1984;14;3,4285714285714284;3,75;1,174359774141161;2000-04-17 03:05:41+00:00;2017-04-02 01:04:01+00:00;3;periodo_1970_1989;avaliacao_media;popularidade_media;genero_acao|genero_drama|genero_guerra
3444;Bloodsport (1988);Action;1988;9;2,9444444444444446;2,5;0,982485510212633;2000-06-20 15:46:37+00:00;2017-06-26 22:19:36+00:00;1;periodo_1970_1989;avaliacao_baixa;popularidade_baixa;genero_acao
3448;Good Morning, Vietnam (1987);Comedy|Drama|War;1987;43;3,802325581395349;4,0;0,8175131780190292;2000-03-15 16:22:08+00:00;2018-06-25 04:42:07+00:00;3;periodo_1970_1989;avaliacao_media;popularidade_media;genero_comedia|genero_drama|genero_guerra
3450;Grumpy Old Men (1993);Comedy;1993;29;3,293103448275862;3,5;1,1061293629081925;2000-03-15 16:23:36+00:00;2017-06-26 22:00:49+00:00;1;periodo_1990_1999;avaliacao_media;popularidade_media;genero_comedia
3451;Guess Who's Coming to Dinner (1967);Drama;1967;11;4,545454545454546;5,0;0,650174801670499;2000-03-15 16:23:36+00:00;2015-07-01 03:21:32+00:00;1;periodo_1950_1969;avaliacao_alta;popularidade_media;genero_drama
3452;Romeo Must Die (2000);Action|Crime|Romance|Thriller;2000;18;3,0833333333333335;3,0;0,7717436331412898;2000-03-31 05:52:02+00:00;2017-06-27 00:31:22+00:00;4;periodo_2000_2009;avaliacao_media;popularidade_media;genero_acao|genero_crime|genero_romance|genero_suspense
3461;Lord of the Flies (1963);Adventure|Drama|Thriller;1963;13;3,0384615384615383;3,0;0,92334397846312;2000-03-21 03:17:45+00:00;2018-02-21 01:19:57+00:00;3;periodo_1950_1969;avaliacao_media;popularidade_media;genero_aventura|genero_drama|genero_suspense
3462;Modern Times (1936);Comedy|Drama|Romance;1936;25;3,72;4,0;0,8175165645620481;2000-03-21 03:55:23+00:00;2018-03-07 07:37:56+00:00;3;periodo_antes_1950;avaliacao_media;popularidade_media;genero_comedia|genero_drama|genero_romance
3466;Heart and Souls (1993);Comedy|Fantasy;1993;8;3,0;3,0;1,224744871391589;2000-04-17 03:52:03+00:00;2010-06-22 03:04:04+00:00;2;periodo_1990_1999;avaliacao_media;popularidade_baixa;genero_comedia|genero_fantasia
3468;Hustler, The (1961);Drama;1961;18;4,333333333333333;4,5;0,7071067811865475;2000-03-15 16:24:13+00:00;2017-06-29 18:56:29+00:00;1;periodo_1950_1969;avaliacao_alta;popularidade_media;genero_drama
3469;Inherit the Wind (1960);Drama;1960;6;4,083333333333333;4,0;0,917423929634859;2000-03-15 16:24:13+00:00;2012-01-15 07:15:20+00:00;1;periodo_1950_1969;avaliacao_alta;popularidade_baixa;genero_drama
3470;Dersu Uzala (1975);Adventure|Drama;1975;5;4,3;4,0;0,6708203932499369;2000-11-22 19:58:47+00:00;2016-04-17 04:55:34+00:00;2;periodo_1970_1989;avaliacao_alta;popularidade_baixa;genero_aventura|genero_drama
3471;Close Encounters of the Third Kind (1977);Adventure|Drama|Sci-Fi;1977;60;3,7416666666666667;4,0;0,8901136218972306;2000-03-15 16:19:57+00:00;2018-08-10 03:35:27+00:00;3;periodo_1970_1989;avaliacao_media;popularidade_alta;genero_aventura|genero_drama|genero_ficcao_cientifica
3476;Jacob's Ladder (1990);Horror|Mystery;1990;26;3,5576923076923075;4,0;1,1164848684771602;2000-03-24 19:19:08+00:00;2017-06-26 17:53:01+00:00;2;periodo_1990_1999;avaliacao_media;popularidade_media;genero_terror|genero_misterio
3477;Empire Records (1995);Comedy|Drama;1995;13;3,3846153846153846;3,0;1,12089707663561;2000-06-20 16:12:37+00:00;2016-06-18 19:14:45+00:00;2;periodo_1990_1999;avaliacao_media;popularidade_media;genero_comedia|genero_drama
3478;Bamba, La (1987);Drama;1987;7;2,7857142857142856;3,0;0,48795003647426666;2000-06-20 16:21:48+00:00;2018-08-11 00:25:09+00:00;1;periodo_1970_1989;avaliacao_baixa;popularidade_baixa;genero_drama
3479;Ladyhawke (1985);Adventure|Fantasy|Romance;1985;18;3,3333333333333335;3,75;0,8224783208299743;2000-03-21 03:17:45+00:00;2017-06-27 00:29:01+00:00;3;periodo_1970_1989;avaliacao_media;popularidade_media;genero_aventura|genero_fantasia|genero_romance
3481;High Fidelity (2000);Comedy|Drama|Romance;2000;75;3,6666666666666665;4,0;0,9597766256641026;2000-05-29 18:13:08+00:00;2018-03-07 07:39:03+00:00;3;periodo_2000_2009;avaliacao_media;popularidade_alta;genero_comedia|genero_drama|genero_romance
3483;Road to El Dorado, The (2000);Animation|Children;2000;13;3,1153846153846154;3,5;1,0032000081789556;2000-08-08 03:17:32+00:00;2017-04-28 23:00:25+00:00;2;periodo_2000_2009;avaliacao_media;popularidade_media;genero_animacao|genero_infantil
3484;Skulls, The (2000);Thriller;2000;10;2,75;3,0;1,034139470499238;2000-05-29 18:14:01+00:00;2017-05-03 21:38:53+00:00;1;periodo_2000_2009;avaliacao_baixa;popularidade_media;genero_suspense
3489;Hook (1991);Adventure|Comedy|Fantasy;1991;53;3,358490566037736;3,5;0,8899943738508752;2000-03-21 03:16:50+00:00;2018-01-17 02:27:18+00:00;3;periodo_1990_1999;avaliacao_media;popularidade_alta;genero_aventura|genero_comedia|genero_fantasia
3494;True Grit (1969);Adventure|Drama|Western;1969;6;4,0;4,0;0,8944271909999159;2000-04-17 01:34:30+00:00;2002-05-20 12:49:58+00:00;3;periodo_1950_1969;avaliacao_alta;popularidade_baixa;genero_aventura|genero_drama|genero_faroeste
3498;Midnight Express (1978);Drama;1978;8;4,0;4,0;0,9258200997725514;2000-03-21 03:18:11+00:00;2016-12-10 19:17:21+00:00;1;periodo_1970_1989;avaliacao_alta;popularidade_baixa;genero_drama
3499;Misery (1990);Drama|Horror|Thriller;1990;44;3,840909090909091;4,0;0,7607579396274027;2000-05-06 21:23:28+00:00;2018-08-10 03:40:26+00:00;3;periodo_1990_1999;avaliacao_media;popularidade_media;genero_drama|genero_terror|genero_suspense
3501;Murphy's Romance (1985);Comedy|Romance;1985;5;2,3;2,0;1,0954451150103321;2000-08-08 03:49:08+00:00;2018-02-22 21:03:33+00:00;2;periodo_1970_1989;avaliacao_baixa;popularidade_baixa;genero_comedia|genero_romance
3503;Solaris (Solyaris) (1972);Drama|Mystery|Sci-Fi;1972;11;4,090909090909091;4,5;1,044465935734187;2000-03-20 06:43:56+00:00;2017-06-27 05:08:17+00:00;3;periodo_1970_1989;avaliacao_alta;popularidade_media;genero_drama|genero_misterio|genero_ficcao_cientifica
3504;Network (1976);Comedy|Drama;1976;22;4,0227272727272725;4,0;0,9571444724416169;2000-03-20 06:43:31+00:00;2012-12-14 22:47:20+00:00;2;periodo_1970_1989;avaliacao_alta;popularidade_media;genero_comedia|genero_drama
3505;No Way Out (1987);Drama|Mystery|Thriller;1987;9;3,7222222222222223;4,0;0,9052317076000179;2000-03-24 19:55:32+00:00;2017-06-26 22:43:33+00:00;3;periodo_1970_1989;avaliacao_media;popularidade_baixa;genero_drama|genero_misterio|genero_suspense
3506;North Dallas Forty (1979);Comedy|Drama;1979;5;3,0;3,0;0,9999999999999999;2000-03-20 06:43:31+00:00;2000-12-06 16:34:22+00:00;2;periodo_1970_1989;avaliacao_media;popularidade_baixa;genero_comedia|genero_drama
3507;Odd Couple, The (1968);Comedy;1968;15;4,066666666666666;4,0;0,5627314338711379;2000-03-20 06:43:31+00:00;2013-10-22 19:24:02+00:00;1;periodo_1950_1969;avaliacao_alta;popularidade_media;genero_comedia
3508;Outlaw Josey Wales, The (1976);Action|Adventure|Drama|Thriller|Western;1976;18;4,25;4,0;0,6473929618545631;2000-03-24 19:42:50+00:00;2017-04-29 13:52:25+00:00;5;periodo_1970_1989;avaliacao_alta;popularidade_media;genero_acao|genero_aventura|genero_drama|genero_suspense|genero_faroeste
3510;Frequency (2000);Drama|Thriller;2000;36;3,4166666666666665;3,5;1,0589752458998138;2000-05-29 18:13:24+00:00;2017-06-26 21:49:26+00:00;2;periodo_2000_2009;avaliacao_media;popularidade_media;genero_drama|genero_suspense
3511;Ready to Rumble (2000);Comedy;2000;6;2,25;2,25;1,2942179105544784;2002-12-23 11:39:53+00:00;2017-06-30 04:33:28+00:00;1;periodo_2000_2009;avaliacao_baixa;popularidade_baixa;genero_comedia
3512;Return to Me (2000);Drama|Romance;2000;8;3,5625;3,5;0,6232117273791125;2000-05-21 03:45:24+00:00;2005-01-14 01:24:14+00:00;2;periodo_2000_2009;avaliacao_media;popularidade_baixa;genero_drama|genero_romance
3513;Rules of Engagement (2000);Drama|Thriller;2000;7;3,0714285714285716;3,0;0,8380817098475258;2000-10-21 05:28:34+00:00;2008-02-26 15:53:06+00:00;2;periodo_2000_2009;avaliacao_media;popularidade_baixa;genero_drama|genero_suspense
3515;Me Myself I (2000);Comedy|Romance;2000;9;3,611111111111111;4,0;0,485912657903775;2000-07-09 22:05:55+00:00;2011-07-24 08:01:08+00:00;2;periodo_2000_2009;avaliacao_media;popularidade_baixa;genero_comedia|genero_romance
3519;Force 10 from Navarone (1978);Action|Drama|War;1978;6;2,9166666666666665;3,0;0,49159604012508756;2000-04-17 03:13:21+00:00;2009-11-17 03:28:33+00:00;3;periodo_1970_1989;avaliacao_baixa;popularidade_baixa;genero_acao|genero_drama|genero_guerra
3521;Mystery Train (1989);Comedy|Drama;1989;7;3,4285714285714284;4,0;1,2051476890327395;2000-07-09 20:55:06+00:00;2017-06-27 01:33:25+00:00;2;periodo_1970_1989;avaliacao_media;popularidade_baixa;genero_comedia|genero_drama
3524;Arthur (1981);Comedy|Romance;1981;10;2,8;2,5;1,0327955589886444;2000-04-17 04:06:41+00:00;2018-02-21 01:17:25+00:00;2;periodo_1970_1989;avaliacao_baixa;popularidade_media;genero_comedia|genero_romance
3525;Bachelor Party (1984);Comedy;1984;5;2,9;3,0;1,6733200530681511;2000-06-21 14:05:16+00:00;2003-05-15 18:02:25+00:00;1;periodo_1970_1989;avaliacao_baixa;popularidade_baixa;genero_comedia
3526;Parenthood (1989);Comedy|Drama;1989;15;3,7;4,0;0,8409178658720822;2000-06-21 13:52:46+00:00;2017-04-02 01:06:43+00:00;2;periodo_1970_1989;avaliacao_media;popularidade_media;genero_comedia|genero_drama
3527;Predator (1987);Action|Sci-Fi|Thriller;1987;61;3,581967213114754;4,0;1,0294833974250244;2000-04-17 01:46:23+00:00;2018-08-10 03:42:12+00:00;3;periodo_1970_1989;avaliacao_media;popularidade_alta;genero_acao|genero_ficcao_cientifica|genero_suspense
3528;Prince of Tides, The (1991);Drama|Romance;1991;5;3,4;4,0;0,8944271909999159;2000-08-03 16:15:01+00:00;2007-02-13 22:28:39+00:00;2;periodo_1990_1999;avaliacao_media;popularidade_baixa;genero_drama|genero_romance
3529;Postman Always Rings Twice, The (1981);Crime|Thriller;1981;5;3,5;3,0;0,7071067811865476;2000-04-17 03:44:35+00:00;2012-01-16 04:31:47+00:00;2;periodo_1970_1989;avaliacao_media;popularidade_baixa;genero_crime|genero_suspense
3534;28 Days (2000);Drama;2000;25;3,3;3,0;0,8539125638299665;2000-05-29 18:13:36+00:00;2017-05-12 18:19:49+00:00;1;periodo_2000_2009;avaliacao_media;popularidade_media;genero_drama
3535;American Psycho (2000);Crime|Horror|Mystery|Thriller;2000;59;3,788135593220339;4,0;1,0263905195094438;2000-07-09 20:53:09+00:00;2018-09-17 04:19:35+00:00;4;periodo_2000_2009;avaliacao_media;popularidade_alta;genero_crime|genero_terror|genero_misterio|genero_suspense
3536;Keeping the Faith (2000);Comedy|Drama|Romance;2000;21;3,4523809523809526;3,5;0,8930952063576691;2000-05-29 18:13:24+00:00;2015-11-15 14:43:07+00:00;3;periodo_2000_2009;avaliacao_media;popularidade_media;genero_comedia|genero_drama|genero_romance
3538;East is East (1999);Comedy;1999;5;3,2;3,0;1,3038404810405297;2000-10-27 04:38:21+00:00;2007-03-04 00:35:43+00:00;1;periodo_1990_1999;avaliacao_media;popularidade_baixa;genero_comedia
3543;Diner (1982);Comedy|Drama;1982;14;3,75;4,0;0,9146247654303166;2000-04-17 01:32:20+00:00;2012-12-11 00:14:35+00:00;2;periodo_1970_1989;avaliacao_media;popularidade_media;genero_comedia|genero_drama
3545;Cabaret (1972);Drama|Musical;1972;5;3,0;3,0;0,6123724356957945;2000-10-11 14:35:10+00:00;2012-04-23 20:58:27+00:00;2;periodo_1970_1989;avaliacao_media;popularidade_baixa;genero_drama|genero_musical
3548;Auntie Mame (1958);Comedy|Drama;1958;5;3,7;4,0;0,9746794344808963;2000-04-17 04:01:35+00:00;2004-06-21 15:25:18+00:00;2;periodo_1950_1969;avaliacao_media;popularidade_baixa;genero_comedia|genero_drama
3549;Guys and Dolls (1955);Comedy|Musical|Romance;1955;8;3,9375;3,75;0,8210402808980464;2000-04-17 01:35:13+00:00;2018-03-07 07:45:56+00:00;3;periodo_1950_1969;avaliacao_media;popularidade_baixa;genero_comedia|genero_musical|genero_romance
3550;The Hunger (1983);Horror;1983;6;3,6666666666666665;4,0;1,0327955589886444;2000-08-08 03:23:19+00:00;2005-04-05 16:03:58+00:00;1;periodo_1970_1989;avaliacao_media;popularidade_baixa;genero_terror
3551;Marathon Man (1976);Crime|Drama|Thriller;1976;13;3,4615384615384617;3,5;0,7762500258061847;2000-06-01 21:46:17+00:00;2017-05-14 23:32:30+00:00;3;periodo_1970_1989;avaliacao_media;popularidade_media;genero_crime|genero_drama|genero_suspense
3552;Caddyshack (1980);Comedy;1980;52;3,826923076923077;4,0;0,9945173988985389;2000-04-05 19:53:29+00:00;2018-08-10 03:43:27+00:00;1;periodo_1970_1989;avaliacao_media;popularidade_alta;genero_comedia
3553;Gossip (2000);Drama|Thriller;2000;5;2,4;2,0;0,5477225575051661;2004-09-13 23:59:57+00:00;2017-05-03 22:07:47+00:00;2;periodo_2000_2009;avaliacao_baixa;popularidade_baixa;genero_drama|genero_suspense
3555;U-571 (2000);Action|Thriller|War;2000;33;3,4242424242424243;3,5;0,7084447327730932;2000-06-19 18:05:30+00:00;2017-05-01 21:23:24+00:00;3;periodo_2000_2009;avaliacao_media;popularidade_media;genero_acao|genero_suspense|genero_guerra
3556;Virgin Suicides, The (1999);Drama|Romance;1999;26;3,769230769230769;4,0;0,8970035588643919;2000-07-09 20:52:52+00:00;2017-06-26 22:48:09+00:00;2;periodo_1990_1999;avaliacao_media;popularidade_media;genero_drama|genero_romance
3557;Jennifer 8 (1992);Mystery|Thriller;1992;5;2,9;3,0;0,7416198487095663;2000-04-17 01:40:15+00:00;2004-02-02 23:34:44+00:00;2;periodo_1990_1999;avaliacao_baixa;popularidade_baixa;genero_misterio|genero_suspense
3564;Flintstones in Viva Rock Vegas, The (2000);Children|Comedy;2000;12;1,625;2,0;0,7111130839619099;2000-08-07 18:09:35+00:00;2018-01-05 14:14:42+00:00;2;periodo_2000_2009;avaliacao_baixa;popularidade_media;genero_infantil|genero_comedia
3565;Where the Heart Is (2000);Comedy|Drama;2000;7;3,5;3,5;0,408248290463863;2000-05-29 18:14:35+00:00;2015-06-28 21:06:42+00:00;2;periodo_2000_2009;avaliacao_media;popularidade_baixa;genero_comedia|genero_drama
3566;Big Kahuna, The (2000);Comedy|Drama;2000;8;2,875;3,0;1,3296078906418776;2000-07-09 20:52:27+00:00;2017-06-26 22:22:29+00:00;2;periodo_2000_2009;avaliacao_baixa;popularidade_baixa;genero_comedia|genero_drama
3578;Gladiator (2000);Action|Adventure|Drama;2000;170;3,9382352941176473;4,0;0,9943671847739337;2000-05-29 22:06:51+00:00;2018-09-17 04:14:11+00:00;3;periodo_2000_2009;avaliacao_media;popularidade_alta;genero_acao|genero_aventura|genero_drama
3591;Mr. Mom (1983);Comedy|Drama;1983;15;2,7333333333333334;3,0;0,942388050696335;2000-06-19 17:59:29+00:00;2017-06-26 22:59:39+00:00;2;periodo_1970_1989;avaliacao_baixa;popularidade_media;genero_comedia|genero_drama
3593;Battlefield Earth (2000);Action|Sci-Fi;2000;19;1,6578947368421053;1,0;1,1553334244439684;2000-08-03 15:10:48+00:00;2015-12-08 16:32:52+00:00;2;periodo_2000_2009;avaliacao_baixa;popularidade_media;genero_acao|genero_ficcao_cientifica
3594;Center Stage (2000);Drama|Musical;2000;6;3,25;3,5;1,7818529681205462;2000-06-19 18:05:14+00:00;2009-02-09 14:08:07+00:00;2;periodo_2000_2009;avaliacao_media;popularidade_baixa;genero_drama|genero_musical
3599;Anchors Aweigh (1945);Comedy|Musical;1945;5;3,2;3,5;1,2549900398011133;2000-06-22 13:47:15+00:00;2018-03-07 07:41:20+00:00;2;periodo_antes_1950;avaliacao_media;popularidade_baixa;genero_comedia|genero_musical
3608;Pee-wee's Big Adventure (1985);Adventure|Comedy;1985;25;2,94;3,0;1,2274635093014643;2000-06-19 17:57:17+00:00;2015-06-28 23:49:41+00:00;2;periodo_1970_1989;avaliacao_baixa;popularidade_media;genero_aventura|genero_comedia
3614;Honeymoon in Vegas (1992);Comedy|Romance;1992;8;2,9375;3,0;0,8634441002668988;2000-06-19 17:59:29+00:00;2018-02-21 18:52:53+00:00;2;periodo_1990_1999;avaliacao_baixa;popularidade_baixa;genero_comedia|genero_romance
3615;Dinosaur (2000);Adventure|Animation|Children;2000;14;3,107142857142857;3,0;0,711946719823985;2000-07-17 22:15:25+00:00;2017-05-12 18:21:52+00:00;3;periodo_2000_2009;avaliacao_media;popularidade_media;genero_aventura|genero_animacao|genero_infantil
3616;Loser (2000);Comedy|Romance;2000;10;3,3;3,75;1,1832159566199232;2000-08-07 18:09:09+00:00;2017-05-03 22:11:37+00:00;2;periodo_2000_2009;avaliacao_media;popularidade_media;genero_comedia|genero_romance
3617;Road Trip (2000);Comedy;2000;41;3,0853658536585367;3,0;1,0056244268139465;2000-06-19 18:04:37+00:00;2018-01-16 22:17:36+00:00;1;periodo_2000_2009;avaliacao_media;popularidade_media;genero_comedia
3618;Small Time Crooks (2000);Comedy|Crime;2000;12;3,5416666666666665;3,25;0,8908201872772114;2000-07-09 20:53:36+00:00;2010-04-25 23:47:32+00:00;2;periodo_2000_2009;avaliacao_media;popularidade_media;genero_comedia|genero_crime
3623;Mission: Impossible II (2000);Action|Adventure|Thriller;2000;77;2,7142857142857144;3,0;1,0495254924957738;2000-06-01 21:51:32+00:00;2018-09-17 04:16:33+00:00;3;periodo_2000_2009;avaliacao_baixa;popularidade_alta;genero_acao|genero_aventura|genero_suspense
3624;Shanghai Noon (2000);Action|Adventure|Comedy|Western;2000;43;3,1511627906976742;3,5;1,0031787793531157;2000-08-07 18:06:16+00:00;2018-08-31 09:42:59+00:00;4;periodo_2000_2009;avaliacao_media;popularidade_media;genero_acao|genero_aventura|genero_comedia|genero_faroeste
3629;Gold Rush, The (1925);Adventure|Comedy|Romance;1925;7;4,071428571428571;4,0;0,5345224838248488;2000-06-10 14:14:46+00:00;2017-06-30 05:22:09+00:00;3;periodo_antes_1950;avaliacao_alta;popularidade_baixa;genero_aventura|genero_comedia|genero_romance
3632;Monsieur Verdoux (1947);Comedy|Crime;1947;5;4,0;4,0;0,7071067811865476;2000-08-09 04:46:45+00:00;2015-11-15 08:00:50+00:00;2;periodo_antes_1950;avaliacao_alta;popularidade_baixa;genero_comedia|genero_crime
3633;On Her Majesty's Secret Service (1969);Action|Adventure|Romance|Thriller;1969;17;3,264705882352941;3,5;0,9205576954152495;2000-07-09 21:02:50+00:00;2017-08-08 22:58:06+00:00;4;periodo_1950_1969;avaliacao_media;popularidade_media;genero_acao|genero_aventura|genero_romance|genero_suspense
3635;Spy Who Loved Me, The (1977);Action|Adventure|Thriller;1977;18;3,4444444444444446;3,5;0,9217771979249536;2000-06-20 15:42:32+00:00;2017-05-14 23:27:38+00:00;3;periodo_1970_1989;avaliacao_media;popularidade_media;genero_acao|genero_aventura|genero_suspense
3638;Moonraker (1979);Action|Adventure|Sci-Fi|Thriller;1979;26;3,1346153846153846;3,0;1,0252579412781186;2000-06-19 18:01:26+00:00;2018-01-05 17:19:19+00:00;4;periodo_1970_1989;avaliacao_media;popularidade_media;genero_acao|genero_aventura|genero_ficcao_cientifica|genero_suspense
3639;Man with the Golden Gun, The (1974);Action|Adventure|Thriller;1974;18;3,5833333333333335;3,75;0,7717436331412896;2000-06-20 15:43:01+00:00;2017-05-14 23:29:28+00:00;3;periodo_1970_1989;avaliacao_media;popularidade_media;genero_acao|genero_aventura|genero_suspense
3646;Big Momma's House (2000);Comedy;2000;17;2,176470588235294;2,0;1,0597932650785635;2000-08-07 18:07:04+00:00;2018-01-16 23:08:07+00:00;1;periodo_2000_2009;avaliacao_baixa;popularidade_media;genero_comedia
3649;American Gigolo (1980);Drama;1980;8;2,6875;2,75;1,032939633141398;2000-06-01 21:39:15+00:00;2012-07-21 00:00:35+00:00;1;periodo_1970_1989;avaliacao_baixa;popularidade_baixa;genero_drama
3654;Guns of Navarone, The (1961);Action|Adventure|Drama|War;1961;13;3,769230769230769;4,0;0,5991446895152781;2000-06-01 21:40:45+00:00;2017-06-27 00:09:12+00:00;4;periodo_1950_1969;avaliacao_media;popularidade_media;genero_acao|genero_aventura|genero_drama|genero_guerra
3668;Romeo and Juliet (1968);Drama|Romance;1968;15;3,6666666666666665;3,5;0,7943251103624893;2000-10-17 19:56:31+00:00;2017-06-27 01:06:34+00:00;2;periodo_1950_1969;avaliacao_media;popularidade_media;genero_drama|genero_romance
3671;Blazing Saddles (1974);Comedy|Western;1974;62;3,935483870967742;4,0;0,9209931870297748;2000-06-01 21:39:43+00:00;2018-08-11 00:58:10+00:00;2;periodo_1970_1989;avaliacao_media;popularidade_alta;genero_comedia|genero_faroeste
3672;Benji (1974);Adventure|Children;1974;5;3,8;4,0;1,3038404810405297;2000-06-21 13:44:42+00:00;2002-09-28 01:19:53+00:00;2;periodo_1970_1989;avaliacao_media;popularidade_baixa;genero_aventura|genero_infantil
3675;White Christmas (1954);Comedy|Musical|Romance;1954;8;4,1875;4,0;0,4580626906564522;2000-06-22 13:45:53+00:00;2017-02-24 17:31:45+00:00;3;periodo_1950_1969;avaliacao_alta;popularidade_baixa;genero_comedia|genero_musical|genero_romance
3676;Eraserhead (1977);Drama|Horror;1977;10;3,75;3,75;0,8249579113843054;2000-12-06 21:35:58+00:00;2018-09-13 21:26:58+00:00;2;periodo_1970_1989;avaliacao_media;popularidade_media;genero_drama|genero_terror
3681;For a Few Dollars More (Per qualche dollaro in più) (1965);Action|Drama|Thriller|Western;1965;33;4,151515151515151;4,0;0,6310315028394048;2000-06-01 21:40:45+00:00;2017-06-26 23:29:47+00:00;4;periodo_1950_1969;avaliacao_alta;popularidade_media;genero_acao|genero_drama|genero_suspense|genero_faroeste
3682;Magnum Force (1973);Action|Crime|Drama|Thriller;1973;5;3,7;4,0;1,2041594578792296;2000-06-01 21:41:17+00:00;2017-05-22 17:59:24+00:00;4;periodo_1970_1989;avaliacao_media;popularidade_baixa;genero_acao|genero_crime|genero_drama|genero_suspense
3683;Blood Simple (1984);Crime|Drama|Film-Noir;1984;19;4,0;4,0;0,8660254037844386;2000-08-03 20:40:17+00:00;2017-06-27 00:27:55+00:00;3;periodo_1970_1989;avaliacao_alta;popularidade_media;genero_crime|genero_drama|genero_film_noir
3684;Fabulous Baker Boys, The (1989);Drama|Romance;1989;7;3,0714285714285716;3,0;0,44986770542121873;2000-06-09 14:41:17+00:00;2018-02-21 18:09:05+00:00;2;periodo_1970_1989;avaliacao_media;popularidade_baixa;genero_drama|genero_romance
3685;Prizzi's Honor (1985);Comedy|Drama|Romance;1985;9;3,7777777777777777;4,0;0,8333333333333334;2000-06-01 21:41:42+00:00;2007-02-13 22:18:54+00:00;3;periodo_1970_1989;avaliacao_media;popularidade_baixa;genero_comedia|genero_drama|genero_romance
3686;Flatliners (1990);Horror|Sci-Fi|Thriller;1990;15;2,933333333333333;3,0;0,7988086367179803;2000-06-01 21:50:37+00:00;2018-02-20 15:05:15+00:00;3;periodo_1990_1999;avaliacao_baixa;popularidade_media;genero_terror|genero_ficcao_cientifica|genero_suspense
3688;Porky's (1982);Comedy;1982;11;2,1363636363636362;2,0;1,2468141218904503;2000-06-21 14:09:11+00:00;2018-08-12 22:51:08+00:00;1;periodo_1970_1989;avaliacao_baixa;popularidade_media;genero_comedia
3690;Porky's Revenge (1985);Comedy;1985;5;2,0;2,0;1,0;2000-08-18 11:15:08+00:00;2006-11-27 10:14:51+00:00;1;periodo_1970_1989;avaliacao_baixa;popularidade_baixa;genero_comedia
3693;Toxic Avenger, The (1985);Comedy|Horror;1985;8;2,125;2,0;0,9543135154205278;2000-06-21 14:06:08+00:00;2017-06-26 19:27:47+00:00;2;periodo_1970_1989;avaliacao_baixa;popularidade_baixa;genero_comedia|genero_terror
3697;Predator 2 (1990);Action|Sci-Fi|Thriller;1990;21;2,9047619047619047;3,0;1,0795722256876519;2000-06-20 15:34:31+00:00;2017-06-27 01:04:08+00:00;3;periodo_1990_1999;avaliacao_baixa;popularidade_media;genero_acao|genero_ficcao_cientifica|genero_suspense
3698;Running Man, The (1987);Action|Sci-Fi;1987;34;3,2205882352941178;3,0;0,9784896870872913;2000-06-01 21:42:04+00:00;2017-06-27 01:05:31+00:00;2;periodo_1970_1989;avaliacao_media;popularidade_media;genero_acao|genero_ficcao_cientifica
3699;Starman (1984);Adventure|Drama|Romance|Sci-Fi;1984;13;3,1538461538461537;3,0;0,9216067351961867;2000-06-01 21:42:04+00:00;2016-11-19 08:11:41+00:00;4;periodo_1970_1989;avaliacao_media;popularidade_media;genero_aventura|genero_drama|genero_romance|genero_ficcao_cientifica
3701;Alien Nation (1988);Crime|Drama|Sci-Fi|Thriller;1988;13;3,1153846153846154;3,0;1,1574729326181195;2000-06-01 21:39:15+00:00;2017-06-27 00:04:46+00:00;4;periodo_1970_1989;avaliacao_media;popularidade_media;genero_crime|genero_drama|genero_ficcao_cientifica|genero_suspense
3702;Mad Max (1979);Action|Adventure|Sci-Fi;1979;38;3,486842105263158;3,5;0,9040961000796498;2000-06-01 21:41:17+00:00;2017-06-26 18:15:42+00:00;3;periodo_1970_1989;avaliacao_media;popularidade_media;genero_acao|genero_aventura|genero_ficcao_cientifica
3703;Road Warrior, The (Mad Max 2) (1981);Action|Adventure|Sci-Fi|Thriller;1981;40;4,0375;4,0;0,8725698855267725;2000-05-31 19:22:51+00:00;2018-08-10 03:45:23+00:00;4;periodo_1970_1989;avaliacao_alta;popularidade_media;genero_acao|genero_aventura|genero_ficcao_cientifica|genero_suspense
3704;Mad Max Beyond Thunderdome (1985);Action|Adventure|Sci-Fi;1985;24;3,2708333333333335;3,25;0,8966018779459655;2000-06-01 21:41:17+00:00;2018-08-11 01:00:49+00:00;3;periodo_1970_1989;avaliacao_media;popularidade_media;genero_acao|genero_aventura|genero_ficcao_cientifica
3705;Bird on a Wire (1990);Action|Comedy|Romance;1990;8;2,3125;2,0;0,4580626906564521;2000-06-20 15:23:31+00:00;2007-08-02 20:29:11+00:00;3;periodo_1990_1999;avaliacao_baixa;popularidade_baixa;genero_acao|genero_comedia|genero_romance
3706;Angel Heart (1987);Film-Noir|Horror|Mystery|Thriller;1987;8;3,0;3,5;1,3093073414159544;2000-06-01 21:37:26+00:00;2009-02-10 21:52:54+00:00;4;periodo_1970_1989;avaliacao_media;popularidade_baixa;genero_film_noir|genero_terror|genero_misterio|genero_suspense
3707;9 1/2 Weeks (Nine 1/2 Weeks) (1986);Drama|Romance;1986;10;2,7;3,0;0,8232726023485646;2000-06-20 16:30:54+00:00;2012-07-20 23:39:07+00:00;2;periodo_1970_1989;avaliacao_baixa;popularidade_media;genero_drama|genero_romance
3708;Firestarter (1984);Horror|Thriller;1984;10;3,05;3,0;0,8316649966583098;2000-06-22 13:56:01+00:00;2018-08-10 04:19:48+00:00;2;periodo_1970_1989;avaliacao_media;popularidade_media;genero_terror|genero_suspense
3717;Gone in 60 Seconds (2000);Action|Crime;2000;61;3,221311475409836;3,5;0,8191692446412525;2000-06-21 21:12:18+00:00;2018-09-17 04:19:48+00:00;2;periodo_2000_2009;avaliacao_media;popularidade_alta;genero_acao|genero_crime
3723;Hamlet (1990);Drama;1990;5;3,8;3,5;0,7582875444051551;2000-06-01 21:40:45+00:00;2018-02-21 17:35:08+00:00;1;periodo_1990_1999;avaliacao_media;popularidade_baixa;genero_drama
3724;Coming Home (1978);Drama|War;1978;5;3,3;3,5;0,8366600265340756;2000-06-01 21:39:59+00:00;2017-06-27 00:00:34+00:00;2;periodo_1970_1989;avaliacao_media;popularidade_baixa;genero_drama|genero_guerra
3726;Assault on Precinct 13 (1976);Action|Thriller;1976;5;3,6;3,5;0,6519202405202649;2000-10-11 14:44:35+00:00;2016-11-19 08:11:56+00:00;2;periodo_1970_1989;avaliacao_media;popularidade_baixa;genero_acao|genero_suspense
3727;Near Dark (1987);Horror|Western;1987;8;4,3125;4,25;0,7039429765866795;2000-07-09 21:06:34+00:00;2017-05-28 08:14:25+00:00;2;periodo_1970_1989;avaliacao_alta;popularidade_baixa;genero_terror|genero_faroeste
3730;Conversation, The (1974);Drama|Mystery;1974;17;4,205882352941177;4,0;0,662825946455114;2000-08-03 15:27:46+00:00;2018-05-03 14:51:44+00:00;2;periodo_1970_1989;avaliacao_alta;popularidade_media;genero_drama|genero_misterio
3735;Serpico (1973);Crime|Drama;1973;17;3,7941176470588234;4,0;0,7084054173240896;2000-06-01 21:42:04+00:00;2018-02-20 10:36:58+00:00;2;periodo_1970_1989;avaliacao_media;popularidade_media;genero_crime|genero_drama
3740;Big Trouble in Little China (1986);Action|Adventure|Comedy|Fantasy;1986;28;3,857142857142857;4,0;0,8698354767504926;2000-06-01 21:39:43+00:00;2018-08-12 05:33:54+00:00;4;periodo_1970_1989;avaliacao_media;popularidade_media;genero_acao|genero_aventura|genero_comedia|genero_fantasia
3741;Badlands (1973);Crime|Drama|Thriller;1973;11;4,090909090909091;4,0;0,7006490497453708;2000-06-09 14:40:35+00:00;2017-06-27 04:54:41+00:00;3;periodo_1970_1989;avaliacao_alta;popularidade_media;genero_crime|genero_drama|genero_suspense
3742;Battleship Potemkin (1925);Drama|War;1925;10;3,65;4,0;1,2258783698955529;2002-12-09 01:53:04+00:00;2018-05-02 19:39:24+00:00;2;periodo_antes_1950;avaliacao_media;popularidade_media;genero_drama|genero_guerra
3744;Shaft (2000);Action|Crime|Thriller;2000;19;2,6578947368421053;3,0;1,054785807363374;2000-06-24 15:35:44+00:00;2017-05-03 21:37:24+00:00;3;periodo_2000_2009;avaliacao_baixa;popularidade_media;genero_acao|genero_crime|genero_suspense
3745;Titan A.E. (2000);Action|Adventure|Animation|Children|Sci-Fi;2000;29;3,413793103448276;3,5;0,682288239221013;2000-06-24 15:34:58+00:00;2017-05-03 21:21:29+00:00;5;periodo_2000_2009;avaliacao_media;popularidade_media;genero_acao|genero_aventura|genero_animacao|genero_infantil|genero_ficcao_cientifica
3751;Chicken Run (2000);Animation|Children|Comedy;2000;78;3,551282051282051;3,5;0,8512395224663412;2000-07-04 04:30:32+00:00;2018-09-17 04:16:35+00:00;3;periodo_2000_2009;avaliacao_media;popularidade_alta;genero_animacao|genero_infantil|genero_comedia
3752;Me, Myself & Irene (2000);Adventure|Comedy;2000;46;3,0869565217391304;3,0;0,8963155931434403;2000-07-09 20:53:36+00:00;2018-09-17 04:20:46+00:00;2;periodo_2000_2009;avaliacao_media;popularidade_media;genero_aventura|genero_comedia
3753;Patriot, The (2000);Action|Drama|War;2000;68;3,448529411764706;4,0;1,0371448533754728;2000-07-06 14:01:02+00:00;2018-06-25 03:59:23+00:00;3;periodo_2000_2009;avaliacao_media;popularidade_alta;genero_acao|genero_drama|genero_guerra
3754;Adventures of Rocky and Bullwinkle, The (2000);Adventure|Animation|Children|Comedy|Fantasy;2000;9;2,2222222222222223;2,0;1,227576655221353;2000-07-18 02:47:17+00:00;2017-05-12 18:23:45+00:00;5;periodo_2000_2009;avaliacao_baixa;popularidade_baixa;genero_aventura|genero_animacao|genero_infantil|genero_comedia|genero_fantasia
3755;Perfect Storm, The (2000);Drama|Thriller;2000;44;3,1704545454545454;3,0;0,9701545178905832;2000-07-28 00:12:35+00:00;2018-09-01 20:30:28+00:00;2;periodo_2000_2009;avaliacao_media;popularidade_media;genero_drama|genero_suspense
3763;F/X (1986);Action|Crime|Thriller;1986;16;3,21875;3,0;0,6046693311223913;2000-06-19 17:55:58+00:00;2017-06-27 01:09:55+00:00;3;periodo_1970_1989;avaliacao_media;popularidade_media;genero_acao|genero_crime|genero_suspense
3764;F/X2 (a.k.a. F/X 2 - The Deadly Art of Illusion) (1991);Action|Crime|Thriller;1991;5;2,3;2,0;0,4472135954999579;2000-08-18 11:22:46+00:00;2017-06-26 22:13:10+00:00;3;periodo_1990_1999;avaliacao_baixa;popularidade_baixa;genero_acao|genero_crime|genero_suspense
3766;Missing in Action (1984);Action|War;1984;6;2,0833333333333335;2,0;0,6645800679125629;2000-06-19 18:03:51+00:00;2018-08-17 02:37:25+00:00;2;periodo_1970_1989;avaliacao_baixa;popularidade_baixa;genero_acao|genero_guerra
3770;Dreamscape (1984);Horror|Sci-Fi|Thriller;1984;6;2,6666666666666665;2,5;0,816496580927726;2000-06-19 18:00:15+00:00;2003-08-05 17:41:58+00:00;3;periodo_1970_1989;avaliacao_baixa;popularidade_baixa;genero_terror|genero_ficcao_cientifica|genero_suspense
3783;Croupier (1998);Crime|Drama;1998;11;3,9545454545454546;4,0;0,5680909018170179;2000-07-09 20:51:58+00:00;2017-06-27 00:03:33+00:00;2;periodo_1990_1999;avaliacao_media;popularidade_media;genero_crime|genero_drama
3784;Kid, The (2000);Comedy|Fantasy;2000;11;2,590909090909091;2,5;1,300349603340998;2000-08-07 18:08:35+00:00;2018-02-21 03:39:38+00:00;2;periodo_2000_2009;avaliacao_baixa;popularidade_media;genero_comedia|genero_fantasia
3785;Scary Movie (2000);Comedy|Horror;2000;50;2,92;3,0;1,170905806699781;2000-07-28 00:13:08+00:00;2018-08-31 09:41:40+00:00;2;periodo_2000_2009;avaliacao_baixa;popularidade_alta;genero_comedia|genero_terror
3788;Blow-Up (Blowup) (1966);Drama|Mystery;1966;6;3,6666666666666665;3,75;0,6055300708194983;2000-07-25 15:31:25+00:00;2011-05-31 01:50:46+00:00;2;periodo_1950_1969;avaliacao_media;popularidade_baixa;genero_drama|genero_misterio
3791;Footloose (1984);Drama;1984;16;3,1875;3,0;0,963932916061417;2000-07-12 14:57:15+00:00;2018-02-20 11:20:43+00:00;1;periodo_1970_1989;avaliacao_media;popularidade_media;genero_drama
3793;X-Men (2000);Action|Adventure|Sci-Fi;2000;133;3,699248120300752;4,0;0,8615082124339482;2000-07-17 13:35:00+00:00;2018-09-17 04:14:48+00:00;3;periodo_2000_2009;avaliacao_media;popularidade_alta;genero_acao|genero_aventura|genero_ficcao_cientifica
3798;What Lies Beneath (2000);Drama|Horror|Mystery;2000;25;3,2;3,0;1,0103629710818451;2000-08-08 02:47:23+00:00;2018-02-21 02:31:18+00:00;3;periodo_2000_2009;avaliacao_media;popularidade_media;genero_drama|genero_terror|genero_misterio
3799;Pokémon the Movie 2000 (2000);Animation|Children;2000;6;1,5833333333333333;1,25;1,1583033569262702;2001-10-30 02:39:00+00:00;2018-02-21 01:55:31+00:00;2;periodo_2000_2009;avaliacao_baixa;popularidade_baixa;genero_animacao|genero_infantil
3809;What About Bob? (1991);Comedy;1991;35;3,2714285714285714;3,0;0,9102589898327995;2000-07-12 15:00:56+00:00;2017-06-26 22:27:12+00:00;1;periodo_1990_1999;avaliacao_media;popularidade_media;genero_comedia
3811;Breaker Morant (1980);Drama|War;1980;7;3,9285714285714284;4,0;0,607492896293956;2000-08-09 05:37:25+00:00;2012-11-11 22:51:51+00:00;2;periodo_1970_1989;avaliacao_media;popularidade_baixa;genero_drama|genero_guerra
3812;Everything You Always Wanted to Know About Sex * But Were Afraid to Ask (1972);Comedy;1972;12;3,4583333333333335;3,75;0,9876126709792598;2000-07-09 21:04:26+00:00;2009-03-22 09:34:24+00:00;1;periodo_1970_1989;avaliacao_media;popularidade_media;genero_comedia
3814;Love and Death (1975);Comedy;1975;9;4,222222222222222;4,5;0,8700255424092124;2000-08-03 20:55:58+00:00;2009-03-22 17:32:30+00:00;1;periodo_1970_1989;avaliacao_alta;popularidade_baixa;genero_comedia
3821;Nutty Professor II: The Klumps (2000);Comedy;2000;16;2,28125;2,0;0,9994790309622975;2000-10-27 04:39:52+00:00;2018-01-16 23:07:26+00:00;1;periodo_2000_2009;avaliacao_baixa;popularidade_media;genero_comedia
3824;Autumn in New York (2000);Drama|Romance;2000;11;2,409090909090909;2,0;1,3382485161243747;2001-01-21 04:32:45+00:00;2012-04-07 20:56:56+00:00;2;periodo_2000_2009;avaliacao_baixa;popularidade_media;genero_drama|genero_romance
3825;Coyote Ugly (2000);Comedy|Drama|Romance;2000;29;2,7413793103448274;3,0;1,1620539824500746;2000-08-08 02:46:17+00:00;2018-01-16 23:05:48+00:00;3;periodo_2000_2009;avaliacao_baixa;popularidade_media;genero_comedia|genero_drama|genero_romance
3826;Hollow Man (2000);Horror|Sci-Fi|Thriller;2000;39;2,2948717948717947;2,0;1,0177241684911016;2000-08-07 18:06:16+00:00;2018-02-20 15:01:24+00:00;3;periodo_2000_2009;avaliacao_baixa;popularidade_media;genero_terror|genero_ficcao_cientifica|genero_suspense
3827;Space Cowboys (2000);Action|Adventure|Comedy|Sci-Fi;2000;23;2,891304347826087;3,0;0,8112353337955753;2000-08-09 05:34:06+00:00;2018-02-21 00:16:58+00:00;4;periodo_2000_2009;avaliacao_baixa;popularidade_media;genero_acao|genero_aventura|genero_comedia|genero_ficcao_cientifica
3831;Saving Grace (2000);Comedy;2000;11;3,909090909090909;4,0;0,8312094145936335;2000-08-29 14:26:49+00:00;2017-06-26 22:51:18+00:00;1;periodo_2000_2009;avaliacao_media;popularidade_media;genero_comedia
3835;Crush, The (1993);Thriller;1993;6;2,1666666666666665;2,0;0,9309493362512627;2000-08-08 05:10:13+00:00;2017-06-26 19:19:35+00:00;1;periodo_1990_1999;avaliacao_baixa;popularidade_baixa;genero_suspense
3836;Kelly's Heroes (1970);Action|Comedy|War;1970;15;4,133333333333334;4,0;0,7432233529572064;2000-08-01 14:58:37+00:00;2010-12-28 18:58:44+00:00;3;periodo_1970_1989;avaliacao_alta;popularidade_media;genero_acao|genero_comedia|genero_guerra
3840;Pumpkinhead (1988);Horror;1988;5;2,4;2,0;1,1401754250991378;2000-08-21 23:40:09+00:00;2007-06-10 06:40:29+00:00;1;periodo_1970_1989;avaliacao_baixa;popularidade_baixa;genero_terror
3841;Air America (1990);Action|Comedy;1990;6;2,8333333333333335;2,75;1,2110601416389966;2000-09-05 14:52:52+00:00;2012-06-22 05:34:38+00:00;2;periodo_1990_1999;avaliacao_baixa;popularidade_baixa;genero_acao|genero_comedia
3844;Steel Magnolias (1989);Drama;1989;9;3,3333333333333335;3,0;0,9013878188659973;2000-08-03 14:57:22+00:00;2017-05-31 04:48:57+00:00;1;periodo_1970_1989;avaliacao_media;popularidade_baixa;genero_drama
3852;Tao of Steve, The (2000);Comedy;2000;13;3,3846153846153846;3,5;0,9607689228305227;2000-10-20 14:19:51+00:00;2017-06-26 22:21:38+00:00;1;periodo_2000_2009;avaliacao_media;popularidade_media;genero_comedia
3858;Cecil B. DeMented (2000);Comedy;2000;5;3,5;4,0;1,3228756555322954;2001-06-07 14:58:07+00:00;2007-08-02 20:48:55+00:00;1;periodo_2000_2009;avaliacao_media;popularidade_baixa;genero_comedia
3861;Replacements, The (2000);Comedy;2000;19;2,6842105263157894;3,0;0,853270282758398;2000-09-05 14:46:24+00:00;2018-02-21 08:29:46+00:00;1;periodo_2000_2009;avaliacao_baixa;popularidade_media;genero_comedia
3863;Cell, The (2000);Drama|Horror|Thriller;2000;45;3,0444444444444443;3,0;1,0756722117219106;2000-10-27 04:32:10+00:00;2018-09-17 04:21:43+00:00;3;periodo_2000_2009;avaliacao_media;popularidade_media;genero_drama|genero_terror|genero_suspense
3864;Godzilla 2000 (Gojira ni-sen mireniamu) (1999);Action|Adventure|Sci-Fi;1999;5;2,1;2,0;1,1401754250991378;2000-10-09 18:05:03+00:00;2018-02-21 19:12:31+00:00;3;periodo_1990_1999;avaliacao_baixa;popularidade_baixa;genero_acao|genero_aventura|genero_ficcao_cientifica
3868;Naked Gun: From the Files of Police Squad!, The (1988);Action|Comedy|Crime|Romance;1988;42;3,4047619047619047;3,5;0,9578819065031136;2000-08-18 10:34:36+00:00;2018-08-10 03:48:14+00:00;4;periodo_1970_1989;avaliacao_media;popularidade_media;genero_acao|genero_comedia|genero_crime|genero_romance
3869;Naked Gun 2 1/2: The Smell of Fear, The (1991);Comedy;1991;26;3,423076923076923;3,5;0,9663571564624301;2000-08-18 10:51:55+00:00;2018-07-23 16:08:28+00:00;1;periodo_1990_1999;avaliacao_media;popularidade_media;genero_comedia
3871;Shane (1953);Drama|Western;1953;5;3,9;4,0;0,4183300132670378;2000-10-11 14:07:48+00:00;2017-06-26 18:28:44+00:00;2;periodo_1950_1969;avaliacao_media;popularidade_baixa;genero_drama|genero_faroeste
3873;Cat Ballou (1965);Comedy|Western;1965;7;3,142857142857143;3,0;0,6900655593423541;2000-08-18 10:37:08+00:00;2004-08-23 13:26:22+00:00;2;periodo_1950_1969;avaliacao_media;popularidade_baixa;genero_comedia|genero_faroeste
3877;Supergirl (1984);Action|Adventure|Fantasy;1984;9;2,2222222222222223;2,0;1,2018504251546631;2000-08-18 21:33:05+00:00;2018-09-09 01:23:41+00:00;3;periodo_1970_1989;avaliacao_baixa;popularidade_baixa;genero_acao|genero_aventura|genero_fantasia
3882;Bring It On (2000);Comedy;2000;34;2,6911764705882355;2,75;1,0445725955185583;2000-10-02 13:45:56+00:00;2018-03-07 07:41:15+00:00;1;periodo_2000_2009;avaliacao_baixa;popularidade_media;genero_comedia
3889;Highlander: Endgame (Highlander IV) (2000);Action|Adventure|Fantasy;2000;6;2,25;2,25;0,758287544405155;2002-08-27 19:11:56+00:00;2017-06-26 22:27:41+00:00;3;periodo_2000_2009;avaliacao_baixa;popularidade_baixa;genero_acao|genero_aventura|genero_fantasia
3893;Nurse Betty (2000);Comedy|Crime|Drama|Romance|Thriller;2000;19;3,3421052631578947;3,0;0,6466286839993725;2000-10-02 22:41:15+00:00;2017-05-03 21:31:36+00:00;5;periodo_2000_2009;avaliacao_media;popularidade_media;genero_comedia|genero_crime|genero_drama|genero_romance|genero_suspense
3896;Way of the Gun, The (2000);Crime|Thriller;2000;8;3,125;3,0;0,9161253813129043;2000-10-27 04:31:31+00:00;2017-09-08 18:20:30+00:00;2;periodo_2000_2009;avaliacao_media;popularidade_baixa;genero_crime|genero_suspense
3897;Almost Famous (2000);Drama;2000;83;3,8674698795180724;4,0;0,765428053960011;2000-10-02 13:46:45+00:00;2018-09-17 04:15:51+00:00;1;periodo_2000_2009;avaliacao_media;popularidade_alta;genero_drama
3910;Dancer in the Dark (2000);Drama|Musical;2000;20;3,975;4,0;0,9797287487119238;2000-11-17 20:43:41+00:00;2015-11-14 22:26:54+00:00;2;periodo_2000_2009;avaliacao_media;popularidade_media;genero_drama|genero_musical
3911;Best in Show (2000);Comedy;2000;53;3,688679245283019;4,0;0,861720188692025;2000-11-21 06:34:41+00:00;2018-09-17 04:20:05+00:00;1;periodo_2000_2009;avaliacao_media;popularidade_alta;genero_comedia
3915;Girlfight (2000);Drama;2000;6;3,6666666666666665;4,0;0,816496580927726;2000-11-20 07:19:00+00:00;2018-02-21 20:12:26+00:00;1;periodo_2000_2009;avaliacao_media;popularidade_baixa;genero_drama
3916;Remember the Titans (2000);Drama;2000;41;3,7439024390243905;4,0;0,9754611167257783;2000-10-02 22:09:27+00:00;2017-11-26 18:10:56+00:00;1;periodo_2000_2009;avaliacao_media;popularidade_media;genero_drama
3917;Hellraiser (1987);Horror;1987;15;3,3666666666666667;3,5;0,990430401872025;2000-10-11 14:10:48+00:00;2017-06-27 00:25:36+00:00;1;periodo_1970_1989;avaliacao_media;popularidade_media;genero_terror
3918;Hellbound: Hellraiser II (1988);Horror;1988;9;3,2777777777777777;3,0;1,3017082793177759;2000-10-11 14:17:15+00:00;2009-07-23 07:53:13+00:00;1;periodo_1970_1989;avaliacao_media;popularidade_baixa;genero_terror
3925;Stranger Than Paradise (1984);Comedy|Drama;1984;6;3,9166666666666665;4,5;1,4288690166235207;2000-11-30 15:41:43+00:00;2016-11-19 08:34:22+00:00;2;periodo_1970_1989;avaliacao_media;popularidade_baixa;genero_comedia|genero_drama
3927;Fantastic Voyage (1966);Adventure|Sci-Fi;1966;6;2,6666666666666665;2,5;0,816496580927726;2000-10-11 14:10:09+00:00;2002-12-09 01:34:48+00:00;2;periodo_1950_1969;avaliacao_baixa;popularidade_baixa;genero_aventura|genero_ficcao_cientifica
3943;Bamboozled (2000);Comedy;2000;8;2,9375;3,25;1,1783008347374015;2000-11-22 15:25:05+00:00;2017-06-26 19:17:01+00:00;1;periodo_2000_2009;avaliacao_baixa;popularidade_baixa;genero_comedia
3946;Get Carter (2000);Action|Drama|Thriller;2000;5;2,5;2,5;1,118033988749895;2000-10-10 12:57:35+00:00;2003-06-09 10:17:22+00:00;3;periodo_2000_2009;avaliacao_baixa;popularidade_baixa;genero_acao|genero_drama|genero_suspense
3948;Meet the Parents (2000);Comedy;2000;91;3,4175824175824174;3,5;0,9317359433508337;2000-10-17 20:04:22+00:00;2018-09-17 04:16:01+00:00;1;periodo_2000_2009;avaliacao_media;popularidade_alta;genero_comedia
3949;Requiem for a Dream (2000);Drama;2000;96;3,921875;4,0;1,0914213933649721;2000-11-20 07:17:43+00:00;2018-06-18 15:02:38+00:00;1;periodo_2000_2009;avaliacao_media;popularidade_alta;genero_drama
3950;Tigerland (2000);Drama;2000;8;3,5625;3,75;0,6781013409302687;2001-05-07 15:21:09+00:00;2017-06-26 23:11:46+00:00;1;periodo_2000_2009;avaliacao_media;popularidade_baixa;genero_drama
3952;Contender, The (2000);Drama|Thriller;2000;7;3,0714285714285716;3,0;0,8380817098475258;2000-11-20 07:17:43+00:00;2017-06-26 21:06:57+00:00;2;periodo_2000_2009;avaliacao_media;popularidade_baixa;genero_drama|genero_suspense
3955;Ladies Man, The (2000);Comedy;2000;6;1,5833333333333333;1,5;0,6645800679125629;2000-11-20 07:20:19+00:00;2016-06-18 19:20:27+00:00;1;periodo_2000_2009;avaliacao_baixa;popularidade_baixa;genero_comedia
3959;Time Machine, The (1960);Action|Adventure|Sci-Fi;1960;8;3,625;3,5;0,8762745818846641;2000-11-07 09:12:01+00:00;2010-02-09 01:44:24+00:00;3;periodo_1950_1969;avaliacao_media;popularidade_baixa;genero_acao|genero_aventura|genero_ficcao_cientifica
3967;Billy Elliot (2000);Drama;2000;37;3,8513513513513513;4,0;0,7715862526933366;2001-01-05 15:25:13+00:00;2018-09-01 20:34:27+00:00;1;periodo_2000_2009;avaliacao_media;popularidade_media;genero_drama
3968;Bedazzled (2000);Comedy;2000;27;3,074074074074074;3,0;0,7299065233052331;2001-05-13 01:10:59+00:00;2018-02-21 19:33:21+00:00;1;periodo_2000_2009;avaliacao_media;popularidade_media;genero_comedia
3969;Pay It Forward (2000);Drama;2000;26;3,4423076923076925;3,75;1,1859757423904003;2000-11-20 07:19:00+00:00;2018-09-17 04:26:34+00:00;1;periodo_2000_2009;avaliacao_media;popularidade_media;genero_drama
3972;Legend of Drunken Master, The (Jui kuen II) (1994);Action|Comedy;1994;16;4,125;4,25;0,9036961141150639;2000-11-20 07:17:43+00:00;2017-06-30 05:19:12+00:00;2;periodo_1990_1999;avaliacao_alta;popularidade_media;genero_acao|genero_comedia
3977;Charlie's Angels (2000);Action|Comedy;2000;72;2,7222222222222223;3,0;1,0274023338281624;2000-11-20 07:17:43+00:00;2018-09-17 04:16:41+00:00;2;periodo_2000_2009;avaliacao_baixa;popularidade_alta;genero_acao|genero_comedia
3978;Legend of Bagger Vance, The (2000);Drama|Romance;2000;15;3,066666666666667;3,0;1,0153582525160176;2000-11-22 15:23:34+00:00;2012-12-23 23:12:04+00:00;2;periodo_2000_2009;avaliacao_media;popularidade_media;genero_drama|genero_romance
3979;Little Nicky (2000);Comedy;2000;24;2,5;2,5;0,9207747210672768;2000-11-22 15:24:27+00:00;2018-01-16 23:07:01+00:00;1;periodo_2000_2009;avaliacao_baixa;popularidade_media;genero_comedia
3980;Men of Honor (2000);Drama;2000;14;3,392857142857143;3,25;0,836167342208379;2001-01-11 15:23:13+00:00;2018-01-16 23:06:50+00:00;1;periodo_2000_2009;avaliacao_media;popularidade_media;genero_drama
3981;Red Planet (2000);Action|Sci-Fi|Thriller;2000;13;2,3461538461538463;2,0;0,943941545343588;2000-11-20 15:19:52+00:00;2018-02-21 03:57:38+00:00;3;periodo_2000_2009;avaliacao_baixa;popularidade_media;genero_acao|genero_ficcao_cientifica|genero_suspense
3983;You Can Count on Me (2000);Drama|Romance;2000;9;4,166666666666667;4,5;0,9354143466934853;2001-01-29 01:35:47+00:00;2005-07-21 06:45:48+00:00;2;periodo_2000_2009;avaliacao_alta;popularidade_baixa;genero_drama|genero_romance
3984;Diamonds Are Forever (1971);Action|Adventure|Thriller;1971;21;3,5;3,5;0,6708203932499369;2000-11-07 09:16:06+00:00;2018-02-20 11:26:37+00:00;3;periodo_1970_1989;avaliacao_media;popularidade_media;genero_acao|genero_aventura|genero_suspense
3985;Eagle Has Landed, The (1976);Drama|War;1976;6;3,25;3,0;0,4183300132670378;2000-11-07 09:16:32+00:00;2010-12-28 18:59:14+00:00;2;periodo_1970_1989;avaliacao_media;popularidade_baixa;genero_drama|genero_guerra
3986;6th Day, The (2000);Action|Sci-Fi|Thriller;2000;20;2,8;2,75;0,9920738512408184;2000-11-30 15:39:43+00:00;2018-06-25 04:47:01+00:00;3;periodo_2000_2009;avaliacao_baixa;popularidade_media;genero_acao|genero_ficcao_cientifica|genero_suspense
3987;Bounce (2000);Drama|Romance;2000;6;2,4166666666666665;2,5;1,2006942436218584;2001-05-24 18:22:13+00:00;2015-12-08 16:41:58+00:00;2;periodo_2000_2009;avaliacao_baixa;popularidade_baixa;genero_drama|genero_romance
3988;How the Grinch Stole Christmas (a.k.a. The Grinch) (2000);Children|Comedy|Fantasy;2000;33;3,0454545454545454;3,0;0,8511356050488184;2002-02-10 18:58:05+00:00;2018-01-16 22:18:14+00:00;3;periodo_2000_2009;avaliacao_media;popularidade_media;genero_infantil|genero_comedia|genero_fantasia
3991;102 Dalmatians (2000);Children|Comedy;2000;9;2,7777777777777777;2,5;0,8333333333333334;2001-07-02 01:54:47+00:00;2018-03-07 07:48:31+00:00;2;periodo_2000_2009;avaliacao_baixa;popularidade_baixa;genero_infantil|genero_comedia
3992;Malèna (2000);Drama|Romance|War;2000;5;3,7;3,5;0,5700877125495691;2003-02-28 16:04:05+00:00;2015-01-29 09:50:01+00:00;3;periodo_2000_2009;avaliacao_media;popularidade_baixa;genero_drama|genero_romance|genero_guerra
3993;Quills (2000);Drama|Romance;2000;6;3,0;3,5;1,224744871391589;2001-01-29 01:36:10+00:00;2008-02-03 17:39:49+00:00;2;periodo_2000_2009;avaliacao_media;popularidade_baixa;genero_drama|genero_romance
3994;Unbreakable (2000);Drama|Sci-Fi;2000;73;3,4794520547945207;3,5;1,0322519750673482;2000-11-30 10:02:35+00:00;2018-08-31 10:04:53+00:00;2;periodo_2000_2009;avaliacao_media;popularidade_alta;genero_drama|genero_ficcao_cientifica
3996;Crouching Tiger, Hidden Dragon (Wo hu cang long) (2000);Action|Drama|Romance;2000;110;3,8363636363636364;4,0;1,0318529936480376;2000-12-29 07:41:47+00:00;2018-08-31 09:38:42+00:00;3;periodo_2000_2009;avaliacao_media;popularidade_alta;genero_acao|genero_drama|genero_romance
3997;Dungeons & Dragons (2000);Action|Adventure|Comedy|Fantasy;2000;12;1,8333333333333333;2,0;0,937436866561092;2001-06-18 15:38:21+00:00;2017-06-26 18:45:02+00:00;4;periodo_2000_2009;avaliacao_baixa;popularidade_media;genero_acao|genero_aventura|genero_comedia|genero_fantasia
3998;Proof of Life (2000);Drama;2000;12;3,0416666666666665;3,0;1,0326121628122917;2001-01-25 11:30:59+00:00;2012-04-23 00:07:25+00:00;1;periodo_2000_2009;avaliacao_media;popularidade_media;genero_drama
3999;Vertical Limit (2000);Action|Adventure;2000;14;2,607142857142857;2,75;0,8128433340529316;2001-01-11 16:32:42+00:00;2017-05-12 18:20:48+00:00;2;periodo_2000_2009;avaliacao_baixa;popularidade_media;genero_acao|genero_aventura
4002;Planes, Trains & Automobiles (1987);Comedy;1987;27;3,8518518518518516;4,0;1,0078043042523264;2000-11-26 04:15:10+00:00;2018-08-11 00:57:11+00:00;1;periodo_1970_1989;avaliacao_media;popularidade_media;genero_comedia
4005;Living Daylights, The (1987);Action|Adventure|Thriller;1987;12;3,2916666666666665;3,0;0,7216878364870322;2000-11-26 23:37:54+00:00;2018-09-13 21:23:46+00:00;3;periodo_1970_1989;avaliacao_media;popularidade_media;genero_acao|genero_aventura|genero_suspense
4006;Transformers: The Movie (1986);Adventure|Animation|Children|Sci-Fi;1986;7;3,357142857142857;3,5;1,2817398889233116;1997-09-16 13:10:41+00:00;2018-02-22 19:33:06+00:00;4;periodo_1970_1989;avaliacao_media;popularidade_baixa;genero_aventura|genero_animacao|genero_infantil|genero_ficcao_cientifica
4007;Wall Street (1987);Drama;1987;20;3,75;4,0;0,6977407149243606;2000-11-30 15:38:42+00:00;2018-08-11 00:55:01+00:00;1;periodo_1970_1989;avaliacao_media;popularidade_media;genero_drama
4008;Born on the Fourth of July (1989);Drama|War;1989;13;3,5384615384615383;3,5;0,5937710859953544;2000-11-30 15:38:42+00:00;2017-06-30 04:40:06+00:00;2;periodo_1970_1989;avaliacao_media;popularidade_media;genero_drama|genero_guerra
4010;Brewster's Millions (1985);Comedy;1985;8;2,9375;3,0;0,6781013409302687;2000-12-01 17:44:43+00:00;2018-02-21 02:34:41+00:00;1;periodo_1970_1989;avaliacao_baixa;popularidade_baixa;genero_comedia
4011;Snatch (2000);Comedy|Crime|Thriller;2000;93;4,155913978494624;4,5;0,7939256297433327;2001-01-29 16:05:13+00:00;2018-04-24 22:08:31+00:00;3;periodo_2000_2009;avaliacao_alta;popularidade_alta;genero_comedia|genero_crime|genero_suspense
4014;Chocolat (2000);Drama|Romance;2000;47;3,521276595744681;3,5;1,0265891541395002;2001-01-29 01:36:10+00:00;2018-09-01 20:30:14+00:00;2;periodo_2000_2009;avaliacao_media;popularidade_media;genero_drama|genero_romance
4015;Dude, Where's My Car? (2000);Comedy|Sci-Fi;2000;33;2,727272727272727;2,0;1,2316839913490207;2001-07-03 13:38:00+00:00;2018-09-01 21:08:11+00:00;2;periodo_2000_2009;avaliacao_baixa;popularidade_media;genero_comedia|genero_ficcao_cientifica
4016;Emperor's New Groove, The (2000);Adventure|Animation|Children|Comedy|Fantasy;2000;37;3,7162162162162162;4,0;0,7953034059448678;2001-07-09 15:32:47+00:00;2018-09-17 04:23:57+00:00;5;periodo_2000_2009;avaliacao_media;popularidade_media;genero_aventura|genero_animacao|genero_infantil|genero_comedia|genero_fantasia
4017;Pollock (2000);Drama;2000;14;3,5357142857142856;3,25;0,7196229171289246;2001-01-29 01:37:48+00:00;2017-12-23 22:54:47+00:00;1;periodo_2000_2009;avaliacao_media;popularidade_media;genero_drama
4018;What Women Want (2000);Comedy|Romance;2000;54;3,138888888888889;3,25;0,8322319766105375;2001-06-04 14:27:33+00:00;2018-09-17 04:19:54+00:00;2;periodo_2000_2009;avaliacao_media;popularidade_alta;genero_comedia|genero_romance
4019;Finding Forrester (2000);Drama;2000;28;3,7142857142857144;4,0;0,7984773870098876;2001-01-08 22:52:47+00:00;2018-02-21 01:47:21+00:00;1;periodo_2000_2009;avaliacao_media;popularidade_media;genero_drama
4020;Gift, The (2000);Thriller;2000;13;2,923076923076923;3,0;0,731612199362757;2001-02-14 16:59:25+00:00;2016-11-19 08:04:43+00:00;1;periodo_2000_2009;avaliacao_baixa;popularidade_media;genero_suspense
4021;Before Night Falls (2000);Drama;2000;5;4,3;4,0;0,670820393249937;2001-01-29 01:36:10+00:00;2015-02-06 11:33:26+00:00;1;periodo_2000_2009;avaliacao_alta;popularidade_baixa;genero_drama
4022;Cast Away (2000);Drama;2000;100;3,7;3,5;0,7687061147858075;2001-01-08 22:52:06+00:00;2018-08-31 09:44:57+00:00;1;periodo_2000_2009;avaliacao_media;popularidade_alta;genero_drama
4023;Family Man, The (2000);Comedy|Drama|Romance;2000;23;3,130434782608696;3,0;1,0576280419404613;2001-02-14 16:59:06+00:00;2018-03-07 07:40:56+00:00;3;periodo_2000_2009;avaliacao_media;popularidade_media;genero_comedia|genero_drama|genero_romance
4025;Miss Congeniality (2000);Comedy|Crime;2000;64;3,0546875;3,0;0,9925003998239968;2001-01-25 11:33:36+00:00;2018-09-01 20:30:21+00:00;2;periodo_2000_2009;avaliacao_media;popularidade_alta;genero_comedia|genero_crime
4027;O Brother, Where Art Thou? (2000);Adventure|Comedy|Crime;2000;94;3,8085106382978724;4,0;0,9393042007816419;2001-01-29 01:35:47+00:00;2018-08-31 09:45:10+00:00;3;periodo_2000_2009;avaliacao_media;popularidade_alta;genero_aventura|genero_comedia|genero_crime
4029;State and Main (2000);Comedy|Drama;2000;12;3,875;4,0;0,7111130839619098;2001-01-29 01:36:39+00:00;2017-06-27 00:46:57+00:00;2;periodo_2000_2009;avaliacao_media;popularidade_media;genero_comedia|genero_drama
4030;Dracula 2000 (2000);Horror;2000;5;1,8;2,0;0,570087712549569;2001-01-29 01:37:10+00:00;2017-05-03 22:15:44+00:00;1;periodo_2000_2009;avaliacao_baixa;popularidade_baixa;genero_terror
4033;Thirteen Days (2000);Drama|Thriller|War;2000;13;3,923076923076923;4,0;0,5340940088190562;2001-04-09 20:45:49+00:00;2007-05-14 17:27:05+00:00;3;periodo_2000_2009;avaliacao_media;popularidade_media;genero_drama|genero_suspense|genero_guerra
4034;Traffic (2000);Crime|Drama|Thriller;2000;70;3,9;4,0;0,8664436725380129;2001-01-11 21:33:57+00:00;2018-09-17 04:16:57+00:00;3;periodo_2000_2009;avaliacao_media;popularidade_alta;genero_crime|genero_drama|genero_suspense
4036;Shadow of the Vampire (2000);Drama|Horror;2000;11;3,1363636363636362;3,0;0,8090398349558906;2001-02-14 16:59:40+00:00;2017-06-26 21:58:00+00:00;2;periodo_2000_2009;avaliacao_media;popularidade_media;genero_drama|genero_terror
4037;House of Games (1987);Crime|Film-Noir|Mystery|Thriller;1987;8;3,8125;4,0;0,7989949043284676;2001-05-26 20:36:57+00:00;2017-06-26 23:05:13+00:00;4;periodo_1970_1989;avaliacao_media;popularidade_baixa;genero_crime|genero_film_noir|genero_misterio|genero_suspense
4039;Annie (1982);Children|Musical;1982;16;3,125;3,0;1,2041594578792296;2001-05-29 14:01:29+00:00;2017-06-26 22:21:46+00:00;2;periodo_1970_1989;avaliacao_media;popularidade_media;genero_infantil|genero_musical
4040;Don't Tell Mom the Babysitter's Dead (1991);Comedy;1991;13;2,3461538461538463;3,0;1,0284416890093029;2001-01-06 01:33:23+00:00;2018-02-21 03:41:47+00:00;1;periodo_1990_1999;avaliacao_baixa;popularidade_media;genero_comedia
4041;Officer and a Gentleman, An (1982);Drama|Romance;1982;14;3,642857142857143;3,75;1,1168047041684357;2001-01-06 01:27:44+00:00;2015-06-29 00:02:01+00:00;2;periodo_1970_1989;avaliacao_media;popularidade_media;genero_drama|genero_romance
4047;Gettysburg (1993);Drama|War;1993;9;3,6666666666666665;3,5;0,75;2001-01-07 04:08:07+00:00;2018-02-21 20:13:23+00:00;2;periodo_1990_1999;avaliacao_media;popularidade_baixa;genero_drama|genero_guerra
4052;Antitrust (2001);Crime|Drama|Thriller;2001;8;3,5625;3,5;0,8210402808980465;2001-05-24 14:54:16+00:00;2009-09-19 06:51:28+00:00;3;periodo_2000_2009;avaliacao_media;popularidade_baixa;genero_crime|genero_drama|genero_suspense
4054;Save the Last Dance (2001);Drama|Romance;2001;16;2,84375;3,0;1,1063265039459793;2001-02-21 22:24:23+00:00;2018-01-16 23:07:28+00:00;2;periodo_2000_2009;avaliacao_baixa;popularidade_media;genero_drama|genero_romance
4056;Pledge, The (2001);Crime|Drama|Mystery|Thriller;2001;7;3,2857142857142856;3,5;1,14953406710222;2001-02-06 18:14:58+00:00;2017-08-28 20:52:55+00:00;4;periodo_2000_2009;avaliacao_media;popularidade_baixa;genero_crime|genero_drama|genero_misterio|genero_suspense
4062;Mystic Pizza (1988);Comedy|Drama|Romance;1988;8;3,375;3,75;1,1572751247156894;2001-01-10 22:03:35+00:00;2018-02-20 16:00:37+00:00;3;periodo_1970_1989;avaliacao_media;popularidade_baixa;genero_comedia|genero_drama|genero_romance
4068;Sugar & Spice (2001);Comedy;2001;7;2,7142857142857144;3,0;1,1126972805283735;2001-08-09 16:40:49+00:00;2018-01-17 01:34:07+00:00;1;periodo_2000_2009;avaliacao_baixa;popularidade_baixa;genero_comedia
4069;Wedding Planner, The (2001);Comedy|Romance;2001;22;2,909090909090909;2,75;0,9956615847475443;2001-01-31 19:00:52+00:00;2018-01-16 22:20:05+00:00;2;periodo_2000_2009;avaliacao_baixa;popularidade_media;genero_comedia|genero_romance
4084;Beverly Hills Cop II (1987);Action|Comedy|Crime|Thriller;1987;19;2,8684210526315788;3,0;0,8138063048136124;2001-01-21 14:35:36+00:00;2017-06-26 18:29:45+00:00;4;periodo_1970_1989;avaliacao_baixa;popularidade_media;genero_acao|genero_comedia|genero_crime|genero_suspense
4085;Beverly Hills Cop (1984);Action|Comedy|Crime|Drama;1984;46;3,402173913043478;3,5;0,7573313176131573;2001-01-21 14:35:36+00:00;2018-01-06 14:33:32+00:00;4;periodo_1970_1989;avaliacao_media;popularidade_media;genero_acao|genero_comedia|genero_crime|genero_drama
4086;Big Easy, The (1987);Action|Crime|Mystery|Romance|Thriller;1987;5;3,5;3,5;0,5;2001-01-22 01:11:35+00:00;2018-08-27 03:58:11+00:00;5;periodo_1970_1989;avaliacao_media;popularidade_baixa;genero_acao|genero_crime|genero_misterio|genero_romance|genero_suspense
4090;Brave Little Toaster, The (1987);Animation|Children;1987;8;3,5625;3,25;0,8634441002668988;2001-01-21 04:27:14+00:00;2018-02-20 09:14:57+00:00;2;periodo_1970_1989;avaliacao_media;popularidade_baixa;genero_animacao|genero_infantil
4102;Eddie Murphy Raw (1987);Comedy|Documentary;1987;6;3,5;3,5;1,378404875209022;2001-05-29 14:02:55+00:00;2015-12-10 14:06:25+00:00;2;periodo_1970_1989;avaliacao_media;popularidade_baixa;genero_comedia|genero_documentario
4103;Empire of the Sun (1987);Action|Adventure|Drama|War;1987;10;3,95;4,0;0,9264628073124863;2001-05-29 13:48:49+00:00;2018-02-20 10:55:49+00:00;4;periodo_1970_1989;avaliacao_media;popularidade_media;genero_acao|genero_aventura|genero_drama|genero_guerra
4104;Ernest Goes to Camp (1987);Comedy;1987;5;1,4;1,5;0,4183300132670378;2002-07-31 10:25:15+00:00;2018-02-21 17:49:51+00:00;1;periodo_1970_1989;avaliacao_baixa;popularidade_baixa;genero_comedia
4105;Evil Dead, The (1981);Fantasy|Horror|Thriller;1981;22;3,8181818181818183;4,0;0,8528028654224418;2001-02-24 16:22:39+00:00;2018-04-28 06:45:11+00:00;3;periodo_1970_1989;avaliacao_media;popularidade_media;genero_fantasia|genero_terror|genero_suspense
4109;Flowers in the Attic (1987);Drama|Thriller;1987;7;2,5714285714285716;2,5;1,0578504710249077;2001-01-21 14:34:53+00:00;2018-02-21 17:05:59+00:00;2;periodo_1970_1989;avaliacao_baixa;popularidade_baixa;genero_drama|genero_suspense
4121;Innerspace (1987);Action|Adventure|Comedy|Sci-Fi;1987;12;3,125;3,0;0,8561276455380621;2001-02-24 16:22:07+00:00;2017-06-26 22:28:09+00:00;4;periodo_1970_1989;avaliacao_media;popularidade_media;genero_acao|genero_aventura|genero_comedia|genero_ficcao_cientifica
4128;Lost Boys, The (1987);Comedy|Horror|Thriller;1987;26;3,7115384615384617;4,0;1,0017292740364228;2001-01-21 14:34:23+00:00;2018-08-11 00:57:35+00:00;3;periodo_1970_1989;avaliacao_media;popularidade_media;genero_comedia|genero_terror|genero_suspense
4132;Mannequin (1987);Comedy|Romance;1987;8;2,625;2,75;1,093813773650968;2001-02-24 16:21:39+00:00;2017-06-26 19:13:50+00:00;2;periodo_1970_1989;avaliacao_baixa;popularidade_baixa;genero_comedia|genero_romance
4133;Masters of the Universe (1987);Action|Adventure|Fantasy|Sci-Fi;1987;8;2,5625;3,0;0,9425459443140463;2001-04-02 00:48:17+00:00;2018-02-20 18:01:58+00:00;4;periodo_1970_1989;avaliacao_baixa;popularidade_baixa;genero_acao|genero_aventura|genero_fantasia|genero_ficcao_cientifica
4144;In the Mood For Love (Fa yeung nin wa) (2000);Drama|Romance;2000;14;4,214285714285714;4,5;0,671229804574745;2001-04-09 20:38:05+00:00;2018-07-30 23:42:10+00:00;2;periodo_2000_2009;avaliacao_alta;popularidade_media;genero_drama|genero_romance
4148;Hannibal (2001);Horror|Thriller;2001;39;2,9358974358974357;3,0;1,1423630125147055;2001-04-21 23:28:40+00:00;2018-07-03 17:07:39+00:00;2;periodo_2000_2009;avaliacao_baixa;popularidade_media;genero_terror|genero_suspense
4149;Saving Silverman (Evil Woman) (2001);Comedy|Romance;2001;11;2,772727272727273;2,5;0,6067798762169179;2001-02-14 17:03:45+00:00;2018-01-16 23:10:23+00:00;2;periodo_2000_2009;avaliacao_baixa;popularidade_media;genero_comedia|genero_romance
4153;Down to Earth (2001);Comedy|Fantasy|Romance;2001;12;2,4166666666666665;2,5;0,996204919895622;2001-07-27 06:46:46+00:00;2017-05-03 21:46:26+00:00;3;periodo_2000_2009;avaliacao_baixa;popularidade_media;genero_comedia|genero_fantasia|genero_romance
4155;Sweet November (2001);Drama|Romance;2001;8;3,3125;3,5;1,2229209763045665;2001-07-27 06:53:40+00:00;2018-02-23 00:24:40+00:00;2;periodo_2000_2009;avaliacao_media;popularidade_baixa;genero_drama|genero_romance
4158;Monkeybone (2001);Animation|Comedy|Fantasy;2001;6;2,0833333333333335;2,25;1,3934369977385652;2004-01-22 13:08:56+00:00;2017-05-12 18:26:54+00:00;3;periodo_2000_2009;avaliacao_baixa;popularidade_baixa;genero_animacao|genero_comedia|genero_fantasia
4159;3000 Miles to Graceland (2001);Action|Thriller;2001;7;2,7142857142857144;2,5;1,07459848537112;2001-04-02 00:47:35+00:00;2017-05-03 21:28:37+00:00;2;periodo_2000_2009;avaliacao_baixa;popularidade_baixa;genero_acao|genero_suspense
4161;Mexican, The (2001);Action|Comedy;2001;23;3,347826086956522;3,0;0,6979642900590461;2001-08-13 13:25:53+00:00;2018-02-20 18:02:45+00:00;2;periodo_2000_2009;avaliacao_media;popularidade_media;genero_acao|genero_comedia
4167;15 Minutes (2001);Thriller;2001;10;3,0;3,25;1,3743685418725533;2001-11-17 03:02:44+00:00;2017-06-26 20:50:11+00:00;1;periodo_2000_2009;avaliacao_media;popularidade_media;genero_suspense
4178;Of Mice and Men (1939);Drama;1939;6;3,5;3,75;0,6324555320336759;2002-09-18 22:28:32+00:00;2009-03-22 22:40:12+00:00;1;periodo_antes_1950;avaliacao_media;popularidade_baixa;genero_drama
4203;Harley Davidson and the Marlboro Man (1991);Action|Crime|Drama;1991;6;3,1666666666666665;3,5;0,983192080250175;2001-04-02 00:45:48+00:00;2018-02-22 19:08:24+00:00;3;periodo_1990_1999;avaliacao_media;popularidade_baixa;genero_acao|genero_crime|genero_drama
4205;Mermaids (1990);Comedy|Drama|Romance;1990;6;3,1666666666666665;3,25;0,6831300510639732;2003-03-31 02:12:53+00:00;2018-02-21 03:58:32+00:00;3;periodo_1990_1999;avaliacao_media;popularidade_baixa;genero_comedia|genero_drama|genero_romance
4210;Manhunter (1986);Action|Crime|Drama|Horror|Thriller;1986;6;3,9166666666666665;3,75;0,7359800721939873;2001-04-02 13:50:26+00:00;2013-05-18 16:08:55+00:00;5;periodo_1970_1989;avaliacao_media;popularidade_baixa;genero_acao|genero_crime|genero_drama|genero_terror|genero_suspense
4211;Reversal of Fortune (1990);Drama;1990;6;3,75;4,0;0,8803408430829505;2003-03-31 02:43:17+00:00;2010-12-26 14:27:59+00:00;1;periodo_1990_1999;avaliacao_media;popularidade_baixa;genero_drama
4214;Revenge of the Nerds (1984);Comedy;1984;13;2,8846153846153846;3,0;0,8454250941056752;2001-04-02 13:49:24+00:00;2017-06-26 22:05:58+00:00;1;periodo_1970_1989;avaliacao_baixa;popularidade_media;genero_comedia
4215;Revenge of the Nerds II: Nerds in Paradise (1987);Comedy;1987;6;2,0833333333333335;2,0;0,8612007121842542;2001-04-02 13:52:28+00:00;2018-08-12 22:55:08+00:00;1;periodo_1970_1989;avaliacao_baixa;popularidade_baixa;genero_comedia
4220;Longest Yard, The (1974);Comedy;1974;5;3,4;4,0;0,8944271909999159;2001-04-02 00:45:20+00:00;2005-10-24 06:58:22+00:00;1;periodo_1970_1989;avaliacao_media;popularidade_baixa;genero_comedia
4223;Enemy at the Gates (2001);Drama|War;2001;40;3,5125;4,0;0,909264989160377;2001-03-23 17:14:04+00:00;2018-09-17 04:22:32+00:00;2;periodo_2000_2009;avaliacao_media;popularidade_media;genero_drama|genero_guerra
4225;Dish, The (2001);Comedy;2001;7;4,0;4,0;0,5;2001-05-24 18:13:39+00:00;2009-12-12 21:30:28+00:00;1;periodo_2000_2009;avaliacao_alta;popularidade_baixa;genero_comedia
4226;Memento (2000);Mystery|Thriller;2000;159;4,122641509433962;4,5;0,9048340310994507;2001-05-25 00:48:00+00:00;2018-09-16 10:40:40+00:00;2;periodo_2000_2009;avaliacao_alta;popularidade_alta;genero_misterio|genero_suspense
4228;Heartbreakers (2001);Comedy|Crime|Romance;2001;10;2,15;2,25;0,8514693182963201;2001-10-17 15:41:27+00:00;2018-01-17 01:13:15+00:00;3;periodo_2000_2009;avaliacao_baixa;popularidade_media;genero_comedia|genero_crime|genero_romance
4231;Someone Like You (2001);Comedy|Romance;2001;5;3,5;3,5;0,6123724356957945;2001-11-06 17:17:33+00:00;2012-09-25 22:19:57+00:00;2;periodo_2000_2009;avaliacao_media;popularidade_baixa;genero_comedia|genero_romance
4232;Spy Kids (2001);Action|Adventure|Children|Comedy;2001;28;2,9464285714285716;3,0;1,1493902225083887;2001-04-12 20:38:25+00:00;2017-06-21 07:43:07+00:00;4;periodo_2000_2009;avaliacao_baixa;popularidade_media;genero_acao|genero_aventura|genero_infantil|genero_comedia
4233;Tomcats (2001);Comedy;2001;6;2,0;2,25;1,2649110640673518;2001-10-16 15:58:08+00:00;2007-02-21 04:04:25+00:00;1;periodo_2000_2009;avaliacao_baixa;popularidade_baixa;genero_comedia
4234;Tailor of Panama, The (2001);Drama|Thriller;2001;5;3,2;3,0;0,44721359549995787;2001-09-20 14:12:04+00:00;2003-06-09 10:14:00+00:00;2;periodo_2000_2009;avaliacao_media;popularidade_baixa;genero_drama|genero_suspense
4235;Amores Perros (Love's a Bitch) (2000);Drama|Thriller;2000;23;3,9347826086956523;4,0;0,8957519419470864;2001-10-06 21:22:54+00:00;2016-03-25 22:09:37+00:00;2;periodo_2000_2009;avaliacao_media;popularidade_media;genero_drama|genero_suspense
4238;Along Came a Spider (2001);Action|Crime|Mystery|Thriller;2001;17;3,1470588235294117;3,0;0,7450819141702002;2001-11-17 03:01:58+00:00;2017-05-12 18:21:19+00:00;4;periodo_2000_2009;avaliacao_media;popularidade_media;genero_acao|genero_crime|genero_misterio|genero_suspense
4239;Blow (2001);Crime|Drama;2001;51;3,8137254901960786;4,0;0,787151728154906;2001-04-09 20:38:05+00:00;2018-09-17 04:22:42+00:00;2;periodo_2000_2009;avaliacao_media;popularidade_alta;genero_crime|genero_drama
4241;Pokémon 3: The Movie (2001);Animation|Children;2001;5;2,1;3,0;1,2449899597988732;2001-10-30 02:39:00+00:00;2018-05-01 09:22:22+00:00;2;periodo_2000_2009;avaliacao_baixa;popularidade_baixa;genero_animacao|genero_infantil
4246;Bridget Jones's Diary (2001);Comedy|Drama|Romance;2001;65;3,623076923076923;4,0;0,9313580861384007;2001-04-16 05:03:50+00:00;2018-08-10 03:44:25+00:00;3;periodo_2000_2009;avaliacao_media;popularidade_alta;genero_comedia|genero_drama|genero_romance
4247;Joe Dirt (2001);Adventure|Comedy|Mystery|Romance;2001;21;2,380952380952381;2,5;0,906983488063067;2001-08-14 18:33:51+00:00;2018-01-16 22:28:06+00:00;4;periodo_2000_2009;avaliacao_baixa;popularidade_media;genero_aventura|genero_comedia|genero_misterio|genero_romance
4248;Josie and the Pussycats (2001);Comedy;2001;6;1,75;1,0;1,5732132722552274;2001-08-27 13:43:26+00:00;2016-10-14 20:31:50+00:00;1;periodo_2000_2009;avaliacao_baixa;popularidade_baixa;genero_comedia
4254;Crocodile Dundee in Los Angeles (2001);Comedy|Drama;2001;13;2,1923076923076925;2,0;1,2338702919820614;2001-12-09 21:08:33+00:00;2018-03-27 17:36:13+00:00;2;periodo_2000_2009;avaliacao_baixa;popularidade_media;genero_comedia|genero_drama
4255;Freddy Got Fingered (2001);Comedy;2001;10;2,2;2,25;1,1352924243950935;2003-08-18 13:21:27+00:00;2018-01-17 01:13:22+00:00;1;periodo_2000_2009;avaliacao_baixa;popularidade_media;genero_comedia
4262;Scarface (1983);Action|Crime|Drama;1983;67;3,9328358208955225;4,0;0,8655683121162917;2001-05-29 13:54:47+00:00;2018-07-21 23:08:36+00:00;3;periodo_1970_1989;avaliacao_media;popularidade_alta;genero_acao|genero_crime|genero_drama
4265;Driven (2001);Action|Thriller;2001;5;3,0;3,0;0,7071067811865476;2001-05-24 14:20:50+00:00;2005-01-15 04:24:20+00:00;2;periodo_2000_2009;avaliacao_media;popularidade_baixa;genero_acao|genero_suspense
4267;One Night at McCool's (2001);Comedy;2001;5;3,4;3,0;0,6519202405202649;2001-05-24 14:19:37+00:00;2009-11-17 00:56:09+00:00;1;periodo_2000_2009;avaliacao_media;popularidade_baixa;genero_comedia
4270;Mummy Returns, The (2001);Action|Adventure|Comedy|Thriller;2001;45;3,088888888888889;3,5;1,1495497581508365;2001-08-14 18:32:03+00:00;2018-03-19 20:12:29+00:00;4;periodo_2000_2009;avaliacao_media;popularidade_media;genero_acao|genero_aventura|genero_comedia|genero_suspense
4275;Krull (1983);Action|Adventure|Fantasy|Sci-Fi;1983;5;2,9;3,0;0,7416198487095663;2001-05-29 14:03:56+00:00;2017-06-26 22:12:19+00:00;4;periodo_1970_1989;avaliacao_baixa;popularidade_baixa;genero_acao|genero_aventura|genero_fantasia|genero_ficcao_cientifica
4280;World According to Garp, The (1982);Comedy|Drama|Romance;1982;9;3,5555555555555554;4,0;0,726483157256779;2001-05-24 18:18:21+00:00;2009-03-22 09:55:13+00:00;3;periodo_1970_1989;avaliacao_media;popularidade_baixa;genero_comedia|genero_drama|genero_romance
4291;Nine to Five (a.k.a. 9 to 5) (1980);Comedy|Crime;1980;11;2,727272727272727;3,0;0,9839623052646979;2001-04-29 21:31:34+00:00;2018-08-12 22:51:03+00:00;2;periodo_1970_1989;avaliacao_baixa;popularidade_media;genero_comedia|genero_crime
4299;Knight's Tale, A (2001);Action|Comedy|Romance;2001;41;3,341463414634146;3,5;1,0273693614655095;2001-10-02 15:46:16+00:00;2018-05-25 16:37:26+00:00;3;periodo_2000_2009;avaliacao_media;popularidade_media;genero_acao|genero_comedia|genero_romance
4304;Startup.com (2001);Documentary;2001;5;3,6;4,0;0,5477225575051662;2001-10-06 21:28:58+00:00;2005-04-05 16:03:22+00:00;1;periodo_2000_2009;avaliacao_media;popularidade_baixa;genero_documentario
4306;Shrek (2001);Adventure|Animation|Children|Comedy|Fantasy|Romance;2001;170;3,8676470588235294;4,0;0,9223460530404765;2001-05-24 14:18:49+00:00;2018-09-17 04:14:16+00:00;6;periodo_2000_2009;avaliacao_media;popularidade_alta;genero_aventura|genero_animacao|genero_infantil|genero_comedia|genero_fantasia|genero_romance
4308;Moulin Rouge (2001);Drama|Musical|Romance;2001;55;3,590909090909091;4,0;1,198343413228001;2001-08-14 18:17:01+00:00;2018-08-31 09:40:22+00:00;3;periodo_2000_2009;avaliacao_media;popularidade_alta;genero_drama|genero_musical|genero_romance
4310;Pearl Harbor (2001);Action|Drama|Romance|War;2001;43;2,9651162790697674;3,0;1,1669830294049515;2001-05-31 16:55:11+00:00;2018-08-31 09:41:56+00:00;4;periodo_2000_2009;avaliacao_baixa;popularidade_media;genero_acao|genero_drama|genero_romance|genero_guerra
4321;City Slickers (1991);Comedy|Western;1991;31;3,370967741935484;3,0;0,9306605354575128;2001-05-17 01:24:29+00:00;2018-08-10 03:41:27+00:00;2;periodo_1990_1999;avaliacao_media;popularidade_media;genero_comedia|genero_faroeste
4322;Eight Men Out (1988);Drama;1988;10;3,75;4,0;0,5400617248673217;2001-05-29 13:51:39+00:00;2006-03-27 02:03:28+00:00;1;periodo_1970_1989;avaliacao_media;popularidade_media;genero_drama
4326;Mississippi Burning (1988);Crime|Drama|Thriller;1988;11;3,590909090909091;3,5;0,49082490860702144;2001-06-18 15:30:49+00:00;2013-09-10 17:23:49+00:00;3;periodo_1970_1989;avaliacao_media;popularidade_media;genero_crime|genero_drama|genero_suspense
4327;Magnificent Seven, The (1960);Adventure|Western;1960;16;3,59375;4,0;0,9698582370635409;2001-06-18 15:30:11+00:00;2018-02-20 09:37:08+00:00;2;periodo_1950_1969;avaliacao_media;popularidade_media;genero_aventura|genero_faroeste
4333;Throw Momma from the Train (1987);Comedy|Crime;1987;10;3,2;3,75;1,1105554165971787;2001-05-24 18:26:31+00:00;2017-06-26 19:16:14+00:00;2;periodo_1970_1989;avaliacao_media;popularidade_media;genero_comedia|genero_crime
4334;Yi Yi (2000);Drama;2000;5;4,6;5,0;0,5477225575051661;2001-05-24 18:17:36+00:00;2003-04-11 14:30:38+00:00;1;periodo_2000_2009;avaliacao_alta;popularidade_baixa;genero_drama
4340;Animal, The (2001);Comedy;2001;11;2,1363636363636362;2,0;0,5518563713009523;2001-08-14 18:35:14+00:00;2018-01-17 01:10:03+00:00;1;periodo_2000_2009;avaliacao_baixa;popularidade_media;genero_comedia
4343;Evolution (2001);Comedy|Sci-Fi;2001;27;3,037037037037037;3,0;0,8077262236808042;2002-03-18 16:50:33+00:00;2017-06-21 07:42:32+00:00;2;periodo_2000_2009;avaliacao_media;popularidade_media;genero_comedia|genero_ficcao_cientifica
4344;Swordfish (2001);Action|Crime|Drama;2001;34;3,1029411764705883;3,0;0,9026846471456758;2001-07-02 00:12:39+00:00;2017-06-26 23:04:22+00:00;3;periodo_2000_2009;avaliacao_media;popularidade_media;genero_acao|genero_crime|genero_drama
4349;Catch-22 (1970);Comedy|War;1970;8;3,75;4,0;0,7071067811865475;2001-05-31 16:53:43+00:00;2015-04-04 20:16:38+00:00;2;periodo_1970_1989;avaliacao_media;popularidade_baixa;genero_comedia|genero_guerra
4351;Point Break (1991);Action|Crime|Thriller;1991;16;3,25;3,0;0,8563488385776752;2001-06-18 15:35:33+00:00;2017-06-27 00:49:02+00:00;3;periodo_1990_1999;avaliacao_media;popularidade_media;genero_acao|genero_crime|genero_suspense
4356;Gentlemen Prefer Blondes (1953);Comedy|Musical|Romance;1953;5;3,8;3,5;0,7582875444051551;2006-09-17 23:04:38+00:00;2012-10-01 09:11:02+00:00;3;periodo_1950_1969;avaliacao_media;popularidade_baixa;genero_comedia|genero_musical|genero_romance
4359;Seven Year Itch, The (1955);Comedy;1955;8;3,375;3,75;0,8762745818846642;2001-06-18 15:30:11+00:00;2017-06-26 19:25:02+00:00;1;periodo_1950_1969;avaliacao_media;popularidade_baixa;genero_comedia
4361;Tootsie (1982);Comedy|Romance;1982;32;3,421875;3,75;1,0784500152922576;2001-05-29 13:49:17+00:00;2018-08-11 00:59:45+00:00;2;periodo_1970_1989;avaliacao_media;popularidade_media;genero_comedia|genero_romance
4366;Atlantis: The Lost Empire (2001);Adventure|Animation|Children|Fantasy;2001;19;3,3421052631578947;3,0;0,898341551894183;2002-02-14 16:08:09+00:00;2018-09-01 18:38:00+00:00;4;periodo_2000_2009;avaliacao_media;popularidade_media;genero_aventura|genero_animacao|genero_infantil|genero_fantasia
4367;Lara Croft: Tomb Raider (2001);Action|Adventure;2001;40;2,9;3,0;1,1163126113028763;2001-06-18 15:39:12+00:00;2018-09-17 04:21:41+00:00;2;periodo_2000_2009;avaliacao_baixa;popularidade_media;genero_acao|genero_aventura
4368;Dr. Dolittle 2 (2001);Comedy;2001;11;2,3636363636363638;2,5;0,674199862463242;2002-01-11 18:59:41+00:00;2017-10-26 19:53:37+00:00;1;periodo_2000_2009;avaliacao_baixa;popularidade_media;genero_comedia
4369;Fast and the Furious, The (2001);Action|Crime|Thriller;2001;45;3,066666666666667;3,0;0,9862693712811287;2001-08-15 21:04:20+00:00;2017-09-09 03:02:08+00:00;3;periodo_2000_2009;avaliacao_media;popularidade_media;genero_acao|genero_crime|genero_suspense
4370;A.I. Artificial Intelligence (2001);Adventure|Drama|Sci-Fi;2001;56;3,3392857142857144;3,5;0,8744200304261046;2001-07-08 03:08:19+00:00;2018-08-31 09:40:36+00:00;3;periodo_2000_2009;avaliacao_media;popularidade_alta;genero_aventura|genero_drama|genero_ficcao_cientifica
4372;Crazy/Beautiful (2001);Drama|Romance;2001;5;3,4;3,0;1,1401754250991378;2001-11-26 14:05:43+00:00;2010-02-27 02:53:15+00:00;2;periodo_2000_2009;avaliacao_media;popularidade_baixa;genero_drama|genero_romance
4378;Sexy Beast (2000);Crime|Drama;2000;14;3,7142857142857144;4,0;0,726273039202563;2001-09-11 07:43:05+00:00;2017-06-26 18:26:41+00:00;2;periodo_2000_2009;avaliacao_media;popularidade_media;genero_crime|genero_drama
4380;Princess and the Warrior, The (Krieger und die Kaiserin, Der) (2000);Drama|Romance;2000;7;3,857142857142857;4,0;0,8997354108424375;2001-09-11 07:43:51+00:00;2017-06-27 01:10:32+00:00;2;periodo_2000_2009;avaliacao_media;popularidade_baixa;genero_drama|genero_romance
4383;Crimson Rivers, The (Rivières pourpres, Les) (2000);Crime|Drama|Mystery|Thriller;2000;5;3,5;4,0;0,7071067811865476;2003-06-09 10:07:54+00:00;2017-02-11 20:46:55+00:00;4;periodo_2000_2009;avaliacao_media;popularidade_baixa;genero_crime|genero_drama|genero_misterio|genero_suspense
4386;Cats & Dogs (2001);Children|Comedy;2001;11;2,8181818181818183;3,0;0,9020179397530649;2002-04-22 23:05:49+00:00;2018-02-22 01:23:16+00:00;2;periodo_2000_2009;avaliacao_baixa;popularidade_media;genero_infantil|genero_comedia
4387;Kiss of the Dragon (2001);Action;2001;9;3,7777777777777777;4,0;0,44095855184409843;2001-08-15 21:04:43+00:00;2018-02-21 02:25:29+00:00;1;periodo_2000_2009;avaliacao_media;popularidade_baixa;genero_acao
4388;Scary Movie 2 (2001);Comedy;2001;26;2,6538461538461537;2,5;1,1555884281977797;2002-10-09 04:22:24+00:00;2018-03-07 07:43:56+00:00;1;periodo_2000_2009;avaliacao_baixa;popularidade_media;genero_comedia
4396;Cannonball Run, The (1981);Action|Comedy;1981;10;2,75;2,75;1,3176156917368247;2001-07-02 01:55:17+00:00;2018-08-12 22:52:12+00:00;2;periodo_1970_1989;avaliacao_baixa;popularidade_media;genero_acao|genero_comedia
4406;Man Who Shot Liberty Valance, The (1962);Crime|Drama|Western;1962;5;4,4;4,5;0,6519202405202649;2002-09-03 17:20:07+00:00;2011-05-31 00:42:14+00:00;3;periodo_1950_1969;avaliacao_alta;popularidade_baixa;genero_crime|genero_drama|genero_faroeste
4427;Lion in Winter, The (1968);Drama;1968;9;3,6666666666666665;3,5;0,7500000000000001;2001-09-11 07:45:11+00:00;2018-02-21 01:14:03+00:00;1;periodo_1950_1969;avaliacao_media;popularidade_baixa;genero_drama
4437;Suspiria (1977);Horror;1977;8;3,9375;4,25;1,2938729237669142;2001-09-11 07:48:53+00:00;2018-05-02 19:24:58+00:00;1;periodo_1970_1989;avaliacao_media;popularidade_baixa;genero_terror
4446;Final Fantasy: The Spirits Within (2001);Adventure|Animation|Fantasy|Sci-Fi;2001;31;3,3548387096774195;3,5;0,8285886432874554;2001-07-16 14:40:26+00:00;2018-09-17 04:24:44+00:00;4;periodo_2000_2009;avaliacao_media;popularidade_media;genero_aventura|genero_animacao|genero_fantasia|genero_ficcao_cientifica
4447;Legally Blonde (2001);Comedy|Romance;2001;64;3,15625;3,5;0,9464847243000457;2001-07-22 18:56:55+00:00;2018-09-17 04:19:12+00:00;2;periodo_2000_2009;avaliacao_media;popularidade_alta;genero_comedia|genero_romance
4448;Score, The (2001);Action|Drama;2001;20;3,55;4,0;0,6468547384317278;2001-07-23 13:59:38+00:00;2018-01-16 22:20:39+00:00;2;periodo_2000_2009;avaliacao_media;popularidade_media;genero_acao|genero_drama
4450;Bully (2001);Crime|Drama|Thriller;2001;7;3,642857142857143;4,0;1,3138456820306088;2001-09-11 07:43:23+00:00;2017-05-03 21:42:28+00:00;3;periodo_2000_2009;avaliacao_media;popularidade_baixa;genero_crime|genero_drama|genero_suspense
4452;Made (2001);Comedy;2001;6;2,6666666666666665;2,75;0,8755950357709131;2001-07-26 20:54:51+00:00;2017-06-26 21:49:15+00:00;1;periodo_2000_2009;avaliacao_baixa;popularidade_baixa;genero_comedia
4464;Accidental Tourist, The (1988);Comedy|Drama|Romance;1988;5;3,6;4,0;0,5477225575051661;2002-02-28 19:24:44+00:00;2009-01-02 21:15:39+00:00;3;periodo_1970_1989;avaliacao_media;popularidade_baixa;genero_comedia|genero_drama|genero_romance
4465;Accused, The (1988);Drama;1988;5;3,7;3,5;0,2738612787525831;2001-10-26 21:28:29+00:00;2012-07-20 23:41:20+00:00;1;periodo_1970_1989;avaliacao_media;popularidade_baixa;genero_drama
4467;Adventures of Baron Munchausen, The (1988);Adventure|Comedy|Fantasy;1988;13;3,769230769230769;4,0;0,9268086959962983;2001-11-14 05:56:26+00:00;2017-06-27 04:59:12+00:00;3;periodo_1970_1989;avaliacao_media;popularidade_media;genero_aventura|genero_comedia|genero_fantasia
4474;Beaches (1988);Comedy|Drama|Musical;1988;5;2,9;3,0;1,1937336386313322;2002-10-07 14:57:04+00:00;2018-02-21 03:58:18+00:00;3;periodo_1970_1989;avaliacao_baixa;popularidade_baixa;genero_comedia|genero_drama|genero_musical
4477;Big Top Pee-Wee (1988);Adventure|Children|Comedy;1988;8;1,9375;1,75;1,050085030570654;2001-07-27 19:00:46+00:00;2018-02-22 00:31:30+00:00;3;periodo_1970_1989;avaliacao_baixa;popularidade_baixa;genero_aventura|genero_infantil|genero_comedia
4487;Cocktail (1988);Drama|Romance;1988;11;2,9545454545454546;3,0;1,0357254813546264;2001-07-27 18:59:26+00:00;2017-06-26 18:21:46+00:00;2;periodo_1970_1989;avaliacao_baixa;popularidade_media;genero_drama|genero_romance
4489;Coming to America (1988);Comedy|Romance;1988;24;3,4583333333333335;3,5;0,764947663266077;2001-07-27 18:28:30+00:00;2018-06-25 04:57:20+00:00;2;periodo_1970_1989;avaliacao_media;popularidade_media;genero_comedia|genero_romance
4498;Dead Pool, The (1988);Action|Crime|Thriller;1988;6;3,0;3,0;0,8944271909999159;2001-09-28 08:42:44+00:00;2018-09-13 21:56:00+00:00;3;periodo_1970_1989;avaliacao_media;popularidade_baixa;genero_acao|genero_crime|genero_suspense
4499;Dirty Rotten Scoundrels (1988);Comedy;1988;16;4,125;4,0;0,5627314338711378;2001-12-02 19:18:21+00:00;2017-04-02 01:06:45+00:00;1;periodo_1970_1989;avaliacao_alta;popularidade_media;genero_comedia
4508;Gorillas in the Mist (1988);Drama;1988;8;3,5;3,5;0,46291004988627577;2002-09-28 01:09:06+00:00;2018-02-20 09:48:08+00:00;1;periodo_1970_1989;avaliacao_media;popularidade_baixa;genero_drama
4509;Great Outdoors, The (1988);Comedy;1988;5;2,9;3,0;1,4747881203752624;2001-07-27 18:42:14+00:00;2018-02-21 02:32:35+00:00;1;periodo_1970_1989;avaliacao_baixa;popularidade_baixa;genero_comedia
4519;Land Before Time, The (1988);Adventure|Animation|Children|Fantasy;1988;9;3,3333333333333335;3,5;0,75;2001-10-30 02:35:47+00:00;2018-02-20 11:15:27+00:00;4;periodo_1970_1989;avaliacao_media;popularidade_baixa;genero_aventura|genero_animacao|genero_infantil|genero_fantasia
4526;My Stepmother Is an Alien (1988);Comedy|Romance|Sci-Fi;1988;5;3,1;3,0;1,4317821063276353;2002-04-18 12:33:09+00:00;2013-08-21 07:11:29+00:00;3;periodo_1970_1989;avaliacao_media;popularidade_baixa;genero_comedia|genero_romance|genero_ficcao_cientifica
4544;Short Circuit 2 (1988);Comedy|Sci-Fi;1988;5;2,9;3,0;0,8944271909999159;2002-04-18 12:15:30+00:00;2017-06-27 00:26:34+00:00;2;periodo_1970_1989;avaliacao_baixa;popularidade_baixa;genero_comedia|genero_ficcao_cientifica
4545;Short Circuit (1986);Comedy|Sci-Fi;1986;20;3,275;3,25;1,0062305898749053;2001-07-27 18:38:13+00:00;2018-01-31 23:30:47+00:00;2;periodo_1970_1989;avaliacao_media;popularidade_media;genero_comedia|genero_ficcao_cientifica
4546;Vanishing, The (Spoorloos) (1988);Drama|Thriller;1988;6;3,9166666666666665;4,0;0,3763863263545405;2002-05-28 15:53:46+00:00;2008-04-06 16:47:05+00:00;2;periodo_1970_1989;avaliacao_media;popularidade_baixa;genero_drama|genero_suspense
4553;They Live (1988);Action|Sci-Fi|Thriller;1988;9;3,7222222222222223;4,0;0,5068968775248516;2001-12-30 05:53:08+00:00;2018-01-16 19:57:23+00:00;3;periodo_1970_1989;avaliacao_media;popularidade_baixa;genero_acao|genero_ficcao_cientifica|genero_suspense
4558;Twins (1988);Comedy;1988;14;2,4642857142857144;2,5;0,6344072252682242;2002-04-18 11:10:57+00:00;2017-06-26 22:42:35+00:00;1;periodo_1970_1989;avaliacao_baixa;popularidade_media;genero_comedia
4564;Always (1989);Drama|Fantasy|Romance;1989;6;2,8333333333333335;2,5;1,1690451944500122;2001-07-27 18:30:23+00:00;2018-08-12 15:20:38+00:00;3;periodo_1970_1989;avaliacao_baixa;popularidade_baixa;genero_drama|genero_fantasia|genero_romance
4571;Bill & Ted's Excellent Adventure (1989);Adventure|Comedy|Sci-Fi;1989;45;3,7;3,5;0,7642584046583386;2001-08-14 18:07:19+00:00;2018-02-20 10:30:46+00:00;3;periodo_1970_1989;avaliacao_media;popularidade_media;genero_aventura|genero_comedia|genero_ficcao_cientifica
4587;Earth Girls Are Easy (1988);Comedy|Musical|Sci-Fi;1988;8;2,25;2,25;0,7559289460184544;2002-04-18 11:16:40+00:00;2018-02-20 14:55:25+00:00;3;periodo_1970_1989;avaliacao_baixa;popularidade_baixa;genero_comedia|genero_musical|genero_ficcao_cientifica
4591;Erik the Viking (1989);Adventure|Comedy|Fantasy;1989;5;3,0;3,0;0,35355339059327373;2002-07-09 14:38:21+00:00;2017-06-26 22:03:36+00:00;3;periodo_1970_1989;avaliacao_media;popularidade_baixa;genero_aventura|genero_comedia|genero_fantasia
4616;Lean on Me (1989);Drama;1989;6;3,5;3,5;0,7071067811865476;2003-03-26 20:10:25+00:00;2011-06-12 02:56:53+00:00;1;periodo_1970_1989;avaliacao_media;popularidade_baixa;genero_drama
4621;Look Who's Talking (1989);Comedy|Romance;1989;18;2,388888888888889;2,25;1,1826634392157036;2001-07-27 18:42:35+00:00;2017-06-27 01:03:29+00:00;2;periodo_1970_1989;avaliacao_baixa;popularidade_media;genero_comedia|genero_romance
4623;Major League (1989);Comedy;1989;20;3,575;3,75;0,7656266783010606;2001-07-27 18:24:32+00:00;2017-06-26 22:00:14+00:00;1;periodo_1970_1989;avaliacao_media;popularidade_media;genero_comedia
4638;Jurassic Park III (2001);Action|Adventure|Sci-Fi|Thriller;2001;36;2,8472222222222223;3,0;1,0129126633091636;2001-08-14 18:33:12+00:00;2018-09-17 04:22:26+00:00;4;periodo_2000_2009;avaliacao_baixa;popularidade_media;genero_acao|genero_aventura|genero_ficcao_cientifica|genero_suspense
4639;America's Sweethearts (2001);Comedy|Romance;2001;18;2,5833333333333335;2,5;1,0325582165612917;2001-08-14 18:28:02+00:00;2017-06-26 21:00:15+00:00;2;periodo_2000_2009;avaliacao_baixa;popularidade_media;genero_comedia|genero_romance
4641;Ghost World (2001);Comedy|Drama;2001;34;3,5;3,5;0,8616404368553291;2001-09-11 07:42:48+00:00;2018-03-07 07:42:55+00:00;2;periodo_2000_2009;avaliacao_media;popularidade_media;genero_comedia|genero_drama
4642;Hedwig and the Angry Inch (2000);Comedy|Drama|Musical;2000;11;4,181818181818182;4,5;1,031327476428493;2002-05-09 16:54:43+00:00;2016-10-14 20:30:19+00:00;3;periodo_2000_2009;avaliacao_alta;popularidade_media;genero_comedia|genero_drama|genero_musical
4643;Planet of the Apes (2001);Action|Adventure|Drama|Sci-Fi;2001;49;2,7448979591836733;3,0;1,0807137349320348;2001-08-08 13:44:32+00:00;2017-05-12 18:17:25+00:00;4;periodo_2000_2009;avaliacao_baixa;popularidade_media;genero_acao|genero_aventura|genero_drama|genero_ficcao_cientifica
4649;Wet Hot American Summer (2001);Comedy;2001;7;3,642857142857143;4,0;1,0690449676496976;2003-04-05 18:13:08+00:00;2018-01-17 01:25:50+00:00;1;periodo_2000_2009;avaliacao_media;popularidade_baixa;genero_comedia
4654;Road House (1989);Action|Drama;1989;7;2,7857142857142856;3,0;0,8591246929842246;2001-07-27 18:58:15+00:00;2017-06-26 22:28:50+00:00;2;periodo_1970_1989;avaliacao_baixa;popularidade_baixa;genero_acao|genero_drama
4676;Troop Beverly Hills (1989);Comedy;1989;6;1,9166666666666667;1,75;1,1583033569262704;2002-12-08 15:54:14+00:00;2018-02-21 02:39:00+00:00;1;periodo_1970_1989;avaliacao_baixa;popularidade_baixa;genero_comedia
4677;Turner & Hooch (1989);Comedy|Crime;1989;13;3,0384615384615383;3,0;0,8281892512568826;2002-04-01 14:07:54+00:00;2018-03-27 17:36:08+00:00;2;periodo_1970_1989;avaliacao_media;popularidade_media;genero_comedia|genero_crime
4678;UHF (1989);Comedy;1989;9;3,4444444444444446;3,5;1,2360330811826103;2002-06-24 14:22:28+00:00;2008-01-21 20:25:27+00:00;1;periodo_1970_1989;avaliacao_media;popularidade_baixa;genero_comedia
4679;Uncle Buck (1989);Comedy;1989;13;2,8846153846153846;3,0;1,139331787969125;2001-07-27 18:33:44+00:00;2018-02-20 14:46:47+00:00;1;periodo_1970_1989;avaliacao_baixa;popularidade_media;genero_comedia
4681;War of the Roses, The (1989);Comedy|Drama;1989;7;3,642857142857143;4,0;0,4755948656056709;2001-12-18 15:58:35+00:00;2012-04-05 20:11:09+00:00;2;periodo_1970_1989;avaliacao_media;popularidade_baixa;genero_comedia|genero_drama
4700;Princess Diaries, The (2001);Children|Comedy|Romance;2001;27;3,037037037037037;3,0;0,9600273025557252;2001-08-14 18:31:00+00:00;2018-03-07 07:41:27+00:00;3;periodo_2000_2009;avaliacao_media;popularidade_media;genero_infantil|genero_comedia|genero_romance
4701;Rush Hour 2 (2001);Action|Comedy;2001;31;3,370967741935484;3,5;0,7634105703517152;2001-09-27 03:55:30+00:00;2018-03-07 07:40:31+00:00;2;periodo_2000_2009;avaliacao_media;popularidade_media;genero_acao|genero_comedia
4713;Altered States (1980);Drama|Sci-Fi;1980;7;3,5714285714285716;4,0;1,096531327587567;2001-09-11 07:42:00+00:00;2014-11-02 09:59:37+00:00;2;periodo_1970_1989;avaliacao_media;popularidade_baixa;genero_drama|genero_ficcao_cientifica
4718;American Pie 2 (2001);Comedy;2001;45;3,066666666666667;3,5;1,2367479349266988;2001-11-06 17:13:37+00:00;2018-01-16 22:16:53+00:00;1;periodo_2000_2009;avaliacao_media;popularidade_media;genero_comedia
4719;Osmosis Jones (2001);Action|Animation|Comedy|Crime|Drama|Romance|Thriller;2001;8;2,625;3,0;0,8345229603962802;2002-01-11 18:59:41+00:00;2018-02-20 17:54:31+00:00;7;periodo_2000_2009;avaliacao_baixa;popularidade_baixa;genero_acao|genero_animacao|genero_comedia|genero_crime|genero_drama|genero_romance|genero_suspense
4720;Others, The (2001);Drama|Horror|Mystery|Thriller;2001;55;3,6272727272727274;3,5;1,0418030213785787;2001-09-11 07:41:42+00:00;2018-08-31 09:41:10+00:00;4;periodo_2000_2009;avaliacao_media;popularidade_alta;genero_drama|genero_terror|genero_misterio|genero_suspense
4728;Rat Race (2001);Comedy;2001;18;3,0555555555555554;3,0;1,0274023338281626;2002-04-26 14:13:02+00:00;2018-03-07 07:42:07+00:00;1;periodo_2000_2009;avaliacao_media;popularidade_media;genero_comedia
4732;Bubble Boy (2001);Comedy;2001;9;1,8888888888888888;2,0;0,6009252125773316;2003-01-23 16:28:03+00:00;2018-02-21 02:00:37+00:00;1;periodo_2000_2009;avaliacao_baixa;popularidade_baixa;genero_comedia
4734;Jay and Silent Bob Strike Back (2001);Adventure|Comedy;2001;34;3,161764705882353;3,5;1,078161933607477;2002-03-12 15:41:20+00:00;2018-01-16 23:04:28+00:00;2;periodo_2000_2009;avaliacao_media;popularidade_media;genero_aventura|genero_comedia
4735;Ghosts of Mars (2001);Horror|Sci-Fi|Thriller;2001;5;2,6;2,5;1,4317821063276353;2003-06-09 10:17:30+00:00;2017-05-11 19:04:25+00:00;3;periodo_2000_2009;avaliacao_baixa;popularidade_baixa;genero_terror|genero_ficcao_cientifica|genero_suspense
4741;Together (Tillsammans) (2000);Comedy|Drama|Romance;2000;7;3,7142857142857144;4,0;0,5669467095138409;2001-10-06 21:20:53+00:00;2009-01-27 07:13:16+00:00;3;periodo_2000_2009;avaliacao_media;popularidade_baixa;genero_comedia|genero_drama|genero_romance
4744;Jeepers Creepers (2001);Horror;2001;7;2,5;3,0;1,224744871391589;2002-05-17 14:23:25+00:00;2017-05-11 18:52:58+00:00;1;periodo_2000_2009;avaliacao_baixa;popularidade_baixa;genero_terror
4748;3 Ninjas (1992);Action|Children|Comedy;1992;6;2,0833333333333335;1,5;1,3934369977385654;2005-02-21 08:45:05+00:00;2017-06-26 19:23:33+00:00;3;periodo_1990_1999;avaliacao_baixa;popularidade_baixa;genero_acao|genero_infantil|genero_comedia
4754;Wicker Man, The (1973);Drama|Horror|Mystery|Thriller;1973;6;3,9166666666666665;4,0;0,2041241452319315;2003-01-21 19:11:12+00:00;2015-02-11 16:30:59+00:00;4;periodo_1970_1989;avaliacao_media;popularidade_baixa;genero_drama|genero_terror|genero_misterio|genero_suspense
4774;Big Trouble (2002);Comedy|Crime;2002;6;2,1666666666666665;2,5;0,752772652709081;2002-10-15 13:07:16+00:00;2017-06-26 19:25:37+00:00;2;periodo_2000_2009;avaliacao_baixa;popularidade_baixa;genero_comedia|genero_crime
4776;Training Day (2001);Crime|Drama|Thriller;2001;51;3,7941176470588234;4,0;0,7223328220995865;2001-10-06 21:20:53+00:00;2017-09-01 23:56:22+00:00;3;periodo_2000_2009;avaliacao_media;popularidade_alta;genero_crime|genero_drama|genero_suspense
4787;Little Man Tate (1991);Drama;1991;10;3,35;3,0;0,8834905520465715;2001-10-06 21:24:07+00:00;2018-02-22 01:16:37+00:00;1;periodo_1990_1999;avaliacao_media;popularidade_media;genero_drama
4799;It's a Mad, Mad, Mad, Mad World (1963);Action|Adventure|Comedy|Crime;1963;10;3,25;3,0;0,950146187582615;2001-10-06 21:24:07+00:00;2012-01-16 04:30:06+00:00;4;periodo_1950_1969;avaliacao_media;popularidade_media;genero_acao|genero_aventura|genero_comedia|genero_crime
4812;SpaceCamp (1986);Adventure|Sci-Fi;1986;6;2,1666666666666665;2,0;0,752772652709081;2001-10-10 23:39:24+00:00;2018-02-22 01:33:20+00:00;2;periodo_1970_1989;avaliacao_baixa;popularidade_baixa;genero_aventura|genero_ficcao_cientifica
4814;Don't Say a Word (2001);Thriller;2001;5;2,5;2,5;1,118033988749895;2002-04-23 16:48:24+00:00;2017-06-26 22:22:07+00:00;1;periodo_2000_2009;avaliacao_baixa;popularidade_baixa;genero_suspense
4815;Hearts in Atlantis (2001);Drama;2001;6;2,9166666666666665;3,0;1,0206207261596574;2001-10-06 21:20:53+00:00;2017-05-03 22:06:32+00:00;1;periodo_2000_2009;avaliacao_baixa;popularidade_baixa;genero_drama
4816;Zoolander (2001);Comedy;2001;54;3,509259259259259;3,5;1,0070072452042143;2002-03-25 15:57:02+00:00;2018-09-17 04:20:54+00:00;1;periodo_2000_2009;avaliacao_media;popularidade_alta;genero_comedia
4821;Joy Ride (2001);Adventure|Thriller;2001;5;3,1;3,5;1,710263137648707;2003-05-27 12:12:08+00:00;2017-05-11 19:16:32+00:00;2;periodo_2000_2009;avaliacao_media;popularidade_baixa;genero_aventura|genero_suspense
4823;Serendipity (2001);Comedy|Romance;2001;25;3,14;3,0;1,0851267207105353;2001-10-06 21:21:09+00:00;2017-10-22 02:47:34+00:00;2;periodo_2000_2009;avaliacao_media;popularidade_media;genero_comedia|genero_romance
4844;Bandits (2001);Comedy|Crime|Romance;2001;6;2,6666666666666665;2,25;1,0801234497346432;2002-04-08 18:43:57+00:00;2014-02-02 15:19:37+00:00;3;periodo_2000_2009;avaliacao_baixa;popularidade_baixa;genero_comedia|genero_crime|genero_romance
4846;Iron Monkey (Siu nin Wong Fei-hung ji: Tit Ma Lau) (1993);Action|Comedy;1993;5;3,5;3,5;1,0606601717798212;2002-04-04 16:17:49+00:00;2018-02-21 17:22:00+00:00;2;periodo_1990_1999;avaliacao_media;popularidade_baixa;genero_acao|genero_comedia
4848;Mulholland Drive (2001);Crime|Drama|Film-Noir|Mystery|Thriller;2001;51;3,843137254901961;4,0;0,9082411358137849;2001-12-09 20:59:20+00:00;2018-05-05 19:35:14+00:00;5;periodo_2000_2009;avaliacao_media;popularidade_alta;genero_crime|genero_drama|genero_film_noir|genero_misterio|genero_suspense
4855;Dirty Harry (1971);Action|Crime|Thriller;1971;20;3,775;4,0;0,6781359900879996;2001-10-06 21:23:20+00:00;2018-08-10 03:41:42+00:00;3;periodo_1970_1989;avaliacao_media;popularidade_media;genero_acao|genero_crime|genero_suspense
4857;Fiddler on the Roof (1971);Drama|Musical;1971;8;3,8125;4,0;1,2229209763045665;2001-10-10 23:35:46+00:00;2016-10-14 22:01:18+00:00;2;periodo_1970_1989;avaliacao_media;popularidade_baixa;genero_drama|genero_musical
4865;From Hell (2001);Crime|Horror|Mystery|Thriller;2001;20;3,65;4,0;0,9190956653718171;2001-11-06 17:15:01+00:00;2018-01-16 22:20:01+00:00;4;periodo_2000_2009;avaliacao_media;popularidade_media;genero_crime|genero_terror|genero_misterio|genero_suspense
4866;Last Castle, The (2001);Action;2001;8;2,8125;3,0;0,9234059624177069;2002-03-14 14:09:32+00:00;2018-09-05 21:07:04+00:00;1;periodo_2000_2009;avaliacao_baixa;popularidade_baixa;genero_acao
4867;Riding in Cars with Boys (2001);Comedy|Drama;2001;5;3,1;3,0;0,6519202405202649;2002-04-01 14:07:19+00:00;2012-04-07 20:31:41+00:00;2;periodo_2000_2009;avaliacao_media;popularidade_baixa;genero_comedia|genero_drama
4873;Waking Life (2001);Animation|Drama|Fantasy;2001;19;3,6842105263157894;4,0;1,095578567543569;2001-11-12 01:23:25+00:00;2017-06-26 18:14:37+00:00;3;periodo_2000_2009;avaliacao_media;popularidade_media;genero_animacao|genero_drama|genero_fantasia
4874;K-PAX (2001);Drama|Fantasy|Mystery|Sci-Fi;2001;33;3,484848484848485;4,0;0,9959672472404689;2002-04-01 14:04:50+00:00;2017-12-23 22:51:59+00:00;4;periodo_2000_2009;avaliacao_media;popularidade_media;genero_drama|genero_fantasia|genero_misterio|genero_ficcao_cientifica
4876;Thirteen Ghosts (a.k.a. Thir13en Ghosts) (2001);Horror|Thriller;2001;12;2,4583333333333335;2,5;0,7216878364870323;2002-05-17 14:23:13+00:00;2017-05-11 18:53:00+00:00;2;periodo_2000_2009;avaliacao_baixa;popularidade_media;genero_terror|genero_suspense
4878;Donnie Darko (2001);Drama|Mystery|Sci-Fi|Thriller;2001;109;3,981651376146789;4,0;0,9572496421185291;2002-03-20 14:24:58+00:00;2018-08-31 09:38:58+00:00;4;periodo_2000_2009;avaliacao_media;popularidade_alta;genero_drama|genero_misterio|genero_ficcao_cientifica|genero_suspense
4880;Life as a House (2001);Drama;2001;9;3,888888888888889;4,0;0,9610468828892329;2002-04-01 14:04:27+00:00;2018-02-21 19:07:13+00:00;1;periodo_2000_2009;avaliacao_media;popularidade_baixa;genero_drama
4881;Man Who Wasn't There, The (2001);Crime|Drama;2001;17;3,735294117647059;4,0;0,7524469885568255;2001-12-05 16:24:05+00:00;2017-06-27 00:02:27+00:00;2;periodo_2000_2009;avaliacao_media;popularidade_media;genero_crime|genero_drama
4886;Monsters, Inc. (2001);Adventure|Animation|Children|Comedy|Fantasy;2001;132;3,871212121212121;4,0;0,7682169603520643;2001-11-19 16:14:57+00:00;2018-09-17 04:14:41+00:00;5;periodo_2000_2009;avaliacao_media;popularidade_alta;genero_aventura|genero_animacao|genero_infantil|genero_comedia|genero_fantasia
4887;One, The (2001);Action|Sci-Fi|Thriller;2001;14;2,75;2,75;1,204957707524657;2002-04-23 16:57:03+00:00;2017-06-26 21:56:29+00:00;3;periodo_2000_2009;avaliacao_baixa;popularidade_media;genero_acao|genero_ficcao_cientifica|genero_suspense
4889;Heist (2001);Crime|Drama;2001;7;3,4285714285714284;3,5;0,4498677054212188;2002-03-18 14:47:08+00:00;2005-02-08 16:04:04+00:00;2;periodo_2000_2009;avaliacao_media;popularidade_baixa;genero_crime|genero_drama
4890;Shallow Hal (2001);Comedy|Fantasy|Romance;2001;31;3,032258064516129;3,0;0,8654043743723485;2001-11-19 16:12:36+00:00;2018-03-07 07:40:19+00:00;3;periodo_2000_2009;avaliacao_media;popularidade_media;genero_comedia|genero_fantasia|genero_romance
4896;Harry Potter and the Sorcerer's Stone (a.k.a. Harry Potter and the Philosopher's Stone) (2001);Adventure|Children|Fantasy;2001;107;3,7616822429906542;4,0;0,8194159056180366;2001-12-04 16:32:56+00:00;2018-09-16 10:41:59+00:00;3;periodo_2000_2009;avaliacao_media;popularidade_alta;genero_aventura|genero_infantil|genero_fantasia
4899;Black Knight (2001);Adventure|Comedy|Fantasy;2001;8;2,1875;2,0;0,9613049166924836;2003-04-05 18:12:05+00:00;2018-03-07 07:48:53+00:00;3;periodo_2000_2009;avaliacao_baixa;popularidade_baixa;genero_aventura|genero_comedia|genero_fantasia
4900;Out Cold (2001);Comedy;2001;5;3,0;3,0;1,0606601717798212;2002-06-03 14:19:48+00:00;2018-01-17 01:51:17+00:00;1;periodo_2000_2009;avaliacao_media;popularidade_baixa;genero_comedia
4901;Spy Game (2001);Action|Crime|Drama|Thriller;2001;27;3,4814814814814814;3,5;0,7400816155808748;2001-12-04 16:37:22+00:00;2017-06-26 22:39:14+00:00;4;periodo_2000_2009;avaliacao_media;popularidade_media;genero_acao|genero_crime|genero_drama|genero_suspense
4902;Devil's Backbone, The (Espinazo del diablo, El) (2001);Drama|Fantasy|Horror|Thriller|War;2001;10;3,35;4,0;1,179689224612426;2001-12-05 16:24:25+00:00;2017-06-27 00:35:41+00:00;5;periodo_2000_2009;avaliacao_media;popularidade_media;genero_drama|genero_fantasia|genero_terror|genero_suspense|genero_guerra
4903;In the Bedroom (2001);Drama;2001;10;3,0;3,25;1,0801234497346435;2002-10-11 14:36:52+00:00;2017-06-26 22:08:04+00:00;1;periodo_2000_2009;avaliacao_media;popularidade_media;genero_drama
4914;Breathless (À bout de souffle) (1960);Crime|Drama|Romance;1960;8;3,9375;4,0;0,9425459443140463;2002-09-02 05:37:21+00:00;2018-02-09 09:31:50+00:00;3;periodo_1950_1969;avaliacao_media;popularidade_baixa;genero_crime|genero_drama|genero_romance
4915;Beastmaster, The (1982);Action|Adventure|Fantasy;1982;5;2,8;2,0;1,3038404810405297;2001-12-18 16:00:59+00:00;2007-08-02 20:20:38+00:00;3;periodo_1970_1989;avaliacao_baixa;popularidade_baixa;genero_acao|genero_aventura|genero_fantasia
4921;Little Women (1933);Drama|Romance;1933;5;4,0;4,0;0,6123724356957946;2003-09-19 21:40:19+00:00;2007-05-14 17:11:22+00:00;2;periodo_antes_1950;avaliacao_alta;popularidade_baixa;genero_drama|genero_romance
4936;Fame (1980);Drama|Musical;1980;9;3,3333333333333335;3,0;1,0;2002-07-09 14:43:10+00:00;2018-02-21 08:28:08+00:00;2;periodo_1970_1989;avaliacao_media;popularidade_baixa;genero_drama|genero_musical
4941;Flash Gordon (1980);Action|Adventure|Sci-Fi;1980;8;3,1875;2,75;1,3076014027873435;2002-03-14 14:18:02+00:00;2017-10-19 18:07:41+00:00;3;periodo_1970_1989;avaliacao_media;popularidade_baixa;genero_acao|genero_aventura|genero_ficcao_cientifica
4951;Lord of the Flies (1990);Adventure|Drama|Thriller;1990;7;3,4285714285714284;3,5;0,7867957924694432;2001-12-02 19:19:43+00:00;2007-08-03 20:39:11+00:00;3;periodo_1990_1999;avaliacao_media;popularidade_baixa;genero_aventura|genero_drama|genero_suspense
4954;Ocean's Eleven (a.k.a. Ocean's 11) (1960);Comedy|Crime;1960;11;3,6363636363636362;4,0;1,0744977685158097;2001-12-09 21:01:31+00:00;2015-03-28 23:44:36+00:00;2;periodo_1950_1969;avaliacao_media;popularidade_media;genero_comedia|genero_crime
4958;Behind Enemy Lines (2001);Action|Drama|War;2001;20;3,25;3,25;0,6977407149243606;2001-12-09 20:59:51+00:00;2018-06-25 04:18:12+00:00;3;periodo_2000_2009;avaliacao_media;popularidade_media;genero_acao|genero_drama|genero_guerra
4963;Ocean's Eleven (2001);Crime|Thriller;2001;119;3,8445378151260505;4,0;0,7912334801865171;2001-12-10 14:27:20+00:00;2018-09-17 04:15:05+00:00;2;periodo_2000_2009;avaliacao_media;popularidade_alta;genero_crime|genero_suspense
4967;No Man's Land (2001);Drama|War;2001;13;4,1923076923076925;4,0;0,5964639392027241;2001-12-05 16:23:44+00:00;2014-12-27 15:40:38+00:00;2;periodo_2000_2009;avaliacao_alta;popularidade_media;genero_drama|genero_guerra
4971;Moscow on the Hudson (1984);Comedy|Drama;1984;5;3,1;3,0;0,5477225575051662;2001-12-04 20:32:05+00:00;2018-02-22 01:45:49+00:00;2;periodo_1970_1989;avaliacao_media;popularidade_baixa;genero_comedia|genero_drama
4973;Amelie (Fabuleux destin d'Amélie Poulain, Le) (2001);Comedy|Romance;2001;120;4,183333333333334;4,0;0,8862472418402597;2002-07-24 13:56:41+00:00;2018-09-17 04:14:38+00:00;2;periodo_2000_2009;avaliacao_alta;popularidade_alta;genero_comedia|genero_romance
4974;Not Another Teen Movie (2001);Comedy;2001;14;2,5714285714285716;3,0;1,1241602482458912;2002-05-03 18:22:19+00:00;2018-01-16 22:23:53+00:00;1;periodo_2000_2009;avaliacao_baixa;popularidade_media;genero_comedia
4975;Vanilla Sky (2001);Mystery|Romance|Sci-Fi|Thriller;2001;44;3,4204545454545454;3,5;0,8756604272960761;2001-12-18 15:54:56+00:00;2018-06-18 01:06:35+00:00;4;periodo_2000_2009;avaliacao_media;popularidade_media;genero_misterio|genero_romance|genero_ficcao_cientifica|genero_suspense
4978;Lantana (2001);Drama|Mystery|Thriller;2001;6;3,8333333333333335;3,75;0,816496580927726;2002-06-07 16:00:34+00:00;2017-06-26 18:22:14+00:00;3;periodo_2000_2009;avaliacao_media;popularidade_baixa;genero_drama|genero_misterio|genero_suspense
4979;Royal Tenenbaums, The (2001);Comedy|Drama;2001;68;3,6838235294117645;4,0;1,0576812563504747;2002-02-25 16:14:54+00:00;2018-08-31 10:01:12+00:00;2;periodo_2000_2009;avaliacao_media;popularidade_alta;genero_comedia|genero_drama
4980;Bill & Ted's Bogus Journey (1991);Adventure|Comedy|Fantasy|Sci-Fi;1991;20;3,075;3,0;0,8155559937535672;2001-12-04 16:35:43+00:00;2018-02-20 10:31:45+00:00;4;periodo_1990_1999;avaliacao_media;popularidade_media;genero_aventura|genero_comedia|genero_fantasia|genero_ficcao_cientifica
4989;How High (2001);Comedy;2001;9;2,9444444444444446;3,5;1,3565683830083088;2004-05-13 16:49:01+00:00;2018-01-17 01:34:50+00:00;1;periodo_2000_2009;avaliacao_baixa;popularidade_baixa;genero_comedia
4990;Jimmy Neutron: Boy Genius (2001);Adventure|Animation|Children|Comedy;2001;5;3,2;3,0;0,570087712549569;2003-05-27 12:13:13+00:00;2017-05-12 18:24:52+00:00;4;periodo_2000_2009;avaliacao_media;popularidade_baixa;genero_aventura|genero_animacao|genero_infantil|genero_comedia
4992;Kate & Leopold (2001);Comedy|Romance;2001;17;3,2058823529411766;3,5;1,0615263705128186;2002-06-24 14:21:12+00:00;2017-06-26 19:22:21+00:00;2;periodo_2000_2009;avaliacao_media;popularidade_media;genero_comedia|genero_romance
4993;Lord of the Rings: The Fellowship of the Ring, The (2001);Adventure|Fantasy;2001;198;4,106060606060606;4,5;0,9351368076918685;2001-12-30 06:07:50+00:00;2018-09-17 04:14:04+00:00;2;periodo_2000_2009;avaliacao_alta;popularidade_alta;genero_aventura|genero_fantasia
4994;Majestic, The (2001);Comedy|Drama|Romance;2001;10;3,5;3,5;0,97182531580755;2002-06-21 13:02:14+00:00;2015-11-15 14:52:21+00:00;3;periodo_2000_2009;avaliacao_media;popularidade_media;genero_comedia|genero_drama|genero_romance
4995;Beautiful Mind, A (2001);Drama|Romance;2001;123;4,0;4,0;0,7708840996427205;2002-01-28 09:29:04+00:00;2018-09-17 04:14:55+00:00;2;periodo_2000_2009;avaliacao_alta;popularidade_alta;genero_drama|genero_romance
5004;Party, The (1968);Comedy;1968;7;3,5;3,5;0,5;2002-01-06 01:07:23+00:00;2018-05-23 20:11:23+00:00;1;periodo_1950_1969;avaliacao_media;popularidade_baixa;genero_comedia
5008;Witness for the Prosecution (1957);Drama|Mystery|Thriller;1957;9;4,388888888888889;4,5;0,4166666666666667;2002-09-03 17:16:48+00:00;2016-02-29 11:19:09+00:00;3;periodo_1950_1969;avaliacao_alta;popularidade_baixa;genero_drama|genero_misterio|genero_suspense
5009;Ali (2001);Drama;2001;8;3,0;2,75;0,6546536707079772;2002-01-09 14:55:49+00:00;2017-05-11 18:53:19+00:00;1;periodo_2000_2009;avaliacao_media;popularidade_baixa;genero_drama
5010;Black Hawk Down (2001);Action|Drama|War;2001;50;3,81;4,0;0,7946890034755095;2002-01-24 05:22:17+00:00;2017-12-23 22:35:22+00:00;3;periodo_2000_2009;avaliacao_media;popularidade_alta;genero_acao|genero_drama|genero_guerra
5013;Gosford Park (2001);Comedy|Drama|Mystery;2001;27;3,7037037037037037;4,0;1,0675210253672474;2002-07-11 15:05:57+00:00;2017-09-02 00:00:27+00:00;3;periodo_2000_2009;avaliacao_media;popularidade_media;genero_comedia|genero_drama|genero_misterio
5014;I Am Sam (2001);Drama;2001;17;3,764705882352941;4,0;1,0325582165612917;2002-02-20 17:10:35+00:00;2017-05-31 04:41:19+00:00;1;periodo_2000_2009;avaliacao_media;popularidade_media;genero_drama
5015;Monster's Ball (2001);Drama|Romance;2001;18;3,3055555555555554;3,75;1,1774709798957816;2002-06-14 13:57:07+00:00;2017-06-26 22:57:58+00:00;2;periodo_2000_2009;avaliacao_media;popularidade_media;genero_drama|genero_romance
5016;Shipping News, The (2001);Drama;2001;6;3,0;3,25;1,0488088481701516;2002-06-24 14:22:00+00:00;2018-02-21 19:59:43+00:00;1;periodo_2000_2009;avaliacao_media;popularidade_baixa;genero_drama
5025;Orange County (2002);Comedy;2002;15;2,6333333333333333;2,5;0,7432233529572065;2002-06-21 13:00:40+00:00;2018-02-21 02:04:15+00:00;1;periodo_2000_2009;avaliacao_baixa;popularidade_media;genero_comedia
5026;Brotherhood of the Wolf (Pacte des loups, Le) (2001);Action|Mystery|Thriller;2001;14;3,8214285714285716;4,0;0,932472784860499;2002-06-06 14:22:26+00:00;2017-06-26 23:01:34+00:00;3;periodo_2000_2009;avaliacao_media;popularidade_media;genero_acao|genero_misterio|genero_suspense
5027;Another 48 Hrs. (1990);Action|Comedy|Crime|Drama|Thriller;1990;5;3,0;3,0;0,7905694150420949;2002-04-18 12:22:21+00:00;2018-02-20 14:49:06+00:00;5;periodo_1990_1999;avaliacao_media;popularidade_baixa;genero_acao|genero_comedia|genero_crime|genero_drama|genero_suspense
5039;Dragonslayer (1981);Action|Adventure|Fantasy;1981;6;4,083333333333333;4,0;0,4915960401250876;2002-01-06 01:06:14+00:00;2008-07-12 14:17:37+00:00;3;periodo_1970_1989;avaliacao_alta;popularidade_baixa;genero_acao|genero_aventura|genero_fantasia
5040;Conan the Destroyer (1984);Action|Adventure|Fantasy;1984;8;3,125;3,0;0,6943650748294136;2002-08-07 18:58:52+00:00;2018-09-13 21:29:04+00:00;3;periodo_1970_1989;avaliacao_media;popularidade_baixa;genero_acao|genero_aventura|genero_fantasia
5047;Kung Pow: Enter the Fist (2002);Action|Comedy;2002;9;3,2222222222222223;3,5;1,2018504251546631;2005-05-29 08:45:55+00:00;2017-06-26 18:21:03+00:00;2;periodo_2000_2009;avaliacao_media;popularidade_baixa;genero_acao|genero_comedia
5048;Snow Dogs (2002);Adventure|Children|Comedy;2002;6;2,3333333333333335;2,5;1,7224014243685084;2002-07-30 15:30:33+00:00;2018-03-07 07:53:31+00:00;3;periodo_2000_2009;avaliacao_baixa;popularidade_baixa;genero_aventura|genero_infantil|genero_comedia
5049;48 Hrs. (1982);Action|Comedy|Crime|Drama;1982;11;3,590909090909091;3,5;0,8312094145936335;2002-04-18 10:56:55+00:00;2018-02-20 14:49:00+00:00;4;periodo_1970_1989;avaliacao_media;popularidade_media;genero_acao|genero_comedia|genero_crime|genero_drama
5055;Dragon: The Bruce Lee Story (1993);Action|Drama;1993;8;2,8125;3,0;1,032939633141398;2002-09-03 05:30:37+00:00;2017-06-27 00:39:04+00:00;2;periodo_1990_1999;avaliacao_baixa;popularidade_baixa;genero_acao|genero_drama
5060;M*A*S*H (a.k.a. MASH) (1970);Comedy|Drama|War;1970;46;3,9347826086956523;4,0;0,928611242975073;1996-12-13 08:57:48+00:00;2018-08-11 00:54:43+00:00;3;periodo_1970_1989;avaliacao_media;popularidade_media;genero_comedia|genero_drama|genero_guerra
5064;The Count of Monte Cristo (2002);Action|Adventure|Drama|Thriller;2002;32;3,828125;4,0;0,8482370237068744;2002-09-30 13:05:06+00:00;2017-05-03 21:00:50+00:00;4;periodo_2000_2009;avaliacao_media;popularidade_media;genero_acao|genero_aventura|genero_drama|genero_suspense
5065;Mothman Prophecies, The (2002);Drama|Fantasy|Horror|Mystery|Thriller;2002;13;3,076923076923077;3,0;0,7595545253127499;2002-10-23 23:33:43+00:00;2017-05-08 18:18:18+00:00;5;periodo_2000_2009;avaliacao_media;popularidade_media;genero_drama|genero_fantasia|genero_terror|genero_misterio|genero_suspense
5066;Walk to Remember, A (2002);Drama|Romance;2002;14;3,5;3,5;1,3008872711759818;2003-02-04 15:47:45+00:00;2018-01-16 22:30:26+00:00;2;periodo_2000_2009;avaliacao_media;popularidade_media;genero_drama|genero_romance
5072;Metropolis (2001);Animation|Sci-Fi;2001;13;3,9615384615384617;4,0;0,6910601294852009;2002-05-21 13:07:36+00:00;2017-06-27 00:27:20+00:00;2;periodo_2000_2009;avaliacao_media;popularidade_media;genero_animacao|genero_ficcao_cientifica
5080;Slackers (2002);Comedy;2002;5;2,6;2,0;1,3416407864998738;2003-12-22 01:59:40+00:00;2017-06-26 20:41:53+00:00;1;periodo_2000_2009;avaliacao_baixa;popularidade_baixa;genero_comedia
5081;Birthday Girl (2001);Drama|Romance;2001;5;2,8;3,0;0,8366600265340756;2002-10-23 23:28:05+00:00;2018-02-22 01:12:50+00:00;2;periodo_2000_2009;avaliacao_baixa;popularidade_baixa;genero_drama|genero_romance
5092;Big Fat Liar (2002);Children|Comedy;2002;5;3,0;3,0;1,118033988749895;2007-02-21 04:07:08+00:00;2018-03-07 07:51:09+00:00;2;periodo_2000_2009;avaliacao_media;popularidade_baixa;genero_infantil|genero_comedia
5093;Collateral Damage (2002);Action|Thriller;2002;9;2,7777777777777777;3,0;0,6180165405913053;2002-09-03 13:08:52+00:00;2017-05-08 18:20:24+00:00;2;periodo_2000_2009;avaliacao_baixa;popularidade_baixa;genero_acao|genero_suspense
5094;Rollerball (2002);Action|Sci-Fi;2002;7;1,7857142857142858;2,0;0,6986381310057719;2003-02-03 15:44:39+00:00;2018-01-05 14:48:00+00:00;2;periodo_2000_2009;avaliacao_baixa;popularidade_baixa;genero_acao|genero_ficcao_cientifica
5103;Sandlot, The (1993);Children|Comedy|Drama;1993;24;3,4375;3,75;1,1450507867984836;2002-01-31 19:49:38+00:00;2018-08-11 00:18:27+00:00;3;periodo_1990_1999;avaliacao_media;popularidade_media;genero_infantil|genero_comedia|genero_drama
5106;Crossroads (2002);Comedy|Musical|Romance;2002;7;2,0714285714285716;2,0;1,2392393980641052;2003-02-28 16:01:35+00:00;2012-02-03 19:07:48+00:00;3;periodo_2000_2009;avaliacao_baixa;popularidade_baixa;genero_comedia|genero_musical|genero_romance
5107;Hart's War (2002);Drama|War;2002;5;3,1;3,0;0,8944271909999159;2002-03-06 11:26:26+00:00;2007-02-20 21:05:35+00:00;2;periodo_2000_2009;avaliacao_media;popularidade_baixa;genero_drama|genero_guerra
5108;John Q (2002);Crime|Drama|Thriller;2002;11;2,909090909090909;3,0;0,8005679801922451;2002-07-30 15:30:08+00:00;2017-12-22 16:17:15+00:00;3;periodo_2000_2009;avaliacao_baixa;popularidade_media;genero_crime|genero_drama|genero_suspense
5110;Super Troopers (2001);Comedy|Crime|Mystery;2001;24;3,6041666666666665;3,75;1,0105870728858835;2003-05-27 12:14:04+00:00;2018-03-07 07:45:03+00:00;3;periodo_2000_2009;avaliacao_media;popularidade_media;genero_comedia|genero_crime|genero_misterio
5128;Queen of the Damned (2002);Fantasy|Horror;2002;11;2,3636363636363638;2,5;0,5954371961386478;2002-10-23 23:30:50+00:00;2017-06-26 22:04:02+00:00;2;periodo_2000_2009;avaliacao_baixa;popularidade_media;genero_fantasia|genero_terror
5135;Monsoon Wedding (2001);Comedy|Romance;2001;12;3,8333333333333335;4,0;1,1742179860604582;2002-08-31 21:01:20+00:00;2012-07-14 01:07:01+00:00;2;periodo_2000_2009;avaliacao_media;popularidade_media;genero_comedia|genero_romance
5139;Bad News Bears, The (1976);Comedy;1976;9;3,2777777777777777;3,5;0,97182531580755;2002-12-09 01:52:37+00:00;2018-02-20 18:20:31+00:00;1;periodo_1970_1989;avaliacao_media;popularidade_baixa;genero_comedia
5146;Vampire Hunter D: Bloodlust (Banpaia hantâ D) (2000);Animation|Fantasy|Horror|Sci-Fi;2000;9;3,111111111111111;3,5;1,1118053386771944;2002-04-08 18:43:09+00:00;2018-02-21 17:14:50+00:00;4;periodo_2000_2009;avaliacao_media;popularidade_baixa;genero_animacao|genero_fantasia|genero_terror|genero_ficcao_cientifica
5151;40 Days and 40 Nights (2002);Comedy|Romance;2002;18;3,0;3,0;0,954863710632231;2002-05-07 20:13:56+00:00;2015-11-15 14:48:10+00:00;2;periodo_2000_2009;avaliacao_media;popularidade_media;genero_comedia|genero_romance
5152;We Were Soldiers (2002);Action|Drama|War;2002;18;3,3333333333333335;3,5;1,0431851677040116;2002-04-04 16:19:28+00:00;2017-09-26 03:10:28+00:00;3;periodo_2000_2009;avaliacao_media;popularidade_media;genero_acao|genero_drama|genero_guerra
5159;Ferngully: The Last Rainforest (1992);Animation|Children|Comedy|Musical;1992;7;3,142857142857143;3,5;0,8997354108424372;2002-03-14 14:09:32+00:00;2018-02-21 00:43:50+00:00;4;periodo_1990_1999;avaliacao_media;popularidade_baixa;genero_animacao|genero_infantil|genero_comedia|genero_musical
5171;Time Machine, The (2002);Action|Adventure|Sci-Fi;2002;22;2,8636363636363638;3,0;0,8753477972976034;2002-08-19 14:17:59+00:00;2017-06-27 02:39:25+00:00;3;periodo_2000_2009;avaliacao_baixa;popularidade_media;genero_acao|genero_aventura|genero_ficcao_cientifica
5218;Ice Age (2002);Adventure|Animation|Children|Comedy;2002;85;3,6882352941176473;4,0;0,7277512272332461;2002-09-28 00:54:02+00:00;2018-08-31 09:39:57+00:00;4;periodo_2000_2009;avaliacao_media;popularidade_alta;genero_aventura|genero_animacao|genero_infantil|genero_comedia
5219;Resident Evil (2002);Action|Horror|Sci-Fi|Thriller;2002;30;3,0833333333333335;3,0;0,9009892392228679;2002-10-23 23:28:05+00:00;2017-06-26 22:15:51+00:00;4;periodo_2000_2009;avaliacao_media;popularidade_media;genero_acao|genero_terror|genero_ficcao_cientifica|genero_suspense
5220;Showtime (2002);Action|Comedy;2002;10;2,4;2,5;1,0488088481701516;2002-09-03 13:08:31+00:00;2018-03-07 07:45:18+00:00;2;periodo_2000_2009;avaliacao_baixa;popularidade_media;genero_acao|genero_comedia
5225;And Your Mother Too (Y tu mamá también) (2001);Drama|Romance;2001;21;3,9523809523809526;4,0;0,8201335547452302;2002-05-21 13:06:42+00:00;2017-09-02 00:03:39+00:00;2;periodo_2000_2009;avaliacao_media;popularidade_media;genero_drama|genero_romance
5247;Smokey and the Bandit (1977);Action|Comedy;1977;9;2,7222222222222223;2,5;1,1755613316388236;2002-03-14 14:13:03+00:00;2018-09-24 02:44:00+00:00;2;periodo_1970_1989;avaliacao_baixa;popularidade_baixa;genero_acao|genero_comedia
5254;Blade II (2002);Action|Horror|Thriller;2002;34;3,2058823529411766;3,0;0,9055188288357753;2002-04-02 15:17:56+00:00;2018-08-31 10:41:17+00:00;3;periodo_2000_2009;avaliacao_media;popularidade_media;genero_acao|genero_terror|genero_suspense
5265;Death to Smoochy (2002);Comedy|Crime|Drama;2002;11;3,3181818181818183;3,0;0,8447700063546075;2003-06-09 10:36:24+00:00;2017-06-26 21:16:57+00:00;3;periodo_2000_2009;avaliacao_media;popularidade_media;genero_comedia|genero_crime|genero_drama
5266;Panic Room (2002);Thriller;2002;37;3,0;3,0;1,034139470499238;2002-09-30 13:05:06+00:00;2017-06-26 22:22:01+00:00;1;periodo_2000_2009;avaliacao_media;popularidade_media;genero_suspense
5267;Rookie, The (2002);Drama;2002;12;3,2916666666666665;3,25;0,8382431122004613;2002-09-03 13:07:48+00:00;2010-03-20 22:13:48+00:00;1;periodo_2000_2009;avaliacao_media;popularidade_media;genero_drama
5283;National Lampoon's Van Wilder (2002);Comedy;2002;22;2,909090909090909;3,0;0,9466276438515284;2002-05-07 20:13:56+00:00;2018-03-07 07:41:07+00:00;1;periodo_2000_2009;avaliacao_baixa;popularidade_media;genero_comedia
5291;Rashomon (Rashômon) (1950);Crime|Drama|Mystery;1950;18;3,9444444444444446;4,0;0,9684567603832532;2002-12-09 01:42:34+00:00;2018-02-20 09:32:12+00:00;3;periodo_1950_1969;avaliacao_media;popularidade_media;genero_crime|genero_drama|genero_misterio
5292;Slap Shot (1977);Comedy;1977;7;3,857142857142857;4,0;1,1073348527841416;2002-04-01 14:04:01+00:00;2009-06-01 06:28:56+00:00;1;periodo_1970_1989;avaliacao_media;popularidade_baixa;genero_comedia
5293;Changing Lanes (2002);Drama|Thriller;2002;9;3,3333333333333335;3,0;0,6123724356957945;2002-10-23 23:27:28+00:00;2017-05-31 04:44:24+00:00;2;periodo_2000_2009;avaliacao_media;popularidade_baixa;genero_drama|genero_suspense
5294;Frailty (2001);Crime|Drama|Thriller;2001;11;3,8636363636363638;4,0;0,6741998624632421;2002-10-23 23:27:28+00:00;2017-05-03 21:38:44+00:00;3;periodo_2000_2009;avaliacao_media;popularidade_media;genero_crime|genero_drama|genero_suspense
5296;Sweetest Thing, The (2002);Comedy|Romance;2002;10;2,9;3,25;1,1254628677422756;2002-11-18 14:44:28+00:00;2017-05-03 22:11:33+00:00;2;periodo_2000_2009;avaliacao_baixa;popularidade_media;genero_comedia|genero_romance
5298;Human Nature (2001);Comedy|Romance;2001;5;3,5;3,5;0,6123724356957945;2003-06-09 10:39:51+00:00;2017-06-26 22:00:35+00:00;2;periodo_2000_2009;avaliacao_media;popularidade_baixa;genero_comedia|genero_romance
5299;My Big Fat Greek Wedding (2002);Comedy|Romance;2002;60;3,2666666666666666;3,5;1,0754055863446323;2002-09-02 05:41:41+00:00;2018-07-24 18:41:52+00:00;2;periodo_2000_2009;avaliacao_media;popularidade_alta;genero_comedia|genero_romance
5303;Joe Versus the Volcano (1990);Comedy|Romance;1990;7;3,4285714285714284;4,0;1,1338934190276817;2002-04-01 14:07:54+00:00;2017-06-26 17:40:53+00:00;2;periodo_1990_1999;avaliacao_media;popularidade_baixa;genero_comedia|genero_romance
5308;Three Men and a Baby (1987);Comedy;1987;19;2,8157894736842106;3,0;0,9748294197760031;2002-04-01 14:07:19+00:00;2017-06-30 04:47:35+00:00;1;periodo_1970_1989;avaliacao_baixa;popularidade_media;genero_comedia
5309;Three Men and a Little Lady (1990);Comedy|Romance;1990;8;2,5625;2,25;0,9425459443140463;2002-04-18 10:31:09+00:00;2017-06-26 20:49:39+00:00;2;periodo_1990_1999;avaliacao_baixa;popularidade_baixa;genero_comedia|genero_romance
5312;Murder by Numbers (2002);Crime|Thriller;2002;7;2,857142857142857;3,0;0,6267831705280087;2002-10-23 23:27:47+00:00;2015-06-28 22:15:40+00:00;2;periodo_2000_2009;avaliacao_baixa;popularidade_baixa;genero_crime|genero_suspense
5313;The Scorpion King (2002);Action|Adventure|Fantasy|Thriller;2002;22;2,2954545454545454;2,5;1,1511804594486696;2002-05-07 20:15:45+00:00;2017-05-08 18:17:49+00:00;4;periodo_2000_2009;avaliacao_baixa;popularidade_media;genero_acao|genero_aventura|genero_fantasia|genero_suspense
5316;Enigma (2001);Romance|Thriller;2001;7;3,142857142857143;3,0;0,5563486402641867;2002-11-04 11:21:52+00:00;2012-04-07 21:07:43+00:00;2;periodo_2000_2009;avaliacao_media;popularidade_baixa;genero_romance|genero_suspense
5319;Nine Queens (Nueve reinas) (2000);Crime|Thriller;2000;6;3,5;3,75;1,0488088481701516;2002-09-18 22:51:40+00:00;2017-06-26 22:52:19+00:00;2;periodo_2000_2009;avaliacao_media;popularidade_baixa;genero_crime|genero_suspense
5323;Jason X (2002);Horror|Sci-Fi|Thriller;2002;8;1,1875;1,0;0,8838834764831844;2003-05-16 07:35:26+00:00;2018-01-05 14:47:40+00:00;3;periodo_2000_2009;avaliacao_baixa;popularidade_baixa;genero_terror|genero_ficcao_cientifica|genero_suspense
5325;Dogtown and Z-Boyz (2001);Documentary;2001;7;3,7857142857142856;4,0;0,48795003647426655;2002-07-15 13:50:20+00:00;2011-06-07 03:36:04+00:00;1;periodo_2000_2009;avaliacao_media;popularidade_baixa;genero_documentario
5329;Salton Sea, The (2002);Crime|Drama|Thriller;2002;10;3,35;3,25;0,6687467549246293;2002-10-07 14:58:12+00:00;2017-05-03 22:06:49+00:00;3;periodo_2000_2009;avaliacao_media;popularidade_media;genero_crime|genero_drama|genero_suspense
5339;Husbands and Wives (1992);Comedy|Drama;1992;6;3,9166666666666665;3,75;0,5845225972250061;2002-04-18 10:54:04+00:00;2009-03-22 23:18:53+00:00;2;periodo_1990_1999;avaliacao_media;popularidade_baixa;genero_comedia|genero_drama
5349;Spider-Man (2002);Action|Adventure|Sci-Fi|Thriller;2002;122;3,540983606557377;3,5;0,9482261907477261;2002-05-03 18:21:31+00:00;2018-09-17 04:15:12+00:00;4;periodo_2000_2009;avaliacao_media;popularidade_alta;genero_acao|genero_aventura|genero_ficcao_cientifica|genero_suspense
5363;New Guy, The (2002);Comedy;2002;9;2,5;2,5;0,8660254037844387;2004-01-26 14:56:33+00:00;2018-01-17 01:28:27+00:00;1;periodo_2000_2009;avaliacao_baixa;popularidade_baixa;genero_comedia
5364;Unfaithful (2002);Drama|Thriller;2002;7;3,5;3,5;0,7071067811865476;2003-05-16 07:34:21+00:00;2017-05-08 18:19:55+00:00;2;periodo_2000_2009;avaliacao_media;popularidade_baixa;genero_drama|genero_suspense
5377;About a Boy (2002);Comedy|Drama|Romance;2002;44;3,715909090909091;4,0;0,7185072321877706;2002-06-07 16:01:38+00:00;2018-09-03 02:54:43+00:00;3;periodo_2000_2009;avaliacao_media;popularidade_media;genero_comedia|genero_drama|genero_romance
5378;Star Wars: Episode II - Attack of the Clones (2002);Action|Adventure|Sci-Fi|IMAX;2002;92;3,157608695652174;3,5;1,1337222265425166;2002-05-17 14:17:22+00:00;2018-08-24 10:46:07+00:00;4;periodo_2000_2009;avaliacao_media;popularidade_alta;genero_acao|genero_aventura|genero_ficcao_cientifica|genero_imax
5379;Believer, The (2001);Drama;2001;6;4,25;4,0;0,4183300132670377;2003-05-15 17:52:27+00:00;2009-04-06 09:44:03+00:00;1;periodo_2000_2009;avaliacao_alta;popularidade_baixa;genero_drama
5380;Importance of Being Earnest, The (2002);Comedy|Drama|Romance;2002;10;3,85;4,0;0,7090682462060882;2002-07-08 20:00:04+00:00;2016-10-14 20:30:53+00:00;3;periodo_2000_2009;avaliacao_media;popularidade_media;genero_comedia|genero_drama|genero_romance
5388;Insomnia (2002);Action|Crime|Drama|Mystery|Thriller;2002;33;3,303030303030303;3,0;0,7493684209406146;2002-10-14 13:31:20+00:00;2018-09-16 10:43:17+00:00;5;periodo_2000_2009;avaliacao_media;popularidade_media;genero_acao|genero_crime|genero_drama|genero_misterio|genero_suspense
5400;Sum of All Fears, The (2002);Drama|Thriller;2002;17;2,9705882352941178;3,0;0,8564203888003492;2002-08-30 07:45:16+00:00;2018-06-25 04:04:54+00:00;2;periodo_2000_2009;avaliacao_baixa;popularidade_media;genero_drama|genero_suspense
5401;Undercover Brother (2002);Comedy;2002;9;1,8333333333333333;2,0;0,8291561975888501;2005-01-10 22:37:42+00:00;2015-11-15 14:58:09+00:00;1;periodo_2000_2009;avaliacao_baixa;popularidade_baixa;genero_comedia
5418;Bourne Identity, The (2002);Action|Mystery|Thriller;2002;112;3,8169642857142856;4,0;0,8903778318206738;2002-06-21 18:06:54+00:00;2018-09-17 04:15:23+00:00;3;periodo_2000_2009;avaliacao_media;popularidade_alta;genero_acao|genero_misterio|genero_suspense
5419;Scooby-Doo (2002);Adventure|Children|Comedy|Fantasy|Mystery;2002;17;2,8529411764705883;2,5;1,3082037527937036;2002-10-22 17:47:59+00:00;2018-03-07 07:49:29+00:00;5;periodo_2000_2009;avaliacao_baixa;popularidade_media;genero_aventura|genero_infantil|genero_comedia|genero_fantasia|genero_misterio
5420;Windtalkers (2002);Action|Drama|War;2002;8;2,875;3,0;1,093813773650968;2002-10-23 23:31:11+00:00;2016-11-19 07:53:27+00:00;3;periodo_2000_2009;avaliacao_baixa;popularidade_baixa;genero_acao|genero_drama|genero_guerra
5421;Dangerous Lives of Altar Boys, The (2002);Drama;2002;6;3,5;3,75;0,6324555320336759;2002-07-08 13:58:33+00:00;2007-05-14 16:49:14+00:00;1;periodo_2000_2009;avaliacao_media;popularidade_baixa;genero_drama
5434;Sorry, Wrong Number (1948);Drama|Film-Noir|Thriller;1948;5;3,8;3,5;0,4472135954999579;2002-09-03 17:09:19+00:00;2010-02-26 02:35:49+00:00;3;periodo_antes_1950;avaliacao_media;popularidade_baixa;genero_drama|genero_film_noir|genero_suspense
5444;Lilo & Stitch (2002);Adventure|Animation|Children|Sci-Fi;2002;29;3,810344827586207;4,0;0,7724473294971576;2002-07-08 13:58:33+00:00;2018-09-17 04:26:58+00:00;4;periodo_2000_2009;avaliacao_media;popularidade_media;genero_aventura|genero_animacao|genero_infantil|genero_ficcao_cientifica
5445;Minority Report (2002);Action|Crime|Mystery|Sci-Fi|Thriller;2002;120;3,6375;4,0;0,9004259029607539;2002-06-24 14:19:28+00:00;2018-08-31 09:38:15+00:00;5;periodo_2000_2009;avaliacao_media;popularidade_alta;genero_acao|genero_crime|genero_misterio|genero_ficcao_cientifica|genero_suspense
5446;Rabbit-Proof Fence (2002);Adventure|Drama;2002;7;3,642857142857143;3,5;0,6900655593423541;2003-01-21 19:37:10+00:00;2015-07-04 07:25:37+00:00;2;periodo_2000_2009;avaliacao_media;popularidade_baixa;genero_aventura|genero_drama
5449;Mr. Deeds (2002);Comedy|Romance;2002;22;2,909090909090909;3,0;0,8257228238447705;2003-05-16 07:31:56+00:00;2018-03-07 07:40:12+00:00;2;periodo_2000_2009;avaliacao_baixa;popularidade_media;genero_comedia|genero_romance
5450;Lovely & Amazing (2001);Comedy|Drama|Romance;2001;5;3,2;3,0;1,3038404810405297;2002-07-30 21:59:48+00:00;2018-02-21 17:10:00+00:00;3;periodo_2000_2009;avaliacao_media;popularidade_baixa;genero_comedia|genero_drama|genero_romance
5451;Pumpkin (2002);Comedy|Drama|Romance;2002;5;3,0;3,0;1,0606601717798212;2002-11-11 14:15:23+00:00;2007-08-04 20:03:22+00:00;3;periodo_2000_2009;avaliacao_media;popularidade_baixa;genero_comedia|genero_drama|genero_romance
5452;Look Who's Talking Now (1993);Children|Comedy|Romance;1993;6;1,5833333333333333;1,0;1,0206207261596574;2002-06-24 14:28:08+00:00;2017-06-26 20:48:17+00:00;3;periodo_1990_1999;avaliacao_baixa;popularidade_baixa;genero_infantil|genero_comedia|genero_romance
5459;Men in Black II (a.k.a. MIIB) (a.k.a. MIB 2) (2002);Action|Comedy|Sci-Fi;2002;61;2,959016393442623;3,0;0,8128913517357508;2002-07-08 20:00:27+00:00;2018-08-31 09:40:34+00:00;3;periodo_2000_2009;avaliacao_baixa;popularidade_alta;genero_acao|genero_comedia|genero_ficcao_cientifica
5463;Reign of Fire (2002);Action|Adventure|Fantasy;2002;18;2,7222222222222223;2,75;1,0321625245687733;2002-08-27 19:07:17+00:00;2017-06-26 22:49:11+00:00;3;periodo_2000_2009;avaliacao_baixa;popularidade_media;genero_acao|genero_aventura|genero_fantasia
5464;Road to Perdition (2002);Crime|Drama;2002;49;3,520408163265306;4,0;0,8777289805317506;2002-07-16 13:36:57+00:00;2018-08-31 09:43:09+00:00;2;periodo_2000_2009;avaliacao_media;popularidade_media;genero_crime|genero_drama
5478;Eight Legged Freaks (2002);Action|Comedy|Horror|Sci-Fi;2002;8;2,75;2,5;1,224744871391589;2002-11-11 14:10:13+00:00;2017-05-08 18:20:54+00:00;4;periodo_2000_2009;avaliacao_baixa;popularidade_baixa;genero_acao|genero_comedia|genero_terror|genero_ficcao_cientifica
5479;K-19: The Widowmaker (2002);Action|Adventure|Drama|Thriller;2002;6;3,5;4,0;0,8366600265340756;2002-07-30 15:26:13+00:00;2011-09-16 17:48:26+00:00;4;periodo_2000_2009;avaliacao_media;popularidade_baixa;genero_acao|genero_aventura|genero_drama|genero_suspense
5480;Stuart Little 2 (2002);Children|Comedy;2002;5;2,6;3,0;1,710263137648707;2003-02-28 00:13:24+00:00;2018-03-07 07:47:38+00:00;2;periodo_2000_2009;avaliacao_baixa;popularidade_baixa;genero_infantil|genero_comedia
5481;Austin Powers in Goldmember (2002);Comedy;2002;65;2,8461538461538463;3,0;1,0529833989486912;2002-07-30 15:26:13+00:00;2018-08-31 09:42:05+00:00;1;periodo_2000_2009;avaliacao_baixa;popularidade_alta;genero_comedia
5500;Top Secret! (1984);Comedy;1984;10;4,2;4,0;0,48304589153964794;2002-07-31 10:09:23+00:00;2017-04-02 00:58:03+00:00;1;periodo_1970_1989;avaliacao_alta;popularidade_media;genero_comedia
5501;Master of Disguise, The (2002);Comedy|Mystery;2002;7;1,8571428571428572;1,5;1,2488089563755578;2003-09-11 10:17:21+00:00;2018-01-17 01:31:45+00:00;2;periodo_2000_2009;avaliacao_baixa;popularidade_baixa;genero_comedia|genero_misterio
5502;Signs (2002);Horror|Sci-Fi|Thriller;2002;63;3,1666666666666665;3,5;0,9837387536759294;2002-10-11 13:39:59+00:00;2018-09-17 04:18:53+00:00;3;periodo_2000_2009;avaliacao_media;popularidade_alta;genero_terror|genero_ficcao_cientifica|genero_suspense
5504;Spy Kids 2: The Island of Lost Dreams (2002);Adventure|Children;2002;7;2,2142857142857144;2,5;1,3183683999911548;2002-12-15 01:14:54+00:00;2017-05-03 21:28:52+00:00;2;periodo_2000_2009;avaliacao_baixa;popularidade_baixa;genero_aventura|genero_infantil
5505;Good Girl, The (2002);Comedy|Drama;2002;12;3,2083333333333335;3,25;0,8908201872772114;2002-09-30 13:03:59+00:00;2017-06-26 22:05:31+00:00;2;periodo_2000_2009;avaliacao_media;popularidade_media;genero_comedia|genero_drama
5507;xXx (2002);Action|Crime|Thriller;2002;24;2,7708333333333335;3,0;0,9666073195175626;2002-09-28 00:20:19+00:00;2017-05-08 18:16:15+00:00;3;periodo_2000_2009;avaliacao_baixa;popularidade_media;genero_acao|genero_crime|genero_suspense
5508;24 Hour Party People (2002);Comedy|Drama|Musical;2002;7;3,5714285714285716;4,0;0,5345224838248488;2003-02-16 19:09:33+00:00;2017-06-27 01:30:16+00:00;3;periodo_2000_2009;avaliacao_media;popularidade_baixa;genero_comedia|genero_drama|genero_musical
5524;Blue Crush (2002);Adventure|Drama|Romance;2002;8;2,6875;3,0;0,9234059624177068;2002-09-28 00:20:19+00:00;2018-02-14 20:37:53+00:00;3;periodo_2000_2009;avaliacao_baixa;popularidade_baixa;genero_aventura|genero_drama|genero_romance
5528;One Hour Photo (2002);Drama|Thriller;2002;19;3,473684210526316;3,5;0,9926631437497135;2002-10-11 13:39:59+00:00;2018-01-16 22:19:46+00:00;2;periodo_2000_2009;avaliacao_media;popularidade_media;genero_drama|genero_suspense
5530;Simone (S1m0ne) (2002);Comedy|Drama|Fantasy|Sci-Fi;2002;7;2,142857142857143;2,5;1,2488089563755578;2003-03-04 01:30:11+00:00;2017-06-26 22:12:13+00:00;4;periodo_2000_2009;avaliacao_baixa;popularidade_baixa;genero_comedia|genero_drama|genero_fantasia|genero_ficcao_cientifica
5540;Clash of the Titans (1981);Action|Adventure|Fantasy|Romance;1981;9;3,611111111111111;3,5;0,961046882889233;2002-08-13 12:09:34+00:00;2018-02-20 18:05:35+00:00;4;periodo_1970_1989;avaliacao_media;popularidade_baixa;genero_acao|genero_aventura|genero_fantasia|genero_romance
5541;Hot Shots! (1991);Action|Comedy|Romance|War;1991;15;3,1333333333333333;3,0;0,7187952884282609;2002-08-13 12:09:34+00:00;2017-06-27 00:45:11+00:00;4;periodo_1990_1999;avaliacao_media;popularidade_media;genero_acao|genero_comedia|genero_romance|genero_guerra
5548;Down and Out in Beverly Hills (1986);Comedy;1986;5;3,0;3,0;0,9354143466934853;2002-08-13 12:09:34+00:00;2018-02-20 15:47:00+00:00;1;periodo_1970_1989;avaliacao_media;popularidade_baixa;genero_comedia
5553;Stakeout (1987);Comedy|Crime|Romance|Thriller;1987;8;3,0;3,0;0,7559289460184544;2002-08-13 12:09:34+00:00;2018-02-21 19:18:23+00:00;4;periodo_1970_1989;avaliacao_media;popularidade_baixa;genero_comedia|genero_crime|genero_romance|genero_suspense
5568;Johnny Dangerously (1984);Comedy;1984;7;2,857142857142857;2,5;0,944911182523068;2002-10-07 14:44:46+00:00;2018-02-21 00:35:58+00:00;1;periodo_1970_1989;avaliacao_baixa;popularidade_baixa;genero_comedia
5570;Thesis (Tesis) (1996);Drama|Horror|Thriller;1996;5;3,9;4,0;0,8944271909999159;2002-10-09 03:38:10+00:00;2008-06-21 06:37:09+00:00;3;periodo_1990_1999;avaliacao_media;popularidade_baixa;genero_drama|genero_terror|genero_suspense
5572;Barbershop (2002);Comedy;2002;7;2,7142857142857144;3,0;0,5669467095138409;2003-01-27 20:32:17+00:00;2010-02-26 02:23:02+00:00;1;periodo_2000_2009;avaliacao_baixa;popularidade_baixa;genero_comedia
5573;Stealing Harvard (2002);Comedy|Crime;2002;7;2,2857142857142856;2,5;0,48795003647426655;2005-01-22 16:04:45+00:00;2016-07-02 20:00:04+00:00;2;periodo_2000_2009;avaliacao_baixa;popularidade_baixa;genero_comedia|genero_crime
5574;Transporter, The (2002);Action|Crime;2002;26;3,519230769230769;3,5;0,8059872111984063;2003-05-16 07:49:01+00:00;2018-01-05 17:18:29+00:00;2;periodo_2000_2009;avaliacao_media;popularidade_media;genero_acao|genero_crime
5577;Igby Goes Down (2002);Comedy|Drama;2002;12;3,6666666666666665;4,0;1,0730867399773196;2003-02-10 14:48:16+00:00;2017-06-27 01:01:27+00:00;2;periodo_2000_2009;avaliacao_media;popularidade_media;genero_comedia|genero_drama
5582;Captain Ron (1992);Adventure|Comedy;1992;8;2,6875;2,5;0,5938674695827103;2002-09-04 09:38:57+00:00;2017-06-26 22:18:08+00:00;2;periodo_1990_1999;avaliacao_baixa;popularidade_baixa;genero_aventura|genero_comedia
5585;Ernest Scared Stupid (1991);Comedy;1991;6;2,0833333333333335;2,0;1,2006942436218584;2002-10-11 13:47:18+00:00;2018-02-21 17:47:46+00:00;1;periodo_1990_1999;avaliacao_baixa;popularidade_baixa;genero_comedia
5608;Das Experiment (Experiment, The) (2001);Drama|Thriller;2001;11;3,8636363636363638;4,0;0,7103136311133658;2003-06-05 02:34:00+00:00;2016-02-18 18:51:57+00:00;2;periodo_2000_2009;avaliacao_media;popularidade_media;genero_drama|genero_suspense
5617;Secretary (2002);Comedy|Drama|Romance;2002;25;3,9;4,0;0,7772815877574012;2002-10-15 13:04:04+00:00;2017-06-26 23:11:52+00:00;3;periodo_2000_2009;avaliacao_media;popularidade_media;genero_comedia|genero_drama|genero_romance
5618;Spirited Away (Sen to Chihiro no kamikakushi) (2001);Adventure|Animation|Fantasy;2001;87;4,155172413793103;4,0;0,8008365714138395;2002-10-28 18:14:36+00:00;2018-08-31 09:43:40+00:00;3;periodo_2000_2009;avaliacao_alta;popularidade_alta;genero_aventura|genero_animacao|genero_fantasia
5620;Sweet Home Alabama (2002);Comedy|Romance;2002;28;3,0535714285714284;3,0;1,0915439771114372;2002-10-22 15:10:53+00:00;2018-01-16 22:21:04+00:00;2;periodo_2000_2009;avaliacao_media;popularidade_media;genero_comedia|genero_romance
5621;Tuxedo, The (2002);Action|Comedy;2002;10;2,5;2,75;1,2909944487358056;2003-03-31 02:41:38+00:00;2018-03-07 07:41:14+00:00;2;periodo_2000_2009;avaliacao_baixa;popularidade_media;genero_acao|genero_comedia
5628;Wasabi (2001);Action|Comedy|Crime|Drama|Thriller;2001;5;3,5;3,5;0,7905694150420949;2003-06-05 03:06:53+00:00;2017-07-28 20:28:05+00:00;5;periodo_2000_2009;avaliacao_media;popularidade_baixa;genero_acao|genero_comedia|genero_crime|genero_drama|genero_suspense
5630;Red Dragon (2002);Crime|Mystery|Thriller;2002;31;3,435483870967742;3,5;1,1309430834770227;2002-10-11 13:39:59+00:00;2018-07-03 18:53:00+00:00;3;periodo_2000_2009;avaliacao_media;popularidade_media;genero_crime|genero_misterio|genero_suspense
5632;Bloody Sunday (2002);Drama;2002;5;3,6;4,0;0,5477225575051661;2003-06-05 02:32:43+00:00;2011-10-11 13:04:53+00:00;1;periodo_2000_2009;avaliacao_media;popularidade_baixa;genero_drama
5650;Strange Brew (1983);Comedy;1983;11;3,5454545454545454;3,0;1,0829253310950264;2002-10-07 14:42:37+00:00;2009-12-15 20:36:39+00:00;1;periodo_1970_1989;avaliacao_media;popularidade_media;genero_comedia
5665;Knockaround Guys (2002);Action|Comedy|Crime;2002;5;2,5;2,5;0,6123724356957945;2003-05-16 07:26:27+00:00;2017-06-26 22:04:29+00:00;3;periodo_2000_2009;avaliacao_baixa;popularidade_baixa;genero_acao|genero_comedia|genero_crime
5666;Rules of Attraction, The (2002);Comedy|Drama|Romance|Thriller;2002;5;3,6;3,5;1,3874436925511608;2002-10-15 13:04:04+00:00;2010-08-30 01:56:01+00:00;4;periodo_2000_2009;avaliacao_media;popularidade_baixa;genero_comedia|genero_drama|genero_romance|genero_suspense
5669;Bowling for Columbine (2002);Documentary;2002;58;3,7758620689655173;4,0;0,7733069440811101;2003-03-31 02:26:15+00:00;2018-09-17 04:18:22+00:00;1;periodo_2000_2009;avaliacao_media;popularidade_alta;genero_documentario
5673;Punch-Drunk Love (2002);Comedy|Drama|Romance;2002;33;3,621212121212121;3,5;1,1321322735654544;2002-11-04 17:40:50+00:00;2018-05-02 17:29:47+00:00;3;periodo_2000_2009;avaliacao_media;popularidade_media;genero_comedia|genero_drama|genero_romance
5679;Ring, The (2002);Horror|Mystery|Thriller;2002;47;3,202127659574468;3,5;0,8825578837285177;2003-01-21 19:11:12+00:00;2018-02-20 11:16:40+00:00;3;periodo_2000_2009;avaliacao_media;popularidade_media;genero_terror|genero_misterio|genero_suspense
5690;Grave of the Fireflies (Hotaru no haka) (1988);Animation|Drama|War;1988;16;4,15625;4,0;0,7685213074469701;2004-09-16 05:03:01+00:00;2018-05-02 17:56:24+00:00;3;periodo_1970_1989;avaliacao_alta;popularidade_media;genero_animacao|genero_drama|genero_guerra
5693;Saturday Night Fever (1977);Comedy|Drama|Romance;1977;11;3,3181818181818183;3,5;0,7507571935295484;2003-02-08 22:50:22+00:00;2018-02-20 13:56:56+00:00;3;periodo_1970_1989;avaliacao_media;popularidade_media;genero_comedia|genero_drama|genero_romance
5747;Gallipoli (1981);Drama|War;1981;7;4,285714285714286;4,5;0,7559289460184546;2003-11-04 23:04:57+00:00;2009-02-11 07:42:55+00:00;2;periodo_1970_1989;avaliacao_alta;popularidade_baixa;genero_drama|genero_guerra
5782;Professional, The (Le professionnel) (1981);Action|Drama|Thriller;1981;19;3,8684210526315788;4,0;0,6839855680567697;2005-01-31 09:40:50+00:00;2016-07-28 03:13:01+00:00;3;periodo_1970_1989;avaliacao_media;popularidade_media;genero_acao|genero_drama|genero_suspense
5784;Ghost Ship (2002);Horror;2002;9;2,5;2,5;1,3228756555322954;2003-06-02 15:34:49+00:00;2018-07-03 17:21:21+00:00;1;periodo_2000_2009;avaliacao_baixa;popularidade_baixa;genero_terror
5785;Jackass: The Movie (2002);Action|Comedy|Documentary;2002;17;3,5;3,5;1,015504800579495;2003-05-16 07:24:08+00:00;2018-01-16 22:21:40+00:00;3;periodo_2000_2009;avaliacao_media;popularidade_media;genero_acao|genero_comedia|genero_documentario
5791;Frida (2002);Drama|Romance;2002;16;3,78125;4,0;0,4819664580307085;2002-11-07 14:32:01+00:00;2016-10-14 21:17:32+00:00;2;periodo_2000_2009;avaliacao_media;popularidade_media;genero_drama|genero_romance
5792;Roger Dodger (2002);Comedy|Drama;2002;6;3,6666666666666665;3,75;0,8755950357709131;2003-05-17 06:40:47+00:00;2017-06-27 01:02:55+00:00;2;periodo_2000_2009;avaliacao_media;popularidade_baixa;genero_comedia|genero_drama
5796;Casino Royale (1967);Action|Adventure|Comedy;1967;5;2,5;2,0;0,7071067811865476;2004-09-13 23:23:45+00:00;2014-06-22 18:15:25+00:00;3;periodo_1950_1969;avaliacao_baixa;popularidade_baixa;genero_acao|genero_aventura|genero_comedia
5803;I Spy (2002);Action|Adventure|Comedy|Crime;2002;7;2,5;2,0;0,8660254037844386;2003-03-31 02:25:59+00:00;2012-11-29 21:50:00+00:00;4;periodo_2000_2009;avaliacao_baixa;popularidade_baixa;genero_acao|genero_aventura|genero_comedia|genero_crime
5804;Santa Clause 2, The (2002);Children|Comedy|Fantasy|Romance;2002;5;2,3;2,5;1,036822067666386;2003-02-03 22:37:10+00:00;2017-05-08 18:23:00+00:00;4;periodo_2000_2009;avaliacao_baixa;popularidade_baixa;genero_infantil|genero_comedia|genero_fantasia|genero_romance
5810;8 Mile (2002);Drama;2002;41;3,292682926829268;3,5;1,0366750319898805;2002-11-11 14:11:15+00:00;2018-09-16 10:45:06+00:00;1;periodo_2000_2009;avaliacao_media;popularidade_media;genero_drama
5812;Far from Heaven (2002);Drama|Romance;2002;11;3,8636363636363638;4,0;0,674199862463242;2003-01-17 21:43:16+00:00;2008-04-06 16:42:26+00:00;2;periodo_2000_2009;avaliacao_media;popularidade_media;genero_drama|genero_romance
5816;Harry Potter and the Chamber of Secrets (2002);Adventure|Fantasy;2002;102;3,5980392156862746;3,5;0,9255429653047562;2002-12-23 05:29:27+00:00;2018-09-16 10:45:36+00:00;2;periodo_2000_2009;avaliacao_media;popularidade_alta;genero_aventura|genero_fantasia
5872;Die Another Day (2002);Action|Adventure|Thriller;2002;27;2,925925925925926;3,0;1,0067436434032069;2003-01-21 19:38:26+00:00;2017-05-08 17:59:57+00:00;3;periodo_2000_2009;avaliacao_baixa;popularidade_media;genero_acao|genero_aventura|genero_suspense
5874;Friday After Next (2002);Comedy;2002;5;2,4;2,0;1,1401754250991378;2004-05-13 16:44:16+00:00;2018-01-17 01:47:38+00:00;1;periodo_2000_2009;avaliacao_baixa;popularidade_baixa;genero_comedia
5876;Quiet American, The (2002);Drama|Thriller|War;2002;5;3,9;4,0;0,7416198487095662;2002-12-23 05:28:59+00:00;2007-01-03 02:13:35+00:00;3;periodo_2000_2009;avaliacao_media;popularidade_baixa;genero_drama|genero_suspense|genero_guerra
5878;Talk to Her (Hable con Ella) (2002);Drama|Romance;2002;14;4,035714285714286;4,0;0,3650229557736858;2003-03-31 02:23:25+00:00;2016-07-27 22:08:38+00:00;2;periodo_2000_2009;avaliacao_alta;popularidade_media;genero_drama|genero_romance
5881;Solaris (2002);Drama|Romance|Sci-Fi;2002;20;3,075;3,25;1,172884433666353;2002-12-09 01:20:51+00:00;2017-06-26 22:15:28+00:00;3;periodo_2000_2009;avaliacao_media;popularidade_media;genero_drama|genero_romance|genero_ficcao_cientifica
5882;Treasure Planet (2002);Adventure|Animation|Children|Sci-Fi|IMAX;2002;8;3,5625;3,5;0,9038607667745546;2005-01-13 22:18:07+00:00;2018-06-25 04:10:05+00:00;5;periodo_2000_2009;avaliacao_media;popularidade_baixa;genero_aventura|genero_animacao|genero_infantil|genero_ficcao_cientifica|genero_imax
5900;Analyze That (2002);Comedy|Crime;2002;8;2,5625;2,5;0,9038607667745545;2004-05-13 16:42:56+00:00;2017-12-23 22:54:41+00:00;2;periodo_2000_2009;avaliacao_baixa;popularidade_baixa;genero_comedia|genero_crime
5902;Adaptation (2002);Comedy|Drama|Romance;2002;46;3,9456521739130435;4,0;0,8896207735731819;2003-01-21 19:37:52+00:00;2017-09-01 23:55:57+00:00;3;periodo_2000_2009;avaliacao_media;popularidade_media;genero_comedia|genero_drama|genero_romance
5903;Equilibrium (2002);Action|Sci-Fi|Thriller;2002;44;3,875;4,0;0,6830591244115406;2003-06-20 16:19:20+00:00;2018-08-31 09:42:48+00:00;3;periodo_2000_2009;avaliacao_media;popularidade_media;genero_acao|genero_ficcao_cientifica|genero_suspense
5909;Visitor Q (Bizita Q) (2001);Comedy|Drama|Horror;2001;5;3,3;4,0;1,7175564037317668;2005-02-21 01:52:58+00:00;2016-11-19 08:48:26+00:00;3;periodo_2000_2009;avaliacao_media;popularidade_baixa;genero_comedia|genero_drama|genero_terror
5941;Drumline (2002);Comedy|Drama|Musical|Romance;2002;6;2,9166666666666665;2,75;0,9174239296348591;2003-12-01 03:48:35+00:00;2015-11-15 15:02:54+00:00;4;periodo_2000_2009;avaliacao_baixa;popularidade_baixa;genero_comedia|genero_drama|genero_musical|genero_romance
5942;Hot Chick, The (2002);Comedy;2002;6;2,8333333333333335;2,75;0,6831300510639732;2007-02-21 02:49:46+00:00;2018-01-17 01:18:44+00:00;1;periodo_2000_2009;avaliacao_baixa;popularidade_baixa;genero_comedia
5943;Maid in Manhattan (2002);Comedy|Romance;2002;19;2,6052631578947367;3,0;1,1969747440993466;2003-06-09 10:58:02+00:00;2018-01-16 22:24:23+00:00;2;periodo_2000_2009;avaliacao_baixa;popularidade_media;genero_comedia|genero_romance
5944;Star Trek: Nemesis (2002);Action|Drama|Sci-Fi|Thriller;2002;19;3,1052631578947367;3,0;0,8592462357015314;2002-12-16 14:20:50+00:00;2018-06-25 04:43:50+00:00;4;periodo_2000_2009;avaliacao_media;popularidade_media;genero_acao|genero_drama|genero_ficcao_cientifica|genero_suspense
5945;About Schmidt (2002);Comedy|Drama;2002;26;3,173076923076923;3,5;1,1995191344226876;2003-01-17 21:48:05+00:00;2017-06-26 19:23:10+00:00;2;periodo_2000_2009;avaliacao_media;popularidade_media;genero_comedia|genero_drama
5952;Lord of the Rings: The Two Towers, The (2002);Adventure|Fantasy;2002;188;4,0212765957446805;4,0;0,8923767867346103;2002-12-20 15:41:19+00:00;2018-09-17 04:14:09+00:00;2;periodo_2000_2009;avaliacao_alta;popularidade_alta;genero_aventura|genero_fantasia
5954;25th Hour (2002);Crime|Drama;2002;22;3,840909090909091;4,0;0,5430593152809553;2003-03-04 01:31:19+00:00;2018-06-18 15:03:00+00:00;2;periodo_2000_2009;avaliacao_media;popularidade_media;genero_crime|genero_drama
5955;Antwone Fisher (2002);Drama;2002;9;3,5555555555555554;3,5;0,6346477588219923;2003-12-22 04:11:25+00:00;2017-03-06 18:33:01+00:00;1;periodo_2000_2009;avaliacao_media;popularidade_baixa;genero_drama
5956;Gangs of New York (2002);Crime|Drama;2002;55;3,518181818181818;3,5;0,9858425441648995;2003-01-21 19:38:09+00:00;2018-09-17 04:21:18+00:00;2;periodo_2000_2009;avaliacao_media;popularidade_alta;genero_crime|genero_drama
5957;Two Weeks Notice (2002);Comedy|Romance;2002;19;3,263157894736842;3,5;0,9032106474595007;2003-07-28 21:47:28+00:00;2018-02-11 20:22:45+00:00;2;periodo_2000_2009;avaliacao_media;popularidade_media;genero_comedia|genero_romance
5959;Narc (2002);Crime|Drama|Thriller;2002;9;3,2777777777777777;3,5;0,565194165260439;2003-03-04 01:31:49+00:00;2017-06-26 22:11:57+00:00;3;periodo_2000_2009;avaliacao_media;popularidade_baixa;genero_crime|genero_drama|genero_suspense
5970;My Girl (1991);Comedy|Drama|Romance;1991;10;3,2;3,0;0,752772652709081;2003-03-05 18:05:12+00:00;2017-06-27 01:04:51+00:00;3;periodo_1990_1999;avaliacao_media;popularidade_media;genero_comedia|genero_drama|genero_romance
5971;My Neighbor Totoro (Tonari no Totoro) (1988);Animation|Children|Drama|Fantasy;1988;37;3,9594594594594597;4,0;0,9673731497260045;2002-12-10 14:36:56+00:00;2018-08-31 09:44:25+00:00;4;periodo_1970_1989;avaliacao_media;popularidade_media;genero_animacao|genero_infantil|genero_drama|genero_fantasia
5989;Catch Me If You Can (2002);Crime|Drama;2002;115;3,9217391304347826;4,0;0,7597070775179184;2003-01-17 21:43:00+00:00;2018-08-31 09:38:47+00:00;2;periodo_2000_2009;avaliacao_media;popularidade_alta;genero_crime|genero_drama
5991;Chicago (2002);Comedy|Crime|Drama|Musical;2002;49;3,7244897959183674;4,0;0,918905737876329;2003-01-21 19:37:10+00:00;2018-09-01 18:45:54+00:00;4;periodo_2000_2009;avaliacao_media;popularidade_media;genero_comedia|genero_crime|genero_drama|genero_musical
5992;Hours, The (2002);Drama|Romance;2002;15;3,7;4,0;1,1148350294358096;2003-06-05 02:57:23+00:00;2018-05-05 19:43:21+00:00;2;periodo_2000_2009;avaliacao_media;popularidade_media;genero_drama|genero_romance
5993;Max (2002);Drama;2002;5;2,9;3,0;0,7416198487095663;2003-03-04 01:32:24+00:00;2017-06-26 22:07:03+00:00;1;periodo_2000_2009;avaliacao_baixa;popularidade_baixa;genero_drama
5995;Pianist, The (2002);Drama|War;2002;46;4,108695652173913;4,5;0,8226855986358935;2003-05-30 13:10:18+00:00;2018-09-16 10:45:23+00:00;2;periodo_2000_2009;avaliacao_alta;popularidade_media;genero_drama|genero_guerra
6001;King of Comedy, The (1983);Comedy|Drama;1983;7;4,071428571428571;4,0;0,5345224838248487;2003-02-07 22:31:12+00:00;2016-11-19 07:56:25+00:00;2;periodo_1970_1989;avaliacao_alta;popularidade_baixa;genero_comedia|genero_drama
6003;Confessions of a Dangerous Mind (2002);Comedy|Crime|Drama|Thriller;2002;15;3,6;3,5;0,50709255283711;2003-06-05 02:40:21+00:00;2018-01-20 17:15:31+00:00;4;periodo_2000_2009;avaliacao_media;popularidade_media;genero_comedia|genero_crime|genero_drama|genero_suspense
6006;Just Married (2003);Comedy|Romance;2003;8;2,75;3,0;1,3363062095621219;2004-05-13 16:43:58+00:00;2018-01-17 01:14:10+00:00;2;periodo_2000_2009;avaliacao_baixa;popularidade_baixa;genero_comedia|genero_romance
6014;National Security (2003);Action|Comedy;2003;5;2,5;2,0;1,0;2004-05-13 16:47:59+00:00;2017-05-08 18:27:49+00:00;2;periodo_2000_2009;avaliacao_baixa;popularidade_baixa;genero_acao|genero_comedia
6016;City of God (Cidade de Deus) (2002);Action|Adventure|Crime|Drama|Thriller;2002;75;4,1466666666666665;4,0;0,7701058778265903;2003-01-25 23:03:37+00:00;2018-09-17 04:16:15+00:00;5;periodo_2000_2009;avaliacao_alta;popularidade_alta;genero_acao|genero_aventura|genero_crime|genero_drama|genero_suspense
6025;CB4 - The Movie (1993);Comedy;1993;5;2,9;3,5;1,3416407864998738;2004-09-11 22:30:40+00:00;2014-12-20 12:16:39+00:00;1;periodo_1990_1999;avaliacao_baixa;popularidade_baixa;genero_comedia
6058;Final Destination 2 (2003);Horror|Thriller;2003;10;3,05;3,0;0,5502524673073059;2003-09-11 10:08:08+00:00;2018-05-05 21:17:23+00:00;2;periodo_2000_2009;avaliacao_media;popularidade_media;genero_terror|genero_suspense
6059;Recruit, The (2003);Action|Thriller;2003;17;3,3529411764705883;3,5;0,8797141915551492;2003-02-05 00:38:55+00:00;2017-06-26 21:59:07+00:00;2;periodo_2000_2009;avaliacao_media;popularidade_media;genero_acao|genero_suspense
6062;Lost in La Mancha (2002);Documentary;2002;6;3,0833333333333335;3,0;0,5845225972250062;2003-06-30 12:46:42+00:00;2017-06-26 23:04:01+00:00;1;periodo_2000_2009;avaliacao_media;popularidade_baixa;genero_documentario
6104;Monty Python Live at the Hollywood Bowl (1982);Comedy;1982;9;4,166666666666667;4,0;0,3535533905932738;2003-03-26 20:08:27+00:00;2015-09-27 10:09:17+00:00;1;periodo_1970_1989;avaliacao_alta;popularidade_baixa;genero_comedia
6155;How to Lose a Guy in 10 Days (2003);Comedy|Romance;2003;29;3,2758620689655173;3,0;1,0655833990333965;2003-07-28 21:43:01+00:00;2018-01-16 22:19:41+00:00;2;periodo_2000_2009;avaliacao_media;popularidade_media;genero_comedia|genero_romance
6156;Shanghai Knights (2003);Action|Adventure|Comedy;2003;19;3,210526315789474;3,0;0,7324955341859356;2003-03-31 02:30:54+00:00;2018-06-25 04:37:44+00:00;3;periodo_2000_2009;avaliacao_media;popularidade_media;genero_acao|genero_aventura|genero_comedia
6157;Daredevil (2003);Action|Crime;2003;32;2,5;2,5;0,861356769214109;2003-05-27 12:00:11+00:00;2018-09-17 04:27:08+00:00;2;periodo_2000_2009;avaliacao_baixa;popularidade_media;genero_acao|genero_crime
6166;Dennis the Menace (1993);Comedy;1993;8;1,8125;1,75;0,9234059624177068;2003-05-27 11:59:54+00:00;2017-06-26 19:05:59+00:00;1;periodo_1990_1999;avaliacao_baixa;popularidade_baixa;genero_comedia
6187;Life of David Gale, The (2003);Crime|Drama|Thriller;2003;8;3,8125;3,75;0,7039429765866794;2003-09-11 10:06:22+00:00;2018-01-16 23:09:37+00:00;3;periodo_2000_2009;avaliacao_media;popularidade_baixa;genero_crime|genero_drama|genero_suspense
6188;Old School (2003);Comedy;2003;39;3,5128205128205128;3,5;1,009736674161684;2003-03-04 01:32:24+00:00;2018-03-07 07:45:48+00:00;1;periodo_2000_2009;avaliacao_media;popularidade_media;genero_comedia
6212;Bringing Down the House (2003);Comedy;2003;6;1,9166666666666667;2,0;0,6645800679125629;2004-12-28 14:45:50+00:00;2016-03-13 05:23:30+00:00;1;periodo_2000_2009;avaliacao_baixa;popularidade_baixa;genero_comedia
6213;Tears of the Sun (2003);Action|Drama|Thriller;2003;7;2,642857142857143;3,0;1,2149857925879117;2003-03-22 01:27:43+00:00;2018-02-21 02:00:01+00:00;3;periodo_2000_2009;avaliacao_baixa;popularidade_baixa;genero_acao|genero_drama|genero_suspense
6214;Irreversible (Irréversible) (2002);Crime|Drama|Mystery|Thriller;2002;9;3,888888888888889;4,0;0,4859126579037749;2006-09-01 05:01:24+00:00;2018-05-02 17:49:35+00:00;4;periodo_2000_2009;avaliacao_media;popularidade_baixa;genero_crime|genero_drama|genero_misterio|genero_suspense
6218;Bend It Like Beckham (2002);Comedy|Drama|Romance;2002;40;3,3;3,5;1,0609623111312794;2003-03-03 14:11:13+00:00;2018-03-07 07:39:36+00:00;3;periodo_2000_2009;avaliacao_media;popularidade_media;genero_comedia|genero_drama|genero_romance
6238;Green Card (1990);Comedy|Drama|Romance;1990;9;2,8333333333333335;3,0;1,224744871391589;2003-03-25 10:13:20+00:00;2018-02-21 20:10:24+00:00;3;periodo_1990_1999;avaliacao_baixa;popularidade_baixa;genero_comedia|genero_drama|genero_romance
6242;Ringu (Ring) (1998);Horror|Mystery|Thriller;1998;11;3,4545454545454546;3,5;0,7229988054812212;2004-04-05 15:08:39+00:00;2017-05-19 23:00:01+00:00;3;periodo_1990_1999;avaliacao_media;popularidade_media;genero_terror|genero_misterio|genero_suspense
6250;Dreamcatcher (2003);Drama|Horror|Sci-Fi|Thriller;2003;7;2,642857142857143;3,0;1,0690449676496976;2003-07-17 15:55:18+00:00;2017-05-06 11:53:16+00:00;4;periodo_2000_2009;avaliacao_baixa;popularidade_baixa;genero_drama|genero_terror|genero_ficcao_cientifica|genero_suspense
6264;Core, The (2003);Action|Drama|Sci-Fi|Thriller;2003;8;2,375;3,0;1,2464234547582247;2003-05-19 00:09:37+00:00;2015-11-15 14:54:11+00:00;4;periodo_2000_2009;avaliacao_baixa;popularidade_baixa;genero_acao|genero_drama|genero_ficcao_cientifica|genero_suspense
6266;What a Girl Wants (2003);Comedy|Drama|Romance;2003;8;3,0625;3,0;0,6232117273791125;2003-07-28 21:48:24+00:00;2016-02-12 18:51:10+00:00;3;periodo_2000_2009;avaliacao_media;popularidade_baixa;genero_comedia|genero_drama|genero_romance
6281;Phone Booth (2002);Drama|Thriller;2002;32;3,140625;3,5;0,8350620510071439;2003-06-08 17:08:07+00:00;2018-09-17 04:25:28+00:00;2;periodo_2000_2009;avaliacao_media;popularidade_media;genero_drama|genero_suspense
6283;Cowboy Bebop: The Movie (Cowboy Bebop: Tengoku no Tobira) (2001);Action|Animation|Sci-Fi|Thriller;2001;20;3,9;4,0;0,736277979541623;2003-07-14 01:03:14+00:00;2018-09-16 10:41:24+00:00;4;periodo_2000_2009;avaliacao_media;popularidade_media;genero_acao|genero_animacao|genero_ficcao_cientifica|genero_suspense
6287;Anger Management (2003);Comedy;2003;34;3,0588235294117645;3,0;1,0057765421617884;2003-06-30 21:03:23+00:00;2018-03-07 07:40:23+00:00;1;periodo_2000_2009;avaliacao_media;popularidade_media;genero_comedia
6290;House of 1000 Corpses (2003);Horror;2003;7;2,7142857142857144;2,5;1,1126972805283735;2007-02-21 04:04:47+00:00;2017-06-26 21:16:09+00:00;1;periodo_2000_2009;avaliacao_baixa;popularidade_baixa;genero_terror
6294;Bulletproof Monk (2003);Action|Adventure|Sci-Fi;2003;11;2,409090909090909;2,5;1,0681334611878288;2004-02-18 02:04:21+00:00;2017-05-06 11:53:28+00:00;3;periodo_2000_2009;avaliacao_baixa;popularidade_media;genero_acao|genero_aventura|genero_ficcao_cientifica
6296;Mighty Wind, A (2003);Comedy|Musical;2003;14;3,75;4,0;0,7531983087525439;2003-10-06 13:15:00+00:00;2018-08-10 23:52:29+00:00;2;periodo_2000_2009;avaliacao_media;popularidade_media;genero_comedia|genero_musical
6297;Holes (2003);Adventure|Children|Comedy|Mystery;2003;20;3,425;3,5;0,6340139463848774;2003-05-27 11:57:50+00:00;2018-01-16 22:23:05+00:00;4;periodo_2000_2009;avaliacao_media;popularidade_media;genero_aventura|genero_infantil|genero_comedia|genero_misterio
6299;Winged Migration (Peuple migrateur, Le) (2001);Documentary;2001;9;3,5;3,5;0,7071067811865476;2004-06-15 15:50:47+00:00;2018-08-11 00:11:13+00:00;1;periodo_2000_2009;avaliacao_media;popularidade_baixa;genero_documentario
6301;Straw Dogs (1971);Drama|Thriller;1971;5;4,0;4,0;0,3535533905932738;2003-05-22 17:19:16+00:00;2015-11-27 18:11:47+00:00;2;periodo_1970_1989;avaliacao_alta;popularidade_baixa;genero_drama|genero_suspense
6303;Andromeda Strain, The (1971);Mystery|Sci-Fi;1971;8;3,625;3,5;0,6943650748294137;2003-05-19 00:13:42+00:00;2012-06-22 05:51:42+00:00;2;periodo_1970_1989;avaliacao_media;popularidade_baixa;genero_misterio|genero_ficcao_cientifica
6305;Fahrenheit 451 (1966);Drama|Sci-Fi;1966;10;3,6;3,5;0,7745966692414834;2003-06-02 15:38:42+00:00;2018-02-20 14:08:34+00:00;2;periodo_1950_1969;avaliacao_media;popularidade_media;genero_drama|genero_ficcao_cientifica
6322;Confidence (2003);Crime|Thriller;2003;6;2,8333333333333335;3,0;1,3291601358251257;2003-10-10 15:34:51+00:00;2017-06-26 20:40:52+00:00;2;periodo_2000_2009;avaliacao_baixa;popularidade_baixa;genero_crime|genero_suspense
6323;Identity (2003);Crime|Horror|Mystery|Thriller;2003;22;3,6818181818181817;4,0;0,7950060578603361;2003-06-29 17:29:14+00:00;2017-05-06 11:48:52+00:00;4;periodo_2000_2009;avaliacao_media;popularidade_media;genero_crime|genero_terror|genero_misterio|genero_suspense
6331;Spellbound (2002);Documentary;2002;13;3,923076923076923;4,0;0,7865047638697071;2003-11-17 15:12:46+00:00;2016-10-14 20:34:59+00:00;1;periodo_2000_2009;avaliacao_media;popularidade_media;genero_documentario
6333;X2: X-Men United (2003);Action|Adventure|Sci-Fi|Thriller;2003;76;3,723684210526316;4,0;0,8808887059559238;2003-05-05 15:24:18+00:00;2018-08-31 10:04:10+00:00;4;periodo_2000_2009;avaliacao_media;popularidade_alta;genero_acao|genero_aventura|genero_ficcao_cientifica|genero_suspense
6338;Daddy Day Care (2003);Children|Comedy;2003;6;2,3333333333333335;2,5;1,0327955589886444;2004-05-13 16:41:23+00:00;2017-05-11 19:16:49+00:00;2;periodo_2000_2009;avaliacao_baixa;popularidade_baixa;genero_infantil|genero_comedia
6350;Laputa: Castle in the Sky (Tenkû no shiro Rapyuta) (1986);Action|Adventure|Animation|Children|Fantasy|Sci-Fi;1986;24;4,0625;4,0;0,7270024819047401;2003-09-28 21:58:42+00:00;2018-08-31 09:50:13+00:00;6;periodo_1970_1989;avaliacao_alta;popularidade_media;genero_acao|genero_aventura|genero_animacao|genero_infantil|genero_fantasia|genero_ficcao_cientifica
6365;Matrix Reloaded, The (2003);Action|Adventure|Sci-Fi|Thriller|IMAX;2003;96;3,3541666666666665;3,5;1,0024093781502192;2003-05-22 17:18:24+00:00;2018-08-31 09:45:12+00:00;5;periodo_2000_2009;avaliacao_media;popularidade_alta;genero_acao|genero_aventura|genero_ficcao_cientifica|genero_suspense|genero_imax
6367;Down with Love (2003);Comedy|Romance;2003;10;2,9;3,0;1,1498792207106894;2003-12-19 03:18:46+00:00;2015-11-15 14:54:23+00:00;2;periodo_2000_2009;avaliacao_baixa;popularidade_media;genero_comedia|genero_romance
6370;Spanish Apartment, The (L'auberge espagnole) (2002);Comedy|Drama|Romance;2002;5;4,0;4,5;1,0;2003-09-02 14:21:44+00:00;2008-12-13 03:38:53+00:00;3;periodo_2000_2009;avaliacao_alta;popularidade_baixa;genero_comedia|genero_drama|genero_romance
6373;Bruce Almighty (2003);Comedy|Drama|Fantasy|Romance;2003;71;3,316901408450704;3,5;0,8072857372513258;2003-06-30 21:02:02+00:00;2018-09-17 04:17:53+00:00;4;periodo_2000_2009;avaliacao_media;popularidade_alta;genero_comedia|genero_drama|genero_fantasia|genero_romance
6377;Finding Nemo (2003);Adventure|Animation|Children|Comedy;2003;141;3,9609929078014185;4,0;0,7747601517931108;2003-06-16 15:39:41+00:00;2018-09-17 04:14:44+00:00;4;periodo_2000_2009;avaliacao_media;popularidade_alta;genero_aventura|genero_animacao|genero_infantil|genero_comedia
6378;Italian Job, The (2003);Action|Crime;2003;59;3,6186440677966103;3,5;0,721223714938759;2003-06-08 17:07:31+00:00;2018-02-12 23:40:26+00:00;2;periodo_2000_2009;avaliacao_media;popularidade_alta;genero_acao|genero_crime
6380;Capturing the Friedmans (2003);Documentary;2003;7;3,9285714285714284;4,0;1,0578504710249075;2004-02-18 01:51:31+00:00;2012-09-25 22:02:20+00:00;1;periodo_2000_2009;avaliacao_media;popularidade_baixa;genero_documentario
6383;2 Fast 2 Furious (Fast and the Furious 2, The) (2003);Action|Crime|Thriller;2003;19;2,6052631578947367;3,0;0,8262859904486437;2003-10-20 08:48:23+00:00;2017-05-06 11:49:26+00:00;3;periodo_2000_2009;avaliacao_baixa;popularidade_media;genero_acao|genero_crime|genero_suspense
6385;Whale Rider (2002);Drama;2002;14;3,75;4,0;1,1726039399558574;2003-08-11 23:26:44+00:00;2016-10-14 20:29:33+00:00;1;periodo_2000_2009;avaliacao_media;popularidade_media;genero_drama
6440;Barton Fink (1991);Drama|Thriller;1991;14;4,035714285714286;4,0;0,570569409055069;2003-06-05 02:45:52+00:00;2017-06-27 05:00:16+00:00;2;periodo_1990_1999;avaliacao_alta;popularidade_media;genero_drama|genero_suspense
6460;Trial, The (Procès, Le) (1962);Drama;1962;5;4,9;5,0;0,22360679774997888;2000-03-20 06:44:23+00:00;2010-10-01 03:43:42+00:00;1;periodo_1950_1969;avaliacao_alta;popularidade_baixa;genero_drama
6461;Unforgiven, The (1960);Drama|Western;1960;6;3,8333333333333335;3,75;0,816496580927726;2003-07-10 16:31:36+00:00;2007-01-03 02:25:20+00:00;2;periodo_1950_1969;avaliacao_media;popularidade_baixa;genero_drama|genero_faroeste
6482;Dumb and Dumberer: When Harry Met Lloyd (2003);Comedy;2003;11;1,9545454545454546;2,0;1,3314380468978917;2005-03-22 21:12:38+00:00;2018-01-17 01:13:20+00:00;1;periodo_2000_2009;avaliacao_baixa;popularidade_media;genero_comedia
6484;Hollywood Homicide (2003);Action|Crime|Drama;2003;7;2,9285714285714284;3,0;0,4498677054212186;2004-05-13 16:58:55+00:00;2017-06-26 22:03:18+00:00;3;periodo_2000_2009;avaliacao_baixa;popularidade_baixa;genero_acao|genero_crime|genero_drama
6502;28 Days Later (2002);Action|Horror|Sci-Fi;2002;58;3,9741379310344827;4,0;0,7803643649249797;2004-07-26 20:25:56+00:00;2018-08-31 09:54:36+00:00;3;periodo_2000_2009;avaliacao_media;popularidade_alta;genero_acao|genero_terror|genero_ficcao_cientifica
6503;Charlie's Angels: Full Throttle (2003);Action|Adventure|Comedy|Crime|Thriller;2003;27;2,3703703703703702;2,5;1,1316478165165966;2003-07-02 20:33:57+00:00;2018-01-16 23:05:39+00:00;5;periodo_2000_2009;avaliacao_baixa;popularidade_media;genero_acao|genero_aventura|genero_comedia|genero_crime|genero_suspense
6534;Hulk (2003);Action|Adventure|Sci-Fi;2003;33;2,5606060606060606;3,0;1,0440125100841087;2003-08-11 23:27:28+00:00;2018-09-17 04:26:18+00:00;3;periodo_2000_2009;avaliacao_baixa;popularidade_media;genero_acao|genero_aventura|genero_ficcao_cientifica
6535;Legally Blonde 2: Red, White & Blonde (2003);Comedy;2003;11;2,409090909090909;2,5;1,0202495238465399;2004-07-23 15:15:01+00:00;2018-01-05 17:40:04+00:00;1;periodo_2000_2009;avaliacao_baixa;popularidade_media;genero_comedia
6536;Sinbad: Legend of the Seven Seas (2003);Adventure|Animation|Children|Fantasy;2003;6;3,6666666666666665;3,5;0,25819888974716104;2003-12-19 14:06:15+00:00;2016-04-04 16:39:55+00:00;4;periodo_2000_2009;avaliacao_media;popularidade_baixa;genero_aventura|genero_animacao|genero_infantil|genero_fantasia
6537;Terminator 3: Rise of the Machines (2003);Action|Adventure|Sci-Fi;2003;45;3,0444444444444443;3,0;0,8843476166478357;2003-07-28 21:23:31+00:00;2018-09-17 04:20:14+00:00;3;periodo_2000_2009;avaliacao_media;popularidade_media;genero_acao|genero_aventura|genero_ficcao_cientifica
6538;Swimming Pool (2003);Drama|Mystery|Thriller;2003;5;3,6;3,5;0,6519202405202649;2003-07-17 15:48:16+00:00;2009-03-23 23:47:13+00:00;3;periodo_2000_2009;avaliacao_media;popularidade_baixa;genero_drama|genero_misterio|genero_suspense
6539;Pirates of the Caribbean: The Curse of the Black Pearl (2003);Action|Adventure|Comedy|Fantasy;2003;149;3,778523489932886;4,0;0,8329825732570284;2003-07-19 16:07:39+00:00;2018-09-17 04:14:37+00:00;4;periodo_2000_2009;avaliacao_media;popularidade_alta;genero_acao|genero_aventura|genero_comedia|genero_fantasia
6541;League of Extraordinary Gentlemen, The (a.k.a. LXG) (2003);Action|Fantasy|Sci-Fi;2003;32;2,625;3,0;1,0080322575483707;2003-09-20 06:29:58+00:00;2018-09-17 04:27:40+00:00;3;periodo_2000_2009;avaliacao_baixa;popularidade_media;genero_acao|genero_fantasia|genero_ficcao_cientifica
6548;Bad Boys II (2003);Action|Comedy|Crime|Thriller;2003;17;2,8823529411764706;3,0;1,21872643265298;2004-03-07 08:39:24+00:00;2018-01-16 23:06:41+00:00;4;periodo_2000_2009;avaliacao_baixa;popularidade_media;genero_acao|genero_comedia|genero_crime|genero_suspense
6550;Johnny English (2003);Action|Comedy|Thriller;2003;13;2,9615384615384617;3,5;1,3301243435223524;2003-07-28 21:24:15+00:00;2018-03-07 07:44:33+00:00;3;periodo_2000_2009;avaliacao_baixa;popularidade_media;genero_acao|genero_comedia|genero_suspense
6552;Dirty Pretty Things (2002);Crime|Drama|Thriller;2002;12;3,625;3,75;0,678400525299968;2003-09-15 16:52:43+00:00;2009-12-21 02:52:32+00:00;3;periodo_2000_2009;avaliacao_media;popularidade_media;genero_crime|genero_drama|genero_suspense
6564;Lara Croft Tomb Raider: The Cradle of Life (2003);Action|Adventure|Comedy|Romance|Thriller;2003;17;2,6470588235294117;3,0;0,9963167462326072;2003-09-15 17:16:47+00:00;2018-05-05 21:05:28+00:00;5;periodo_2000_2009;avaliacao_baixa;popularidade_media;genero_acao|genero_aventura|genero_comedia|genero_romance|genero_suspense
6565;Seabiscuit (2003);Drama;2003;18;3,6944444444444446;3,75;0,6216413021162059;2003-08-07 20:39:40+00:00;2017-06-26 23:00:12+00:00;1;periodo_2000_2009;avaliacao_media;popularidade_media;genero_drama
6586;American Wedding (American Pie 3) (2003);Comedy;2003;16;3,09375;3,25;0,8605957239029253;2003-12-01 03:48:42+00:00;2018-03-07 07:41:09+00:00;1;periodo_2000_2009;avaliacao_media;popularidade_media;genero_comedia
6591;Magdalene Sisters, The (2002);Drama;2002;6;4,333333333333333;4,25;0,6055300708194985;2003-10-12 18:36:35+00:00;2015-07-14 18:33:27+00:00;1;periodo_2000_2009;avaliacao_alta;popularidade_baixa;genero_drama
6593;Freaky Friday (2003);Children|Comedy|Fantasy;2003;24;3,2083333333333335;3,25;0,6580053301400783;2003-12-18 11:17:29+00:00;2018-01-05 17:17:28+00:00;3;periodo_2000_2009;avaliacao_media;popularidade_media;genero_infantil|genero_comedia|genero_fantasia
6595;S.W.A.T. (2003);Action|Thriller;2003;14;3,3214285714285716;3,5;0,7234304723687331;2003-09-18 18:17:45+00:00;2017-05-03 21:38:25+00:00;2;periodo_2000_2009;avaliacao_media;popularidade_media;genero_acao|genero_suspense
6615;Freddy vs. Jason (2003);Action|Horror|Thriller;2003;9;2,3333333333333335;2,5;0,8660254037844387;2007-01-04 21:04:57+00:00;2017-06-26 22:23:29+00:00;3;periodo_2000_2009;avaliacao_baixa;popularidade_baixa;genero_acao|genero_terror|genero_suspense
6617;Open Range (2003);Western;2003;9;3,9444444444444446;4,0;0,46398036356916855;2003-08-24 14:07:26+00:00;2017-05-03 22:19:24+00:00;1;periodo_2000_2009;avaliacao_media;popularidade_baixa;genero_faroeste
6618;Shaolin Soccer (Siu lam juk kau) (2001);Action|Comedy;2001;17;3,823529411764706;4,0;0,7276068751089989;2005-01-13 22:06:06+00:00;2017-06-26 22:33:47+00:00;2;periodo_2000_2009;avaliacao_media;popularidade_media;genero_acao|genero_comedia
6619;Uptown Girls (2003);Comedy;2003;6;2,9166666666666665;3,0;1,2006942436218584;2004-05-23 22:59:23+00:00;2016-12-11 16:42:30+00:00;1;periodo_2000_2009;avaliacao_baixa;popularidade_baixa;genero_comedia
6620;American Splendor (2003);Comedy|Drama;2003;18;3,8333333333333335;4,0;0,954863710632231;2003-09-25 00:39:04+00:00;2017-06-26 22:52:28+00:00;2;periodo_2000_2009;avaliacao_media;popularidade_media;genero_comedia|genero_drama
6624;Agent Cody Banks (2003);Action|Adventure|Children|Fantasy;2003;5;1,9;2,0;0,8944271909999159;2003-09-11 09:56:50+00:00;2015-07-02 11:39:08+00:00;4;periodo_2000_2009;avaliacao_baixa;popularidade_baixa;genero_acao|genero_aventura|genero_infantil|genero_fantasia
6639;Wait Until Dark (1967);Drama|Thriller;1967;7;3,4285714285714284;4,0;1,3047532151257388;2004-06-21 15:31:11+00:00;2018-08-11 00:00:14+00:00;2;periodo_1950_1969;avaliacao_media;popularidade_baixa;genero_drama|genero_suspense
6645;THX 1138 (1971);Action|Adventure|Drama|Sci-Fi;1971;7;3,7857142857142856;4,0;0,6986381310057719;2003-09-11 09:56:01+00:00;2017-06-26 17:50:24+00:00;4;periodo_1970_1989;avaliacao_media;popularidade_baixa;genero_acao|genero_aventura|genero_drama|genero_ficcao_cientifica
6659;Tremors (1990);Comedy|Horror|Sci-Fi;1990;16;3,4375;3,5;1,0626225419530053;2003-09-21 14:26:11+00:00;2017-08-03 19:03:37+00:00;3;periodo_1990_1999;avaliacao_media;popularidade_media;genero_comedia|genero_terror|genero_ficcao_cientifica
6662;Pink Panther, The (1963);Comedy|Crime;1963;11;3,4545454545454546;3,5;0,5222329678670934;2003-09-21 14:26:16+00:00;2018-02-20 15:18:21+00:00;2;periodo_1950_1969;avaliacao_media;popularidade_media;genero_comedia|genero_crime
6663;Pink Panther Strikes Again, The (1976);Comedy|Crime;1976;5;3,4;3,5;0,4183300132670378;2003-09-21 14:26:19+00:00;2017-12-25 22:06:10+00:00;2;periodo_1970_1989;avaliacao_media;popularidade_baixa;genero_comedia|genero_crime
6664;Commando (1985);Action|Adventure;1985;6;3,5;3,25;0,7745966692414834;2007-02-18 19:52:34+00:00;2017-09-26 02:56:02+00:00;2;periodo_1970_1989;avaliacao_media;popularidade_baixa;genero_acao|genero_aventura
6666;Discreet Charm of the Bourgeoisie, The (Charme discret de la bourgeoisie, Le) (1972);Comedy|Drama|Fantasy;1972;5;4,3;4,5;0,758287544405155;2004-09-11 04:30:52+00:00;2018-03-07 07:45:42+00:00;3;periodo_1970_1989;avaliacao_alta;popularidade_baixa;genero_comedia|genero_drama|genero_fantasia
6669;Ikiru (1952);Drama;1952;6;3,4166666666666665;3,75;1,241638702145945;2005-06-02 16:21:32+00:00;2018-05-02 18:36:47+00:00;1;periodo_1950_1969;avaliacao_media;popularidade_baixa;genero_drama
6686;Medallion, The (2003);Action|Comedy|Crime|Fantasy;2003;5;2,7;3,0;1,717556403731767;2004-05-13 16:59:28+00:00;2018-03-07 07:51:55+00:00;4;periodo_2000_2009;avaliacao_baixa;popularidade_baixa;genero_acao|genero_comedia|genero_crime|genero_fantasia
6702;Dickie Roberts: Former Child Star (2003);Comedy;2003;5;2,3;2,5;1,151086443322134;2003-12-01 03:41:44+00:00;2016-06-18 19:26:51+00:00;1;periodo_2000_2009;avaliacao_baixa;popularidade_baixa;genero_comedia
6707;Cabin Fever (2002);Horror|Thriller;2002;8;2,875;3,25;1,093813773650968;2005-04-05 16:08:24+00:00;2017-05-11 19:16:44+00:00;2;periodo_2000_2009;avaliacao_baixa;popularidade_baixa;genero_terror|genero_suspense
6708;Matchstick Men (2003);Comedy|Crime|Drama;2003;34;3,7205882352941178;3,5;0,5798533836445764;2003-09-15 16:51:11+00:00;2017-09-02 00:01:09+00:00;3;periodo_2000_2009;avaliacao_media;popularidade_media;genero_comedia|genero_crime|genero_drama
6709;Once Upon a Time in Mexico (2003);Action|Adventure|Crime|Thriller;2003;14;3,2142857142857144;3,0;0,6419407387663694;2003-09-21 18:46:11+00:00;2018-02-20 11:40:39+00:00;4;periodo_2000_2009;avaliacao_media;popularidade_media;genero_acao|genero_aventura|genero_crime|genero_suspense
6711;Lost in Translation (2003);Comedy|Drama|Romance;2003;74;4,033783783783784;4,0;0,7865786895167737;2003-10-26 21:09:43+00:00;2018-09-17 04:16:08+00:00;3;periodo_2000_2009;avaliacao_alta;popularidade_alta;genero_comedia|genero_drama|genero_romance
6713;Millennium Actress (Sennen joyû) (2001);Animation|Drama|Romance;2001;5;3,8;4,0;0,9082951062292476;2004-02-06 20:34:52+00:00;2008-01-10 19:25:33+00:00;3;periodo_2000_2009;avaliacao_media;popularidade_baixa;genero_animacao|genero_drama|genero_romance
6721;Once Upon a Time in China (Wong Fei Hung) (1991);Action|Adventure|Drama;1991;7;3,357142857142857;3,0;0,8017837257372732;2005-01-14 00:58:25+00:00;2018-02-20 11:53:25+00:00;3;periodo_1990_1999;avaliacao_media;popularidade_baixa;genero_acao|genero_aventura|genero_drama
6724;Paper Moon (1973);Comedy|Crime|Drama;1973;5;3,6;3,5;0,41833001326703784;2005-06-28 18:48:56+00:00;2009-03-24 01:41:54+00:00;3;periodo_1970_1989;avaliacao_media;popularidade_baixa;genero_comedia|genero_crime|genero_drama
6731;Day of the Dead (1985);Horror|Sci-Fi|Thriller;1985;8;3,625;3,5;1,026436275942851;2005-04-05 14:51:14+00:00;2017-06-26 19:22:12+00:00;3;periodo_1970_1989;avaliacao_media;popularidade_baixa;genero_terror|genero_ficcao_cientifica|genero_suspense
6753;Secondhand Lions (2003);Children|Comedy|Drama;2003;12;3,5;3,5;0,5640760748177662;2003-11-04 23:00:59+00:00;2015-06-28 21:04:42+00:00;3;periodo_2000_2009;avaliacao_media;popularidade_media;genero_infantil|genero_comedia|genero_drama
6754;Underworld (2003);Action|Fantasy|Horror;2003;33;3,5;3,5;0,7288689868556626;2003-09-30 17:06:21+00:00;2018-09-17 04:27:26+00:00;3;periodo_2000_2009;avaliacao_media;popularidade_media;genero_acao|genero_fantasia|genero_terror
6755;Bubba Ho-tep (2002);Comedy|Horror;2002;14;3,3214285714285716;3,5;0,7495419846901086;2004-04-25 17:32:23+00:00;2017-06-26 23:06:36+00:00;2;periodo_2000_2009;avaliacao_media;popularidade_media;genero_comedia|genero_terror
6763;Duplex (2003);Comedy|Crime;2003;7;2,4285714285714284;2,0;1,2724180205607034;2007-02-21 03:54:53+00:00;2016-03-30 20:17:25+00:00;2;periodo_2000_2009;avaliacao_baixa;popularidade_baixa;genero_comedia|genero_crime
6764;Rundown, The (2003);Action|Adventure|Comedy;2003;17;3,1470588235294117;3,0;0,701888209634219;2004-04-04 23:02:26+00:00;2018-08-24 15:41:46+00:00;3;periodo_2000_2009;avaliacao_media;popularidade_media;genero_acao|genero_aventura|genero_comedia
6765;Under the Tuscan Sun (2003);Comedy|Drama|Romance;2003;9;3,2777777777777777;3,0;0,8700255424092125;2004-03-15 00:28:47+00:00;2017-05-31 05:56:28+00:00;3;periodo_2000_2009;avaliacao_media;popularidade_baixa;genero_comedia|genero_drama|genero_romance
6773;Triplets of Belleville, The (Les triplettes de Belleville) (2003);Animation|Comedy|Fantasy;2003;22;3,7045454545454546;3,5;0,5907842025866756;2003-12-28 00:34:34+00:00;2017-12-25 22:00:53+00:00;3;periodo_2000_2009;avaliacao_media;popularidade_media;genero_animacao|genero_comedia|genero_fantasia
6774;Videodrome (1983);Fantasy|Horror|Sci-Fi|Thriller;1983;8;3,6875;3,5;0,6512350903146595;2003-10-09 00:40:59+00:00;2017-06-27 01:46:21+00:00;4;periodo_1970_1989;avaliacao_media;popularidade_baixa;genero_fantasia|genero_terror|genero_ficcao_cientifica|genero_suspense
6777;Judgment at Nuremberg (1961);Drama;1961;5;3,6;3,5;0,6519202405202649;2003-09-21 19:18:11+00:00;2015-11-03 17:41:52+00:00;1;periodo_1950_1969;avaliacao_media;popularidade_baixa;genero_drama
6787;All the President's Men (1976);Drama|Thriller;1976;27;4,018518518518518;4,0;0,4489620825492411;2003-09-21 19:17:42+00:00;2018-08-12 04:29:22+00:00;2;periodo_1970_1989;avaliacao_alta;popularidade_media;genero_drama|genero_suspense
6791;Babette's Feast (Babettes gæstebud) (1987);Drama;1987;5;4,4;4,5;0,6519202405202649;2003-09-21 19:17:51+00:00;2018-02-20 08:51:31+00:00;1;periodo_1970_1989;avaliacao_alta;popularidade_baixa;genero_drama
6793;Beethoven (1992);Children|Comedy|Drama;1992;11;1,7727272727272727;1,5;1,1481209945740989;2004-09-13 23:55:26+00:00;2018-05-05 20:38:25+00:00;3;periodo_1990_1999;avaliacao_baixa;popularidade_media;genero_infantil|genero_comedia|genero_drama
6794;Beethoven's 2nd (1993);Children|Comedy;1993;5;1,5;1,5;1,0606601717798212;2007-02-21 02:12:13+00:00;2017-05-06 02:05:44+00:00;2;periodo_1990_1999;avaliacao_baixa;popularidade_baixa;genero_infantil|genero_comedia
6796;Boyz N the Hood (1991);Crime|Drama;1991;18;3,7222222222222223;3,75;0,7900525340355208;2003-11-23 19:06:52+00:00;2012-07-14 19:39:18+00:00;2;periodo_1990_1999;avaliacao_media;popularidade_media;genero_crime|genero_drama
6807;Monty Python's The Meaning of Life (1983);Comedy;1983;40;3,95;4,0;0,7662763778033923;2003-10-10 15:33:49+00:00;2017-12-25 21:54:46+00:00;1;periodo_1970_1989;avaliacao_media;popularidade_media;genero_comedia
6810;Sleeping with the Enemy (1991);Drama|Thriller;1991;5;2,5;2,5;1,0606601717798212;2003-09-30 17:10:16+00:00;2018-02-20 15:56:50+00:00;2;periodo_1990_1999;avaliacao_baixa;popularidade_baixa;genero_drama|genero_suspense
6811;PCU (1994);Comedy;1994;5;2,5;3,0;0,9354143466934853;2003-10-10 15:36:04+00:00;2018-02-22 06:03:40+00:00;1;periodo_1990_1999;avaliacao_baixa;popularidade_baixa;genero_comedia
6820;Ginger Snaps (2000);Drama|Horror|Thriller;2000;6;4,0;4,0;0,5477225575051661;2003-09-29 13:25:48+00:00;2017-05-03 21:50:24+00:00;3;periodo_2000_2009;avaliacao_alta;popularidade_baixa;genero_drama|genero_terror|genero_suspense
6832;Regarding Henry (1991);Drama;1991;5;3,6;3,5;0,41833001326703784;2003-10-10 15:36:42+00:00;2017-06-27 00:35:47+00:00;1;periodo_1990_1999;avaliacao_media;popularidade_baixa;genero_drama
6857;Ninja Scroll (Jûbei ninpûchô) (1995);Action|Adventure|Animation|Fantasy;1995;13;3,769230769230769;4,0;0,9919548170024474;2003-10-20 16:23:36+00:00;2017-06-26 17:45:46+00:00;4;periodo_1990_1999;avaliacao_media;popularidade_media;genero_acao|genero_aventura|genero_animacao|genero_fantasia
6863;School of Rock (2003);Comedy|Musical;2003;66;3,4015151515151514;3,5;0,7806294155246039;2003-11-23 19:04:09+00:00;2018-09-17 04:18:39+00:00;2;periodo_2000_2009;avaliacao_media;popularidade_alta;genero_comedia|genero_musical
6867;Station Agent, The (2003);Comedy|Drama;2003;12;3,5833333333333335;4,0;0,8483495563132981;2003-11-17 15:12:13+00:00;2017-06-27 00:48:30+00:00;2;periodo_2000_2009;avaliacao_media;popularidade_media;genero_comedia|genero_drama
6868;Wonderland (2003);Crime|Drama|Mystery|Thriller;2003;7;3,4285714285714284;3,5;0,7319250547114;2004-09-18 00:03:22+00:00;2013-05-18 16:54:15+00:00;4;periodo_2000_2009;avaliacao_media;popularidade_baixa;genero_crime|genero_drama|genero_misterio|genero_suspense
6870;Mystic River (2003);Crime|Drama|Mystery;2003;52;3,7115384615384617;4,0;0,8185721298853497;2003-12-22 04:11:01+00:00;2018-08-31 09:41:53+00:00;3;periodo_2000_2009;avaliacao_media;popularidade_alta;genero_crime|genero_drama|genero_misterio
6873;Intolerable Cruelty (2003);Comedy|Romance;2003;20;3,175;3,0;0,9770390284721969;2003-10-26 21:09:34+00:00;2017-06-27 01:50:43+00:00;2;periodo_2000_2009;avaliacao_media;popularidade_media;genero_comedia|genero_romance
6874;Kill Bill: Vol. 1 (2003);Action|Crime|Thriller;2003;131;3,9618320610687023;4,0;0,8426567889047459;2003-10-26 21:09:29+00:00;2018-09-17 04:14:50+00:00;3;periodo_2000_2009;avaliacao_media;popularidade_alta;genero_acao|genero_crime|genero_suspense
6879;Runaway Jury (2003);Drama|Thriller;2003;17;3,4411764705882355;3,5;0,4637602068006317;2003-11-04 23:01:07+00:00;2018-01-05 17:11:12+00:00;2;periodo_2000_2009;avaliacao_media;popularidade_media;genero_drama|genero_suspense
6880;Texas Chainsaw Massacre, The (2003);Horror;2003;7;1,8571428571428572;2,0;1,2149857925879117;2004-09-29 01:30:08+00:00;2017-05-06 11:53:47+00:00;1;periodo_2000_2009;avaliacao_baixa;popularidade_baixa;genero_terror
6881;Pieces of April (2003);Comedy|Drama;2003;7;3,0714285714285716;3,5;1,3671311638052945;2004-02-15 06:21:36+00:00;2017-06-30 04:49:35+00:00;2;periodo_2000_2009;avaliacao_media;popularidade_baixa;genero_comedia|genero_drama
6887;Radio (2003);Drama;2003;5;4,1;4,0;0,5477225575051662;2004-03-16 21:28:47+00:00;2016-04-11 03:49:31+00:00;1;periodo_2000_2009;avaliacao_alta;popularidade_baixa;genero_drama
6888;Scary Movie 3 (2003);Comedy|Horror;2003;20;2,275;2,25;1,312640969873131;2004-05-14 07:25:40+00:00;2018-01-16 22:22:48+00:00;2;periodo_2000_2009;avaliacao_baixa;popularidade_media;genero_comedia|genero_terror
6890;Elephant (2003);Drama;2003;9;3,5555555555555554;3,5;0,7264831572567789;2003-12-05 15:30:28+00:00;2017-06-27 00:06:14+00:00;1;periodo_2000_2009;avaliacao_media;popularidade_baixa;genero_drama
6893;Italian Job, The (1969);Action|Comedy|Crime;1969;10;3,85;4,0;0,7472170590486631;2003-10-13 18:24:37+00:00;2013-09-10 21:54:52+00:00;3;periodo_1950_1969;avaliacao_media;popularidade_media;genero_acao|genero_comedia|genero_crime
6932;Shattered Glass (2003);Crime|Drama;2003;7;3,5;3,5;1,1547005383792515;2003-12-16 23:03:23+00:00;2017-06-26 22:39:07+00:00;2;periodo_2000_2009;avaliacao_media;popularidade_baixa;genero_crime|genero_drama
6934;Matrix Revolutions, The (2003);Action|Adventure|Sci-Fi|Thriller|IMAX;2003;79;3,151898734177215;3,5;1,1445367173254293;2003-11-14 20:02:43+00:00;2018-08-31 09:40:02+00:00;5;periodo_2000_2009;avaliacao_media;popularidade_alta;genero_acao|genero_aventura|genero_ficcao_cientifica|genero_suspense|genero_imax
6936;Elf (2003);Children|Comedy|Fantasy;2003;39;3,6923076923076925;3,5;0,7488182322428263;2003-12-01 03:41:04+00:00;2018-09-17 04:25:01+00:00;3;periodo_2000_2009;avaliacao_media;popularidade_media;genero_infantil|genero_comedia|genero_fantasia
6942;Love Actually (2003);Comedy|Drama|Romance;2003;59;3,788135593220339;4,0;0,8818250561042983;2003-11-15 19:46:35+00:00;2018-08-31 09:41:03+00:00;3;periodo_2000_2009;avaliacao_media;popularidade_alta;genero_comedia|genero_drama|genero_romance
6944;Father of the Bride (1991);Comedy;1991;13;3,5;4,0;1,0606601717798214;2003-11-17 15:46:56+00:00;2018-08-11 00:59:28+00:00;1;periodo_1990_1999;avaliacao_media;popularidade_media;genero_comedia
6947;Master and Commander: The Far Side of the World (2003);Adventure|Drama|War;2003;36;3,638888888888889;3,5;0,9072022227793939;2003-12-01 14:38:34+00:00;2018-02-26 09:32:25+00:00;3;periodo_2000_2009;avaliacao_media;popularidade_media;genero_aventura|genero_drama|genero_guerra
6951;Cat in the Hat, The (2003);Children|Comedy;2003;5;2,1;2,5;0,9617692030835673;2005-03-07 21:18:55+00:00;2017-02-24 17:07:19+00:00;2;periodo_2000_2009;avaliacao_baixa;popularidade_baixa;genero_infantil|genero_comedia
6952;Gothika (2003);Horror|Thriller;2003;9;3,111111111111111;3,0;1,2190615698606495;2007-01-03 22:03:50+00:00;2018-01-16 22:28:09+00:00;2;periodo_2000_2009;avaliacao_media;popularidade_baixa;genero_terror|genero_suspense
6953;21 Grams (2003);Crime|Drama|Mystery|Romance|Thriller;2003;25;3,3;3,5;0,8164965809277259;2003-12-15 16:27:43+00:00;2016-05-05 18:45:01+00:00;5;periodo_2000_2009;avaliacao_media;popularidade_media;genero_crime|genero_drama|genero_misterio|genero_romance|genero_suspense
6957;Bad Santa (2003);Comedy|Crime;2003;26;3,3653846153846154;3,75;1,179471850513545;2004-06-23 12:54:50+00:00;2018-01-16 22:20:30+00:00;2;periodo_2000_2009;avaliacao_media;popularidade_media;genero_comedia|genero_crime
6958;Haunted Mansion, The (2003);Children|Comedy|Fantasy|Horror;2003;10;2,5;2,25;0,7453559924999299;2004-05-14 07:24:56+00:00;2018-03-07 07:47:56+00:00;4;periodo_2000_2009;avaliacao_baixa;popularidade_media;genero_infantil|genero_comedia|genero_fantasia|genero_terror
6974;Freshman, The (1990);Comedy|Crime;1990;6;3,0;3,0;0,5477225575051661;2003-12-01 13:53:33+00:00;2017-06-26 22:37:26+00:00;2;periodo_1990_1999;avaliacao_media;popularidade_baixa;genero_comedia|genero_crime
6975;Funny Games (1997);Drama|Horror|Thriller;1997;5;3,2;3,5;1,5652475842498528;2005-02-21 01:52:04+00:00;2018-02-07 11:15:59+00:00;3;periodo_1990_1999;avaliacao_media;popularidade_baixa;genero_drama|genero_terror|genero_suspense
6979;WarGames (1983);Drama|Sci-Fi|Thriller;1983;21;3,3095238095238093;3,5;0,7660970969170695;2003-12-01 13:53:30+00:00;2018-08-11 02:15:31+00:00;3;periodo_1970_1989;avaliacao_media;popularidade_media;genero_drama|genero_ficcao_cientifica|genero_suspense
6985;Passion of Joan of Arc, The (Passion de Jeanne d'Arc, La) (1928);Drama;1928;5;3,9;4,0;0,8215838362577491;2004-09-07 13:16:05+00:00;2015-11-03 17:38:11+00:00;1;periodo_antes_1950;avaliacao_media;popularidade_baixa;genero_drama
6987;Cabinet of Dr. Caligari, The (Cabinet des Dr. Caligari., Das) (1920);Crime|Fantasy|Horror;1920;7;3,857142857142857;3,5;0,8521681032463466;2005-02-26 09:33:57+00:00;2018-07-21 23:02:34+00:00;3;periodo_antes_1950;avaliacao_media;popularidade_baixa;genero_crime|genero_fantasia|genero_terror
6993;Hannah and Her Sisters (1986);Comedy|Drama|Romance;1986;13;3,769230769230769;4,0;1,1294427943198477;2004-01-18 10:11:23+00:00;2012-09-26 02:48:33+00:00;3;periodo_1970_1989;avaliacao_media;popularidade_media;genero_comedia|genero_drama|genero_romance
6996;Highlander II: The Quickening (1991);Action|Sci-Fi;1991;7;1,8571428571428572;1,5;1,0690449676496976;2004-01-18 11:01:13+00:00;2018-02-21 17:23:00+00:00;2;periodo_1990_1999;avaliacao_baixa;popularidade_baixa;genero_acao|genero_ficcao_cientifica
7001;Invasion of the Body Snatchers (1978);Horror|Mystery|Sci-Fi|Thriller;1978;6;3,75;3,75;0,758287544405155;2006-09-22 23:36:48+00:00;2017-05-06 15:12:31+00:00;4;periodo_1970_1989;avaliacao_media;popularidade_baixa;genero_terror|genero_misterio|genero_ficcao_cientifica|genero_suspense
7004;Kindergarten Cop (1990);Action|Comedy|Crime|Thriller;1990;17;2,8823529411764706;3,0;0,8755250525525005;2003-12-01 13:52:37+00:00;2017-06-26 18:25:05+00:00;4;periodo_1990_1999;avaliacao_baixa;popularidade_media;genero_acao|genero_comedia|genero_crime|genero_suspense
7007;Last Boy Scout, The (1991);Action|Comedy|Crime|Drama|Thriller;1991;8;3,5;3,75;0,9258200997725513;2004-01-18 10:59:33+00:00;2017-04-02 01:05:34+00:00;5;periodo_1990_1999;avaliacao_media;popularidade_baixa;genero_acao|genero_comedia|genero_crime|genero_drama|genero_suspense
7008;Last Tango in Paris (Ultimo tango a Parigi) (1972);Drama|Romance;1972;5;4,5;5,0;0,7071067811865476;2004-09-08 12:29:23+00:00;2016-09-19 14:16:16+00:00;2;periodo_1970_1989;avaliacao_alta;popularidade_baixa;genero_drama|genero_romance
7013;Night of the Hunter, The (1955);Drama|Film-Noir|Thriller;1955;7;4,0;4,0;0,5;2003-12-01 13:53:02+00:00;2011-03-23 15:28:29+00:00;3;periodo_1950_1969;avaliacao_alta;popularidade_baixa;genero_drama|genero_film_noir|genero_suspense
7018;Presumed Innocent (1990);Crime|Drama|Thriller;1990;5;3,9;3,5;1,08397416943394;2003-12-01 13:52:29+00:00;2017-02-11 23:02:31+00:00;3;periodo_1990_1999;avaliacao_media;popularidade_baixa;genero_crime|genero_drama|genero_suspense
7022;Battle Royale (Batoru rowaiaru) (2000);Action|Drama|Horror|Thriller;2000;30;3,933333333333333;4,0;0,8380327264341845;2004-02-02 17:18:36+00:00;2018-01-16 19:52:03+00:00;4;periodo_2000_2009;avaliacao_media;popularidade_media;genero_acao|genero_drama|genero_terror|genero_suspense
7027;Silverado (1985);Action|Western;1985;5;3,2;3,5;0,9082951062292476;2004-08-29 02:48:17+00:00;2018-02-21 17:02:42+00:00;2;periodo_1970_1989;avaliacao_media;popularidade_baixa;genero_acao|genero_faroeste
7028;Quick Change (1990);Comedy|Crime;1990;7;3,5714285714285716;4,0;0,7319250547113999;2004-08-29 02:42:20+00:00;2018-02-22 09:35:51+00:00;2;periodo_1990_1999;avaliacao_media;popularidade_baixa;genero_comedia|genero_crime
7034;Show Me Love (Fucking Åmål) (1998);Drama|Romance;1998;8;3,8125;3,75;0,8425090080061035;2004-02-16 02:23:16+00:00;2017-11-24 16:30:49+00:00;2;periodo_1990_1999;avaliacao_media;popularidade_baixa;genero_drama|genero_romance
7036;Teen Wolf (1985);Comedy|Fantasy;1985;7;3,142857142857143;3,0;0,8997354108424372;2003-12-01 13:52:35+00:00;2012-01-16 04:27:02+00:00;2;periodo_1970_1989;avaliacao_media;popularidade_baixa;genero_comedia|genero_fantasia
7044;Wild at Heart (1990);Crime|Drama|Mystery|Romance|Thriller;1990;5;3,8;4,0;0,8366600265340756;2004-09-11 04:08:37+00:00;2017-05-22 17:56:06+00:00;5;periodo_1990_1999;avaliacao_media;popularidade_baixa;genero_crime|genero_drama|genero_misterio|genero_romance|genero_suspense
7046;Witches of Eastwick, The (1987);Comedy|Fantasy|Horror|Thriller;1987;11;2,5;2,5;1,3416407864998738;2004-01-18 10:56:50+00:00;2018-02-20 15:23:26+00:00;4;periodo_1970_1989;avaliacao_baixa;popularidade_media;genero_comedia|genero_fantasia|genero_terror|genero_suspense
7063;Aguirre: The Wrath of God (Aguirre, der Zorn Gottes) (1972);Adventure|Drama;1972;8;4,0;4,0;0,6546536707079771;2005-01-28 02:59:45+00:00;2018-01-31 19:14:35+00:00;2;periodo_1970_1989;avaliacao_alta;popularidade_baixa;genero_aventura|genero_drama
7064;Beauty and the Beast (La belle et la bête) (1946);Drama|Fantasy;1946;6;3,25;3,5;0,689202437604511;2005-01-31 09:40:11+00:00;2015-07-01 03:02:01+00:00;2;periodo_antes_1950;avaliacao_media;popularidade_baixa;genero_drama|genero_fantasia
7076;Bullitt (1968);Action|Crime|Drama|Thriller;1968;8;3,875;4,0;0,5824823725107174;2004-01-09 20:55:42+00:00;2017-10-19 18:07:13+00:00;4;periodo_1950_1969;avaliacao_media;popularidade_baixa;genero_acao|genero_crime|genero_drama|genero_suspense
7090;Hero (Ying xiong) (2002);Action|Adventure|Drama;2002;38;3,9210526315789473;4,0;0,7580764757601938;2004-02-02 17:18:57+00:00;2017-06-27 01:07:11+00:00;3;periodo_2000_2009;avaliacao_media;popularidade_media;genero_acao|genero_aventura|genero_drama
7099;Nausicaä of the Valley of the Wind (Kaze no tani no Naushika) (1984);Adventure|Animation|Drama|Fantasy|Sci-Fi;1984;23;4,0;4,5;1,0444659357341868;2005-01-31 09:24:31+00:00;2017-06-26 23:27:22+00:00;5;periodo_1970_1989;avaliacao_alta;popularidade_media;genero_aventura|genero_animacao|genero_drama|genero_fantasia|genero_ficcao_cientifica
7101;Doc Hollywood (1991);Comedy|Romance;1991;6;3,0;2,75;0,632455532033676;2004-01-18 10:54:19+00:00;2017-06-26 21:50:06+00:00;2;periodo_1990_1999;avaliacao_media;popularidade_baixa;genero_comedia|genero_romance
7115;Deep Red (Profondo rosso) (1975);Horror|Mystery|Thriller;1975;5;2,6;2,5;1,3416407864998738;2005-02-21 01:52:32+00:00;2016-11-19 08:40:25+00:00;3;periodo_1970_1989;avaliacao_baixa;popularidade_baixa;genero_terror|genero_misterio|genero_suspense
7117;Leprechaun (1993);Comedy|Horror;1993;5;2,3;2,0;1,2549900398011133;2005-03-07 21:31:10+00:00;2017-06-27 01:31:22+00:00;2;periodo_1990_1999;avaliacao_baixa;popularidade_baixa;genero_comedia|genero_terror
7123;Naked Lunch (1991);Drama|Fantasy|Mystery|Sci-Fi;1991;9;3,4444444444444446;3,5;0,8457409637576849;2004-02-03 09:37:11+00:00;2016-12-13 07:32:03+00:00;4;periodo_1990_1999;avaliacao_media;popularidade_baixa;genero_drama|genero_fantasia|genero_misterio|genero_ficcao_cientifica
7132;Night at the Opera, A (1935);Comedy|Musical|Romance;1935;9;4,111111111111111;4,0;0,5464532103585;2005-07-24 06:32:50+00:00;2015-09-25 17:10:26+00:00;3;periodo_antes_1950;avaliacao_alta;popularidade_baixa;genero_comedia|genero_musical|genero_romance
7137;Cooler, The (2003);Comedy|Drama|Romance;2003;10;3,55;3,5;0,4972144630058766;2004-01-13 15:05:30+00:00;2017-06-26 23:04:30+00:00;3;periodo_2000_2009;avaliacao_media;popularidade_media;genero_comedia|genero_drama|genero_romance
7139;In America (2002);Drama|Romance;2002;7;3,857142857142857;4,0;0,6900655593423543;2004-02-27 19:13:08+00:00;2012-02-23 07:54:38+00:00;2;periodo_2000_2009;avaliacao_media;popularidade_baixa;genero_drama|genero_romance
7143;Last Samurai, The (2003);Action|Adventure|Drama|War;2003;62;3,903225806451613;4,0;0,5925681096456432;2003-12-15 16:27:57+00:00;2018-09-17 04:17:38+00:00;4;periodo_2000_2009;avaliacao_media;popularidade_alta;genero_acao|genero_aventura|genero_drama|genero_guerra
7147;Big Fish (2003);Drama|Fantasy|Romance;2003;69;3,8333333333333335;4,0;0,9419420905558814;2004-01-15 17:06:07+00:00;2018-08-21 23:08:11+00:00;3;periodo_2000_2009;avaliacao_media;popularidade_alta;genero_drama|genero_fantasia|genero_romance
7149;Something's Gotta Give (2003);Comedy|Drama|Romance;2003;17;3,6470588235294117;4,0;0,6792621429341763;2003-12-22 04:05:06+00:00;2018-01-05 17:58:14+00:00;3;periodo_2000_2009;avaliacao_media;popularidade_media;genero_comedia|genero_drama|genero_romance
7150;Stuck on You (2003);Comedy;2003;10;2,8;3,0;1,0327955589886446;2004-05-05 12:50:55+00:00;2016-11-19 08:31:35+00:00;1;periodo_2000_2009;avaliacao_baixa;popularidade_media;genero_comedia
7151;Girl with a Pearl Earring (2003);Drama|Romance;2003;12;3,375;3,5;0,6440285143320343;2003-12-31 16:44:01+00:00;2017-03-01 20:02:53+00:00;2;periodo_2000_2009;avaliacao_media;popularidade_media;genero_drama|genero_romance
7153;Lord of the Rings: The Return of the King, The (2003);Action|Adventure|Drama|Fantasy;2003;185;4,118918918918919;4,0;0,849820261635236;2003-12-22 20:01:15+00:00;2018-09-17 04:14:07+00:00;4;periodo_2000_2009;avaliacao_alta;popularidade_alta;genero_acao|genero_aventura|genero_drama|genero_fantasia
7154;Mona Lisa Smile (2003);Drama|Romance;2003;10;2,8;3,0;1,085254706406647;2004-05-13 16:41:13+00:00;2016-02-13 21:31:27+00:00;2;periodo_2000_2009;avaliacao_baixa;popularidade_media;genero_drama|genero_romance
7155;Calendar Girls (2003);Comedy;2003;8;2,625;3,0;1,620185174601965;2004-01-24 16:02:12+00:00;2018-01-05 17:50:33+00:00;1;periodo_2000_2009;avaliacao_baixa;popularidade_baixa;genero_comedia
7156;Fog of War: Eleven Lessons from the Life of Robert S. McNamara, The (2003);Documentary|War;2003;13;4,3076923076923075;4,5;0,43485924631145223;2004-02-23 03:04:01+00:00;2018-07-30 23:40:23+00:00;2;periodo_2000_2009;avaliacao_alta;popularidade_media;genero_documentario|genero_guerra
7158;House of Sand and Fog (2003);Drama;2003;9;3,7777777777777777;4,0;0,5651941652604391;2004-01-04 19:57:52+00:00;2015-11-15 04:56:37+00:00;1;periodo_2000_2009;avaliacao_media;popularidade_baixa;genero_drama
7160;Monster (2003);Crime|Drama;2003;17;3,5294117647058822;3,5;0,8921635961823039;2004-06-04 17:25:37+00:00;2018-01-16 23:06:37+00:00;2;periodo_2000_2009;avaliacao_media;popularidade_media;genero_crime|genero_drama
7161;Cheaper by the Dozen (2003);Children|Comedy;2003;8;1,9375;2,0;0,9038607667745546;2004-06-15 15:54:39+00:00;2017-05-11 18:53:42+00:00;2;periodo_2000_2009;avaliacao_baixa;popularidade_baixa;genero_infantil|genero_comedia
7162;Cold Mountain (2003);Drama|Romance|War;2003;12;3,2916666666666665;3,5;0,98761267097926;2004-01-26 21:57:27+00:00;2017-02-24 16:35:40+00:00;3;periodo_2000_2009;avaliacao_media;popularidade_media;genero_drama|genero_romance|genero_guerra
7163;Paycheck (2003);Action|Sci-Fi|Thriller;2003;17;2,911764705882353;2,5;0,8702602720890289;2004-06-02 18:44:06+00:00;2017-05-06 11:51:36+00:00;3;periodo_2000_2009;avaliacao_baixa;popularidade_media;genero_acao|genero_ficcao_cientifica|genero_suspense
7164;Peter Pan (2003);Action|Adventure|Children|Fantasy;2003;6;3,0833333333333335;3,5;1,0684880283216405;2005-07-26 16:37:12+00:00;2015-07-04 07:45:12+00:00;4;periodo_2000_2009;avaliacao_media;popularidade_baixa;genero_acao|genero_aventura|genero_infantil|genero_fantasia
7169;Chasing Liberty (2004);Comedy|Romance;2004;8;3,9375;4,0;1,050085030570654;2005-01-11 20:07:59+00:00;2016-02-12 18:50:46+00:00;2;periodo_2000_2009;avaliacao_media;popularidade_baixa;genero_comedia|genero_romance
7173;Along Came Polly (2004);Comedy|Romance;2004;24;3,0416666666666665;3,0;0,9770927002733859;2004-01-26 16:43:14+00:00;2017-05-03 21:33:24+00:00;2;periodo_2000_2009;avaliacao_media;popularidade_media;genero_comedia|genero_romance
7234;Strada, La (1954);Drama;1954;6;4,25;4,5;0,6123724356957945;2005-03-21 13:46:55+00:00;2015-06-29 00:18:22+00:00;1;periodo_1950_1969;avaliacao_alta;popularidade_baixa;genero_drama
7235;Ichi the Killer (Koroshiya 1) (2001);Action|Comedy|Crime|Drama|Horror|Thriller;2001;6;3,4166666666666665;3,5;0,9174239296348589;2005-12-19 09:16:41+00:00;2017-06-27 00:08:10+00:00;6;periodo_2000_2009;avaliacao_media;popularidade_baixa;genero_acao|genero_comedia|genero_crime|genero_drama|genero_terror|genero_suspense
7247;Chitty Chitty Bang Bang (1968);Adventure|Children|Comedy|Fantasy|Musical;1968;11;3,4545454545454546;3,5;0,9862693712811286;2004-01-18 10:37:30+00:00;2018-05-28 21:19:37+00:00;5;periodo_1950_1969;avaliacao_media;popularidade_media;genero_aventura|genero_infantil|genero_comedia|genero_fantasia|genero_musical
7254;The Butterfly Effect (2004);Drama|Sci-Fi|Thriller;2004;46;3,630434782608696;4,0;1,0351316749771802;2004-02-02 14:53:17+00:00;2018-09-17 04:17:42+00:00;3;periodo_2000_2009;avaliacao_media;popularidade_media;genero_drama|genero_ficcao_cientifica|genero_suspense
7255;Win a Date with Tad Hamilton! (2004);Comedy|Romance;2004;8;2,8125;3,0;1,032939633141398;2004-12-06 05:25:16+00:00;2015-10-15 03:37:50+00:00;2;periodo_2000_2009;avaliacao_baixa;popularidade_baixa;genero_comedia|genero_romance
7256;Touching the Void (2003);Adventure|Documentary;2003;8;4,0;4,0;0,5976143046671968;2004-06-21 14:10:16+00:00;2016-04-09 06:43:12+00:00;2;periodo_2000_2009;avaliacao_alta;popularidade_baixa;genero_aventura|genero_documentario
7263;Miracle (2004);Drama;2004;10;3,35;3,25;0,7090682462060882;2004-03-25 18:22:50+00:00;2015-06-28 21:05:44+00:00;1;periodo_2000_2009;avaliacao_media;popularidade_media;genero_drama
7265;Dreamers, The (2003);Drama;2003;13;3,730769230769231;3,5;0,5991446895152781;2004-02-18 01:53:46+00:00;2018-05-05 20:41:05+00:00;1;periodo_2000_2009;avaliacao_media;popularidade_media;genero_drama
7285;Thirteen (2003);Drama;2003;9;3,611111111111111;3,5;0,6009252125773316;2004-01-30 20:00:22+00:00;2018-01-16 22:30:54+00:00;1;periodo_2000_2009;avaliacao_media;popularidade_baixa;genero_drama
7293;50 First Dates (2004);Comedy|Romance;2004;47;3,5531914893617023;4,0;0,9568633230803808;2004-04-28 00:40:41+00:00;2018-08-31 09:42:33+00:00;2;periodo_2000_2009;avaliacao_media;popularidade_media;genero_comedia|genero_romance
7317;EuroTrip (2004);Adventure|Comedy;2004;15;3,1333333333333333;3,0;1,1720962092804172;2004-03-03 03:24:19+00:00;2018-05-05 20:38:00+00:00;2;periodo_2000_2009;avaliacao_media;popularidade_media;genero_aventura|genero_comedia
7318;Passion of the Christ, The (2004);Drama;2004;13;2,6153846153846154;2,5;1,401693115394233;2004-04-09 16:37:34+00:00;2018-05-02 19:08:26+00:00;1;periodo_2000_2009;avaliacao_baixa;popularidade_media;genero_drama
7319;Club Dread (2004);Comedy|Horror;2004;6;2,0833333333333335;2,0;0,8010409893798611;2004-12-20 06:00:32+00:00;2017-05-03 21:52:16+00:00;2;periodo_2000_2009;avaliacao_baixa;popularidade_baixa;genero_comedia|genero_terror
7320;Dirty Dancing: Havana Nights (2004);Romance;2004;5;3,4;3,0;0,8215838362577492;2006-01-23 02:10:24+00:00;2015-09-10 00:47:30+00:00;1;periodo_2000_2009;avaliacao_media;popularidade_baixa;genero_romance
7323;Good bye, Lenin! (2003);Comedy|Drama;2003;23;3,8043478260869565;4,0;0,9137725303127414;2004-03-02 16:27:11+00:00;2017-09-02 00:03:26+00:00;2;periodo_2000_2009;avaliacao_media;popularidade_media;genero_comedia|genero_drama
7324;Hidalgo (2004);Adventure|Drama;2004;11;3,3181818181818183;3,0;0,40451991747794525;2004-10-04 16:57:47+00:00;2018-01-05 17:35:11+00:00;2;periodo_2000_2009;avaliacao_media;popularidade_media;genero_aventura|genero_drama
7325;Starsky & Hutch (2004);Action|Comedy|Crime|Thriller;2004;21;3,2857142857142856;3,0;0,7995534467974698;2004-05-17 10:03:37+00:00;2018-03-07 07:39:36+00:00;4;periodo_2000_2009;avaliacao_media;popularidade_media;genero_acao|genero_comedia|genero_crime|genero_suspense
7327;Persona (1966);Drama;1966;6;3,75;4,0;0,9354143466934853;2005-08-05 05:00:58+00:00;2018-05-03 14:52:58+00:00;1;periodo_1950_1969;avaliacao_media;popularidade_baixa;genero_drama
7346;Girl Next Door, The (2004);Comedy|Romance;2004;20;3,125;3,5;1,1106541457982981;2004-09-07 01:02:22+00:00;2018-03-07 07:41:40+00:00;2;periodo_2000_2009;avaliacao_media;popularidade_media;genero_comedia|genero_romance
7347;Secret Window (2004);Mystery|Thriller;2004;15;3,3;3,5;0,9599107101332766;2004-03-15 13:58:55+00:00;2018-01-16 22:22:12+00:00;2;periodo_2000_2009;avaliacao_media;popularidade_media;genero_misterio|genero_suspense
7360;Dawn of the Dead (2004);Action|Drama|Horror|Thriller;2004;16;3,90625;4,0;1,0201102881551583;2005-04-05 14:38:43+00:00;2017-06-27 01:08:48+00:00;4;periodo_2000_2009;avaliacao_media;popularidade_media;genero_acao|genero_drama|genero_terror|genero_suspense
7361;Eternal Sunshine of the Spotless Mind (2004);Drama|Romance|Sci-Fi;2004;131;4,1603053435114505;4,0;0,7752596973633046;2004-03-29 13:53:40+00:00;2018-09-17 04:14:52+00:00;3;periodo_2000_2009;avaliacao_alta;popularidade_alta;genero_drama|genero_romance|genero_ficcao_cientifica
7366;Jersey Girl (2004);Comedy|Drama|Romance;2004;8;2,9375;3,0;0,9797047660246572;2004-09-09 13:27:39+00:00;2017-06-26 21:59:34+00:00;3;periodo_2000_2009;avaliacao_baixa;popularidade_baixa;genero_comedia|genero_drama|genero_romance
7367;Ladykillers, The (2004);Comedy|Crime;2004;14;2,5714285714285716;2,75;1,2688144505364485;2004-04-14 02:54:59+00:00;2017-05-06 11:52:10+00:00;2;periodo_2000_2009;avaliacao_baixa;popularidade_media;genero_comedia|genero_crime
7371;Dogville (2003);Drama|Mystery|Thriller;2003;20;4,025;4,25;0,9101041004655513;2004-04-25 17:27:03+00:00;2018-06-23 11:04:36+00:00;3;periodo_2000_2009;avaliacao_alta;popularidade_media;genero_drama|genero_misterio|genero_suspense
7373;Hellboy (2004);Action|Adventure|Fantasy|Horror;2004;41;3,3780487804878048;3,5;1,004866208786511;2004-04-14 02:54:43+00:00;2018-09-17 04:23:03+00:00;4;periodo_2000_2009;avaliacao_media;popularidade_media;genero_acao|genero_aventura|genero_fantasia|genero_terror
7375;Prince & Me, The (2004);Comedy|Romance;2004;7;3,0714285714285716;3,0;0,7319250547113999;2004-04-17 19:14:54+00:00;2016-02-12 18:50:57+00:00;2;periodo_2000_2009;avaliacao_media;popularidade_baixa;genero_comedia|genero_romance
7376;Walking Tall (2004);Action;2004;6;3,0;3,25;1,0488088481701516;2004-04-23 16:02:41+00:00;2017-05-08 18:24:23+00:00;1;periodo_2000_2009;avaliacao_media;popularidade_baixa;genero_acao
7379;The Alamo (2004);Drama|War|Western;2004;6;3,5;3,5;0,5477225575051661;2005-05-05 10:57:52+00:00;2018-01-05 17:33:33+00:00;3;periodo_2000_2009;avaliacao_media;popularidade_baixa;genero_drama|genero_guerra|genero_faroeste
7380;Ella Enchanted (2004);Comedy|Fantasy|Romance;2004;7;3,357142857142857;3,5;0,3779644730092272;2004-11-11 17:43:29+00:00;2015-09-10 00:40:45+00:00;3;periodo_2000_2009;avaliacao_media;popularidade_baixa;genero_comedia|genero_fantasia|genero_romance
7381;Whole Ten Yards, The (2004);Action|Comedy|Crime;2004;7;3,142857142857143;3,0;1,1073348527841413;2004-04-17 19:15:00+00:00;2018-03-07 07:46:29+00:00;3;periodo_2000_2009;avaliacao_media;popularidade_baixa;genero_acao|genero_comedia|genero_crime
7387;Dawn of the Dead (1978);Action|Drama|Horror;1978;20;3,975;4,0;1,0062305898749053;2004-09-08 13:37:46+00:00;2017-06-27 04:59:25+00:00;3;periodo_1970_1989;avaliacao_media;popularidade_media;genero_acao|genero_drama|genero_terror
7396;Scenes From a Marriage (Scener ur ett äktenskap) (1973);Drama;1973;7;4,0;4,0;0,4082482904638631;2005-01-28 03:00:00+00:00;2018-05-23 20:09:20+00:00;1;periodo_1970_1989;avaliacao_alta;popularidade_baixa;genero_drama
7419;After Hours (1985);Comedy|Thriller;1985;7;3,7857142857142856;4,0;0,26726124191242445;2005-08-13 00:08:20+00:00;2017-06-26 18:19:24+00:00;2;periodo_1970_1989;avaliacao_media;popularidade_baixa;genero_comedia|genero_suspense
7438;Kill Bill: Vol. 2 (2004);Action|Drama|Thriller;2004;110;3,868181818181818;4,0;0,9278496218500635;2004-05-05 07:33:11+00:00;2018-09-17 04:15:43+00:00;3;periodo_2000_2009;avaliacao_media;popularidade_alta;genero_acao|genero_drama|genero_suspense
7439;Punisher, The (2004);Action|Crime|Thriller;2004;14;3,5;3,25;0,9607689228305228;2004-07-05 16:11:42+00:00;2018-03-02 21:04:59+00:00;3;periodo_2000_2009;avaliacao_media;popularidade_media;genero_acao|genero_crime|genero_suspense
7444;13 Going on 30 (2004);Comedy|Fantasy|Romance;2004;21;3,1904761904761907;3,0;0,6417980694149539;2005-01-13 22:08:13+00:00;2018-01-05 17:17:52+00:00;3;periodo_2000_2009;avaliacao_media;popularidade_media;genero_comedia|genero_fantasia|genero_romance
7445;Man on Fire (2004);Action|Crime|Drama|Mystery|Thriller;2004;35;3,6285714285714286;4,0;0,9497898927321423;2004-11-01 06:30:53+00:00;2018-09-17 04:24:58+00:00;5;periodo_2000_2009;avaliacao_media;popularidade_media;genero_acao|genero_crime|genero_drama|genero_misterio|genero_suspense
7451;Mean Girls (2004);Comedy;2004;39;3,7564102564102564;3,5;0,6965308289526828;2004-10-25 14:04:09+00:00;2018-07-24 18:47:00+00:00;1;periodo_2000_2009;avaliacao_media;popularidade_media;genero_comedia
7454;Van Helsing (2004);Action|Adventure|Fantasy|Horror;2004;24;2,7083333333333335;3,0;0,7790276362049131;2004-05-19 07:20:03+00:00;2018-05-25 16:34:36+00:00;4;periodo_2000_2009;avaliacao_baixa;popularidade_media;genero_acao|genero_aventura|genero_fantasia|genero_terror
7458;Troy (2004);Action|Adventure|Drama|War;2004;48;3,4270833333333335;3,5;0,9339323369115549;2004-05-25 13:21:21+00:00;2018-09-17 04:21:16+00:00;4;periodo_2000_2009;avaliacao_media;popularidade_media;genero_acao|genero_aventura|genero_drama|genero_guerra
7460;Coffee and Cigarettes (2003);Comedy|Drama;2003;6;3,5833333333333335;3,5;0,3763863263545405;2006-07-19 08:04:46+00:00;2016-11-19 08:34:16+00:00;2;periodo_2000_2009;avaliacao_media;popularidade_baixa;genero_comedia|genero_drama
7482;Enter the Dragon (1973);Action|Crime;1973;13;4,038461538461538;4,0;0,5188745216627708;2004-07-16 16:22:06+00:00;2018-01-16 19:45:22+00:00;2;periodo_1970_1989;avaliacao_alta;popularidade_media;genero_acao|genero_crime
7569;You Only Live Twice (1967);Action|Adventure|Sci-Fi|Thriller;1967;12;3,8333333333333335;4,0;0,5773502691896262;2004-09-14 00:32:53+00:00;2018-01-06 14:41:23+00:00;4;periodo_1950_1969;avaliacao_media;popularidade_media;genero_acao|genero_aventura|genero_ficcao_cientifica|genero_suspense
7570;Octopussy (1983);Action|Adventure|Thriller;1983;8;3,3125;3,5;0,8838834764831843;2004-09-11 22:28:53+00:00;2018-09-13 21:23:41+00:00;3;periodo_1970_1989;avaliacao_media;popularidade_baixa;genero_acao|genero_aventura|genero_suspense
7573;Never Say Never Again (1983);Action|Adventure|Thriller;1983;8;3,125;2,75;0,9161253813129043;2005-05-30 05:41:00+00:00;2018-09-13 21:26:03+00:00;3;periodo_1970_1989;avaliacao_media;popularidade_baixa;genero_acao|genero_aventura|genero_suspense
7624;School Ties (1992);Drama;1992;6;2,75;2,5;0,4183300132670378;2004-05-04 12:55:32+00:00;2018-02-21 17:59:10+00:00;1;periodo_1990_1999;avaliacao_baixa;popularidade_baixa;genero_drama
7649;Babylon 5: In the Beginning (1998);Adventure|Sci-Fi;1998;5;2,8;3,5;1,5247950681976907;2005-03-07 21:30:45+00:00;2018-05-25 16:36:22+00:00;2;periodo_1990_1999;avaliacao_baixa;popularidade_baixa;genero_aventura|genero_ficcao_cientifica
7669;Pride and Prejudice (1995);Drama|Romance;1995;9;3,5555555555555554;4,0;1,5898986690282426;2009-08-15 11:29:47+00:00;2018-02-21 01:46:27+00:00;2;periodo_1990_1999;avaliacao_media;popularidade_baixa;genero_drama|genero_romance
7698;China Syndrome, The (1979);Drama|Thriller;1979;5;3,7;3,5;0,2738612787525831;2004-05-21 14:04:04+00:00;2007-02-18 17:41:00+00:00;2;periodo_1970_1989;avaliacao_media;popularidade_baixa;genero_drama|genero_suspense
7700;Wages of Fear, The (Salaire de la peur, Le) (1953);Action|Adventure|Drama|Thriller;1953;5;3,3;4,0;1,5652475842498528;2005-06-19 06:16:34+00:00;2017-12-25 22:10:14+00:00;4;periodo_1950_1969;avaliacao_media;popularidade_baixa;genero_acao|genero_aventura|genero_drama|genero_suspense
7701;Look Who's Talking Too (1990);Comedy|Romance;1990;7;1,7857142857142858;2,0;1,1126972805283737;2005-05-31 06:07:57+00:00;2017-06-26 20:48:09+00:00;2;periodo_1990_1999;avaliacao_baixa;popularidade_baixa;genero_comedia|genero_romance
7757;Jason and the Argonauts (1963);Action|Adventure|Fantasy;1963;6;3,5;3,75;0,6324555320336759;2004-05-17 13:00:28+00:00;2018-02-20 18:10:02+00:00;3;periodo_1950_1969;avaliacao_media;popularidade_baixa;genero_acao|genero_aventura|genero_fantasia
7802;Warriors, The (1979);Action|Adventure|Crime|Thriller;1979;8;3,9375;4,0;0,6781013409302687;2004-05-21 14:03:31+00:00;2017-10-19 18:23:17+00:00;4;periodo_1970_1989;avaliacao_media;popularidade_baixa;genero_acao|genero_aventura|genero_crime|genero_suspense
7845;Tremors II: Aftershocks (1996);Comedy|Horror|Sci-Fi;1996;5;2,7;3,0;1,2041594578792296;2005-01-10 22:41:36+00:00;2017-06-27 00:47:44+00:00;3;periodo_1990_1999;avaliacao_baixa;popularidade_baixa;genero_comedia|genero_terror|genero_ficcao_cientifica
7934;Zelig (1983);Comedy;1983;7;4,0;4,0;0,28867513459481275;2004-05-21 14:03:08+00:00;2011-05-31 00:38:01+00:00;1;periodo_1970_1989;avaliacao_alta;popularidade_baixa;genero_comedia
7980;Bridge Too Far, A (1977);Action|Drama|War;1977;7;3,7857142857142856;3,5;0,39339789623472154;2004-08-16 12:59:12+00:00;2015-09-25 16:56:22+00:00;3;periodo_1970_1989;avaliacao_media;popularidade_baixa;genero_acao|genero_drama|genero_guerra
7981;Infernal Affairs (Mou gaan dou) (2002);Crime|Drama|Thriller;2002;9;4,333333333333333;4,0;0,5590169943749476;2005-01-31 17:46:41+00:00;2018-03-02 21:04:34+00:00;3;periodo_2000_2009;avaliacao_alta;popularidade_baixa;genero_crime|genero_drama|genero_suspense
7983;Broadway Danny Rose (1984);Comedy;1984;5;4,2;4,0;0,44721359549995787;2005-12-29 02:48:11+00:00;2009-03-22 23:18:31+00:00;1;periodo_1970_1989;avaliacao_alta;popularidade_baixa;genero_comedia
8014;Spring, Summer, Fall, Winter... and Spring (Bom yeoreum gaeul gyeoul geurigo bom) (2003);Drama;2003;10;4,25;4,25;0,5400617248673217;2004-07-27 17:11:49+00:00;2018-01-16 19:55:08+00:00;1;periodo_2000_2009;avaliacao_alta;popularidade_media;genero_drama
8042;Mean Streets (1973);Crime|Drama;1973;7;4,0;4,0;0,8660254037844386;2004-05-21 15:09:57+00:00;2018-02-20 09:54:07+00:00;2;periodo_1970_1989;avaliacao_alta;popularidade_baixa;genero_crime|genero_drama
8128;Au revoir les enfants (1987);Drama;1987;5;4,1;4,0;0,4183300132670377;2005-01-28 03:01:19+00:00;2011-05-31 00:30:18+00:00;1;periodo_1970_1989;avaliacao_alta;popularidade_baixa;genero_drama
8132;Gladiator (1992);Action|Drama;1992;9;4,333333333333333;4,5;0,6123724356957947;2005-02-21 08:27:00+00:00;2015-11-15 04:02:46+00:00;2;periodo_1990_1999;avaliacao_alta;popularidade_baixa;genero_acao|genero_drama
8154;Dolce Vita, La (1960);Drama;1960;6;3,75;4,0;0,8803408430829505;2004-06-06 23:51:37+00:00;2018-03-07 07:42:49+00:00;1;periodo_1950_1969;avaliacao_media;popularidade_baixa;genero_drama
8157;Jin Roh: The Wolf Brigade (Jin-Rô) (1998);Animation|Fantasy|Thriller;1998;5;3,5;3,5;0,7905694150420949;2005-04-05 14:58:40+00:00;2017-12-25 22:11:45+00:00;3;periodo_1990_1999;avaliacao_media;popularidade_baixa;genero_animacao|genero_fantasia|genero_suspense
8169;*batteries not included (1987);Children|Comedy|Fantasy|Sci-Fi;1987;7;3,2857142857142856;3,5;0,48795003647426666;2004-06-18 15:16:52+00:00;2018-02-20 16:40:31+00:00;4;periodo_1970_1989;avaliacao_media;popularidade_baixa;genero_infantil|genero_comedia|genero_fantasia|genero_ficcao_cientifica
8207;Day of the Jackal, The (1973);Crime|Thriller;1973;6;4,083333333333333;4,0;0,37638632635454056;2004-09-11 04:09:38+00:00;2009-02-11 07:47:51+00:00;2;periodo_1970_1989;avaliacao_alta;popularidade_baixa;genero_crime|genero_suspense
8228;Maltese Falcon, The (a.k.a. Dangerous Female) (1931);Mystery;1931;17;3,6176470588235294;4,0;1,1663164740528442;2004-05-24 12:59:22+00:00;2017-02-24 17:43:01+00:00;1;periodo_antes_1950;avaliacao_media;popularidade_media;genero_misterio
8253;Lupin III: The Castle Of Cagliostro (Rupan sansei: Kariosutoro no shiro) (1979);Action|Adventure|Animation|Comedy|Crime|Mystery;1979;5;3,4;3,5;1,140175425099138;2005-05-30 07:46:04+00:00;2018-04-15 00:09:09+00:00;6;periodo_1970_1989;avaliacao_media;popularidade_baixa;genero_acao|genero_aventura|genero_animacao|genero_comedia|genero_crime|genero_misterio
8254;Arizona Dream (1993);Comedy|Drama|Fantasy|Romance;1993;6;4,25;4,0;0,6123724356957945;2007-01-03 02:46:35+00:00;2016-09-19 14:22:06+00:00;4;periodo_1990_1999;avaliacao_alta;popularidade_baixa;genero_comedia|genero_drama|genero_fantasia|genero_romance
8266;Purple Rain (1984);Drama|Musical;1984;5;2,7;2,5;0,8366600265340756;2004-05-25 12:44:31+00:00;2008-02-24 22:29:39+00:00;2;periodo_1970_1989;avaliacao_baixa;popularidade_baixa;genero_drama|genero_musical
8340;Escape from Alcatraz (1979);Drama|Thriller;1979;7;3,7857142857142856;4,0;0,48795003647426655;2005-04-05 16:07:39+00:00;2018-07-12 15:35:29+00:00;2;periodo_1970_1989;avaliacao_media;popularidade_baixa;genero_drama|genero_suspense
8360;Shrek 2 (2004);Adventure|Animation|Children|Comedy|Musical|Romance;2004;92;3,5760869565217392;3,5;0,9374233524966299;2004-07-27 17:07:47+00:00;2018-09-17 04:16:12+00:00;6;periodo_2000_2009;avaliacao_media;popularidade_alta;genero_aventura|genero_animacao|genero_infantil|genero_comedia|genero_musical|genero_romance
8361;Day After Tomorrow, The (2004);Action|Adventure|Drama|Sci-Fi|Thriller;2004;50;3,05;3,0;0,8762745818846642;2004-05-31 12:05:41+00:00;2018-09-17 04:21:02+00:00;5;periodo_2000_2009;avaliacao_media;popularidade_alta;genero_acao|genero_aventura|genero_drama|genero_ficcao_cientifica|genero_suspense
8366;Saved! (2004);Comedy|Drama;2004;14;3,892857142857143;4,0;0,5941565265331838;2004-07-27 17:07:57+00:00;2017-05-03 21:34:43+00:00;2;periodo_2000_2009;avaliacao_media;popularidade_media;genero_comedia|genero_drama
8368;Harry Potter and the Prisoner of Azkaban (2004);Adventure|Fantasy|IMAX;2004;93;3,913978494623656;4,0;0,7321189315727836;2004-06-20 08:51:12+00:00;2018-08-15 08:16:49+00:00;3;periodo_2000_2009;avaliacao_media;popularidade_alta;genero_aventura|genero_fantasia|genero_imax
8370;Blind Swordsman: Zatoichi, The (Zatôichi) (2003);Action|Comedy|Crime|Drama;2003;12;3,9583333333333335;4,0;0,4981024599478109;2004-07-27 17:07:53+00:00;2017-05-12 18:23:19+00:00;4;periodo_2000_2009;avaliacao_media;popularidade_media;genero_acao|genero_comedia|genero_crime|genero_drama
8371;Chronicles of Riddick, The (2004);Action|Sci-Fi|Thriller;2004;23;3,3043478260869565;3,5;0,9855677924515323;2005-01-14 01:18:14+00:00;2018-08-31 10:44:51+00:00;3;periodo_2000_2009;avaliacao_media;popularidade_media;genero_acao|genero_ficcao_cientifica|genero_suspense
8372;Garfield: The Movie (2004);Animation|Children|Comedy;2004;5;2,3;2,0;1,7888543819998317;2004-11-29 16:55:13+00:00;2018-03-07 07:50:25+00:00;3;periodo_2000_2009;avaliacao_baixa;popularidade_baixa;genero_animacao|genero_infantil|genero_comedia
8373;Stepford Wives, The (2004);Comedy|Fantasy|Thriller;2004;12;2,25;2,5;0,7833494518006403;2005-01-23 12:22:56+00:00;2016-04-10 15:56:28+00:00;3;periodo_2000_2009;avaliacao_baixa;popularidade_media;genero_comedia|genero_fantasia|genero_suspense
8376;Napoleon Dynamite (2004);Comedy;2004;37;3,324324324324324;3,5;1,1006072579882145;2005-01-03 15:42:20+00:00;2018-08-25 07:56:30+00:00;1;periodo_2000_2009;avaliacao_media;popularidade_media;genero_comedia
8387;Police Academy: Mission to Moscow (1994);Comedy|Crime;1994;5;0,8;0,5;0,4472135954999579;2004-06-18 15:12:44+00:00;2018-01-05 14:41:32+00:00;2;periodo_1990_1999;avaliacao_baixa;popularidade_baixa;genero_comedia|genero_crime
8464;Super Size Me (2004);Comedy|Documentary|Drama;2004;50;3,51;3,5;0,9448571860555522;2004-06-28 15:43:21+00:00;2018-05-05 19:59:53+00:00;3;periodo_2000_2009;avaliacao_media;popularidade_alta;genero_comedia|genero_documentario|genero_drama
8493;Memphis Belle (1990);Action|Drama|War;1990;6;3,0833333333333335;3,0;0,9174239296348591;2004-06-04 17:24:16+00:00;2012-02-05 22:55:14+00:00;3;periodo_1990_1999;avaliacao_media;popularidade_baixa;genero_acao|genero_drama|genero_guerra
8507;Freaks (1932);Crime|Drama|Horror;1932;9;3,1666666666666665;3,0;0,4330127018922193;2004-06-07 12:59:29+00:00;2015-06-29 00:47:57+00:00;3;periodo_antes_1950;avaliacao_media;popularidade_baixa;genero_crime|genero_drama|genero_terror
8528;Dodgeball: A True Underdog Story (2004);Comedy;2004;39;3,551282051282051;4,0;1,011739459615493;2004-06-28 15:43:24+00:00;2018-05-05 20:38:48+00:00;1;periodo_2000_2009;avaliacao_media;popularidade_media;genero_comedia
8529;Terminal, The (2004);Comedy|Drama|Romance;2004;47;3,3191489361702127;3,5;0,9579503249970153;2004-07-06 15:51:44+00:00;2018-09-17 04:21:52+00:00;3;periodo_2000_2009;avaliacao_media;popularidade_media;genero_comedia|genero_drama|genero_romance
8531;White Chicks (2004);Action|Comedy|Crime;2004;6;2,8333333333333335;2,5;0,752772652709081;2007-12-09 08:07:26+00:00;2018-01-17 01:11:14+00:00;3;periodo_2000_2009;avaliacao_baixa;popularidade_baixa;genero_acao|genero_comedia|genero_crime
8533;Notebook, The (2004);Drama|Romance;2004;38;3,5657894736842106;3,5;1,1220821176746028;2004-09-07 00:24:26+00:00;2018-09-17 04:23:42+00:00;2;periodo_2000_2009;avaliacao_media;popularidade_media;genero_drama|genero_romance
8604;Taxi (1998);Action|Comedy;1998;5;3,2;3,0;1,1510864433221337;2006-08-04 20:02:02+00:00;2017-07-28 20:27:43+00:00;2;periodo_1990_1999;avaliacao_media;popularidade_baixa;genero_acao|genero_comedia
8607;Tokyo Godfathers (2003);Adventure|Animation|Drama;2003;5;3,9;4,0;0,7416198487095663;2005-02-26 09:36:23+00:00;2008-02-29 09:33:46+00:00;3;periodo_2000_2009;avaliacao_media;popularidade_baixa;genero_aventura|genero_animacao|genero_drama
8614;Overboard (1987);Comedy|Romance;1987;6;3,0;3,0;0,7071067811865476;2004-06-25 12:45:01+00:00;2017-06-26 22:11:33+00:00;2;periodo_1970_1989;avaliacao_media;popularidade_baixa;genero_comedia|genero_romance
8622;Fahrenheit 9/11 (2004);Documentary;2004;37;3,4864864864864864;3,5;0,7860457161437033;2004-07-05 16:11:16+00:00;2018-02-20 14:12:54+00:00;1;periodo_2000_2009;avaliacao_media;popularidade_media;genero_documentario
8623;Roxanne (1987);Comedy|Romance;1987;11;3,272727272727273;3,5;0,5640760748177662;2004-06-28 20:03:20+00:00;2018-02-21 02:16:12+00:00;2;periodo_1970_1989;avaliacao_media;popularidade_media;genero_comedia|genero_romance
8633;Last Starfighter, The (1984);Action|Adventure|Comedy|Sci-Fi;1984;7;3,5714285714285716;3,5;0,8864052604279182;2004-07-03 13:48:03+00:00;2017-04-02 01:11:15+00:00;4;periodo_1970_1989;avaliacao_media;popularidade_baixa;genero_acao|genero_aventura|genero_comedia|genero_ficcao_cientifica
8636;Spider-Man 2 (2004);Action|Adventure|Sci-Fi|IMAX;2004;79;3,8037974683544302;4,0;0,8298042768883677;2004-07-05 12:11:20+00:00;2018-09-17 04:15:59+00:00;4;periodo_2000_2009;avaliacao_media;popularidade_alta;genero_acao|genero_aventura|genero_ficcao_cientifica|genero_imax
8638;Before Sunset (2004);Drama|Romance;2004;15;3,7;4,0;1,0488088481701516;2004-09-07 00:23:46+00:00;2017-06-27 00:06:27+00:00;2;periodo_2000_2009;avaliacao_media;popularidade_media;genero_drama|genero_romance
8640;King Arthur (2004);Action|Adventure|Drama|War;2004;13;2,9615384615384617;3,0;1,0299987552892653;2004-07-14 15:35:49+00:00;2017-05-06 11:52:01+00:00;4;periodo_2000_2009;avaliacao_baixa;popularidade_media;genero_acao|genero_aventura|genero_drama|genero_guerra
8641;Anchorman: The Legend of Ron Burgundy (2004);Comedy;2004;57;3,7719298245614037;4,0;0,7323529559784174;2004-08-13 05:01:25+00:00;2018-04-08 19:44:35+00:00;1;periodo_2000_2009;avaliacao_media;popularidade_alta;genero_comedia
8643;Cinderella Story, A (2004);Comedy|Romance;2004;9;3,2777777777777777;3,0;0,9052317076000179;2005-01-13 22:10:53+00:00;2018-01-06 14:20:46+00:00;2;periodo_2000_2009;avaliacao_media;popularidade_baixa;genero_comedia|genero_romance
8644;I, Robot (2004);Action|Adventure|Sci-Fi|Thriller;2004;61;3,4918032786885247;3,5;0,9286720056021239;2004-08-13 05:01:11+00:00;2018-06-25 04:01:12+00:00;4;periodo_2000_2009;avaliacao_media;popularidade_alta;genero_acao|genero_aventura|genero_ficcao_cientifica|genero_suspense
8645;Maria Full of Grace (Maria, Llena eres de gracia) (2004);Crime|Drama;2004;8;3,9375;4,0;0,41726148019814013;2004-12-18 17:56:07+00:00;2012-03-29 12:19:22+00:00;2;periodo_2000_2009;avaliacao_media;popularidade_baixa;genero_crime|genero_drama
8665;Bourne Supremacy, The (2004);Action|Crime|Thriller;2004;75;3,7866666666666666;4,0;0,8429891046927184;2004-07-31 11:30:00+00:00;2018-09-17 04:16:30+00:00;3;periodo_2000_2009;avaliacao_media;popularidade_alta;genero_acao|genero_crime|genero_suspense
8666;Catwoman (2004);Action|Crime|Fantasy;2004;9;1,3333333333333333;1,5;0,6123724356957946;2004-09-20 06:59:41+00:00;2018-08-31 10:32:49+00:00;3;periodo_2000_2009;avaliacao_baixa;popularidade_baixa;genero_acao|genero_crime|genero_fantasia
8781;Manchurian Candidate, The (2004);Thriller;2004;12;3,0416666666666665;3,0;0,498102459947811;2004-12-24 14:16:00+00:00;2017-05-11 18:51:10+00:00;1;periodo_2000_2009;avaliacao_media;popularidade_media;genero_suspense
8783;Village, The (2004);Drama|Mystery|Thriller;2004;26;3,1923076923076925;3,0;0,9281909617845142;2004-08-13 05:01:18+00:00;2018-09-17 04:26:55+00:00;3;periodo_2000_2009;avaliacao_media;popularidade_media;genero_drama|genero_misterio|genero_suspense
8784;Garden State (2004);Comedy|Drama|Romance;2004;48;3,7083333333333335;4,0;0,9215697369932696;2004-09-07 01:02:08+00:00;2018-09-17 04:20:23+00:00;3;periodo_2000_2009;avaliacao_media;popularidade_media;genero_comedia|genero_drama|genero_romance
8796;Funny Thing Happened on the Way to the Forum, A (1966);Comedy|Musical;1966;5;3,1;2,5;1,1937336386313322;2004-07-20 12:31:25+00:00;2012-01-15 06:27:46+00:00;2;periodo_1950_1969;avaliacao_media;popularidade_baixa;genero_comedia|genero_musical
8798;Collateral (2004);Action|Crime|Drama|Thriller;2004;44;3,7613636363636362;4,0;0,758583719863723;2004-08-29 18:02:47+00:00;2017-09-09 02:57:05+00:00;4;periodo_2000_2009;avaliacao_media;popularidade_media;genero_acao|genero_crime|genero_drama|genero_suspense
8807;Harold and Kumar Go to White Castle (2004);Adventure|Comedy;2004;34;3,4558823529411766;4,0;0,940403258591788;2005-01-23 12:18:33+00:00;2018-09-16 10:46:24+00:00;2;periodo_2000_2009;avaliacao_media;popularidade_media;genero_aventura|genero_comedia
8808;Princess Diaries 2: Royal Engagement, The (2004);Comedy|Romance;2004;7;2,5;2,5;0,8660254037844387;2005-01-13 22:09:39+00:00;2016-02-13 21:12:16+00:00;2;periodo_2000_2009;avaliacao_baixa;popularidade_baixa;genero_comedia|genero_romance
8810;AVP: Alien vs. Predator (2004);Action|Horror|Sci-Fi|Thriller;2004;17;2,823529411764706;2,5;1,1981910384850498;2004-09-20 06:59:32+00:00;2018-02-24 17:46:24+00:00;4;periodo_2000_2009;avaliacao_baixa;popularidade_media;genero_acao|genero_terror|genero_ficcao_cientifica|genero_suspense
8814;Without a Paddle (2004);Comedy;2004;7;2,0;2,5;1,0801234497346435;2007-02-21 02:55:43+00:00;2018-03-07 07:42:47+00:00;1;periodo_2000_2009;avaliacao_baixa;popularidade_baixa;genero_comedia
8827;Bill Cosby, Himself (1983);Comedy|Documentary;1983;5;4,0;4,0;0,7905694150420949;2004-08-09 00:42:19+00:00;2018-02-23 02:03:20+00:00;2;periodo_1970_1989;avaliacao_alta;popularidade_baixa;genero_comedia|genero_documentario
8860;Cellular (2004);Action|Crime|Drama|Mystery|Thriller;2004;7;2,857142857142857;3,0;0,8997354108424372;2005-12-07 02:07:13+00:00;2017-06-27 00:37:37+00:00;5;periodo_2000_2009;avaliacao_baixa;popularidade_baixa;genero_acao|genero_crime|genero_drama|genero_misterio|genero_suspense
8861;Resident Evil: Apocalypse (2004);Action|Horror|Sci-Fi|Thriller;2004;14;2,9285714285714284;3,0;0,9972489631508746;2005-03-22 20:40:30+00:00;2017-08-19 07:07:07+00:00;4;periodo_2000_2009;avaliacao_baixa;popularidade_media;genero_acao|genero_terror|genero_ficcao_cientifica|genero_suspense
8865;Sky Captain and the World of Tomorrow (2004);Action|Adventure|Sci-Fi;2004;18;2,638888888888889;2,5;1,026208836038454;2004-09-20 13:49:10+00:00;2017-05-08 18:17:34+00:00;3;periodo_2000_2009;avaliacao_baixa;popularidade_media;genero_acao|genero_aventura|genero_ficcao_cientifica
8866;Wimbledon (2004);Comedy|Romance;2004;9;3,111111111111111;3,0;1,024017143953709;2004-10-06 11:34:15+00:00;2017-05-06 11:54:53+00:00;2;periodo_2000_2009;avaliacao_media;popularidade_baixa;genero_comedia|genero_romance
8869;First Daughter (2004);Comedy|Romance;2004;6;3,3333333333333335;2,75;1,3291601358251257;2005-02-15 00:22:31+00:00;2016-02-12 18:51:04+00:00;2;periodo_2000_2009;avaliacao_media;popularidade_baixa;genero_comedia|genero_romance
8870;Forgotten, The (2004);Drama|Mystery|Sci-Fi|Thriller;2004;5;2,5;2,5;0,6123724356957945;2005-04-27 22:35:25+00:00;2007-12-07 22:47:51+00:00;4;periodo_2000_2009;avaliacao_baixa;popularidade_baixa;genero_drama|genero_misterio|genero_ficcao_cientifica|genero_suspense
8873;Motorcycle Diaries, The (Diarios de motocicleta) (2004);Adventure|Drama;2004;27;3,7962962962962963;4,0;0,8116846116761784;2005-02-26 09:38:29+00:00;2016-10-14 21:15:26+00:00;2;periodo_2000_2009;avaliacao_media;popularidade_media;genero_aventura|genero_drama
8874;Shaun of the Dead (2004);Comedy|Horror;2004;77;4,0064935064935066;4,0;0,9301015312910257;2004-12-08 02:12:32+00:00;2018-09-17 04:16:54+00:00;2;periodo_2000_2009;avaliacao_alta;popularidade_alta;genero_comedia|genero_terror
8879;Murder on the Orient Express (1974);Crime|Mystery|Thriller;1974;6;3,25;3,25;0,758287544405155;2004-09-21 15:31:53+00:00;2018-05-28 21:19:56+00:00;3;periodo_1970_1989;avaliacao_media;popularidade_baixa;genero_crime|genero_misterio|genero_suspense
8880;Mask (1985);Drama;1985;7;3,4285714285714284;4,0;0,8380817098475258;2004-09-13 16:17:18+00:00;2007-11-11 00:19:23+00:00;1;periodo_1970_1989;avaliacao_media;popularidade_baixa;genero_drama
8907;Shark Tale (2004);Animation|Children|Comedy;2004;13;2,3461538461538463;2,5;0,9657599638069014;2005-02-14 17:38:30+00:00;2018-01-05 17:46:50+00:00;3;periodo_2000_2009;avaliacao_baixa;popularidade_media;genero_animacao|genero_infantil|genero_comedia
8908;Ladder 49 (2004);Action|Drama|Thriller;2004;6;3,6666666666666665;3,5;0,5163977794943223;2005-03-10 03:28:49+00:00;2008-07-15 19:33:44+00:00;3;periodo_2000_2009;avaliacao_media;popularidade_baixa;genero_acao|genero_drama|genero_suspense
8910;I Heart Huckabees (2004);Comedy;2004;21;3,4523809523809526;3,5;0,998808814347895;2004-11-09 06:07:18+00:00;2018-02-20 11:33:01+00:00;1;periodo_2000_2009;avaliacao_media;popularidade_media;genero_comedia
8914;Primer (2004);Drama|Sci-Fi;2004;17;3,7941176470588234;4,0;0,8112263773411942;2005-04-11 14:29:33+00:00;2018-06-19 02:24:01+00:00;2;periodo_2000_2009;avaliacao_media;popularidade_media;genero_drama|genero_ficcao_cientifica
8917;Team America: World Police (2004);Action|Adventure|Animation|Comedy;2004;32;3,46875;3,75;1,135479861613156;2005-01-10 22:50:53+00:00;2018-02-20 10:17:22+00:00;4;periodo_2000_2009;avaliacao_media;popularidade_media;genero_acao|genero_aventura|genero_animacao|genero_comedia
8937;Friday Night Lights (2004);Action|Drama;2004;8;3,5625;3,5;0,6232117273791123;2004-10-24 18:47:32+00:00;2016-10-14 20:31:42+00:00;2;periodo_2000_2009;avaliacao_media;popularidade_baixa;genero_acao|genero_drama
8947;Grudge, The (2004);Horror|Mystery|Thriller;2004;10;2,3;2,25;0,4830458915396479;2006-11-13 17:52:47+00:00;2017-05-11 18:51:56+00:00;3;periodo_2000_2009;avaliacao_baixa;popularidade_media;genero_terror|genero_misterio|genero_suspense
8949;Sideways (2004);Comedy|Drama|Romance;2004;39;3,7435897435897436;4,0;0,9238919029372918;2005-01-02 20:36:23+00:00;2018-01-01 03:29:16+00:00;3;periodo_2000_2009;avaliacao_media;popularidade_media;genero_comedia|genero_drama|genero_romance
8950;The Machinist (2004);Drama|Mystery|Thriller;2004;38;3,986842105263158;4,0;0,7304833840652696;2004-12-06 01:46:07+00:00;2018-03-19 19:53:45+00:00;3;periodo_2000_2009;avaliacao_media;popularidade_media;genero_drama|genero_misterio|genero_suspense
8957;Saw (2004);Horror|Mystery|Thriller;2004;33;3,1818181818181817;3,5;1,2797593878964477;2005-01-25 06:54:58+00:00;2018-09-17 04:23:15+00:00;3;periodo_2000_2009;avaliacao_media;popularidade_media;genero_terror|genero_misterio|genero_suspense
8958;Ray (2004);Drama;2004;19;3,6842105263157894;4,0;0,8029550685469662;2005-01-10 22:45:26+00:00;2017-05-31 05:00:31+00:00;1;periodo_2000_2009;avaliacao_media;popularidade_media;genero_drama
8961;Incredibles, The (2004);Action|Adventure|Animation|Children|Comedy;2004;125;3,836;4,0;0,7587553475392148;2004-11-22 19:43:29+00:00;2018-09-17 04:15:17+00:00;5;periodo_2000_2009;avaliacao_media;popularidade_alta;genero_acao|genero_aventura|genero_animacao|genero_infantil|genero_comedia
8965;Polar Express, The (2004);Adventure|Animation|Children|Fantasy|IMAX;2004;11;3,1363636363636362;3,0;1,0744977685158097;2005-01-10 22:41:41+00:00;2018-06-08 17:40:11+00:00;5;periodo_2000_2009;avaliacao_media;popularidade_media;genero_aventura|genero_animacao|genero_infantil|genero_fantasia|genero_imax
8966;Kinsey (2004);Drama;2004;8;3,125;3,5;1,093813773650968;2005-01-10 22:46:17+00:00;2017-05-31 04:55:31+00:00;1;periodo_2000_2009;avaliacao_media;popularidade_baixa;genero_drama
8968;After the Sunset (2004);Action|Adventure|Comedy|Crime|Thriller;2004;6;3,5833333333333335;3,5;0,8612007121842543;2005-04-01 19:40:32+00:00;2018-01-05 17:15:47+00:00;5;periodo_2000_2009;avaliacao_media;popularidade_baixa;genero_acao|genero_aventura|genero_comedia|genero_crime|genero_suspense
8969;Bridget Jones: The Edge of Reason (2004);Comedy|Drama|Romance;2004;20;3,025;3,0;0,9101041004655516;2004-12-08 02:12:40+00:00;2018-01-16 22:23:09+00:00;3;periodo_2000_2009;avaliacao_media;popularidade_media;genero_comedia|genero_drama|genero_romance
8970;Finding Neverland (2004);Drama;2004;32;3,609375;4,0;0,8398768630944003;2005-01-25 06:54:29+00:00;2017-09-01 23:59:45+00:00;1;periodo_2000_2009;avaliacao_media;popularidade_media;genero_drama
8972;National Treasure (2004);Action|Adventure|Drama|Mystery|Thriller;2004;38;3,263157894736842;3,5;0,9133901959574144;2005-01-10 22:44:30+00:00;2018-04-08 19:44:30+00:00;5;periodo_2000_2009;avaliacao_media;popularidade_media;genero_acao|genero_aventura|genero_drama|genero_misterio|genero_suspense
8973;Bad Education (La mala educación) (2004);Drama|Thriller;2004;8;3,75;4,0;1,0;2005-07-09 03:27:12+00:00;2015-11-14 22:38:40+00:00;2;periodo_2000_2009;avaliacao_media;popularidade_baixa;genero_drama|genero_suspense
8977;Alexander (2004);Action|Adventure|Drama|War;2004;10;2,2;2,5;0,9775252199076786;2005-01-10 22:45:32+00:00;2012-04-08 00:05:13+00:00;4;periodo_2000_2009;avaliacao_baixa;popularidade_media;genero_acao|genero_aventura|genero_drama|genero_guerra
8981;Closer (2004);Drama|Romance;2004;16;3,71875;4,0;0,7295832143536928;2005-01-10 22:46:11+00:00;2017-06-26 22:18:01+00:00;2;periodo_2000_2009;avaliacao_media;popularidade_media;genero_drama|genero_romance
8983;House of Flying Daggers (Shi mian mai fu) (2004);Action|Drama|Romance;2004;25;3,52;3,5;0,6370504951205466;2005-01-13 20:53:37+00:00;2017-06-26 22:51:10+00:00;3;periodo_2000_2009;avaliacao_media;popularidade_media;genero_acao|genero_drama|genero_romance
8984;Ocean's Twelve (2004);Action|Comedy|Crime|Thriller;2004;43;3,2906976744186047;3,5;1,0306756807085278;2005-01-10 22:45:37+00:00;2018-03-19 20:07:02+00:00;4;periodo_2000_2009;avaliacao_media;popularidade_media;genero_acao|genero_comedia|genero_crime|genero_suspense
8985;Blade: Trinity (2004);Action|Fantasy|Horror|Thriller;2004;14;2,857142857142857;3,0;1,0456608405245906;2005-01-10 22:50:49+00:00;2017-06-26 19:15:51+00:00;4;periodo_2000_2009;avaliacao_baixa;popularidade_media;genero_acao|genero_fantasia|genero_terror|genero_suspense
9010;Love Me If You Dare (Jeux d'enfants) (2003);Drama|Romance;2003;5;4,1;4,5;1,0246950765959597;2005-05-30 19:24:44+00:00;2017-06-27 00:32:37+00:00;2;periodo_2000_2009;avaliacao_alta;popularidade_baixa;genero_drama|genero_romance
26084;Music Man, The (1962);Children|Comedy|Musical|Romance;1962;5;3,9;3,5;0,651920240520265;2005-04-04 16:37:09+00:00;2012-09-25 22:08:18+00:00;4;periodo_1950_1969;avaliacao_media;popularidade_baixa;genero_infantil|genero_comedia|genero_musical|genero_romance
26131;Battle of Algiers, The (La battaglia di Algeri) (1966);Drama|War;1966;5;4,3;4,5;0,7582875444051551;2005-05-29 08:19:23+00:00;2012-11-11 22:52:53+00:00;2;periodo_1950_1969;avaliacao_alta;popularidade_baixa;genero_drama|genero_guerra
26133;Charlie Brown Christmas, A (1965);Animation|Children|Comedy;1965;6;4,0;4,25;0,8944271909999159;2008-10-18 14:42:54+00:00;2018-09-03 03:06:15+00:00;3;periodo_1950_1969;avaliacao_alta;popularidade_baixa;genero_animacao|genero_infantil|genero_comedia
26152;Batman (1966);Action|Adventure|Comedy;1966;5;3,0;3,0;0,35355339059327373;2006-01-07 16:39:50+00:00;2017-06-27 00:40:43+00:00;3;periodo_1950_1969;avaliacao_media;popularidade_baixa;genero_acao|genero_aventura|genero_comedia
26242;Duel (1971);Action|Mystery|Thriller;1971;5;3,2;3,0;0,273861278752583;2005-12-31 01:54:35+00:00;2018-08-12 15:20:28+00:00;3;periodo_1970_1989;avaliacao_media;popularidade_baixa;genero_acao|genero_misterio|genero_suspense
26258;Topo, El (1970);Fantasy|Western;1970;5;3,9;4,0;1,2449899597988732;2007-05-14 05:49:01+00:00;2018-06-21 16:58:50+00:00;2;periodo_1970_1989;avaliacao_media;popularidade_baixa;genero_fantasia|genero_faroeste
26614;Bourne Identity, The (1988);Action|Adventure|Drama|Mystery|Thriller;1988;9;3,388888888888889;4,0;1,2190615698606495;2009-01-31 04:33:06+00:00;2017-02-24 16:20:42+00:00;5;periodo_1970_1989;avaliacao_media;popularidade_baixa;genero_acao|genero_aventura|genero_drama|genero_misterio|genero_suspense
26662;Kiki's Delivery Service (Majo no takkyûbin) (1989);Adventure|Animation|Children|Drama|Fantasy;1989;17;4,0588235294117645;4,0;0,7263425702874401;2005-12-04 21:04:16+00:00;2018-02-20 08:20:51+00:00;5;periodo_1970_1989;avaliacao_alta;popularidade_media;genero_aventura|genero_animacao|genero_infantil|genero_drama|genero_fantasia
26680;Cry-Baby (1990);Comedy|Musical|Romance;1990;5;3,8;3,5;0,758287544405155;2005-04-04 16:36:50+00:00;2016-09-17 19:49:36+00:00;3;periodo_1990_1999;avaliacao_media;popularidade_baixa;genero_comedia|genero_musical|genero_romance
26729;Hearts of Darkness: A Filmmakers Apocalypse (1991);Documentary;1991;5;3,8;4,0;0,273861278752583;2007-02-28 19:48:01+00:00;2018-09-02 02:18:17+00:00;1;periodo_1990_1999;avaliacao_media;popularidade_baixa;genero_documentario
26776;Porco Rosso (Crimson Pig) (Kurenai no buta) (1992);Adventure|Animation|Comedy|Fantasy|Romance;1992;14;3,892857142857143;4,0;0,7384644001776053;2005-11-13 22:39:54+00:00;2018-02-16 07:59:03+00:00;5;periodo_1990_1999;avaliacao_media;popularidade_media;genero_aventura|genero_animacao|genero_comedia|genero_fantasia|genero_romance
26903;Whisper of the Heart (Mimi wo sumaseba) (1995);Animation|Drama|Romance;1995;5;3,8;4,0;0,8366600265340757;2008-11-10 23:21:05+00:00;2017-08-19 07:03:15+00:00;3;periodo_1990_1999;avaliacao_media;popularidade_baixa;genero_animacao|genero_drama|genero_romance
27020;Gia (1998);Drama|Romance;1998;5;3,4;3,5;0,22360679774997894;2006-10-22 15:08:37+00:00;2018-09-01 20:12:09+00:00;2;periodo_1990_1999;avaliacao_media;popularidade_baixa;genero_drama|genero_romance
27156;Neon Genesis Evangelion: The End of Evangelion (Shin seiki Evangelion Gekijô-ban: Air/Magokoro wo, kimi ni) (1997);Action|Animation|Drama|Fantasy|Sci-Fi;1997;5;4,3;4,5;0,2738612787525831;2009-06-30 08:04:14+00:00;2018-09-16 10:37:19+00:00;5;periodo_1990_1999;avaliacao_alta;popularidade_baixa;genero_acao|genero_animacao|genero_drama|genero_fantasia|genero_ficcao_cientifica
27266;2046 (2004);Drama|Fantasy|Romance|Sci-Fi;2004;7;4,071428571428571;4,0;0,3450327796711772;2006-10-22 15:11:18+00:00;2016-07-27 21:23:29+00:00;4;periodo_2000_2009;avaliacao_alta;popularidade_baixa;genero_drama|genero_fantasia|genero_romance|genero_ficcao_cientifica
27317;Audition (Ôdishon) (1999);Drama|Horror|Mystery|Romance|Thriller;1999;6;3,75;3,75;0,5244044240850758;2005-04-05 14:57:39+00:00;2017-06-30 05:23:18+00:00;5;periodo_1990_1999;avaliacao_media;popularidade_baixa;genero_drama|genero_terror|genero_misterio|genero_romance|genero_suspense
27592;Sympathy for Mr. Vengeance (Boksuneun naui geot) (2002);Crime|Drama;2002;5;3,8;4,0;0,8366600265340756;2006-04-09 04:48:26+00:00;2016-11-19 08:45:28+00:00;2;periodo_2000_2009;avaliacao_media;popularidade_baixa;genero_crime|genero_drama
27611;Battlestar Galactica (2003);Drama|Sci-Fi|War;2003;19;3,8157894736842106;4,0;1,238396435312276;2008-12-08 05:47:39+00:00;2018-09-01 18:39:52+00:00;3;periodo_2000_2009;avaliacao_media;popularidade_media;genero_drama|genero_ficcao_cientifica|genero_guerra
27660;Animatrix, The (2003);Action|Animation|Drama|Sci-Fi;2003;20;3,7;4,0;0,8645047258706176;2006-09-15 21:23:36+00:00;2018-05-05 21:06:42+00:00;4;periodo_2000_2009;avaliacao_media;popularidade_media;genero_acao|genero_animacao|genero_drama|genero_ficcao_cientifica
27706;Lemony Snicket's A Series of Unfortunate Events (2004);Adventure|Children|Comedy|Fantasy;2004;25;3,16;3,5;0,7999999999999998;2005-01-03 15:41:58+00:00;2018-05-13 21:55:33+00:00;4;periodo_2000_2009;avaliacao_media;popularidade_media;genero_aventura|genero_infantil|genero_comedia|genero_fantasia
27721;Very Long Engagement, A (Un long dimanche de fiançailles) (2004);Drama|Mystery|Romance|War;2004;6;3,6666666666666665;3,5;0,752772652709081;2005-06-08 16:07:34+00:00;2012-02-23 07:52:45+00:00;4;periodo_2000_2009;avaliacao_media;popularidade_baixa;genero_drama|genero_misterio|genero_romance|genero_guerra
27731;Cat Returns, The (Neko no ongaeshi) (2002);Adventure|Animation|Children|Fantasy;2002;8;3,75;3,5;0,5976143046671968;2007-03-26 18:52:42+00:00;2017-08-19 07:03:28+00:00;4;periodo_2000_2009;avaliacao_media;popularidade_baixa;genero_aventura|genero_animacao|genero_infantil|genero_fantasia
27741;Twilight Samurai, The (Tasogare Seibei) (2002);Drama|Romance;2002;6;3,8333333333333335;3,75;0,6055300708194983;2005-02-03 23:40:20+00:00;2018-02-21 03:26:44+00:00;2;periodo_2000_2009;avaliacao_media;popularidade_baixa;genero_drama|genero_romance
27772;Ju-on: The Grudge (2002);Horror;2002;6;2,5833333333333335;2,75;0,49159604012508756;2007-02-21 02:11:18+00:00;2018-02-20 14:20:04+00:00;1;periodo_2000_2009;avaliacao_baixa;popularidade_baixa;genero_terror
27773;Old Boy (2003);Mystery|Thriller;2003;39;4,089743589743589;4,0;0,8650509178183406;2005-06-08 16:02:50+00:00;2018-06-28 01:12:46+00:00;2;periodo_2000_2009;avaliacao_alta;popularidade_media;genero_misterio|genero_suspense
27788;Jacket, The (2005);Drama|Mystery|Sci-Fi|Thriller;2005;8;3,0;3,25;0,9999999999999999;2005-07-18 20:29:30+00:00;2018-02-21 17:51:38+00:00;4;periodo_2000_2009;avaliacao_media;popularidade_baixa;genero_drama|genero_misterio|genero_ficcao_cientifica|genero_suspense
27801;Ong-Bak: The Thai Warrior (Ong Bak) (2003);Action|Thriller;2003;12;4,0;4,0;0,5640760748177663;2005-02-14 17:52:00+00:00;2018-02-20 16:48:20+00:00;2;periodo_2000_2009;avaliacao_alta;popularidade_media;genero_acao|genero_suspense
27803;Sea Inside, The (Mar adentro) (2004);Drama;2004;8;4,0;4,25;0,7559289460184544;2005-05-20 12:39:46+00:00;2018-07-06 01:03:03+00:00;1;periodo_2000_2009;avaliacao_alta;popularidade_baixa;genero_drama
27808;Spanglish (2004);Comedy|Drama|Romance;2004;11;3,3636363636363638;3,5;0,674199862463242;2005-01-10 22:46:04+00:00;2018-07-12 21:39:59+00:00;3;periodo_2000_2009;avaliacao_media;popularidade_media;genero_comedia|genero_drama|genero_romance
27815;Chorus, The (Choristes, Les) (2004);Drama;2004;11;3,909090909090909;3,5;0,8312094145936335;2005-05-06 13:51:19+00:00;2016-07-28 03:12:15+00:00;1;periodo_2000_2009;avaliacao_media;popularidade_media;genero_drama
27821;Interpreter, The (2005);Drama|Thriller;2005;6;3,25;3,25;0,5244044240850758;2005-05-05 10:49:53+00:00;2017-05-01 21:42:40+00:00;2;periodo_2000_2009;avaliacao_media;popularidade_baixa;genero_drama|genero_suspense
27822;Open Water (2003);Drama|Thriller;2003;5;2,7;3,0;1,6431676725154984;2005-03-07 21:30:56+00:00;2017-05-08 18:25:19+00:00;2;periodo_2000_2009;avaliacao_baixa;popularidade_baixa;genero_drama|genero_suspense
27831;Layer Cake (2004);Crime|Drama|Thriller;2004;19;3,8157894736842106;4,0;0,5580354010024183;2005-09-17 00:06:58+00:00;2018-07-27 20:28:04+00:00;3;periodo_2000_2009;avaliacao_media;popularidade_media;genero_crime|genero_drama|genero_suspense
27839;Ring Two, The (2005);Drama|Horror|Mystery|Thriller;2005;5;2,3;2,0;0,7582875444051551;2005-05-31 01:49:07+00:00;2017-05-13 17:26:35+00:00;4;periodo_2000_2009;avaliacao_baixa;popularidade_baixa;genero_drama|genero_terror|genero_misterio|genero_suspense
27846;Corporation, The (2003);Documentary;2003;10;3,9;4,0;0,5163977794943222;2005-03-22 10:53:05+00:00;2015-11-11 02:55:08+00:00;1;periodo_2000_2009;avaliacao_media;popularidade_media;genero_documentario
27904;Scanner Darkly, A (2006);Animation|Drama|Mystery|Sci-Fi|Thriller;2006;22;3,6136363636363638;4,0;0,9503360080195468;2006-08-08 15:43:07+00:00;2017-06-27 03:07:29+00:00;5;periodo_2000_2009;avaliacao_media;popularidade_media;genero_animacao|genero_drama|genero_misterio|genero_ficcao_cientifica|genero_suspense
27912;Outfoxed: Rupert Murdoch's War on Journalism (2004);Documentary;2004;5;3,3;4,0;1,396424004376894;2005-03-28 20:11:00+00:00;2008-01-27 14:55:12+00:00;1;periodo_2000_2009;avaliacao_media;popularidade_baixa;genero_documentario
30707;Million Dollar Baby (2004);Drama;2004;52;3,8461538461538463;4,0;0,813720947124282;2005-01-10 22:44:35+00:00;2018-09-17 04:18:15+00:00;1;periodo_2000_2009;avaliacao_media;popularidade_alta;genero_drama
30749;Hotel Rwanda (2004);Drama|War;2004;48;3,7916666666666665;4,0;0,9555734233306651;2005-04-17 20:26:18+00:00;2018-09-17 04:20:18+00:00;2;periodo_2000_2009;avaliacao_media;popularidade_media;genero_drama|genero_guerra
30793;Charlie and the Chocolate Factory (2005);Adventure|Children|Comedy|Fantasy|IMAX;2005;61;3,0;3,0;0,9036961141150638;2005-07-19 03:33:16+00:00;2018-09-17 04:19:39+00:00;5;periodo_2000_2009;avaliacao_media;popularidade_alta;genero_aventura|genero_infantil|genero_comedia|genero_fantasia|genero_imax
30810;Life Aquatic with Steve Zissou, The (2004);Adventure|Comedy|Fantasy;2004;37;3,4864864864864864;3,5;1,0239254970081677;2005-01-10 22:45:21+00:00;2018-05-05 19:37:34+00:00;3;periodo_2000_2009;avaliacao_media;popularidade_media;genero_aventura|genero_comedia|genero_fantasia
30812;Aviator, The (2004);Drama;2004;35;3,5285714285714285;4,0;0,8396678014588405;2005-01-10 22:45:34+00:00;2017-10-22 02:59:03+00:00;1;periodo_2000_2009;avaliacao_media;popularidade_media;genero_drama
30816;Phantom of the Opera, The (2004);Drama|Musical|Romance;2004;12;3,1666666666666665;3,25;0,9847319278346619;2005-01-10 22:45:40+00:00;2018-09-01 18:58:44+00:00;3;periodo_2000_2009;avaliacao_media;popularidade_media;genero_drama|genero_musical|genero_romance
30822;In Good Company (2004);Comedy|Drama;2004;11;3,4545454545454546;3,5;0,6105139414683932;2005-01-15 22:08:06+00:00;2008-12-13 03:57:03+00:00;2;periodo_2000_2009;avaliacao_media;popularidade_media;genero_comedia|genero_drama
30825;Meet the Fockers (2004);Comedy;2004;33;3,106060606060606;3,5;0,9743393254981147;2005-01-10 22:45:55+00:00;2018-09-17 04:26:42+00:00;1;periodo_2000_2009;avaliacao_media;popularidade_media;genero_comedia
30894;White Noise (2005);Drama|Horror|Mystery|Sci-Fi|Thriller;2005;8;2,5;2,0;0,7559289460184545;2006-11-17 15:09:21+00:00;2017-05-08 18:25:36+00:00;5;periodo_2000_2009;avaliacao_baixa;popularidade_baixa;genero_drama|genero_terror|genero_misterio|genero_ficcao_cientifica|genero_suspense
31221;Elektra (2005);Action|Adventure|Crime|Drama;2005;10;2,05;2,0;1,0124228365658294;2005-01-15 22:07:45+00:00;2018-08-31 10:32:38+00:00;4;periodo_2000_2009;avaliacao_baixa;popularidade_media;genero_acao|genero_aventura|genero_crime|genero_drama
31225;Coach Carter (2005);Drama;2005;7;3,0714285714285716;3,0;0,34503277967117707;2005-06-26 23:34:18+00:00;2015-11-15 15:03:44+00:00;1;periodo_2000_2009;avaliacao_media;popularidade_baixa;genero_drama
31364;Memories of Murder (Salinui chueok) (2003);Crime|Drama|Mystery|Thriller;2003;5;4,7;5,0;0,44721359549995804;2006-10-26 07:58:52+00:00;2018-07-30 23:38:18+00:00;4;periodo_2000_2009;avaliacao_alta;popularidade_baixa;genero_crime|genero_drama|genero_misterio|genero_suspense
31410;Downfall (Untergang, Der) (2004);Drama|War;2004;20;3,875;4,0;0,9441649053110651;2005-06-08 16:04:17+00:00;2016-04-09 17:12:56+00:00;2;periodo_2000_2009;avaliacao_media;popularidade_media;genero_drama|genero_guerra
31420;Assault on Precinct 13 (2005);Action|Crime|Drama|Thriller;2005;8;3,1875;3,25;0,5303300858899106;2005-07-14 12:49:54+00:00;2017-05-03 22:15:58+00:00;4;periodo_2000_2009;avaliacao_media;popularidade_baixa;genero_acao|genero_crime|genero_drama|genero_suspense
31427;Hide and Seek (2005);Horror|Mystery|Thriller;2005;6;2,3333333333333335;2,5;0,7527726527090811;2005-09-08 12:58:16+00:00;2017-05-08 18:23:23+00:00;3;periodo_2000_2009;avaliacao_baixa;popularidade_baixa;genero_terror|genero_misterio|genero_suspense
31433;Wedding Date, The (2005);Comedy|Romance;2005;11;3,1363636363636362;3,5;0,9244162777371755;2005-02-05 03:50:58+00:00;2018-02-11 20:19:16+00:00;2;periodo_2000_2009;avaliacao_media;popularidade_media;genero_comedia|genero_romance
31658;Howl's Moving Castle (Hauru no ugoku shiro) (2004);Adventure|Animation|Fantasy|Romance;2004;40;4,075;4,0;0,7210213553507239;2005-07-14 18:22:06+00:00;2018-08-31 09:43:04+00:00;4;periodo_2000_2009;avaliacao_alta;popularidade_media;genero_aventura|genero_animacao|genero_fantasia|genero_romance
31685;Hitch (2005);Comedy|Romance;2005;45;3,1666666666666665;3,0;0,7905694150420948;2005-03-23 19:49:34+00:00;2018-04-22 21:06:07+00:00;2;periodo_2000_2009;avaliacao_media;popularidade_media;genero_comedia|genero_romance
31696;Constantine (2005);Action|Fantasy|Horror|Thriller;2005;35;3,4714285714285715;3,5;0,8906611650478367;2005-02-21 01:48:23+00:00;2018-09-17 04:24:17+00:00;4;periodo_2000_2009;avaliacao_media;popularidade_media;genero_acao|genero_fantasia|genero_terror|genero_suspense
31878;Kung Fu Hustle (Gong fu) (2004);Action|Comedy;2004;19;3,5789473684210527;4,0;1,3256356745050535;2005-04-23 03:11:05+00:00;2017-06-26 22:33:24+00:00;2;periodo_2000_2009;avaliacao_media;popularidade_media;genero_acao|genero_comedia
32011;Cursed (2005);Horror|Thriller;2005;6;2,1666666666666665;2,0;0,5163977794943222;2005-09-19 21:00:31+00:00;2017-05-13 17:41:36+00:00;2;periodo_2000_2009;avaliacao_baixa;popularidade_baixa;genero_terror|genero_suspense
32017;Pacifier, The (2005);Action|Comedy;2005;7;2,7142857142857144;3,0;0,3933978962347215;2005-07-01 01:06:09+00:00;2017-05-08 18:24:07+00:00;2;periodo_2000_2009;avaliacao_baixa;popularidade_baixa;genero_acao|genero_comedia
32019;Be Cool (2005);Comedy|Crime|Musical;2005;8;2,4375;2,5;1,0500850305706537;2005-03-06 18:48:29+00:00;2017-05-08 18:23:38+00:00;3;periodo_2000_2009;avaliacao_baixa;popularidade_baixa;genero_comedia|genero_crime|genero_musical
32029;Hostage (2005);Action|Crime|Drama|Thriller;2005;10;3,05;3,0;0,5502524673073059;2005-06-06 02:45:46+00:00;2017-05-13 17:25:57+00:00;4;periodo_2000_2009;avaliacao_media;popularidade_media;genero_acao|genero_crime|genero_drama|genero_suspense
32031;Robots (2005);Adventure|Animation|Children|Comedy|Fantasy|Sci-Fi|IMAX;2005;19;3,026315789473684;3,0;1,0202625507753482;2005-03-19 15:12:22+00:00;2018-05-28 21:20:36+00:00;7;periodo_2000_2009;avaliacao_media;popularidade_media;genero_aventura|genero_animacao|genero_infantil|genero_comedia|genero_fantasia|genero_ficcao_cientifica|genero_imax
32291;Melinda and Melinda (2004);Comedy|Drama;2004;5;3,1;3,0;0,6519202405202649;2007-05-14 17:55:31+00:00;2017-06-26 22:22:14+00:00;2;periodo_2000_2009;avaliacao_media;popularidade_baixa;genero_comedia|genero_drama
32296;Miss Congeniality 2: Armed and Fabulous (2005);Adventure|Comedy|Crime;2005;8;2,25;2,25;0,8017837257372732;2005-06-06 02:46:53+00:00;2018-01-05 17:39:53+00:00;3;periodo_2000_2009;avaliacao_baixa;popularidade_baixa;genero_aventura|genero_comedia|genero_crime
32587;Sin City (2005);Action|Crime|Film-Noir|Mystery|Thriller;2005;84;3,857142857142857;4,0;0,8557791791357984;2005-04-02 03:43:40+00:00;2018-08-31 09:45:13+00:00;5;periodo_2000_2009;avaliacao_media;popularidade_alta;genero_acao|genero_crime|genero_film_noir|genero_misterio|genero_suspense
32596;Sahara (2005);Action|Adventure|Comedy;2005;7;3,0714285714285716;3,0;0,5345224838248488;2005-04-17 02:43:43+00:00;2018-03-07 07:45:21+00:00;3;periodo_2000_2009;avaliacao_media;popularidade_baixa;genero_acao|genero_aventura|genero_comedia
32598;Fever Pitch (2005);Comedy|Romance;2005;8;2,9375;3,25;1,0835622468770048;2005-09-16 02:54:23+00:00;2018-01-17 01:24:10+00:00;2;periodo_2000_2009;avaliacao_baixa;popularidade_baixa;genero_comedia|genero_romance
32898;Trip to the Moon, A (Voyage dans la lune, Le) (1902);Action|Adventure|Fantasy|Sci-Fi;1902;5;3,5;3,5;0,6123724356957945;2014-11-02 09:59:21+00:00;2018-05-03 14:52:42+00:00;4;periodo_antes_1950;avaliacao_media;popularidade_baixa;genero_acao|genero_aventura|genero_fantasia|genero_ficcao_cientifica
33004;Hitchhiker's Guide to the Galaxy, The (2005);Adventure|Comedy|Sci-Fi;2005;44;3,4204545454545454;3,5;0,9146303219294731;2005-05-03 01:24:02+00:00;2018-09-17 04:21:56+00:00;3;periodo_2000_2009;avaliacao_media;popularidade_media;genero_aventura|genero_comedia|genero_ficcao_cientifica
33085;Amityville Horror, The (2005);Horror|Thriller;2005;6;2,25;2,5;0,9354143466934853;2007-02-14 23:25:37+00:00;2018-09-02 02:18:53+00:00;2;periodo_2000_2009;avaliacao_baixa;popularidade_baixa;genero_terror|genero_suspense
33145;Lot Like Love, A (2005);Comedy|Drama|Romance;2005;6;3,0;3,25;1,0488088481701516;2005-07-18 22:03:21+00:00;2016-09-20 23:41:59+00:00;3;periodo_2000_2009;avaliacao_media;popularidade_baixa;genero_comedia|genero_drama|genero_romance
33154;Enron: The Smartest Guys in the Room (2005);Documentary;2005;6;4,0;4,0;0,7071067811865475;2005-06-28 18:42:35+00:00;2013-03-22 03:24:57+00:00;1;periodo_2000_2009;avaliacao_alta;popularidade_baixa;genero_documentario
33158;xXx: State of the Union (2005);Action|Crime|Thriller;2005;5;2,0;2,0;0,5;2007-02-21 02:54:41+00:00;2018-01-05 17:08:16+00:00;3;periodo_2000_2009;avaliacao_baixa;popularidade_baixa;genero_acao|genero_crime|genero_suspense
33162;Kingdom of Heaven (2005);Action|Drama|Romance|War;2005;17;3,5;3,5;0,8838834764831844;2005-05-08 23:57:33+00:00;2018-05-05 21:06:49+00:00;4;periodo_2000_2009;avaliacao_media;popularidade_media;genero_acao|genero_drama|genero_romance|genero_guerra
33164;House of Wax (2005);Horror|Thriller;2005;6;1,8333333333333333;2,25;1,0801234497346435;2005-07-15 22:44:49+00:00;2017-05-13 17:28:04+00:00;2;periodo_2000_2009;avaliacao_baixa;popularidade_baixa;genero_terror|genero_suspense
33166;Crash (2004);Crime|Drama;2004;50;3,89;4,0;0,8099508677464734;2005-06-08 14:25:02+00:00;2017-06-26 21:05:54+00:00;2;periodo_2000_2009;avaliacao_media;popularidade_alta;genero_crime|genero_drama
33437;Unleashed (Danny the Dog) (2005);Action|Crime|Drama|Thriller;2005;9;3,4444444444444446;3,5;0,768295371441074;2006-01-16 17:08:13+00:00;2017-06-26 23:06:29+00:00;4;periodo_2000_2009;avaliacao_media;popularidade_baixa;genero_acao|genero_crime|genero_drama|genero_suspense
33493;Star Wars: Episode III - Revenge of the Sith (2005);Action|Adventure|Sci-Fi;2005;78;3,4294871794871793;3,75;1,0802968536662927;2005-05-23 01:11:34+00:00;2018-08-31 09:39:52+00:00;3;periodo_2000_2009;avaliacao_media;popularidade_alta;genero_acao|genero_aventura|genero_ficcao_cientifica
33495;Kicking & Screaming (2005);Comedy;2005;7;2,642857142857143;3,0;1,1443442705426587;2005-07-18 22:03:37+00:00;2016-11-13 17:37:21+00:00;1;periodo_2000_2009;avaliacao_baixa;popularidade_baixa;genero_comedia
33615;Madagascar (2005);Adventure|Animation|Children|Comedy;2005;40;3,375;3,5;0,8378084965689218;2006-03-11 13:23:00+00:00;2018-09-17 04:27:29+00:00;4;periodo_2000_2009;avaliacao_media;popularidade_media;genero_aventura|genero_animacao|genero_infantil|genero_comedia
33646;Longest Yard, The (2005);Comedy|Drama;2005;9;3,111111111111111;3,0;0,6508541396588878;2005-11-13 04:41:29+00:00;2018-03-07 07:42:32+00:00;2;periodo_2000_2009;avaliacao_media;popularidade_baixa;genero_comedia|genero_drama
33660;Cinderella Man (2005);Drama|Romance;2005;17;4,088235294117647;4,0;0,26429706993546226;2005-07-12 19:55:21+00:00;2018-03-19 20:02:26+00:00;2;periodo_2000_2009;avaliacao_alta;popularidade_media;genero_drama|genero_romance
33669;Sisterhood of the Traveling Pants, The (2005);Adventure|Comedy|Drama;2005;7;3,0714285714285716;3,0;1,2051476890327395;2005-07-15 22:45:04+00:00;2016-04-04 16:39:58+00:00;3;periodo_2000_2009;avaliacao_media;popularidade_baixa;genero_aventura|genero_comedia|genero_drama
33672;Lords of Dogtown (2005);Action|Comedy|Drama;2005;7;3,0;3,0;1,0801234497346435;2005-10-10 20:40:50+00:00;2012-09-23 21:17:10+00:00;3;periodo_2000_2009;avaliacao_media;popularidade_baixa;genero_acao|genero_comedia|genero_drama
33679;Mr. & Mrs. Smith (2005);Action|Adventure|Comedy|Romance;2005;59;3,2796610169491527;3,5;0,9968536123667321;2005-06-13 12:51:36+00:00;2018-09-17 04:19:14+00:00;4;periodo_2000_2009;avaliacao_media;popularidade_alta;genero_acao|genero_aventura|genero_comedia|genero_romance
33794;Batman Begins (2005);Action|Crime|IMAX;2005;116;3,8620689655172415;4,0;0,8277423640779511;2005-06-15 15:15:54+00:00;2018-09-17 04:15:14+00:00;3;periodo_2000_2009;avaliacao_media;popularidade_alta;genero_acao|genero_crime|genero_imax
33836;Bewitched (2005);Comedy|Fantasy|Romance;2005;13;2,269230769230769;2,5;0,6329621044272916;2005-08-30 22:48:22+00:00;2018-01-05 17:48:14+00:00;3;periodo_2000_2009;avaliacao_baixa;popularidade_media;genero_comedia|genero_fantasia|genero_romance
33903;Edukators, The (Die Fetten Jahre sind vorbei) (2004);Comedy|Crime|Drama|Romance;2004;5;4,0;4,0;0,5;2006-11-16 10:46:10+00:00;2010-12-09 22:16:43+00:00;4;periodo_2000_2009;avaliacao_alta;popularidade_baixa;genero_comedia|genero_crime|genero_drama|genero_romance
34048;War of the Worlds (2005);Action|Adventure|Sci-Fi|Thriller;2005;50;3,15;3,5;0,8935711430854859;2005-07-05 13:22:55+00:00;2018-09-17 04:21:08+00:00;4;periodo_2000_2009;avaliacao_media;popularidade_alta;genero_acao|genero_aventura|genero_ficcao_cientifica|genero_suspense
34072;March of the Penguins (Marche de l'empereur, La) (2005);Documentary;2005;18;3,5555555555555554;3,5;0,7047921864945658;2005-09-02 04:52:13+00:00;2017-05-06 11:51:00+00:00;1;periodo_2000_2009;avaliacao_media;popularidade_media;genero_documentario
34150;Fantastic Four (2005);Action|Adventure|Sci-Fi;2005;36;2,763888888888889;3,0;0,8492527060481813;2005-07-10 04:19:06+00:00;2018-08-31 10:05:14+00:00;3;periodo_2000_2009;avaliacao_baixa;popularidade_media;genero_acao|genero_aventura|genero_ficcao_cientifica
34162;Wedding Crashers (2005);Comedy|Romance;2005;58;3,5086206896551726;3,5;0,7694346256006421;2005-07-18 14:05:53+00:00;2018-09-17 04:20:43+00:00;2;periodo_2000_2009;avaliacao_media;popularidade_alta;genero_comedia|genero_romance
34319;Island, The (2005);Action|Sci-Fi|Thriller;2005;31;3,3548387096774195;3,5;0,8582302370488621;2005-07-24 03:42:50+00:00;2018-09-17 04:25:44+00:00;3;periodo_2000_2009;avaliacao_media;popularidade_media;genero_acao|genero_ficcao_cientifica|genero_suspense
34323;Devil's Rejects, The (2005);Action|Crime|Horror;2005;7;3,7142857142857144;4,0;0,7559289460184544;2007-02-21 02:40:54+00:00;2017-06-26 21:54:03+00:00;3;periodo_2000_2009;avaliacao_media;popularidade_baixa;genero_acao|genero_crime|genero_terror
34332;Sky High (2005);Action|Adventure|Children|Comedy;2005;6;2,9166666666666665;3,25;1,4634434279010127;2007-11-11 00:22:55+00:00;2018-08-31 10:34:04+00:00;4;periodo_2000_2009;avaliacao_baixa;popularidade_baixa;genero_acao|genero_aventura|genero_infantil|genero_comedia
34334;Stealth (2005);Action|Adventure|Sci-Fi|Thriller;2005;5;2,5;2,5;0,3535533905932738;2005-08-23 19:31:51+00:00;2017-05-08 18:26:44+00:00;4;periodo_2000_2009;avaliacao_baixa;popularidade_baixa;genero_acao|genero_aventura|genero_ficcao_cientifica|genero_suspense
34338;Aristocrats, The (2005);Comedy|Documentary;2005;10;3,35;3,25;1,3133925536563698;2005-09-02 04:51:56+00:00;2018-02-21 17:04:26+00:00;2;periodo_2000_2009;avaliacao_media;popularidade_media;genero_comedia|genero_documentario
34405;Serenity (2005);Action|Adventure|Sci-Fi;2005;50;3,94;4,0;0,8727156771029294;2005-10-03 15:34:12+00:00;2018-08-31 09:41:38+00:00;3;periodo_2000_2009;avaliacao_media;popularidade_alta;genero_acao|genero_aventura|genero_ficcao_cientifica
34437;Broken Flowers (2005);Comedy|Drama;2005;21;3,4761904761904763;3,5;0,5804349764657208;2006-02-11 21:37:31+00:00;2017-06-27 03:13:07+00:00;2;periodo_2000_2009;avaliacao_media;popularidade_media;genero_comedia|genero_drama
34520;Dukes of Hazzard, The (2005);Action|Adventure|Comedy;2005;12;2,0833333333333335;2,0;0,596708141439855;2006-10-29 14:24:58+00:00;2018-01-17 01:24:05+00:00;3;periodo_2000_2009;avaliacao_baixa;popularidade_media;genero_acao|genero_aventura|genero_comedia
34534;Four Brothers (2005);Action|Crime|Drama;2005;7;3,5714285714285716;3,5;0,5345224838248488;2005-08-23 19:31:26+00:00;2017-05-14 20:42:22+00:00;3;periodo_2000_2009;avaliacao_media;popularidade_baixa;genero_acao|genero_crime|genero_drama
34542;Grizzly Man (2005);Documentary;2005;5;3,7;3,5;0,2738612787525831;2005-12-30 16:00:09+00:00;2012-03-24 22:37:42+00:00;1;periodo_2000_2009;avaliacao_media;popularidade_baixa;genero_documentario
35836;40-Year-Old Virgin, The (2005);Comedy|Romance;2005;74;3,5472972972972974;3,5;0,9296078084476496;2005-12-19 21:45:28+00:00;2018-09-17 04:18:11+00:00;2;periodo_2000_2009;avaliacao_media;popularidade_alta;genero_comedia|genero_romance
35957;Red Eye (2005);Horror|Thriller;2005;9;3,388888888888889;3,5;0,4166666666666667;2006-02-06 16:50:41+00:00;2017-05-06 11:54:23+00:00;2;periodo_2000_2009;avaliacao_media;popularidade_baixa;genero_terror|genero_suspense
36401;Brothers Grimm, The (2005);Comedy|Fantasy|Horror|Thriller;2005;20;2,625;3,0;0,998353908349033;2006-04-13 18:48:33+00:00;2018-01-16 22:24:18+00:00;4;periodo_2000_2009;avaliacao_baixa;popularidade_media;genero_comedia|genero_fantasia|genero_terror|genero_suspense
36517;Constant Gardener, The (2005);Drama|Thriller;2005;13;3,4615384615384617;4,0;0,900498437476399;2006-02-06 14:08:44+00:00;2017-06-26 22:11:42+00:00;2;periodo_2000_2009;avaliacao_media;popularidade_media;genero_drama|genero_suspense
36519;Transporter 2 (2005);Action|Crime|Thriller;2005;16;3,21875;3,25;0,5153882032022076;2005-09-04 00:33:30+00:00;2018-01-05 17:18:37+00:00;3;periodo_2000_2009;avaliacao_media;popularidade_media;genero_acao|genero_crime|genero_suspense
36525;Just Like Heaven (2005);Comedy|Fantasy|Romance;2005;8;2,6875;2,75;1,032939633141398;2005-09-18 00:07:38+00:00;2017-05-17 20:04:42+00:00;3;periodo_2000_2009;avaliacao_baixa;popularidade_baixa;genero_comedia|genero_fantasia|genero_romance
36527;Proof (2005);Drama;2005;7;3,5714285714285716;3,5;0,6074928962939559;2006-02-16 14:57:39+00:00;2009-05-11 09:10:38+00:00;1;periodo_2000_2009;avaliacao_media;popularidade_baixa;genero_drama
36529;Lord of War (2005);Action|Crime|Drama|Thriller|War;2005;35;3,7142857142857144;4,0;0,9016791059373803;2006-02-04 09:43:45+00:00;2018-09-17 04:22:02+00:00;5;periodo_2000_2009;avaliacao_media;popularidade_media;genero_acao|genero_crime|genero_drama|genero_suspense|genero_guerra
36535;Everything Is Illuminated (2005);Comedy|Drama;2005;9;3,7777777777777777;4,0;0,7120003121097942;2006-11-23 21:45:41+00:00;2018-05-05 19:38:31+00:00;2;periodo_2000_2009;avaliacao_media;popularidade_baixa;genero_comedia|genero_drama
36708;Family Guy Presents Stewie Griffin: The Untold Story (2005);Adventure|Animation|Comedy;2005;12;3,7083333333333335;4,0;0,5418123347254158;2006-09-20 23:16:27+00:00;2013-05-18 15:35:07+00:00;3;periodo_2000_2009;avaliacao_media;popularidade_media;genero_aventura|genero_animacao|genero_comedia
37380;Doom (2005);Action|Horror|Sci-Fi;2005;10;2,15;2,0;1,203005495507906;2007-02-18 19:56:58+00:00;2017-05-06 11:54:19+00:00;3;periodo_2000_2009;avaliacao_baixa;popularidade_media;genero_acao|genero_terror|genero_ficcao_cientifica
37382;Domino (2005);Crime|Drama|Thriller;2005;8;2,875;3,0;0,6408699444616557;2007-01-01 18:07:07+00:00;2017-06-26 22:50:11+00:00;3;periodo_2000_2009;avaliacao_baixa;popularidade_baixa;genero_crime|genero_drama|genero_suspense
37384;Waiting... (2005);Comedy;2005;13;3,269230769230769;3,0;1,0726793675842867;2006-11-04 17:42:46+00:00;2018-03-07 07:45:23+00:00;1;periodo_2000_2009;avaliacao_media;popularidade_media;genero_comedia
37386;Aeon Flux (2005);Action|Sci-Fi;2005;21;2,761904761904762;2,5;0,9167748853869144;2006-05-06 14:04:22+00:00;2018-01-05 17:16:43+00:00;2;periodo_2000_2009;avaliacao_baixa;popularidade_media;genero_acao|genero_ficcao_cientifica
37720;Exorcism of Emily Rose, The (2005);Crime|Drama|Horror|Thriller;2005;6;2,9166666666666665;3,0;0,8010409893798611;2005-10-24 06:48:57+00:00;2017-05-06 11:55:35+00:00;4;periodo_2000_2009;avaliacao_baixa;popularidade_baixa;genero_crime|genero_drama|genero_terror|genero_suspense
37727;Flightplan (2005);Action|Drama|Thriller;2005;11;2,8636363636363638;2,5;0,8969645781999726;2006-02-06 16:51:26+00:00;2017-06-26 19:19:47+00:00;3;periodo_2000_2009;avaliacao_baixa;popularidade_media;genero_acao|genero_drama|genero_suspense
37729;Corpse Bride (2005);Animation|Comedy|Fantasy|Musical|Romance;2005;44;3,534090909090909;3,5;0,6768405335250026;2005-09-29 02:56:11+00:00;2018-09-17 04:25:22+00:00;5;periodo_2000_2009;avaliacao_media;popularidade_media;genero_animacao|genero_comedia|genero_fantasia|genero_musical|genero_romance
37731;Green Street Hooligans (a.k.a. Hooligans) (2005);Crime|Drama;2005;9;3,7222222222222223;3,5;0,754615428178118;2007-04-16 20:40:13+00:00;2018-05-13 10:35:02+00:00;2;periodo_2000_2009;avaliacao_media;popularidade_baixa;genero_crime|genero_drama
37733;History of Violence, A (2005);Action|Crime|Drama|Thriller;2005;27;3,5;3,5;0,8660254037844386;2006-03-19 21:52:16+00:00;2018-04-30 21:57:37+00:00;4;periodo_2000_2009;avaliacao_media;popularidade_media;genero_acao|genero_crime|genero_drama|genero_suspense
37739;Greatest Game Ever Played, The (2005);Drama;2005;5;3,3;3,5;0,5700877125495689;2006-04-15 22:38:27+00:00;2009-02-28 07:35:32+00:00;1;periodo_2000_2009;avaliacao_media;popularidade_baixa;genero_drama
37741;Capote (2005);Crime|Drama;2005;23;3,869565217391304;4,0;0,6071054892675689;2006-03-22 02:55:59+00:00;2018-01-05 17:10:30+00:00;2;periodo_2000_2009;avaliacao_media;popularidade_media;genero_crime|genero_drama
37830;Final Fantasy VII: Advent Children (2004);Action|Adventure|Animation|Fantasy|Sci-Fi;2004;10;3,55;4,0;0,9846036991827952;2006-05-06 14:01:59+00:00;2018-02-20 11:45:24+00:00;5;periodo_2000_2009;avaliacao_media;popularidade_media;genero_acao|genero_aventura|genero_animacao|genero_fantasia|genero_ficcao_cientifica
37857;MirrorMask (2005);Adventure|Children|Drama|Fantasy;2005;9;3,611111111111111;3,5;0,6972166887783963;2006-02-25 06:02:12+00:00;2017-06-26 22:15:10+00:00;4;periodo_2000_2009;avaliacao_media;popularidade_baixa;genero_aventura|genero_infantil|genero_drama|genero_fantasia
38038;Wallace & Gromit in The Curse of the Were-Rabbit (2005);Adventure|Animation|Children|Comedy;2005;30;3,6333333333333333;3,5;1,1136560892203082;2005-10-29 18:06:37+00:00;2018-07-24 18:51:34+00:00;4;periodo_2000_2009;avaliacao_media;popularidade_media;genero_aventura|genero_animacao|genero_infantil|genero_comedia
38061;Kiss Kiss Bang Bang (2005);Comedy|Crime|Mystery|Thriller;2005;35;4,071428571428571;4,0;0,6433238268698644;2006-06-19 14:27:42+00:00;2018-08-31 09:51:12+00:00;4;periodo_2000_2009;avaliacao_alta;popularidade_media;genero_comedia|genero_crime|genero_misterio|genero_suspense
38886;Squid and the Whale, The (2005);Comedy|Drama;2005;9;3,4444444444444446;4,0;0,8819171036881969;2005-12-19 21:44:25+00:00;2017-06-26 23:08:15+00:00;2;periodo_2000_2009;avaliacao_media;popularidade_baixa;genero_comedia|genero_drama
39183;Brokeback Mountain (2005);Drama|Romance;2005;34;3,5588235294117645;3,5;0,8856148855400954;2006-01-16 20:59:38+00:00;2018-09-17 04:24:20+00:00;2;periodo_2000_2009;avaliacao_media;popularidade_media;genero_drama|genero_romance
39292;Good Night, and Good Luck. (2005);Crime|Drama;2005;20;3,775;4,0;0,5954874164563805;2005-11-28 19:57:05+00:00;2018-09-16 10:47:38+00:00;2;periodo_2000_2009;avaliacao_media;popularidade_media;genero_crime|genero_drama
39381;Proposition, The (2005);Crime|Drama|Western;2005;8;3,5625;3,75;0,5629958132298017;2006-11-19 07:24:28+00:00;2017-06-26 23:09:55+00:00;3;periodo_2000_2009;avaliacao_media;popularidade_baixa;genero_crime|genero_drama|genero_faroeste
39400;Fog, The (2005);Action|Horror|Mystery|Thriller;2005;5;2,1;2,0;1,140175425099138;2006-05-02 13:02:41+00:00;2017-05-13 17:35:58+00:00;4;periodo_2000_2009;avaliacao_baixa;popularidade_baixa;genero_acao|genero_terror|genero_misterio|genero_suspense
39414;Shopgirl (2005);Comedy|Drama|Romance;2005;7;3,0;3,0;0,8164965809277259;2007-05-14 17:28:45+00:00;2017-06-26 21:16:48+00:00;3;periodo_2000_2009;avaliacao_media;popularidade_baixa;genero_comedia|genero_drama|genero_romance
39435;Legend of Zorro, The (2005);Action|Adventure|Drama|Western;2005;5;2,9;3,0;0,6519202405202649;2008-08-08 03:20:18+00:00;2016-07-27 19:51:55+00:00;4;periodo_2000_2009;avaliacao_baixa;popularidade_baixa;genero_acao|genero_aventura|genero_drama|genero_faroeste
39444;Weather Man, The (2005);Comedy|Drama;2005;9;3,388888888888889;3,5;1,1395661942647786;2006-02-26 08:09:00+00:00;2016-07-09 08:16:09+00:00;2;periodo_2000_2009;avaliacao_media;popularidade_baixa;genero_comedia|genero_drama
39446;Saw II (2005);Horror|Thriller;2005;13;2,8076923076923075;3,0;1,29965478651162;2006-04-26 02:38:13+00:00;2018-01-16 22:21:46+00:00;2;periodo_2000_2009;avaliacao_baixa;popularidade_media;genero_terror|genero_suspense
39449;Prime (2005);Comedy|Drama|Romance;2005;5;2,6;3,0;0,8215838362577492;2006-04-24 17:46:17+00:00;2015-07-02 11:53:29+00:00;3;periodo_2000_2009;avaliacao_baixa;popularidade_baixa;genero_comedia|genero_drama|genero_romance
39715;American Pie Presents: Band Camp (American Pie 4: Band Camp) (2005);Comedy;2005;7;2,142857142857143;2,5;1,0690449676496976;2007-02-20 00:59:46+00:00;2018-03-07 07:45:58+00:00;1;periodo_2000_2009;avaliacao_baixa;popularidade_baixa;genero_comedia
40148;Revolver (2005);Crime|Drama|Thriller;2005;7;3,357142857142857;3,0;1,313845682030609;2008-08-24 05:41:46+00:00;2017-06-26 22:08:27+00:00;3;periodo_2000_2009;avaliacao_media;popularidade_baixa;genero_crime|genero_drama|genero_suspense
40278;Jarhead (2005);Action|Drama|War;2005;17;3,676470588235294;4,0;0,6359337738364604;2005-11-14 17:26:15+00:00;2017-05-06 11:50:38+00:00;3;periodo_2000_2009;avaliacao_media;popularidade_media;genero_acao|genero_drama|genero_guerra
40339;Chicken Little (2005);Action|Adventure|Animation|Children|Comedy|Sci-Fi;2005;7;2,2857142857142856;2,0;1,2535663410560174;2006-10-02 14:17:11+00:00;2018-03-07 07:49:43+00:00;6;periodo_2000_2009;avaliacao_baixa;popularidade_baixa;genero_acao|genero_aventura|genero_animacao|genero_infantil|genero_comedia|genero_ficcao_cientifica
40414;Joyeux Noël (Merry Christmas) (2005);Drama|War;2005;5;3,7;3,5;0,570087712549569;2006-12-27 01:10:56+00:00;2016-07-28 03:16:44+00:00;2;periodo_2000_2009;avaliacao_media;popularidade_baixa;genero_drama|genero_guerra
40581;Just Friends (2005);Comedy|Romance;2005;6;2,9166666666666665;2,75;1,1583033569262704;2007-05-14 17:53:37+00:00;2018-01-17 01:26:30+00:00;2;periodo_2000_2009;avaliacao_baixa;popularidade_baixa;genero_comedia|genero_romance
40583;Syriana (2005);Drama|Thriller;2005;16;3,53125;3,5;0,694472221666689;2005-12-12 02:35:24+00:00;2017-06-26 23:02:30+00:00;2;periodo_2000_2009;avaliacao_media;popularidade_media;genero_drama|genero_suspense
40629;Pride & Prejudice (2005);Drama|Romance;2005;27;3,5555555555555554;3,5;1,137924336180484;2006-04-11 17:57:16+00:00;2017-06-21 07:43:39+00:00;2;periodo_2000_2009;avaliacao_media;popularidade_media;genero_drama|genero_romance
40732;Descent, The (2005);Adventure|Drama|Horror|Thriller;2005;11;3,5454545454545454;3,5;0,6875516509523286;2006-10-26 08:06:55+00:00;2017-05-06 11:52:16+00:00;4;periodo_2000_2009;avaliacao_media;popularidade_media;genero_aventura|genero_drama|genero_terror|genero_suspense
40815;Harry Potter and the Goblet of Fire (2005);Adventure|Fantasy|Thriller|IMAX;2005;71;3,816901408450704;4,0;0,7032548644883727;2005-11-21 21:38:59+00:00;2018-08-31 09:39:54+00:00;4;periodo_2000_2009;avaliacao_media;popularidade_alta;genero_aventura|genero_fantasia|genero_suspense|genero_imax
40819;Walk the Line (2005);Drama|Musical|Romance;2005;39;3,7564102564102564;4,0;0,687020597176438;2005-12-03 19:04:29+00:00;2018-09-17 04:23:06+00:00;3;periodo_2000_2009;avaliacao_media;popularidade_media;genero_drama|genero_musical|genero_romance
40826;Rent (2005);Drama|Musical|Romance;2005;10;3,15;3,0;0,7090682462060883;2005-12-27 06:10:35+00:00;2018-09-01 19:15:43+00:00;3;periodo_2000_2009;avaliacao_media;popularidade_media;genero_drama|genero_musical|genero_romance
41285;Match Point (2005);Crime|Drama|Romance;2005;17;3,4411764705882355;3,5;0,9663454503498037;2006-01-24 04:15:49+00:00;2018-05-05 20:34:13+00:00;3;periodo_2000_2009;avaliacao_media;popularidade_media;genero_crime|genero_drama|genero_romance
41566;Chronicles of Narnia: The Lion, the Witch and the Wardrobe, The (2005);Adventure|Children|Fantasy;2005;62;3,443548387096774;3,5;0,9369677230373249;2005-12-31 01:53:48+00:00;2018-08-15 08:16:11+00:00;3;periodo_2000_2009;avaliacao_media;popularidade_alta;genero_aventura|genero_infantil|genero_fantasia
41569;King Kong (2005);Action|Adventure|Drama|Fantasy|Thriller;2005;40;3,4;3,5;0,7089175569585666;2005-12-26 19:20:19+00:00;2018-03-27 12:46:18+00:00;5;periodo_2000_2009;avaliacao_media;popularidade_media;genero_acao|genero_aventura|genero_drama|genero_fantasia|genero_suspense
41571;Memoirs of a Geisha (2005);Drama|Romance;2005;12;3,5833333333333335;3,5;0,4174235549683609;2006-08-25 18:28:00+00:00;2016-10-14 20:52:12+00:00;2;periodo_2000_2009;avaliacao_media;popularidade_media;genero_drama|genero_romance
41573;Family Stone, The (2005);Comedy|Drama|Romance;2005;8;2,875;3,0;1,0606601717798212;2006-05-06 14:02:39+00:00;2018-01-17 01:23:28+00:00;3;periodo_2000_2009;avaliacao_baixa;popularidade_baixa;genero_comedia|genero_drama|genero_romance
41716;Matador, The (2005);Comedy|Drama|Thriller;2005;7;3,2142857142857144;4,0;0,994029797388005;2006-07-24 14:53:25+00:00;2018-02-21 22:54:09+00:00;3;periodo_2000_2009;avaliacao_media;popularidade_baixa;genero_comedia|genero_drama|genero_suspense
41863;Three Burials of Melquiades Estrada, The (2006);Adventure|Crime|Drama;2006;5;4,0;4,0;0,5000000000000001;2006-06-12 20:10:16+00:00;2012-01-02 16:02:17+00:00;3;periodo_2000_2009;avaliacao_alta;popularidade_baixa;genero_aventura|genero_crime|genero_drama
41997;Munich (2005);Action|Crime|Drama|Thriller;2005;21;3,8095238095238093;4,0;0,7660970969170695;2006-01-14 17:27:56+00:00;2017-05-03 21:13:53+00:00;4;periodo_2000_2009;avaliacao_media;popularidade_media;genero_acao|genero_crime|genero_drama|genero_suspense
42002;Producers, The (2005);Comedy|Musical;2005;9;3,388888888888889;3,5;0,8207381501496754;2006-04-12 01:41:40+00:00;2016-10-14 20:54:48+00:00;2;periodo_2000_2009;avaliacao_media;popularidade_baixa;genero_comedia|genero_musical
42004;Transamerica (2005);Adventure|Comedy|Drama;2005;6;3,5;3,5;0,5477225575051661;2006-05-28 02:40:29+00:00;2018-09-01 19:33:24+00:00;3;periodo_2000_2009;avaliacao_media;popularidade_baixa;genero_aventura|genero_comedia|genero_drama
42011;Fun with Dick and Jane (2005);Comedy|Crime;2005;11;2,1818181818181817;2,5;0,7166842844909909;2006-10-27 15:09:41+00:00;2018-01-05 17:47:34+00:00;2;periodo_2000_2009;avaliacao_baixa;popularidade_media;genero_comedia|genero_crime
42418;New World, The (2005);Adventure|Drama|Romance;2005;5;3,2;4,0;1,3038404810405297;2006-05-14 16:43:38+00:00;2017-06-27 00:22:53+00:00;3;periodo_2000_2009;avaliacao_media;popularidade_baixa;genero_aventura|genero_drama|genero_romance
42632;Lady Vengeance (Sympathy for Lady Vengeance) (Chinjeolhan geumjassi) (2005);Crime|Drama|Mystery|Thriller;2005;5;4,0;4,0;0,7905694150420947;2006-10-22 15:09:29+00:00;2017-06-27 00:36:08+00:00;4;periodo_2000_2009;avaliacao_alta;popularidade_baixa;genero_crime|genero_drama|genero_misterio|genero_suspense
42718;District 13 (Banlieue 13) (2004);Action|Crime|Sci-Fi;2004;5;3,8;3,5;0,4472135954999579;2009-12-17 21:39:38+00:00;2018-02-21 02:22:51+00:00;3;periodo_2000_2009;avaliacao_media;popularidade_baixa;genero_acao|genero_crime|genero_ficcao_cientifica
42723;Hostel (2005);Horror;2005;11;2,8636363636363638;3,0;1,3055824196677337;2006-01-14 07:05:22+00:00;2017-05-01 21:42:04+00:00;1;periodo_2000_2009;avaliacao_baixa;popularidade_media;genero_terror
42725;Grandma's Boy (2006);Comedy;2006;7;2,5714285714285716;3,0;1,096531327587567;2007-02-21 04:45:00+00:00;2018-03-07 07:46:34+00:00;1;periodo_2000_2009;avaliacao_baixa;popularidade_baixa;genero_comedia
42728;Tristan & Isolde (2006);Drama|Romance;2006;5;3,6;3,5;0,9617692030835673;2006-11-11 23:50:50+00:00;2012-06-13 00:10:28+00:00;2;periodo_2000_2009;avaliacao_media;popularidade_baixa;genero_drama|genero_romance
42738;Underworld: Evolution (2006);Action|Fantasy|Horror;2006;16;3,09375;3,0;0,8003905296791062;2006-05-16 15:47:10+00:00;2018-06-25 04:12:38+00:00;3;periodo_2000_2009;avaliacao_media;popularidade_media;genero_acao|genero_fantasia|genero_terror
43396;World's Fastest Indian, The (2005);Drama;2005;7;3,7857142857142856;4,0;0,3933978962347216;2006-05-02 01:45:57+00:00;2011-12-26 17:49:04+00:00;1;periodo_2000_2009;avaliacao_media;popularidade_baixa;genero_drama
43560;Nanny McPhee (2005);Children|Comedy|Fantasy;2005;6;3,1666666666666665;3,0;0,5163977794943223;2007-05-14 17:34:18+00:00;2017-05-08 18:23:15+00:00;3;periodo_2000_2009;avaliacao_media;popularidade_baixa;genero_infantil|genero_comedia|genero_fantasia
43679;Final Destination 3 (2006);Horror|Mystery|Thriller;2006;9;2,8333333333333335;3,0;0,9682458365518541;2006-11-08 22:15:14+00:00;2017-05-06 11:55:57+00:00;3;periodo_2000_2009;avaliacao_baixa;popularidade_baixa;genero_terror|genero_misterio|genero_suspense
43836;Pink Panther, The (2006);Adventure|Comedy|Crime;2006;7;2,857142857142857;3,0;0,8997354108424372;2008-08-08 04:51:24+00:00;2017-05-14 20:42:46+00:00;3;periodo_2000_2009;avaliacao_baixa;popularidade_baixa;genero_aventura|genero_comedia|genero_crime
43871;Firewall (2006);Crime|Drama|Thriller;2006;8;2,75;3,0;0,5976143046671968;2006-02-20 16:43:40+00:00;2017-05-13 17:30:59+00:00;3;periodo_2000_2009;avaliacao_baixa;popularidade_baixa;genero_crime|genero_drama|genero_suspense
43904;When a Stranger Calls (2006);Horror|Thriller;2006;5;1,3;1,0;0,6708203932499369;2007-02-21 02:07:05+00:00;2017-06-26 18:57:35+00:00;2;periodo_2000_2009;avaliacao_baixa;popularidade_baixa;genero_terror|genero_suspense
43921;Running Scared (2006);Action|Crime|Thriller;2006;5;3,3;3,0;0,6708203932499369;2006-09-05 16:02:25+00:00;2017-06-26 22:40:41+00:00;3;periodo_2000_2009;avaliacao_media;popularidade_baixa;genero_acao|genero_crime|genero_suspense
43928;Ultraviolet (2006);Action|Fantasy|Sci-Fi|Thriller;2006;13;1,9230769230769231;2,0;0,996789718842316;2006-03-13 21:06:47+00:00;2018-09-01 18:50:31+00:00;4;periodo_2000_2009;avaliacao_baixa;popularidade_media;genero_acao|genero_fantasia|genero_ficcao_cientifica|genero_suspense
43936;16 Blocks (2006);Crime|Thriller;2006;9;3,0;3,0;0,5;2006-09-01 17:40:56+00:00;2017-05-06 11:52:48+00:00;2;periodo_2000_2009;avaliacao_media;popularidade_baixa;genero_crime|genero_suspense
44004;Failure to Launch (2006);Comedy|Romance;2006;6;3,25;3,25;0,758287544405155;2007-02-18 19:40:28+00:00;2018-01-17 01:17:02+00:00;2;periodo_2000_2009;avaliacao_media;popularidade_baixa;genero_comedia|genero_romance
44022;Ice Age 2: The Meltdown (2006);Adventure|Animation|Children|Comedy;2006;23;3,217391304347826;3,5;0,8504823091062899;2006-10-25 18:02:59+00:00;2018-03-07 07:38:56+00:00;4;periodo_2000_2009;avaliacao_media;popularidade_media;genero_aventura|genero_animacao|genero_infantil|genero_comedia
44191;V for Vendetta (2006);Action|Sci-Fi|Thriller|IMAX;2006;100;3,885;4,0;0,7877054005018614;2006-03-19 21:51:09+00:00;2018-08-31 09:44:59+00:00;4;periodo_2000_2009;avaliacao_media;popularidade_alta;genero_acao|genero_ficcao_cientifica|genero_suspense|genero_imax
44193;She's the Man (2006);Comedy|Romance;2006;6;3,75;3,5;0,8215838362577492;2008-08-08 03:40:47+00:00;2016-12-11 16:42:14+00:00;2;periodo_2000_2009;avaliacao_media;popularidade_baixa;genero_comedia|genero_romance
44195;Thank You for Smoking (2006);Comedy|Drama;2006;36;4,027777777777778;4,0;0,643033485513829;2006-04-20 16:21:14+00:00;2017-06-26 22:41:31+00:00;2;periodo_2000_2009;avaliacao_alta;popularidade_media;genero_comedia|genero_drama
44199;Inside Man (2006);Crime|Drama|Thriller;2006;40;3,8;4,0;0,9922778767136676;2006-05-02 01:46:03+00:00;2017-07-01 00:49:55+00:00;3;periodo_2000_2009;avaliacao_media;popularidade_media;genero_crime|genero_drama|genero_suspense
44397;Hills Have Eyes, The (2006);Drama|Horror|Thriller;2006;6;3,0833333333333335;3,0;1,114300976696452;2007-02-18 20:15:24+00:00;2017-05-03 21:49:41+00:00;3;periodo_2000_2009;avaliacao_media;popularidade_baixa;genero_drama|genero_terror|genero_suspense
44555;Lives of Others, The (Das leben der Anderen) (2006);Drama|Romance|Thriller;2006;34;4,117647058823529;4,0;0,6969503213613096;2007-02-28 19:48:09+00:00;2018-08-06 02:12:36+00:00;3;periodo_2000_2009;avaliacao_alta;popularidade_media;genero_drama|genero_romance|genero_suspense
44665;Lucky Number Slevin (2006);Crime|Drama|Mystery;2006;38;3,8552631578947367;4,0;0,6868248009897596;2006-04-13 18:04:18+00:00;2018-07-03 18:47:39+00:00;3;periodo_2000_2009;avaliacao_media;popularidade_media;genero_crime|genero_drama|genero_misterio
44694;Volver (2006);Comedy|Drama;2006;8;3,8125;3,75;0,7039429765866795;2007-02-11 23:01:49+00:00;2015-11-14 22:33:16+00:00;2;periodo_2000_2009;avaliacao_media;popularidade_baixa;genero_comedia|genero_drama
44709;Akeelah and the Bee (2006);Drama;2006;5;3,8;4,0;0,5700877125495689;2006-12-08 01:04:47+00:00;2009-12-17 21:36:11+00:00;1;periodo_2000_2009;avaliacao_media;popularidade_baixa;genero_drama
44761;Brick (2005);Crime|Drama|Film-Noir|Mystery;2005;12;3,875;3,75;0,8822749519900759;2006-06-02 07:27:45+00:00;2017-06-27 00:09:18+00:00;4;periodo_2000_2009;avaliacao_media;popularidade_media;genero_crime|genero_drama|genero_film_noir|genero_misterio
44788;This Film Is Not Yet Rated (2006);Documentary;2006;6;3,5;3,5;0,447213595499958;2007-05-27 21:35:22+00:00;2011-09-06 18:42:20+00:00;1;periodo_2000_2009;avaliacao_media;popularidade_baixa;genero_documentario
44828;Slither (2006);Comedy|Horror|Sci-Fi;2006;5;3,0;2,5;0,9354143466934854;2007-01-15 07:47:56+00:00;2017-06-26 23:00:49+00:00;3;periodo_2000_2009;avaliacao_media;popularidade_baixa;genero_comedia|genero_terror|genero_ficcao_cientifica
44840;Benchwarmers, The (2006);Comedy;2006;11;2,772727272727273;3,0;0,8174238913695991;2007-02-21 02:56:43+00:00;2018-02-22 21:24:22+00:00;1;periodo_2000_2009;avaliacao_baixa;popularidade_media;genero_comedia
44972;Scary Movie 4 (2006);Comedy|Horror;2006;12;2,25;2,0;1,3055824196677337;2006-05-06 14:03:45+00:00;2018-01-17 01:13:29+00:00;2;periodo_2000_2009;avaliacao_baixa;popularidade_media;genero_comedia|genero_terror
44974;Hard Candy (2005);Drama|Thriller;2005;12;3,5;3,75;1,3483997249264843;2006-12-18 17:44:28+00:00;2017-06-27 00:51:24+00:00;2;periodo_2000_2009;avaliacao_media;popularidade_media;genero_drama|genero_suspense
45028;Prairie Home Companion, A (2006);Comedy|Drama|Musical;2006;6;3,6666666666666665;3,75;0,40824829046386296;2006-11-24 15:42:28+00:00;2009-03-23 23:29:19+00:00;3;periodo_2000_2009;avaliacao_media;popularidade_baixa;genero_comedia|genero_drama|genero_musical
45081;Silent Hill (2006);Fantasy|Horror|Thriller;2006;12;2,9583333333333335;3,0;1,0966546927595373;2007-02-18 20:07:18+00:00;2017-06-26 22:36:38+00:00;3;periodo_2000_2009;avaliacao_baixa;popularidade_media;genero_fantasia|genero_terror|genero_suspense
45186;Mission: Impossible III (2006);Action|Adventure|Thriller;2006;28;3,5892857142857144;3,5;0,6390613983800547;2006-05-06 14:02:24+00:00;2018-03-05 21:23:30+00:00;3;periodo_2000_2009;avaliacao_media;popularidade_media;genero_acao|genero_aventura|genero_suspense
45210;United 93 (2006);Crime|Drama;2006;7;4,142857142857143;4,0;0,37796447300922725;2006-05-01 20:24:00+00:00;2017-05-03 21:39:21+00:00;2;periodo_2000_2009;avaliacao_alta;popularidade_baixa;genero_crime|genero_drama
45221;Stick It (2006);Comedy;2006;6;2,5833333333333335;2,5;0,8612007121842542;2007-08-02 19:02:36+00:00;2017-06-26 21:48:39+00:00;1;periodo_2000_2009;avaliacao_baixa;popularidade_baixa;genero_comedia
45431;Over the Hedge (2006);Adventure|Animation|Children|Comedy;2006;14;3,4285714285714284;3,5;0,8516306272526402;2006-10-30 02:35:26+00:00;2018-06-25 04:06:57+00:00;4;periodo_2000_2009;avaliacao_media;popularidade_media;genero_aventura|genero_animacao|genero_infantil|genero_comedia
45440;Art School Confidential (2006);Comedy|Drama;2006;6;3,3333333333333335;3,5;0,9831920802501751;2006-12-18 16:41:38+00:00;2017-06-26 21:57:12+00:00;2;periodo_2000_2009;avaliacao_media;popularidade_baixa;genero_comedia|genero_drama
45447;Da Vinci Code, The (2006);Drama|Mystery|Thriller;2006;49;3,122448979591837;3,5;0,8510447760748865;2006-05-27 12:37:20+00:00;2018-05-06 20:04:17+00:00;3;periodo_2000_2009;avaliacao_media;popularidade_media;genero_drama|genero_misterio|genero_suspense
45499;X-Men: The Last Stand (2006);Action|Sci-Fi|Thriller;2006;52;3,355769230769231;3,5;0,9617005896497776;2006-05-27 12:36:11+00:00;2018-08-31 09:42:35+00:00;3;periodo_2000_2009;avaliacao_media;popularidade_alta;genero_acao|genero_ficcao_cientifica|genero_suspense
45501;Break-Up, The (2006);Comedy|Drama|Romance;2006;11;2,590909090909091;2,5;0,9700046860242948;2006-08-04 20:34:36+00:00;2018-01-17 01:09:43+00:00;3;periodo_2000_2009;avaliacao_baixa;popularidade_media;genero_comedia|genero_drama|genero_romance
45517;Cars (2006);Animation|Children|Comedy;2006;41;3,3780487804878048;3,5;0,8350186210863656;2006-08-04 19:59:21+00:00;2018-09-17 04:24:25+00:00;3;periodo_2000_2009;avaliacao_media;popularidade_media;genero_animacao|genero_infantil|genero_comedia
45662;Omen, The (2006);Horror|Thriller;2006;5;2,3;2,5;0,2738612787525831;2007-08-04 20:38:49+00:00;2017-05-03 21:50:40+00:00;2;periodo_2000_2009;avaliacao_baixa;popularidade_baixa;genero_terror|genero_suspense
45666;Nacho Libre (2006);Comedy;2006;14;2,4642857142857144;2,75;0,9896441807011268;2007-05-14 18:09:43+00:00;2018-01-17 01:13:12+00:00;1;periodo_2000_2009;avaliacao_baixa;popularidade_media;genero_comedia
45668;Lake House, The (2006);Drama|Fantasy|Romance;2006;10;3,1;3,0;1,2202003478482084;2006-09-25 22:59:56+00:00;2018-02-11 05:37:02+00:00;3;periodo_2000_2009;avaliacao_media;popularidade_media;genero_drama|genero_fantasia|genero_romance
45672;Click (2006);Adventure|Comedy|Drama|Fantasy|Romance;2006;23;2,9782608695652173;3,0;1,092102443471112;2006-11-24 15:44:26+00:00;2018-01-16 22:20:45+00:00;5;periodo_2000_2009;avaliacao_baixa;popularidade_media;genero_aventura|genero_comedia|genero_drama|genero_fantasia|genero_romance
45720;Devil Wears Prada, The (2006);Comedy|Drama;2006;34;3,5588235294117645;3,5;0,9905975078001624;2006-10-25 18:00:31+00:00;2018-05-18 19:49:25+00:00;2;periodo_2000_2009;avaliacao_media;popularidade_media;genero_comedia|genero_drama
45722;Pirates of the Caribbean: Dead Man's Chest (2006);Action|Adventure|Fantasy;2006;72;3,5069444444444446;3,5;0,897936035378174;2006-07-24 14:53:05+00:00;2018-08-18 11:34:16+00:00;3;periodo_2000_2009;avaliacao_media;popularidade_alta;genero_acao|genero_aventura|genero_fantasia
45726;You, Me and Dupree (2006);Comedy;2006;6;2,1666666666666665;2,5;0,8755950357709131;2006-12-18 00:45:31+00:00;2016-06-18 19:25:40+00:00;1;periodo_2000_2009;avaliacao_baixa;popularidade_baixa;genero_comedia
45728;Clerks II (2006);Comedy;2006;13;3,8846153846153846;4,0;0,5828752780343234;2006-09-22 18:43:31+00:00;2017-05-03 21:33:36+00:00;1;periodo_2000_2009;avaliacao_media;popularidade_media;genero_comedia
45730;Lady in the Water (2006);Drama|Fantasy|Mystery;2006;9;2,8333333333333335;3,0;0,9354143466934853;2006-10-25 01:04:39+00:00;2017-05-03 21:44:56+00:00;3;periodo_2000_2009;avaliacao_baixa;popularidade_baixa;genero_drama|genero_fantasia|genero_misterio
45732;My Super Ex-Girlfriend (2006);Comedy|Fantasy|Romance;2006;6;1,5833333333333333;1,25;1,2006942436218584;2007-02-21 04:29:20+00:00;2015-11-15 15:03:48+00:00;3;periodo_2000_2009;avaliacao_baixa;popularidade_baixa;genero_comedia|genero_fantasia|genero_romance
45880;Marie Antoinette (2006);Drama|Romance;2006;13;3,1923076923076925;3,0;0,9690730437395129;2006-10-30 02:30:56+00:00;2018-05-26 21:42:14+00:00;2;periodo_2000_2009;avaliacao_media;popularidade_media;genero_drama|genero_romance
45928;Who Killed the Electric Car? (2006);Documentary;2006;5;3,7;4,0;0,447213595499958;2006-12-05 02:51:12+00:00;2012-03-24 22:38:29+00:00;1;periodo_2000_2009;avaliacao_media;popularidade_baixa;genero_documentario
45950;Inconvenient Truth, An (2006);Documentary;2006;13;3,576923076923077;3,5;0,6405126152203485;2006-06-16 18:58:15+00:00;2017-06-26 23:57:54+00:00;1;periodo_2000_2009;avaliacao_media;popularidade_media;genero_documentario
46322;Jet Li's Fearless (Huo Yuan Jia) (2006);Action|Drama;2006;8;3,125;3,0;0,6943650748294137;2007-02-08 02:54:38+00:00;2017-06-26 22:42:08+00:00;2;periodo_2000_2009;avaliacao_media;popularidade_baixa;genero_acao|genero_drama
46335;Fast and the Furious: Tokyo Drift, The (Fast and the Furious 3, The) (2006);Action|Crime|Drama|Thriller;2006;11;2,090909090909091;2,0;0,7006490497453707;2007-02-18 20:28:53+00:00;2017-06-26 22:09:57+00:00;4;periodo_2000_2009;avaliacao_baixa;popularidade_media;genero_acao|genero_crime|genero_drama|genero_suspense
46530;Superman Returns (2006);Action|Adventure|Sci-Fi|IMAX;2006;25;3,08;3,0;0,9966610925150703;2006-07-04 14:34:33+00:00;2018-08-31 10:32:12+00:00;4;periodo_2000_2009;avaliacao_media;popularidade_media;genero_acao|genero_aventura|genero_ficcao_cientifica|genero_imax
46578;Little Miss Sunshine (2006);Adventure|Comedy|Drama;2006;77;3,883116883116883;4,0;0,8425216844628731;2006-09-25 21:20:37+00:00;2018-09-17 04:16:51+00:00;3;periodo_2000_2009;avaliacao_media;popularidade_alta;genero_aventura|genero_comedia|genero_drama
46723;Babel (2006);Drama|Thriller;2006;31;3,5;3,5;0,7745966692414834;2006-11-10 20:33:01+00:00;2018-05-05 21:03:10+00:00;2;periodo_2000_2009;avaliacao_media;popularidade_media;genero_drama|genero_suspense
46948;Monster House (2006);Animation|Children|Fantasy|Mystery;2006;9;3,111111111111111;3,5;1,1118053386771944;2006-10-30 23:05:33+00:00;2018-03-07 07:46:38+00:00;4;periodo_2000_2009;avaliacao_media;popularidade_baixa;genero_animacao|genero_infantil|genero_fantasia|genero_misterio
46965;Snakes on a Plane (2006);Action|Comedy|Horror|Thriller;2006;14;2,642857142857143;3,0;1,2469743601794925;2006-10-30 02:35:37+00:00;2017-05-06 11:52:44+00:00;4;periodo_2000_2009;avaliacao_baixa;popularidade_media;genero_acao|genero_comedia|genero_terror|genero_suspense
46970;Talladega Nights: The Ballad of Ricky Bobby (2006);Action|Comedy;2006;28;3,25;3,25;0,8871510790372951;2006-09-25 21:20:51+00:00;2018-08-11 00:09:18+00:00;2;periodo_2000_2009;avaliacao_media;popularidade_media;genero_acao|genero_comedia
46972;Night at the Museum (2006);Action|Comedy|Fantasy|IMAX;2006;23;3,239130434782609;3,0;0,8902191407609;2007-05-04 15:39:24+00:00;2018-05-05 21:03:18+00:00;4;periodo_2000_2009;avaliacao_media;popularidade_media;genero_acao|genero_comedia|genero_fantasia|genero_imax
46974;World Trade Center (2006);Drama;2006;6;2,6666666666666665;3,0;0,752772652709081;2006-12-18 16:40:28+00:00;2015-07-02 11:46:30+00:00;1;periodo_2000_2009;avaliacao_baixa;popularidade_baixa;genero_drama
46976;Stranger than Fiction (2006);Comedy|Drama|Fantasy|Romance;2006;44;3,6931818181818183;4,0;1,057728528778517;2006-11-13 02:59:16+00:00;2018-09-13 21:37:25+00:00;4;periodo_2000_2009;avaliacao_media;popularidade_media;genero_comedia|genero_drama|genero_fantasia|genero_romance
47044;Miami Vice (2006);Action|Crime|Drama|Thriller;2006;10;2,75;2,75;0,8897565210026093;2006-08-25 18:26:24+00:00;2017-05-06 11:55:00+00:00;4;periodo_2000_2009;avaliacao_baixa;popularidade_media;genero_acao|genero_crime|genero_drama|genero_suspense
47099;Pursuit of Happyness, The (2006);Drama;2006;46;3,7934782608695654;4,0;0,8665133643678091;2007-04-08 16:43:32+00:00;2018-08-21 23:00:36+00:00;1;periodo_2000_2009;avaliacao_media;popularidade_media;genero_drama
47122;John Tucker Must Die (2006);Comedy|Romance;2006;9;2,7222222222222223;3,0;1,3254978100489054;2006-08-04 20:35:03+00:00;2018-01-17 02:08:53+00:00;2;periodo_2000_2009;avaliacao_baixa;popularidade_baixa;genero_comedia|genero_romance
47200;Crank (2006);Action|Thriller;2006;14;3,4285714285714284;3,0;1,0894095588038444;2007-02-18 20:27:53+00:00;2017-12-13 21:03:14+00:00;2;periodo_2000_2009;avaliacao_media;popularidade_media;genero_acao|genero_suspense
47423;Half Nelson (2006);Drama;2006;5;4,0;4,0;0,7071067811865475;2007-05-01 16:06:34+00:00;2017-06-27 00:34:19+00:00;1;periodo_2000_2009;avaliacao_alta;popularidade_baixa;genero_drama
47518;Accepted (2006);Comedy;2006;14;2,9285714285714284;3,0;0,9168747682531898;2006-11-24 15:43:21+00:00;2018-03-07 07:42:53+00:00;1;periodo_2000_2009;avaliacao_baixa;popularidade_media;genero_comedia
47610;Illusionist, The (2006);Drama|Fantasy|Mystery|Romance;2006;43;3,7790697674418605;4,0;0,8749307835303274;2006-10-30 02:31:22+00:00;2018-06-25 04:10:24+00:00;4;periodo_2000_2009;avaliacao_media;popularidade_media;genero_drama|genero_fantasia|genero_misterio|genero_romance
47629;The Queen (2006);Drama;2006;13;3,730769230769231;4,0;0,7803680919760616;2007-03-31 08:35:21+00:00;2017-02-24 16:37:19+00:00;1;periodo_2000_2009;avaliacao_media;popularidade_media;genero_drama
47640;Beerfest (2006);Comedy;2006;6;3,5;3,5;0,7071067811865476;2007-02-20 21:42:53+00:00;2018-01-17 01:24:23+00:00;1;periodo_2000_2009;avaliacao_media;popularidade_baixa;genero_comedia
47644;Invincible (2006);Drama;2006;7;3,0;3,5;0,9999999999999998;2007-01-03 02:44:51+00:00;2009-03-06 04:45:16+00:00;1;periodo_2000_2009;avaliacao_media;popularidade_baixa;genero_drama
47950;Hollywoodland (2006);Crime|Drama|Mystery|Thriller;2006;5;3,2;3,0;0,273861278752583;2006-12-08 01:09:46+00:00;2009-05-10 14:06:24+00:00;4;periodo_2000_2009;avaliacao_media;popularidade_baixa;genero_crime|genero_drama|genero_misterio|genero_suspense
47997;Idiocracy (2006);Adventure|Comedy|Sci-Fi|Thriller;2006;18;3,7222222222222223;3,75;1,227410260553666;2007-05-27 21:34:15+00:00;2018-01-16 23:07:37+00:00;4;periodo_2000_2009;avaliacao_media;popularidade_media;genero_aventura|genero_comedia|genero_ficcao_cientifica|genero_suspense
47999;Jesus Camp (2006);Documentary|Drama;2006;7;4,071428571428571;4,0;0,607492896293956;2007-09-06 00:29:28+00:00;2016-10-14 20:34:30+00:00;2;periodo_2000_2009;avaliacao_alta;popularidade_baixa;genero_documentario|genero_drama
48043;Fountain, The (2006);Drama|Fantasy|Romance;2006;14;3,5;3,5;0,6793662204867574;2007-05-18 05:49:20+00:00;2018-03-24 22:50:53+00:00;3;periodo_2000_2009;avaliacao_media;popularidade_media;genero_drama|genero_fantasia|genero_romance
48082;Science of Sleep, The (La science des rêves) (2006);Comedy|Drama|Fantasy|Romance;2006;11;3,8636363636363638;3,5;0,4522670168666454;2007-01-21 03:58:01+00:00;2016-11-19 08:14:43+00:00;4;periodo_2000_2009;avaliacao_media;popularidade_media;genero_comedia|genero_drama|genero_fantasia|genero_romance
48142;Black Dahlia, The (2006);Crime|Drama|Mystery|Thriller;2006;6;3,25;3,25;0,758287544405155;2007-01-03 17:30:28+00:00;2017-05-13 17:27:53+00:00;4;periodo_2000_2009;avaliacao_media;popularidade_baixa;genero_crime|genero_drama|genero_misterio|genero_suspense
48304;Apocalypto (2006);Adventure|Drama|Thriller;2006;19;3,6052631578947367;4,0;0,7742190934602186;2006-12-31 04:40:37+00:00;2017-11-13 11:29:10+00:00;3;periodo_2000_2009;avaliacao_media;popularidade_media;genero_aventura|genero_drama|genero_suspense
48322;Jackass Number Two (2006);Comedy|Documentary;2006;7;3,5714285714285716;3,5;1,3671311638052948;2007-01-21 03:56:40+00:00;2018-01-17 01:42:22+00:00;2;periodo_2000_2009;avaliacao_media;popularidade_baixa;genero_comedia|genero_documentario
48385;Borat: Cultural Learnings of America for Make Benefit Glorious Nation of Kazakhstan (2006);Comedy;2006;65;3,3461538461538463;3,5;1,141966084637166;2006-12-05 02:49:18+00:00;2018-03-19 20:11:55+00:00;1;periodo_2000_2009;avaliacao_media;popularidade_alta;genero_comedia
48394;Pan's Labyrinth (Laberinto del fauno, El) (2006);Drama|Fantasy|Thriller;2006;81;3,814814814814815;4,0;0,926837514226619;2007-01-21 08:06:57+00:00;2018-09-17 04:16:43+00:00;3;periodo_2000_2009;avaliacao_media;popularidade_alta;genero_drama|genero_fantasia|genero_suspense
48516;Departed, The (2006);Crime|Drama|Thriller;2006;107;4,252336448598131;4,5;0,6915044842748121;2006-10-12 15:18:50+00:00;2018-07-03 17:00:31+00:00;3;periodo_2000_2009;avaliacao_alta;popularidade_alta;genero_crime|genero_drama|genero_suspense
48520;Employee of the Month (2006);Comedy;2006;6;2,8333333333333335;2,75;0,6831300510639732;2007-03-02 05:19:41+00:00;2018-03-07 07:43:36+00:00;1;periodo_2000_2009;avaliacao_baixa;popularidade_baixa;genero_comedia
48738;Last King of Scotland, The (2006);Drama|Thriller;2006;20;3,975;4,0;0,9101041004655512;2007-04-18 18:10:05+00:00;2017-02-24 16:28:04+00:00;2;periodo_2000_2009;avaliacao_media;popularidade_media;genero_drama|genero_suspense
48774;Children of Men (2006);Action|Adventure|Drama|Sci-Fi|Thriller;2006;64;3,9453125;4,0;0,855037303094163;2007-01-08 18:36:32+00:00;2018-09-17 04:18:06+00:00;5;periodo_2000_2009;avaliacao_media;popularidade_alta;genero_acao|genero_aventura|genero_drama|genero_ficcao_cientifica|genero_suspense
48780;Prestige, The (2006);Drama|Mystery|Sci-Fi|Thriller;2006;90;4,0055555555555555;4,0;0,7914374791452292;2006-10-30 02:31:13+00:00;2018-09-16 10:48:37+00:00;4;periodo_2000_2009;avaliacao_alta;popularidade_alta;genero_drama|genero_misterio|genero_ficcao_cientifica|genero_suspense
48783;Flags of Our Fathers (2006);Drama|War;2006;11;3,4545454545454546;3,5;1,0112997936948633;2006-10-29 23:11:28+00:00;2012-12-16 17:09:35+00:00;2;periodo_2000_2009;avaliacao_media;popularidade_media;genero_drama|genero_guerra
48877;Saw III (2006);Crime|Horror|Thriller;2006;11;3,0454545454545454;3,0;1,1927813180660036;2006-11-08 22:21:55+00:00;2017-05-06 11:52:32+00:00;3;periodo_2000_2009;avaliacao_media;popularidade_media;genero_crime|genero_terror|genero_suspense
48982;Flushed Away (2006);Animation|Comedy;2006;7;3,5;3,5;0,8660254037844388;2006-12-05 02:38:00+00:00;2018-05-03 16:25:15+00:00;2;periodo_2000_2009;avaliacao_media;popularidade_baixa;genero_animacao|genero_comedia
48997;Perfume: The Story of a Murderer (2006);Crime|Drama|Thriller;2006;8;3,25;3,25;0,4629100498862756;2007-03-19 00:22:20+00:00;2015-07-04 07:36:28+00:00;3;periodo_2000_2009;avaliacao_media;popularidade_baixa;genero_crime|genero_drama|genero_suspense
49272;Casino Royale (2006);Action|Adventure|Thriller;2006;81;3,9444444444444446;4,0;0,8100925873009824;2006-11-27 15:35:17+00:00;2018-09-17 04:16:27+00:00;3;periodo_2000_2009;avaliacao_media;popularidade_alta;genero_acao|genero_aventura|genero_suspense
49274;Happy Feet (2006);Adventure|Animation|Children|Comedy|IMAX;2006;11;2,6818181818181817;2,5;1,365150674334655;2006-11-24 15:39:47+00:00;2018-05-02 19:07:17+00:00;5;periodo_2000_2009;avaliacao_baixa;popularidade_media;genero_aventura|genero_animacao|genero_infantil|genero_comedia|genero_imax
49278;Déjà Vu (Deja Vu) (2006);Action|Sci-Fi|Thriller;2006;20;3,3;3,5;0,8175702126616277;2006-12-10 21:45:26+00:00;2018-05-25 16:36:40+00:00;3;periodo_2000_2009;avaliacao_media;popularidade_media;genero_acao|genero_ficcao_cientifica|genero_suspense
49286;Holiday, The (2006);Comedy|Romance;2006;24;3,2083333333333335;3,5;1,1123483449799842;2006-12-31 04:40:57+00:00;2018-05-18 19:50:59+00:00;2;periodo_2000_2009;avaliacao_media;popularidade_media;genero_comedia|genero_romance
49396;Tenacious D in The Pick of Destiny (2006);Adventure|Comedy|Musical;2006;9;3,4444444444444446;3,5;0,5270462766947299;2006-12-27 01:14:41+00:00;2018-01-17 01:18:21+00:00;3;periodo_2000_2009;avaliacao_media;popularidade_baixa;genero_aventura|genero_comedia|genero_musical
49530;Blood Diamond (2006);Action|Adventure|Crime|Drama|Thriller|War;2006;53;3,7641509433962264;4,0;0,788156158780792;2006-12-18 16:40:04+00:00;2018-09-17 04:19:44+00:00;6;periodo_2000_2009;avaliacao_media;popularidade_alta;genero_acao|genero_aventura|genero_crime|genero_drama|genero_suspense|genero_guerra
49649;Eragon (2006);Action|Adventure|Fantasy;2006;12;2,3333333333333335;2,5;0,9847319278346618;2006-12-29 07:05:47+00:00;2018-08-15 08:17:55+00:00;3;periodo_2000_2009;avaliacao_baixa;popularidade_media;genero_acao|genero_aventura|genero_fantasia
49651;Rocky Balboa (2006);Action|Drama;2006;14;3,3214285714285716;3,25;0,9116161231812193;2006-12-27 19:52:24+00:00;2018-03-07 22:35:54+00:00;2;periodo_2000_2009;avaliacao_media;popularidade_media;genero_acao|genero_drama
49822;Good Shepherd, The (2006);Drama|Thriller;2006;7;3,142857142857143;3,0;0,8521681032463467;2007-05-01 16:06:31+00:00;2013-09-06 17:43:38+00:00;2;periodo_2000_2009;avaliacao_media;popularidade_baixa;genero_drama|genero_suspense
49824;Dreamgirls (2006);Drama|Musical;2006;5;3,1;3,0;0,6519202405202649;2007-03-04 23:37:49+00:00;2017-05-31 04:51:44+00:00;2;periodo_2000_2009;avaliacao_media;popularidade_baixa;genero_drama|genero_musical
49932;Inland Empire (2006);Drama|Mystery|Thriller;2006;6;3,6666666666666665;4,0;1,4023789311975088;2007-05-27 21:33:55+00:00;2017-05-13 17:31:18+00:00;3;periodo_2000_2009;avaliacao_media;popularidade_baixa;genero_drama|genero_misterio|genero_suspense
50068;Letters from Iwo Jima (2006);Drama|War;2006;17;3,7058823529411766;3,5;0,5320603680919276;2007-02-14 14:45:21+00:00;2016-04-09 06:33:50+00:00;2;periodo_2000_2009;avaliacao_media;popularidade_media;genero_drama|genero_guerra
50442;Alpha Dog (2007);Crime|Drama;2007;8;3,125;3,5;0,9543135154205276;2007-08-13 17:22:17+00:00;2016-04-08 17:39:52+00:00;2;periodo_2000_2009;avaliacao_media;popularidade_baixa;genero_crime|genero_drama
50601;Bridge to Terabithia (2007);Adventure|Children|Fantasy;2007;9;2,7777777777777777;3,0;1,1211353372561426;2008-01-20 10:11:25+00:00;2018-09-13 21:15:48+00:00;3;periodo_2000_2009;avaliacao_baixa;popularidade_baixa;genero_aventura|genero_infantil|genero_fantasia
50685;Waitress (2007);Comedy|Drama|Romance;2007;6;3,8333333333333335;3,75;0,40824829046386296;2008-02-01 02:35:18+00:00;2016-05-25 17:51:07+00:00;3;periodo_2000_2009;avaliacao_media;popularidade_baixa;genero_comedia|genero_drama|genero_romance
50794;Smokin' Aces (2006);Action|Crime|Drama|Thriller;2006;10;3,1;3,0;0,8755950357709131;2007-07-11 21:36:50+00:00;2017-05-13 17:25:45+00:00;4;periodo_2000_2009;avaliacao_media;popularidade_media;genero_acao|genero_crime|genero_drama|genero_suspense
50872;Ratatouille (2007);Animation|Children|Drama;2007;72;3,8680555555555554;4,0;0,7690906261529304;2007-07-11 21:38:09+00:00;2018-09-17 04:17:00+00:00;3;periodo_2000_2009;avaliacao_media;popularidade_alta;genero_animacao|genero_infantil|genero_drama
50912;Paris, I Love You (Paris, je t'aime) (2006);Romance;2006;8;2,9375;2,75;0,6781013409302687;2007-12-10 00:44:02+00:00;2017-06-26 22:53:28+00:00;1;periodo_2000_2009;avaliacao_baixa;popularidade_baixa;genero_romance
51077;Ghost Rider (2007);Action|Fantasy|Thriller;2007;12;2,25;2,25;0,8118441408859888;2007-07-09 06:35:39+00:00;2018-08-31 10:41:13+00:00;3;periodo_2000_2009;avaliacao_baixa;popularidade_media;genero_acao|genero_fantasia|genero_suspense
51080;Breach (2007);Drama|Thriller;2007;8;3,5625;4,0;1,0835622468770048;2007-03-01 17:28:48+00:00;2017-09-02 01:57:45+00:00;2;periodo_2000_2009;avaliacao_media;popularidade_baixa;genero_drama|genero_suspense
51084;Music and Lyrics (2007);Comedy|Romance;2007;10;3,1;3,5;0,9660917830792959;2008-01-07 16:03:30+00:00;2016-11-06 17:40:35+00:00;2;periodo_2000_2009;avaliacao_media;popularidade_media;genero_comedia|genero_romance
51086;Number 23, The (2007);Drama|Mystery|Thriller;2007;14;2,9285714285714284;3,0;0,937614461876991;2007-05-14 22:21:14+00:00;2018-06-18 15:11:58+00:00;3;periodo_2000_2009;avaliacao_baixa;popularidade_media;genero_drama|genero_misterio|genero_suspense
51255;Hot Fuzz (2007);Action|Comedy|Crime|Mystery;2007;61;4,0;4,0;0,9128709291752769;2007-04-26 20:14:34+00:00;2018-09-17 04:18:56+00:00;4;periodo_2000_2009;avaliacao_alta;popularidade_alta;genero_acao|genero_comedia|genero_crime|genero_misterio
51412;Next (2007);Action|Sci-Fi|Thriller;2007;14;2,8214285714285716;3,25;1,1702587297283857;2007-05-13 06:49:36+00:00;2017-05-01 21:43:20+00:00;3;periodo_2000_2009;avaliacao_baixa;popularidade_media;genero_acao|genero_ficcao_cientifica|genero_suspense
51540;Zodiac (2007);Crime|Drama|Thriller;2007;38;3,710526315789474;4,0;0,8824993602889376;2007-03-06 05:41:51+00:00;2018-07-03 18:52:21+00:00;3;periodo_2000_2009;avaliacao_media;popularidade_media;genero_crime|genero_drama|genero_suspense
51575;Wild Hogs (2007);Adventure|Comedy;2007;5;2,3;2,5;0,5700877125495689;2008-07-15 19:31:21+00:00;2018-03-07 07:44:03+00:00;2;periodo_2000_2009;avaliacao_baixa;popularidade_baixa;genero_aventura|genero_comedia
51662;300 (2007);Action|Fantasy|War|IMAX;2007;80;3,68125;3,5;0,928602291182761;2007-03-10 23:18:50+00:00;2018-07-22 13:33:29+00:00;4;periodo_2000_2009;avaliacao_media;popularidade_alta;genero_acao|genero_fantasia|genero_guerra|genero_imax
51709;Host, The (Gwoemul) (2006);Comedy|Drama|Horror|Sci-Fi|Thriller;2006;7;4,0;4,0;0,7637626158259734;2007-06-04 00:10:25+00:00;2017-06-27 00:34:27+00:00;5;periodo_2000_2009;avaliacao_alta;popularidade_baixa;genero_comedia|genero_drama|genero_terror|genero_ficcao_cientifica|genero_suspense
51834;Becoming Jane (2007);Drama|Romance;2007;6;2,9166666666666665;3,0;0,8010409893798611;2010-02-27 02:30:36+00:00;2016-02-13 21:36:36+00:00;2;periodo_2000_2009;avaliacao_baixa;popularidade_baixa;genero_drama|genero_romance
51931;Reign Over Me (2007);Drama;2007;5;4,1;4,0;0,8944271909999157;2007-10-10 14:23:20+00:00;2017-06-27 00:45:42+00:00;1;periodo_2000_2009;avaliacao_alta;popularidade_baixa;genero_drama
51935;Shooter (2007);Action|Drama|Thriller;2007;25;3,86;4,0;0,7;2007-08-08 16:11:10+00:00;2018-04-08 19:51:07+00:00;3;periodo_2000_2009;avaliacao_media;popularidade_media;genero_acao|genero_drama|genero_suspense
51939;TMNT (Teenage Mutant Ninja Turtles) (2007);Action|Adventure|Animation|Children|Comedy|Fantasy;2007;6;3,0833333333333335;3,0;0,5845225972250061;2007-03-28 06:11:41+00:00;2018-01-05 17:48:57+00:00;6;periodo_2000_2009;avaliacao_media;popularidade_baixa;genero_acao|genero_aventura|genero_animacao|genero_infantil|genero_comedia|genero_fantasia
52241;Lookout, The (2007);Crime|Drama|Thriller;2007;6;3,25;3,5;0,8215838362577492;2007-08-20 17:55:14+00:00;2018-02-21 00:18:09+00:00;3;periodo_2000_2009;avaliacao_media;popularidade_baixa;genero_crime|genero_drama|genero_suspense
52245;Blades of Glory (2007);Comedy|Romance;2007;17;3,088235294117647;3,0;0,9393364366277243;2007-09-04 15:31:16+00:00;2018-01-16 22:23:45+00:00;2;periodo_2000_2009;avaliacao_media;popularidade_media;genero_comedia|genero_romance
52281;Grindhouse (2007);Action|Crime|Horror|Sci-Fi|Thriller;2007;27;3,425925925925926;4,0;1,149445549482476;2007-04-14 07:08:54+00:00;2018-02-25 12:32:44+00:00;5;periodo_2000_2009;avaliacao_media;popularidade_media;genero_acao|genero_crime|genero_terror|genero_ficcao_cientifica|genero_suspense
52287;Meet the Robinsons (2007);Action|Adventure|Animation|Children|Comedy|Sci-Fi;2007;11;3,5454545454545454;3,5;0,6875516509523286;2007-04-13 21:13:24+00:00;2018-06-25 04:03:22+00:00;6;periodo_2000_2009;avaliacao_media;popularidade_media;genero_acao|genero_aventura|genero_animacao|genero_infantil|genero_comedia|genero_ficcao_cientifica
52319;Inglorious Bastards (Quel maledetto treno blindato) (1978);Action|Adventure|Drama|War;1978;7;3,5714285714285716;4,0;1,4556948921555022;2009-08-24 16:56:18+00:00;2017-02-24 17:52:53+00:00;4;periodo_1970_1989;avaliacao_media;popularidade_baixa;genero_acao|genero_aventura|genero_drama|genero_guerra
52328;Sunshine (2007);Adventure|Drama|Sci-Fi|Thriller;2007;14;3,642857142857143;3,5;0,8864052604279182;2007-05-27 21:41:31+00:00;2017-06-26 17:43:52+00:00;4;periodo_2000_2009;avaliacao_media;popularidade_media;genero_aventura|genero_drama|genero_ficcao_cientifica|genero_suspense
52435;How the Grinch Stole Christmas! (1966);Animation|Comedy|Fantasy|Musical;1966;11;3,590909090909091;3,5;0,9170109546287278;2008-11-24 14:41:05+00:00;2018-09-03 03:05:47+00:00;4;periodo_1950_1969;avaliacao_media;popularidade_media;genero_animacao|genero_comedia|genero_fantasia|genero_musical
52458;Disturbia (2007);Drama|Thriller;2007;10;3,15;3,0;0,7090682462060882;2007-05-12 22:28:29+00:00;2017-05-03 22:14:31+00:00;2;periodo_2000_2009;avaliacao_media;popularidade_media;genero_drama|genero_suspense
52604;Fracture (2007);Crime|Drama|Mystery|Thriller;2007;12;3,6666666666666665;3,75;0,8348471099367218;2007-05-06 02:56:11+00:00;2018-03-23 16:35:37+00:00;4;periodo_2000_2009;avaliacao_media;popularidade_media;genero_crime|genero_drama|genero_misterio|genero_suspense
52722;Spider-Man 3 (2007);Action|Adventure|Sci-Fi|Thriller|IMAX;2007;44;3,0;3,0;0,9584386527904593;2007-05-04 19:06:41+00:00;2018-08-31 10:05:18+00:00;5;periodo_2000_2009;avaliacao_media;popularidade_media;genero_acao|genero_aventura|genero_ficcao_cientifica|genero_suspense|genero_imax
52885;Paprika (Papurika) (2006);Animation|Mystery|Sci-Fi;2006;9;3,7777777777777777;3,5;0,8700255424092125;2008-01-10 19:21:15+00:00;2018-05-26 21:40:59+00:00;3;periodo_2000_2009;avaliacao_media;popularidade_baixa;genero_animacao|genero_misterio|genero_ficcao_cientifica
52952;This Is England (2006);Drama;2006;8;4,0;4,0;0,5345224838248488;2008-02-01 02:28:56+00:00;2017-05-06 11:54:18+00:00;1;periodo_2000_2009;avaliacao_alta;popularidade_baixa;genero_drama
52973;Knocked Up (2007);Comedy|Drama|Romance;2007;52;3,6538461538461537;3,5;0,7445123521701547;2007-06-05 19:18:27+00:00;2018-09-17 04:23:59+00:00;3;periodo_2000_2009;avaliacao_media;popularidade_alta;genero_comedia|genero_drama|genero_romance
52975;Hairspray (2007);Comedy|Drama|Musical;2007;15;3,5;3,5;0,5345224838248488;2007-06-28 23:18:54+00:00;2018-07-24 18:41:03+00:00;3;periodo_2000_2009;avaliacao_media;popularidade_media;genero_comedia|genero_drama|genero_musical
53000;28 Weeks Later (2007);Horror|Sci-Fi|Thriller;2007;21;3,5952380952380953;4,0;0,9030372032625181;2007-05-14 16:26:21+00:00;2017-05-14 23:25:34+00:00;3;periodo_2000_2009;avaliacao_media;popularidade_media;genero_terror|genero_ficcao_cientifica|genero_suspense
53121;Shrek the Third (2007);Adventure|Animation|Children|Comedy|Fantasy;2007;21;3,0238095238095237;3,0;1,0425472468453225;2007-06-24 17:07:29+00:00;2018-05-05 21:05:44+00:00;5;periodo_2000_2009;avaliacao_media;popularidade_media;genero_aventura|genero_animacao|genero_infantil|genero_comedia|genero_fantasia
53123;Once (2006);Drama|Musical|Romance;2006;9;3,9444444444444446;4,0;0,682112730989371;2008-01-12 08:13:02+00:00;2018-08-11 00:05:47+00:00;3;periodo_2000_2009;avaliacao_media;popularidade_baixa;genero_drama|genero_musical|genero_romance
53125;Pirates of the Caribbean: At World's End (2007);Action|Adventure|Comedy|Fantasy;2007;56;3,4375;3,5;0,9632449891335584;2007-05-21 21:52:24+00:00;2018-08-18 11:34:20+00:00;4;periodo_2000_2009;avaliacao_media;popularidade_alta;genero_acao|genero_aventura|genero_comedia|genero_fantasia
53129;Mr. Brooks (2007);Crime|Drama|Thriller;2007;7;4,0;4,0;0,5773502691896257;2007-10-29 13:08:27+00:00;2018-03-17 21:54:01+00:00;3;periodo_2000_2009;avaliacao_alta;popularidade_baixa;genero_crime|genero_drama|genero_suspense
53322;Ocean's Thirteen (2007);Crime|Thriller;2007;33;3,484848484848485;3,5;0,9226731585863748;2007-07-28 06:03:45+00:00;2018-09-17 04:25:20+00:00;2;periodo_2000_2009;avaliacao_media;popularidade_media;genero_crime|genero_suspense
53460;Surf's Up (2007);Animation|Children|Comedy;2007;7;3,5;3,5;0,408248290463863;2007-11-24 23:56:14+00:00;2018-03-07 07:43:32+00:00;3;periodo_2000_2009;avaliacao_media;popularidade_baixa;genero_animacao|genero_infantil|genero_comedia
53464;Fantastic Four: Rise of the Silver Surfer (2007);Action|Adventure|Sci-Fi;2007;20;2,575;2,5;0,674244216258393;2007-06-05 01:42:12+00:00;2018-08-31 10:32:31+00:00;3;periodo_2000_2009;avaliacao_baixa;popularidade_media;genero_acao|genero_aventura|genero_ficcao_cientifica
53468;Fido (2006);Comedy|Horror|Thriller;2006;7;3,2857142857142856;3,0;0,5669467095138409;2008-02-08 09:24:40+00:00;2018-02-21 03:00:28+00:00;3;periodo_2000_2009;avaliacao_media;popularidade_baixa;genero_comedia|genero_terror|genero_suspense
53519;Death Proof (2007);Action|Adventure|Crime|Horror|Thriller;2007;26;3,1346153846153846;3,5;1,2771663345679942;2008-01-17 02:17:25+00:00;2018-05-31 19:46:10+00:00;5;periodo_2000_2009;avaliacao_media;popularidade_media;genero_acao|genero_aventura|genero_crime|genero_terror|genero_suspense
53894;Sicko (2007);Documentary|Drama;2007;14;3,7142857142857144;3,5;0,508174928781181;2007-08-17 03:07:43+00:00;2017-06-27 01:11:48+00:00;2;periodo_2000_2009;avaliacao_media;popularidade_media;genero_documentario|genero_drama
53953;1408 (2007);Drama|Horror|Thriller;2007;25;3,16;3,5;1,1339459128782698;2007-07-01 06:37:03+00:00;2018-03-27 13:06:47+00:00;3;periodo_2000_2009;avaliacao_media;popularidade_media;genero_drama|genero_terror|genero_suspense
53972;Live Free or Die Hard (2007);Action|Adventure|Crime|Thriller;2007;32;3,40625;3,5;0,7120789644505047;2007-07-15 22:30:39+00:00;2018-09-17 04:27:20+00:00;4;periodo_2000_2009;avaliacao_media;popularidade_media;genero_acao|genero_aventura|genero_crime|genero_suspense
53993;Evan Almighty (2007);Comedy|Fantasy;2007;13;2,5384615384615383;2,5;1,1266014242982163;2007-07-11 21:37:52+00:00;2018-07-24 18:40:25+00:00;2;periodo_2000_2009;avaliacao_baixa;popularidade_media;genero_comedia|genero_fantasia
53996;Transformers (2007);Action|Sci-Fi|Thriller|IMAX;2007;39;3,3461538461538463;3,5;1,0951678924030814;2007-07-11 21:38:24+00:00;2018-05-02 19:14:47+00:00;4;periodo_2000_2009;avaliacao_media;popularidade_media;genero_acao|genero_ficcao_cientifica|genero_suspense|genero_imax
54001;Harry Potter and the Order of the Phoenix (2007);Adventure|Drama|Fantasy|IMAX;2007;58;3,8620689655172415;4,0;0,887501437845516;2007-07-11 16:59:48+00:00;2018-09-17 04:19:04+00:00;4;periodo_2000_2009;avaliacao_media;popularidade_alta;genero_aventura|genero_drama|genero_fantasia|genero_imax
54004;I Now Pronounce You Chuck and Larry (2007);Comedy|Romance;2007;11;3,4545454545454546;4,0;1,2135597524338357;2007-08-25 16:53:33+00:00;2018-01-17 01:17:46+00:00;2;periodo_2000_2009;avaliacao_media;popularidade_media;genero_comedia|genero_romance
54190;Across the Universe (2007);Drama|Fantasy|Musical|Romance;2007;11;4,045454545454546;4,0;0,7229988054812211;2007-10-14 00:57:18+00:00;2018-01-16 22:30:57+00:00;4;periodo_2000_2009;avaliacao_alta;popularidade_media;genero_drama|genero_fantasia|genero_musical|genero_romance
54256;Hot Rod (2007);Comedy;2007;7;3,142857142857143;3,5;1,1443442705426587;2007-12-11 21:11:31+00:00;2017-04-02 00:53:44+00:00;1;periodo_2000_2009;avaliacao_media;popularidade_baixa;genero_comedia
54259;Stardust (2007);Adventure|Comedy|Fantasy|Romance;2007;34;3,6029411764705883;3,75;0,9674976451674879;2007-08-23 14:23:16+00:00;2018-09-17 04:27:31+00:00;4;periodo_2000_2009;avaliacao_media;popularidade_media;genero_aventura|genero_comedia|genero_fantasia|genero_romance
54272;Simpsons Movie, The (2007);Animation|Comedy;2007;46;3,619565217391304;3,5;0,7467320105982961;2007-07-29 06:44:11+00:00;2018-09-17 04:23:19+00:00;2;periodo_2000_2009;avaliacao_media;popularidade_media;genero_animacao|genero_comedia
54281;Charlie Bartlett (2007);Comedy|Drama;2007;5;3,5;3,5;0,6123724356957946;2008-06-30 02:07:01+00:00;2017-06-27 00:32:44+00:00;2;periodo_2000_2009;avaliacao_media;popularidade_baixa;genero_comedia|genero_drama
54286;Bourne Ultimatum, The (2007);Action|Crime|Thriller;2007;81;3,697530864197531;4,0;0,9639729390187746;2007-08-17 03:07:05+00:00;2018-09-17 04:16:05+00:00;3;periodo_2000_2009;avaliacao_media;popularidade_alta;genero_acao|genero_crime|genero_suspense
54503;Superbad (2007);Comedy;2007;55;3,8636363636363638;4,0;0,8998690514537712;2007-09-04 15:27:44+00:00;2018-09-17 04:19:28+00:00;1;periodo_2000_2009;avaliacao_media;popularidade_alta;genero_comedia
54648;Rush Hour 3 (2007);Action|Comedy|Crime|Thriller;2007;5;2,7;2,0;1,680773631397161;2007-12-25 20:23:04+00:00;2018-06-25 04:36:39+00:00;4;periodo_2000_2009;avaliacao_baixa;popularidade_baixa;genero_acao|genero_comedia|genero_crime|genero_suspense
54736;Kingdom, The (2007);Action|Drama|Thriller;2007;8;3,8125;3,5;0,8425090080061035;2007-10-10 20:11:15+00:00;2017-05-03 22:15:00+00:00;3;periodo_2000_2009;avaliacao_media;popularidade_baixa;genero_acao|genero_drama|genero_suspense
54881;King of Kong, The (2007);Documentary;2007;12;3,9166666666666665;4,0;0,6685579234215216;2008-02-03 17:45:55+00:00;2018-08-12 22:44:42+00:00;1;periodo_2000_2009;avaliacao_media;popularidade_media;genero_documentario
54995;Planet Terror (2007);Action|Horror|Sci-Fi;2007;22;3,7954545454545454;4,0;1,0763595047890753;2008-02-03 01:17:24+00:00;2018-04-08 19:56:02+00:00;3;periodo_2000_2009;avaliacao_media;popularidade_media;genero_acao|genero_terror|genero_ficcao_cientifica
54997;3:10 to Yuma (2007);Action|Crime|Drama|Western;2007;25;4,06;4,0;0,768114574786861;2007-09-16 22:07:50+00:00;2018-09-17 04:27:13+00:00;4;periodo_2000_2009;avaliacao_alta;popularidade_media;genero_acao|genero_crime|genero_drama|genero_faroeste
54999;Shoot 'Em Up (2007);Action|Comedy|Crime;2007;12;3,4583333333333335;3,5;0,9404624909956255;2008-01-12 15:05:18+00:00;2018-01-20 15:38:05+00:00;3;periodo_2000_2009;avaliacao_media;popularidade_media;genero_acao|genero_comedia|genero_crime
55052;Atonement (2007);Drama|Romance|War;2007;13;3,5384615384615383;3,5;0,92334397846312;2008-05-21 14:21:18+00:00;2017-02-24 16:31:25+00:00;3;periodo_2000_2009;avaliacao_media;popularidade_media;genero_drama|genero_romance|genero_guerra
55118;Eastern Promises (2007);Crime|Drama|Thriller;2007;19;4,026315789473684;4,0;0,7354832917984064;2007-10-06 05:52:35+00:00;2017-05-03 22:04:52+00:00;3;periodo_2000_2009;avaliacao_alta;popularidade_media;genero_crime|genero_drama|genero_suspense
55232;Resident Evil: Extinction (2007);Action|Horror|Sci-Fi|Thriller;2007;10;2,95;3,0;0,6433419688539594;2007-09-26 17:12:54+00:00;2017-06-26 21:16:17+00:00;4;periodo_2000_2009;avaliacao_baixa;popularidade_media;genero_acao|genero_terror|genero_ficcao_cientifica|genero_suspense
55247;Into the Wild (2007);Action|Adventure|Drama;2007;41;3,902439024390244;4,0;0,8818978979672332;2007-12-04 18:01:40+00:00;2018-06-18 01:07:28+00:00;3;periodo_2000_2009;avaliacao_media;popularidade_media;genero_acao|genero_aventura|genero_drama
55261;Heartbreak Kid, The (2007);Comedy|Drama|Romance;2007;8;2,5;2,5;0,8864052604279185;2009-06-01 19:33:17+00:00;2018-01-17 01:46:47+00:00;3;periodo_2000_2009;avaliacao_baixa;popularidade_baixa;genero_comedia|genero_drama|genero_romance
55267;Dan in Real Life (2007);Comedy|Drama|Romance;2007;9;3,388888888888889;3,0;0,8207381501496754;2007-12-10 00:45:27+00:00;2018-07-24 18:41:29+00:00;3;periodo_2000_2009;avaliacao_media;popularidade_baixa;genero_comedia|genero_drama|genero_romance
55269;Darjeeling Limited, The (2007);Adventure|Comedy|Drama;2007;21;3,4285714285714284;3,5;0,7464200272921789;2007-10-23 06:00:00+00:00;2018-05-05 19:31:58+00:00;3;periodo_2000_2009;avaliacao_media;popularidade_media;genero_aventura|genero_comedia|genero_drama
55276;Michael Clayton (2007);Drama|Thriller;2007;17;3,911764705882353;4,0;0,9879792210246482;2007-11-24 23:56:48+00:00;2018-02-22 22:37:04+00:00;2;periodo_2000_2009;avaliacao_media;popularidade_media;genero_drama|genero_suspense
55280;Lars and the Real Girl (2007);Comedy|Drama;2007;8;3,5625;4,0;1,3211872366495652;2007-11-19 06:00:32+00:00;2017-05-03 21:34:28+00:00;2;periodo_2000_2009;avaliacao_media;popularidade_baixa;genero_comedia|genero_drama
55282;30 Days of Night (2007);Horror|Thriller;2007;11;3,1818181818181817;3,0;0,7166842844909908;2008-02-28 21:36:13+00:00;2017-06-26 23:03:20+00:00;2;periodo_2000_2009;avaliacao_media;popularidade_media;genero_terror|genero_suspense
55290;Gone Baby Gone (2007);Crime|Drama|Mystery;2007;20;3,45;4,0;1,02469507659596;2007-11-07 22:09:18+00:00;2017-06-27 00:33:52+00:00;3;periodo_2000_2009;avaliacao_media;popularidade_media;genero_crime|genero_drama|genero_misterio
55363;Assassination of Jesse James by the Coward Robert Ford, The (2007);Crime|Drama|Western;2007;10;4,1;4,25;0,9067647005823629;2008-02-03 17:52:45+00:00;2017-09-26 03:08:22+00:00;3;periodo_2000_2009;avaliacao_alta;popularidade_media;genero_crime|genero_drama|genero_faroeste
55442;Persepolis (2007);Animation|Drama;2007;11;4,181818181818182;4,0;0,4622081388685877;2008-01-27 05:14:24+00:00;2016-07-27 20:23:06+00:00;2;periodo_2000_2009;avaliacao_alta;popularidade_media;genero_animacao|genero_drama
55577;Saw IV (2007);Crime|Horror|Thriller;2007;5;3,2;3,0;0,8366600265340756;2007-12-09 08:05:25+00:00;2015-08-10 00:42:29+00:00;3;periodo_2000_2009;avaliacao_media;popularidade_baixa;genero_crime|genero_terror|genero_suspense
55721;Elite Squad (Tropa de Elite) (2007);Action|Crime|Drama|Thriller;2007;10;4,3;4,25;0,5868938953886337;2008-11-10 08:57:42+00:00;2017-05-03 21:40:11+00:00;4;periodo_2000_2009;avaliacao_alta;popularidade_media;genero_acao|genero_crime|genero_drama|genero_suspense
55765;American Gangster (2007);Crime|Drama|Thriller;2007;37;3,9054054054054053;4,0;0,8806392709421523;2007-11-13 17:11:55+00:00;2018-09-17 04:25:17+00:00;3;periodo_2000_2009;avaliacao_media;popularidade_media;genero_crime|genero_drama|genero_suspense
55768;Bee Movie (2007);Animation|Comedy;2007;10;3,15;3,25;0,5296749527356901;2007-12-10 00:45:20+00:00;2018-01-14 03:55:54+00:00;2;periodo_2000_2009;avaliacao_media;popularidade_media;genero_animacao|genero_comedia
55814;Diving Bell and the Butterfly, The (Scaphandre et le papillon, Le) (2007);Drama;2007;5;4,1;4,0;0,5477225575051661;2008-04-06 16:40:52+00:00;2018-03-27 12:44:12+00:00;1;periodo_2000_2009;avaliacao_alta;popularidade_baixa;genero_drama
55820;No Country for Old Men (2007);Crime|Drama;2007;64;3,8984375;4,0;1,0086124662836848;2007-11-28 05:53:25+00:00;2018-09-18 01:49:14+00:00;2;periodo_2000_2009;avaliacao_media;popularidade_alta;genero_crime|genero_drama
55830;Be Kind Rewind (2008);Comedy;2008;10;3,4;3,5;0,6992058987801011;2008-04-21 02:02:18+00:00;2016-11-19 08:14:45+00:00;1;periodo_2000_2009;avaliacao_media;popularidade_media;genero_comedia
55872;August Rush (2007);Drama|Musical;2007;6;3,5;3,25;0,6324555320336759;2008-07-08 18:46:09+00:00;2018-06-18 15:07:29+00:00;2;periodo_2000_2009;avaliacao_media;popularidade_baixa;genero_drama|genero_musical
55908;Man from Earth, The (2007);Drama|Sci-Fi;2007;8;4,1875;4,0;0,7529703086538577;2009-02-11 07:50:25+00:00;2018-03-27 12:44:57+00:00;2;periodo_2000_2009;avaliacao_alta;popularidade_baixa;genero_drama|genero_ficcao_cientifica
55995;Beowulf (2007);Action|Adventure|Animation|Fantasy|IMAX;2007;8;2,5625;2,75;0,6781013409302689;2007-11-20 19:32:52+00:00;2017-05-03 21:22:08+00:00;5;periodo_2000_2009;avaliacao_baixa;popularidade_baixa;genero_acao|genero_aventura|genero_animacao|genero_fantasia|genero_imax
56145;Mist, The (2007);Horror|Sci-Fi;2007;14;3,4285714285714284;4,0;1,3134971356172518;2008-01-21 19:33:37+00:00;2018-07-03 17:08:01+00:00;2;periodo_2000_2009;avaliacao_media;popularidade_media;genero_terror|genero_ficcao_cientifica
56152;Enchanted (2007);Adventure|Animation|Children|Comedy|Fantasy|Musical|Romance;2007;17;3,676470588235294;3,5;0,5285941398709243;2007-12-10 00:45:12+00:00;2018-07-24 18:39:31+00:00;7;periodo_2000_2009;avaliacao_media;popularidade_media;genero_aventura|genero_animacao|genero_infantil|genero_comedia|genero_fantasia|genero_musical|genero_romance
56156;Hitman (2007);Action|Crime|Thriller;2007;7;3,2857142857142856;3,5;0,8591246929842246;2008-03-23 00:25:10+00:00;2018-07-03 17:15:35+00:00;3;periodo_2000_2009;avaliacao_media;popularidade_baixa;genero_acao|genero_crime|genero_suspense
56171;Golden Compass, The (2007);Adventure|Children|Fantasy;2007;18;3,111111111111111;3,0;0,9633818428657448;2007-12-17 21:07:10+00:00;2018-08-15 08:20:07+00:00;3;periodo_2000_2009;avaliacao_media;popularidade_media;genero_aventura|genero_infantil|genero_fantasia
56174;I Am Legend (2007);Action|Horror|Sci-Fi|Thriller|IMAX;2007;62;3,4838709677419355;3,5;0,7942815184924804;2007-12-19 06:14:52+00:00;2018-09-17 04:18:58+00:00;5;periodo_2000_2009;avaliacao_media;popularidade_alta;genero_acao|genero_terror|genero_ficcao_cientifica|genero_suspense|genero_imax
56251;Futurama: Bender's Big Score (2007);Animation|Comedy|Sci-Fi;2007;10;3,9;4,0;0,6146362971528592;2008-07-21 02:54:56+00:00;2015-11-15 10:50:21+00:00;3;periodo_2000_2009;avaliacao_media;popularidade_media;genero_animacao|genero_comedia|genero_ficcao_cientifica
56339;Orphanage, The (Orfanato, El) (2007);Drama|Horror|Mystery|Thriller;2007;8;3,875;3,75;0,44320263021395917;2008-02-08 09:03:21+00:00;2015-06-28 21:08:54+00:00;4;periodo_2000_2009;avaliacao_media;popularidade_baixa;genero_drama|genero_terror|genero_misterio|genero_suspense
56367;Juno (2007);Comedy|Drama|Romance;2007;65;3,769230769230769;4,0;0,9103438699406183;2007-12-30 22:28:37+00:00;2018-05-05 19:26:25+00:00;3;periodo_2000_2009;avaliacao_media;popularidade_alta;genero_comedia|genero_drama|genero_romance
56587;Bucket List, The (2007);Comedy|Drama;2007;13;3,230769230769231;3,0;0,7531983087525439;2009-05-14 08:17:33+00:00;2018-03-19 20:02:19+00:00;2;periodo_2000_2009;avaliacao_media;popularidade_media;genero_comedia|genero_drama
56715;Wristcutters: A Love Story (2006);Drama|Fantasy|Romance;2006;6;4,0;4,0;0,7071067811865476;2008-12-13 03:46:41+00:00;2018-05-05 19:38:38+00:00;3;periodo_2000_2009;avaliacao_alta;popularidade_baixa;genero_drama|genero_fantasia|genero_romance
56757;Sweeney Todd: The Demon Barber of Fleet Street (2007);Drama|Horror|Musical|Thriller;2007;30;3,716666666666667;4,0;0,8578575290978595;2007-12-30 22:28:40+00:00;2018-09-17 04:27:42+00:00;4;periodo_2000_2009;avaliacao_media;popularidade_media;genero_drama|genero_terror|genero_musical|genero_suspense
56775;National Treasure: Book of Secrets (2007);Action|Adventure;2007;24;3,0416666666666665;3,25;0,919790461329983;2007-12-30 22:28:46+00:00;2018-07-24 18:39:20+00:00;2;periodo_2000_2009;avaliacao_media;popularidade_media;genero_acao|genero_aventura
56782;There Will Be Blood (2007);Drama|Western;2007;28;4,142857142857143;4,5;0,803431792688493;2008-02-05 03:47:48+00:00;2018-09-17 04:21:53+00:00;2;periodo_2000_2009;avaliacao_alta;popularidade_media;genero_drama|genero_faroeste
56788;Charlie Wilson's War (2007);Comedy|Drama|War;2007;8;3,375;3,75;1,246423454758225;2008-01-01 19:39:03+00:00;2016-01-27 20:09:48+00:00;3;periodo_2000_2009;avaliacao_media;popularidade_baixa;genero_comedia|genero_drama|genero_guerra
56801;AVPR: Aliens vs. Predator - Requiem (2007);Action|Horror|Sci-Fi;2007;6;2,5833333333333335;2,5;1,1143009766964518;2016-01-17 12:17:42+00:00;2018-07-24 18:40:59+00:00;3;periodo_2000_2009;avaliacao_baixa;popularidade_baixa;genero_acao|genero_terror|genero_ficcao_cientifica
56805;Walk Hard: The Dewey Cox Story (2007);Comedy|Musical;2007;5;3,3;3,0;0,7582875444051551;2008-01-03 08:19:53+00:00;2018-01-17 01:27:10+00:00;2;periodo_2000_2009;avaliacao_media;popularidade_baixa;genero_comedia|genero_musical
56921;Battlestar Galactica: Razor (2007);Action|Drama|Sci-Fi|Thriller;2007;5;3,8;4,0;1,1510864433221337;2008-12-13 04:39:24+00:00;2016-04-04 16:39:56+00:00;4;periodo_2000_2009;avaliacao_media;popularidade_baixa;genero_acao|genero_drama|genero_ficcao_cientifica|genero_suspense
56941;P.S. I Love You (2007);Comedy|Drama|Romance;2007;11;3,090909090909091;3,5;1,2210278829367864;2009-04-18 22:32:34+00:00;2018-03-27 12:44:20+00:00;3;periodo_2000_2009;avaliacao_media;popularidade_media;genero_comedia|genero_drama|genero_romance
56949;27 Dresses (2008);Comedy|Romance;2008;20;3,3;3,0;0,9375219295680781;2008-08-08 03:54:11+00:00;2018-01-16 23:07:49+00:00;2;periodo_2000_2009;avaliacao_media;popularidade_media;genero_comedia|genero_romance
57274;[REC] (2007);Drama|Horror|Thriller;2007;8;4,0625;3,75;0,8210402808980464;2008-11-10 23:54:02+00:00;2017-10-19 18:08:18+00:00;3;periodo_2000_2009;avaliacao_alta;popularidade_baixa;genero_drama|genero_terror|genero_suspense
57368;Cloverfield (2008);Action|Mystery|Sci-Fi|Thriller;2008;27;3,3518518518518516;3,0;0,8859459830600763;2008-01-21 18:30:01+00:00;2017-09-26 02:51:07+00:00;4;periodo_2000_2009;avaliacao_media;popularidade_media;genero_acao|genero_misterio|genero_ficcao_cientifica|genero_suspense
57504;Girl Who Leapt Through Time, The (Toki o kakeru shôjo) (2006);Animation|Comedy|Drama|Romance|Sci-Fi;2006;10;4,1;4,25;0,7378647873726218;2009-09-28 01:27:01+00:00;2018-05-02 19:02:22+00:00;5;periodo_2000_2009;avaliacao_alta;popularidade_media;genero_animacao|genero_comedia|genero_drama|genero_romance|genero_ficcao_cientifica
57528;Rambo (Rambo 4) (2008);Action|Drama|Thriller|War;2008;9;3,2777777777777777;3,5;0,7120003121097942;2008-02-01 21:41:55+00:00;2017-05-13 17:24:23+00:00;4;periodo_2000_2009;avaliacao_media;popularidade_baixa;genero_acao|genero_drama|genero_suspense|genero_guerra
57640;Hellboy II: The Golden Army (2008);Action|Adventure|Fantasy|Sci-Fi;2008;18;3,8055555555555554;4,0;0,4582219115902663;2008-07-13 01:09:21+00:00;2018-02-09 17:52:04+00:00;4;periodo_2000_2009;avaliacao_media;popularidade_media;genero_acao|genero_aventura|genero_fantasia|genero_ficcao_cientifica
57669;In Bruges (2008);Comedy|Crime|Drama|Thriller;2008;41;4,158536585365853;4,0;0,6748983663323307;2008-03-23 00:23:26+00:00;2018-09-18 01:49:16+00:00;4;periodo_2000_2009;avaliacao_alta;popularidade_media;genero_comedia|genero_crime|genero_drama|genero_suspense
58025;Jumper (2008);Action|Adventure|Drama|Sci-Fi|Thriller;2008;18;3,0;3,0;0,8574929257125442;2008-03-06 08:06:50+00:00;2018-07-31 02:45:52+00:00;5;periodo_2000_2009;avaliacao_media;popularidade_media;genero_acao|genero_aventura|genero_drama|genero_ficcao_cientifica|genero_suspense
58047;Definitely, Maybe (2008);Comedy|Drama|Romance;2008;14;3,4285714285714284;3,5;0,8052028616141701;2008-03-31 19:19:39+00:00;2018-07-24 18:40:42+00:00;3;periodo_2000_2009;avaliacao_media;popularidade_media;genero_comedia|genero_drama|genero_romance
58103;Vantage Point (2008);Action|Drama|Thriller;2008;6;3,4166666666666665;3,5;0,5845225972250061;2008-03-16 01:45:10+00:00;2017-05-03 22:15:23+00:00;3;periodo_2000_2009;avaliacao_media;popularidade_baixa;genero_acao|genero_drama|genero_suspense
58105;Spiderwick Chronicles, The (2008);Adventure|Children|Drama|Fantasy|IMAX;2008;5;3,4;3,5;0,8215838362577492;2008-03-31 19:18:23+00:00;2018-06-25 04:39:55+00:00;5;periodo_2000_2009;avaliacao_media;popularidade_baixa;genero_aventura|genero_infantil|genero_drama|genero_fantasia|genero_imax
58154;Other Boleyn Girl, The (2008);Drama|Romance;2008;7;3,7857142857142856;4,0;0,48795003647426655;2008-04-06 17:30:31+00:00;2015-12-04 00:05:52+00:00;2;periodo_2000_2009;avaliacao_media;popularidade_baixa;genero_drama|genero_romance
58156;Semi-Pro (2008);Comedy;2008;10;2,9;3,0;0,6582805886043833;2008-06-19 18:54:52+00:00;2018-01-17 01:28:25+00:00;1;periodo_2000_2009;avaliacao_baixa;popularidade_media;genero_comedia
58162;Run Fatboy Run (2007);Comedy|Romance;2007;7;3,0;3,5;0,8660254037844386;2008-10-20 13:13:00+00:00;2016-06-18 19:25:12+00:00;2;periodo_2000_2009;avaliacao_media;popularidade_baixa;genero_comedia|genero_romance
58293;10,000 BC (2008);Adventure|Romance|Thriller;2008;17;2,7058823529411766;3,0;0,9363964092701966;2008-03-31 19:19:01+00:00;2016-07-27 21:26:45+00:00;3;periodo_2000_2009;avaliacao_baixa;popularidade_media;genero_aventura|genero_romance|genero_suspense
58295;Bank Job, The (2008);Action|Crime|Thriller;2008;13;3,6153846153846154;3,5;0,8454250941056752;2008-03-23 00:22:44+00:00;2017-05-03 21:38:49+00:00;3;periodo_2000_2009;avaliacao_media;popularidade_media;genero_acao|genero_crime|genero_suspense
58299;Horton Hears a Who! (2008);Adventure|Animation|Children|Comedy;2008;8;3,4375;3,25;0,49551560448255744;2008-04-24 20:24:11+00:00;2018-06-08 17:38:22+00:00;4;periodo_2000_2009;avaliacao_media;popularidade_baixa;genero_aventura|genero_animacao|genero_infantil|genero_comedia
58559;Dark Knight, The (2008);Action|Crime|Drama|IMAX;2008;149;4,238255033557047;4,5;0,7249974198869505;2008-07-21 02:54:18+00:00;2018-09-17 04:14:18+00:00;4;periodo_2000_2009;avaliacao_alta;popularidade_alta;genero_acao|genero_crime|genero_drama|genero_imax
58803;21 (2008);Crime|Drama|Romance|Thriller;2008;18;3,75;4,0;0,6697233845138647;2008-08-08 03:32:23+00:00;2018-05-01 09:03:57+00:00;4;periodo_2000_2009;avaliacao_media;popularidade_media;genero_crime|genero_drama|genero_romance|genero_suspense
58998;Forgetting Sarah Marshall (2008);Comedy|Romance;2008;39;3,769230769230769;4,0;0,9448346683982798;2008-04-21 02:03:08+00:00;2018-08-11 02:21:04+00:00;2;periodo_2000_2009;avaliacao_media;popularidade_media;genero_comedia|genero_romance
59022;Harold & Kumar Escape from Guantanamo Bay (2008);Adventure|Comedy;2008;13;3,3076923076923075;3,5;0,6626481450231066;2008-06-30 21:58:36+00:00;2018-09-16 10:49:39+00:00;2;periodo_2000_2009;avaliacao_media;popularidade_media;genero_aventura|genero_comedia
59126;Religulous (2008);Comedy|Documentary;2008;5;3,8;4,0;0,5700877125495689;2009-03-15 02:00:41+00:00;2016-10-14 20:34:32+00:00;2;periodo_2000_2009;avaliacao_media;popularidade_baixa;genero_comedia|genero_documentario
59258;Baby Mama (2008);Comedy;2008;11;3,1363636363636362;3,0;1,1851352051751116;2008-05-08 01:32:12+00:00;2018-03-07 07:44:06+00:00;1;periodo_2000_2009;avaliacao_media;popularidade_media;genero_comedia
59315;Iron Man (2008);Action|Adventure|Sci-Fi;2008;94;3,824468085106383;4,0;0,8382888575234115;2008-05-05 20:11:36+00:00;2018-09-16 10:49:51+00:00;3;periodo_2000_2009;avaliacao_media;popularidade_alta;genero_acao|genero_aventura|genero_ficcao_cientifica
59369;Taken (2008);Action|Crime|Drama|Thriller;2008;42;3,619047619047619;4,0;1,1032630306279145;2009-02-03 00:56:40+00:00;2018-09-17 04:20:39+00:00;4;periodo_2000_2009;avaliacao_media;popularidade_media;genero_acao|genero_crime|genero_drama|genero_suspense
59387;Fall, The (2006);Adventure|Drama|Fantasy;2006;11;3,9545454545454546;4,0;0,9341987329938275;2009-01-25 01:36:24+00:00;2018-03-27 13:06:52+00:00;3;periodo_2000_2009;avaliacao_media;popularidade_media;genero_aventura|genero_drama|genero_fantasia
59421;What Happens in Vegas... (2008);Comedy|Romance;2008;8;2,75;3,25;1,164964745021435;2008-07-31 21:51:26+00:00;2018-02-09 17:55:07+00:00;2;periodo_2000_2009;avaliacao_baixa;popularidade_baixa;genero_comedia|genero_romance
59501;Chronicles of Narnia: Prince Caspian, The (2008);Adventure|Children|Fantasy;2008;12;3,5416666666666665;3,75;0,5418123347254158;2009-04-18 22:19:21+00:00;2018-06-25 04:16:57+00:00;3;periodo_2000_2009;avaliacao_media;popularidade_media;genero_aventura|genero_infantil|genero_fantasia
59615;Indiana Jones and the Kingdom of the Crystal Skull (2008);Action|Adventure|Comedy|Sci-Fi;2008;39;2,8333333333333335;3,0;1,0533988431771781;2008-05-25 04:30:58+00:00;2018-08-12 15:20:07+00:00;4;periodo_2000_2009;avaliacao_baixa;popularidade_media;genero_acao|genero_aventura|genero_comedia|genero_ficcao_cientifica
59725;Sex and the City (2008);Comedy|Romance;2008;11;2,409090909090909;2,5;1,0202495238465394;2008-12-21 19:54:11+00:00;2018-01-17 01:12:38+00:00;2;periodo_2000_2009;avaliacao_baixa;popularidade_media;genero_comedia|genero_romance
59784;Kung Fu Panda (2008);Action|Animation|Children|Comedy|IMAX;2008;54;3,4444444444444446;3,5;0,950008275369452;2008-06-09 17:39:59+00:00;2018-09-01 18:38:55+00:00;5;periodo_2000_2009;avaliacao_media;popularidade_alta;genero_acao|genero_animacao|genero_infantil|genero_comedia|genero_imax
59900;You Don't Mess with the Zohan (2008);Comedy;2008;15;2,8666666666666667;3,0;1,1720962092804172;2008-12-30 02:02:31+00:00;2017-02-16 20:13:07+00:00;1;periodo_2000_2009;avaliacao_baixa;popularidade_media;genero_comedia
60037;Happening, The (2008);Drama|Sci-Fi|Thriller;2008;5;3,0;3,5;0,7071067811865476;2008-06-19 05:39:08+00:00;2017-05-03 21:08:54+00:00;3;periodo_2000_2009;avaliacao_media;popularidade_baixa;genero_drama|genero_ficcao_cientifica|genero_suspense
60040;Incredible Hulk, The (2008);Action|Sci-Fi;2008;35;3,1714285714285713;3,5;0,8129725516571265;2008-06-16 20:55:26+00:00;2018-09-16 10:50:10+00:00;2;periodo_2000_2009;avaliacao_media;popularidade_media;genero_acao|genero_ficcao_cientifica
60069;WALL·E (2008);Adventure|Animation|Children|Romance|Sci-Fi;2008;104;4,0576923076923075;4,0;0,8598591336079368;2008-06-29 04:33:25+00:00;2018-08-31 09:39:00+00:00;5;periodo_2000_2009;avaliacao_alta;popularidade_alta;genero_aventura|genero_animacao|genero_infantil|genero_romance|genero_ficcao_cientifica
60072;Wanted (2008);Action|Thriller;2008;22;3,159090909090909;3,0;0,9048331026896306;2008-07-13 06:14:09+00:00;2018-07-03 17:07:16+00:00;2;periodo_2000_2009;avaliacao_media;popularidade_media;genero_acao|genero_suspense
60074;Hancock (2008);Action|Adventure|Comedy|Crime|Fantasy;2008;29;3,0344827586206895;3,0;0,844425359159777;2008-12-21 19:23:10+00:00;2018-05-05 20:58:47+00:00;5;periodo_2000_2009;avaliacao_media;popularidade_media;genero_acao|genero_aventura|genero_comedia|genero_crime|genero_fantasia
60126;Get Smart (2008);Action|Comedy;2008;16;3,46875;3,5;0,6446898479113814;2008-07-30 16:48:12+00:00;2018-07-24 18:39:50+00:00;2;periodo_2000_2009;avaliacao_media;popularidade_media;genero_acao|genero_comedia
60161;Futurama: The Beast with a Billion Backs (2008);Action|Animation|Comedy|Romance|Sci-Fi;2008;6;3,5;3,5;0,4472135954999579;2008-11-10 08:56:49+00:00;2017-08-12 12:52:47+00:00;5;periodo_2000_2009;avaliacao_media;popularidade_baixa;genero_acao|genero_animacao|genero_comedia|genero_romance|genero_ficcao_cientifica
60397;Mamma Mia! (2008);Comedy|Musical|Romance;2008;14;2,9642857142857144;3,0;0,9700175596008898;2008-08-28 13:30:32+00:00;2017-12-25 22:02:33+00:00;3;periodo_2000_2009;avaliacao_baixa;popularidade_media;genero_comedia|genero_musical|genero_romance
60487;It's the Great Pumpkin, Charlie Brown (1966);Animation|Children|Comedy;1966;5;3,8;4,0;0,8366600265340756;2008-10-18 14:42:58+00:00;2018-09-09 01:25:20+00:00;3;periodo_1950_1969;avaliacao_media;popularidade_baixa;genero_animacao|genero_infantil|genero_comedia
60514;Journey to the Center of the Earth (2008);Action|Adventure|Sci-Fi;2008;5;2,5;3,0;1,1726039399558574;2009-01-02 14:37:09+00:00;2018-05-02 19:36:35+00:00;3;periodo_2000_2009;avaliacao_baixa;popularidade_baixa;genero_acao|genero_aventura|genero_ficcao_cientifica
60684;Watchmen (2009);Action|Drama|Mystery|Sci-Fi|Thriller|IMAX;2009;43;3,988372093023256;4,0;0,7277523461301214;2009-03-08 03:23:07+00:00;2018-08-31 09:42:00+00:00;6;periodo_2000_2009;avaliacao_media;popularidade_media;genero_acao|genero_drama|genero_misterio|genero_ficcao_cientifica|genero_suspense|genero_imax
60756;Step Brothers (2008);Comedy;2008;28;3,5535714285714284;3,5;0,9061445158460562;2008-12-13 04:25:56+00:00;2018-06-13 23:59:36+00:00;1;periodo_2000_2009;avaliacao_media;popularidade_media;genero_comedia
60766;Man on Wire (2008);Documentary;2008;8;3,6875;4,0;1,3871218918527466;2009-11-17 00:29:10+00:00;2017-05-03 21:39:43+00:00;1;periodo_2000_2009;avaliacao_media;popularidade_baixa;genero_documentario
60937;Mummy: Tomb of the Dragon Emperor, The (2008);Action|Adventure|Fantasy|Thriller;2008;7;2,642857142857143;2,5;0,47559486560567094;2008-12-30 20:55:03+00:00;2018-01-05 17:41:19+00:00;4;periodo_2000_2009;avaliacao_baixa;popularidade_baixa;genero_acao|genero_aventura|genero_fantasia|genero_suspense
60950;Vicky Cristina Barcelona (2008);Comedy|Drama|Romance;2008;16;3,09375;3,0;1,1138334704972732;2009-04-18 22:10:12+00:00;2018-05-05 19:45:06+00:00;3;periodo_2000_2009;avaliacao_media;popularidade_media;genero_comedia|genero_drama|genero_romance
61024;Pineapple Express (2008);Action|Comedy|Crime;2008;31;3,6774193548387095;4,0;0,8421043788903111;2008-09-12 20:52:54+00:00;2018-06-13 23:56:49+00:00;3;periodo_2000_2009;avaliacao_media;popularidade_media;genero_acao|genero_comedia|genero_crime
61132;Tropic Thunder (2008);Action|Adventure|Comedy|War;2008;33;3,5;3,5;1,0532687216470449;2008-10-04 13:37:23+00:00;2018-09-17 04:27:10+00:00;4;periodo_2000_2009;avaliacao_media;popularidade_media;genero_acao|genero_aventura|genero_comedia|genero_guerra
61160;Star Wars: The Clone Wars (2008);Action|Adventure|Animation|Sci-Fi;2008;7;2,357142857142857;2,5;0,9880235200593538;2009-06-10 03:54:08+00:00;2017-05-13 17:26:39+00:00;4;periodo_2000_2009;avaliacao_baixa;popularidade_baixa;genero_acao|genero_aventura|genero_animacao|genero_ficcao_cientifica
61236;Waltz with Bashir (Vals im Bashir) (2008);Animation|Documentary|Drama|War;2008;5;3,0;2,5;0,7071067811865476;2009-02-11 07:42:22+00:00;2017-06-26 22:47:25+00:00;4;periodo_2000_2009;avaliacao_media;popularidade_baixa;genero_animacao|genero_documentario|genero_drama|genero_guerra
61240;Let the Right One In (Låt den rätte komma in) (2008);Drama|Fantasy|Horror|Romance;2008;17;3,911764705882353;4,0;0,9225524056531805;2010-02-27 02:28:03+00:00;2017-06-30 04:46:22+00:00;4;periodo_2000_2009;avaliacao_media;popularidade_media;genero_drama|genero_fantasia|genero_terror|genero_romance
61248;Death Race (2008);Action|Adventure|Sci-Fi|Thriller;2008;9;3,2222222222222223;3,5;0,5068968775248516;2008-10-29 01:25:31+00:00;2018-01-05 17:55:34+00:00;4;periodo_2000_2009;avaliacao_media;popularidade_baixa;genero_acao|genero_aventura|genero_ficcao_cientifica|genero_suspense
61250;House Bunny, The (2008);Comedy;2008;10;2,5;2,5;1,0540925533894598;2009-04-18 22:18:30+00:00;2018-01-17 01:31:51+00:00;1;periodo_2000_2009;avaliacao_baixa;popularidade_media;genero_comedia
61323;Burn After Reading (2008);Comedy|Crime|Drama;2008;39;3,4871794871794872;3,5;0,9282636555984476;2008-10-29 01:25:05+00:00;2018-09-17 04:25:00+00:00;3;periodo_2000_2009;avaliacao_media;popularidade_media;genero_comedia|genero_crime|genero_drama
62081;Eagle Eye (2008);Action|Crime|Thriller|IMAX;2008;8;3,0625;3,0;0,6232117273791125;2008-10-29 01:25:39+00:00;2017-05-03 22:05:23+00:00;4;periodo_2000_2009;avaliacao_media;popularidade_baixa;genero_acao|genero_crime|genero_suspense|genero_imax
62113;How to Lose Friends & Alienate People (2008);Comedy;2008;6;2,8333333333333335;3,25;1,3291601358251257;2009-12-12 21:32:00+00:00;2016-04-04 16:39:58+00:00;1;periodo_2000_2009;avaliacao_baixa;popularidade_baixa;genero_comedia
62155;Nick and Norah's Infinite Playlist (2008);Comedy|Drama|Romance;2008;10;3,35;3,5;1,055409346599171;2009-02-24 06:04:56+00:00;2018-03-07 07:47:25+00:00;3;periodo_2000_2009;avaliacao_media;popularidade_media;genero_comedia|genero_drama|genero_romance
62250;Gomorrah (Gomorra) (2008);Crime|Drama;2008;5;3,7;4,0;1,2041594578792294;2012-11-11 22:17:50+00:00;2016-04-08 17:44:26+00:00;2;periodo_2000_2009;avaliacao_media;popularidade_baixa;genero_crime|genero_drama
62336;FLCL (2000);Animation|Comedy|Fantasy|Sci-Fi;2000;9;4,277777777777778;4,5;0,7949493345141214;2008-10-26 15:54:37+00:00;2017-12-25 22:09:10+00:00;4;periodo_2000_2009;avaliacao_alta;popularidade_baixa;genero_animacao|genero_comedia|genero_fantasia|genero_ficcao_cientifica
62374;Body of Lies (2008);Action|Drama|Thriller;2008;11;3,772727272727273;4,0;0,6842381297339531;2009-02-11 07:53:30+00:00;2017-05-01 21:44:38+00:00;3;periodo_2000_2009;avaliacao_media;popularidade_media;genero_acao|genero_drama|genero_suspense
62434;Zack and Miri Make a Porno (2008);Comedy|Drama|Romance;2008;21;3,5238095238095237;3,5;0,8728715609439693;2008-11-12 15:51:32+00:00;2018-01-16 22:23:41+00:00;3;periodo_2000_2009;avaliacao_media;popularidade_media;genero_comedia|genero_drama|genero_romance
62644;Wave, The (Welle, Die) (2008);Drama;2008;7;3,5714285714285716;4,0;0,607492896293956;2009-08-15 11:57:21+00:00;2018-05-05 19:45:45+00:00;1;periodo_2000_2009;avaliacao_media;popularidade_baixa;genero_drama
62849;RocknRolla (2008);Action|Crime;2008;13;3,769230769230769;3,5;0,6329621044272916;2009-02-03 00:55:25+00:00;2017-05-03 21:39:06+00:00;2;periodo_2000_2009;avaliacao_media;popularidade_media;genero_acao|genero_crime
62956;Futurama: Bender's Game (2008);Action|Adventure|Animation|Comedy|Fantasy|Sci-Fi;2008;9;3,4444444444444446;4,0;0,726483157256779;2008-11-10 08:56:13+00:00;2015-11-15 10:54:58+00:00;6;periodo_2000_2009;avaliacao_media;popularidade_baixa;genero_acao|genero_aventura|genero_animacao|genero_comedia|genero_fantasia|genero_ficcao_cientifica
62999;Madagascar: Escape 2 Africa (2008);Action|Adventure|Animation|Children|Comedy|IMAX;2008;13;3,6923076923076925;3,5;0,7227972727092276;2009-02-16 23:30:00+00:00;2018-06-25 04:07:01+00:00;6;periodo_2000_2009;avaliacao_media;popularidade_media;genero_acao|genero_aventura|genero_animacao|genero_infantil|genero_comedia|genero_imax
63062;Changeling (2008);Crime|Drama|Mystery;2008;8;3,4375;3,25;0,4955156044825575;2009-05-08 23:13:02+00:00;2018-05-02 18:36:21+00:00;3;periodo_2000_2009;avaliacao_media;popularidade_baixa;genero_crime|genero_drama|genero_misterio
63072;Road, The (2009);Adventure|Drama|Thriller;2009;9;3,888888888888889;4,0;0,4166666666666666;2009-12-17 21:30:46+00:00;2018-03-31 22:00:05+00:00;3;periodo_2000_2009;avaliacao_media;popularidade_baixa;genero_aventura|genero_drama|genero_suspense
63082;Slumdog Millionaire (2008);Crime|Drama|Romance;2008;71;3,8098591549295775;4,0;1,0769208658521978;2009-01-15 02:45:37+00:00;2018-05-05 19:26:33+00:00;3;periodo_2000_2009;avaliacao_media;popularidade_alta;genero_crime|genero_drama|genero_romance
63113;Quantum of Solace (2008);Action|Adventure|Thriller;2008;35;3,4571428571428573;3,5;0,8434124363649885;2008-11-24 10:52:51+00:00;2018-09-17 04:27:06+00:00;3;periodo_2000_2009;avaliacao_media;popularidade_media;genero_acao|genero_aventura|genero_suspense
63131;Role Models (2008);Comedy;2008;20;3,625;4,0;0,7232055833505944;2008-11-16 05:30:20+00:00;2018-01-16 22:11:45+00:00;1;periodo_2000_2009;avaliacao_media;popularidade_media;genero_comedia
63853;Australia (2008);Adventure|Drama|War|Western;2008;5;3,2;3,0;1,036822067666386;2009-04-22 00:13:39+00:00;2015-07-02 11:37:00+00:00;4;periodo_2000_2009;avaliacao_media;popularidade_baixa;genero_aventura|genero_drama|genero_guerra|genero_faroeste
63859;Bolt (2008);Action|Adventure|Animation|Children|Comedy;2008;18;3,388888888888889;3,5;0,7775443160352294;2009-06-20 15:23:15+00:00;2018-07-24 18:39:43+00:00;5;periodo_2000_2009;avaliacao_media;popularidade_media;genero_acao|genero_aventura|genero_animacao|genero_infantil|genero_comedia
63876;Milk (2008);Drama;2008;11;3,5454545454545454;3,5;0,8790490729915326;2009-01-27 07:11:38+00:00;2018-09-01 19:04:05+00:00;1;periodo_2000_2009;avaliacao_media;popularidade_media;genero_drama
63992;Twilight (2008);Drama|Fantasy|Romance|Thriller;2008;22;2,409090909090909;2,25;1,2405486846395988;2009-04-10 21:05:15+00:00;2018-08-15 08:17:10+00:00;4;periodo_2000_2009;avaliacao_baixa;popularidade_media;genero_drama|genero_fantasia|genero_romance|genero_suspense
64030;Transporter 3 (2008);Action|Adventure|Crime|Thriller;2008;6;2,6666666666666665;2,5;0,752772652709081;2009-02-11 08:18:54+00:00;2017-06-26 20:49:25+00:00;4;periodo_2000_2009;avaliacao_baixa;popularidade_baixa;genero_acao|genero_aventura|genero_crime|genero_suspense
64034;Boy in the Striped Pajamas, The (Boy in the Striped Pyjamas, The) (2008);Drama|War;2008;6;3,4166666666666665;4,0;1,2812754062521714;2009-12-21 22:40:37+00:00;2018-05-05 20:00:41+00:00;2;periodo_2000_2009;avaliacao_media;popularidade_baixa;genero_drama|genero_guerra
64231;Punisher: War Zone (2008);Action|Crime|Drama|Thriller;2008;6;3,0;3,0;0,7071067811865476;2008-12-16 18:31:12+00:00;2017-05-13 17:40:20+00:00;4;periodo_2000_2009;avaliacao_media;popularidade_baixa;genero_acao|genero_crime|genero_drama|genero_suspense
64285;Wallace and Gromit in 'A Matter of Loaf and Death' (2008);Animation|Comedy;2008;5;3,7;3,5;1,036822067666386;2011-01-01 18:55:32+00:00;2017-06-27 03:08:27+00:00;2;periodo_2000_2009;avaliacao_media;popularidade_baixa;genero_animacao|genero_comedia
64497;Day the Earth Stood Still, The (2008);Drama|Sci-Fi|Thriller|IMAX;2008;7;2,7857142857142856;3,0;0,2672612419124243;2009-02-17 05:56:12+00:00;2018-06-23 16:35:23+00:00;4;periodo_2000_2009;avaliacao_baixa;popularidade_baixa;genero_drama|genero_ficcao_cientifica|genero_suspense|genero_imax
64575;Doubt (2008);Drama|Mystery;2008;7;3,357142857142857;3,5;0,8521681032463467;2009-03-02 06:38:14+00:00;2015-06-28 21:10:12+00:00;2;periodo_2000_2009;avaliacao_media;popularidade_baixa;genero_drama|genero_misterio
64614;Gran Torino (2008);Crime|Drama;2008;46;3,9456521739130435;4,0;0,6256397691746799;2009-02-09 01:18:03+00:00;2018-07-03 17:46:30+00:00;2;periodo_2000_2009;avaliacao_media;popularidade_media;genero_crime|genero_drama
64620;Frost/Nixon (2008);Drama;2008;9;3,9444444444444446;4,0;0,3004626062886658;2009-03-16 21:29:41+00:00;2018-02-09 17:52:53+00:00;1;periodo_2000_2009;avaliacao_media;popularidade_baixa;genero_drama
64622;Reader, The (2008);Drama|Romance;2008;7;3,2142857142857144;3,5;0,9063269671749657;2009-05-08 23:12:08+00:00;2017-03-01 20:03:27+00:00;2;periodo_2000_2009;avaliacao_media;popularidade_baixa;genero_drama|genero_romance
64716;Seven Pounds (2008);Drama;2008;11;4,136363636363637;4,0;0,45226701686664544;2009-02-17 05:55:41+00:00;2016-04-13 03:48:19+00:00;1;periodo_2000_2009;avaliacao_alta;popularidade_media;genero_drama
64839;Wrestler, The (2008);Drama;2008;34;3,735294117647059;4,0;0,7999554354788947;2009-02-09 01:18:24+00:00;2018-01-16 23:05:10+00:00;1;periodo_2000_2009;avaliacao_media;popularidade_media;genero_drama
64957;Curious Case of Benjamin Button, The (2008);Drama|Fantasy|Mystery|Romance;2008;37;3,5945945945945947;3,5;0,8402863089930012;2009-01-04 00:24:15+00:00;2018-09-17 04:21:28+00:00;4;periodo_2000_2009;avaliacao_media;popularidade_media;genero_drama|genero_fantasia|genero_misterio|genero_romance
64969;Yes Man (2008);Comedy;2008;34;3,6176470588235294;3,5;0,9050265652338422;2009-02-09 01:18:44+00:00;2018-05-18 19:49:16+00:00;1;periodo_2000_2009;avaliacao_media;popularidade_media;genero_comedia
64983;Valkyrie (2008);Drama|Thriller|War;2008;11;3,409090909090909;3,5;0,4908249086070214;2009-05-08 22:57:05+00:00;2017-05-03 22:16:51+00:00;3;periodo_2000_2009;avaliacao_media;popularidade_media;genero_drama|genero_suspense|genero_guerra
65088;Bedtime Stories (2008);Adventure|Children|Comedy;2008;11;3,3636363636363638;3,5;0,6741998624632421;2009-05-20 12:27:56+00:00;2018-01-17 01:25:00+00:00;3;periodo_2000_2009;avaliacao_media;popularidade_media;genero_aventura|genero_infantil|genero_comedia
65130;Revolutionary Road (2008);Drama|Romance;2008;5;3,7;3,5;0,8366600265340756;2009-08-24 19:28:39+00:00;2016-09-19 14:22:39+00:00;2;periodo_2000_2009;avaliacao_media;popularidade_baixa;genero_drama|genero_romance
65216;Defiance (2008);Drama|Thriller|War;2008;7;3,9285714285714284;4,0;0,44986770542121857;2009-02-17 05:53:54+00:00;2018-02-09 17:55:37+00:00;3;periodo_2000_2009;avaliacao_media;popularidade_baixa;genero_drama|genero_suspense|genero_guerra
65230;Marley & Me (2008);Comedy|Drama;2008;14;3,142857142857143;3,5;1,15072838853303;2009-06-20 15:25:45+00:00;2018-05-18 19:52:04+00:00;2;periodo_2000_2009;avaliacao_media;popularidade_media;genero_comedia|genero_drama
65261;Ponyo (Gake no ue no Ponyo) (2008);Adventure|Animation|Children|Fantasy;2008;11;4,0;4,0;1,0723805294763606;2009-05-03 19:49:11+00:00;2018-07-30 23:40:05+00:00;4;periodo_2000_2009;avaliacao_alta;popularidade_media;genero_aventura|genero_animacao|genero_infantil|genero_fantasia
65514;Ip Man (2008);Action|Drama|War;2008;10;3,95;4,0;0,864420165325996;2012-11-11 22:48:26+00:00;2017-05-13 17:24:05+00:00;3;periodo_2000_2009;avaliacao_media;popularidade_media;genero_acao|genero_drama|genero_guerra
65682;Underworld: Rise of the Lycans (2009);Action|Fantasy|Horror|Thriller;2009;7;3,642857142857143;3,5;0,7480132415430957;2009-02-11 08:19:01+00:00;2018-06-25 04:07:35+00:00;4;periodo_2000_2009;avaliacao_media;popularidade_baixa;genero_acao|genero_fantasia|genero_terror|genero_suspense
65685;Inkheart (2008);Adventure|Fantasy;2008;5;3,5;3,5;0,5;2009-07-05 08:50:07+00:00;2018-01-05 14:20:39+00:00;2;periodo_2000_2009;avaliacao_media;popularidade_baixa;genero_aventura|genero_fantasia
65802;Paul Blart: Mall Cop (2009);Action|Comedy|Crime;2009;7;2,7142857142857144;2,5;1,185226520443204;2009-06-20 15:25:11+00:00;2018-05-02 19:51:43+00:00;3;periodo_2000_2009;avaliacao_baixa;popularidade_baixa;genero_acao|genero_comedia|genero_crime
66097;Coraline (2009);Animation|Fantasy|Thriller;2009;35;3,7;4,0;0,917156731746671;2009-03-09 13:16:03+00:00;2018-08-31 10:00:50+00:00;3;periodo_2000_2009;avaliacao_media;popularidade_media;genero_animacao|genero_fantasia|genero_suspense
66203;He's Just Not That Into You (2009);Comedy|Drama|Romance;2009;11;2,8181818181818183;3,0;1,031327476428493;2009-05-08 23:10:37+00:00;2018-02-11 20:25:48+00:00;3;periodo_2000_2009;avaliacao_baixa;popularidade_media;genero_comedia|genero_drama|genero_romance
66297;Futurama: Into the Wild Green Yonder (2009);Action|Animation|Comedy|Sci-Fi;2009;6;3,5;3,5;0,4472135954999579;2009-02-23 22:41:26+00:00;2015-11-14 16:09:47+00:00;4;periodo_2000_2009;avaliacao_media;popularidade_baixa;genero_acao|genero_animacao|genero_comedia|genero_ficcao_cientifica
66371;Departures (Okuribito) (2008);Drama;2008;5;4,1;4,5;1,08397416943394;2010-10-09 17:20:26+00:00;2016-05-17 16:37:51+00:00;1;periodo_2000_2009;avaliacao_alta;popularidade_baixa;genero_drama
66509;Funny People (2009);Comedy|Drama;2009;5;3,5;3,5;0,0;2009-12-27 18:15:16+00:00;2017-03-18 00:30:30+00:00;2;periodo_2000_2009;avaliacao_media;popularidade_baixa;genero_comedia|genero_drama
66785;Good, the Bad, the Weird, The (Joheunnom nabbeunnom isanghannom) (2008);Action|Adventure|Comedy|Western;2008;5;3,8;4,0;0,5700877125495689;2010-12-04 17:09:00+00:00;2017-06-27 00:27:11+00:00;4;periodo_2000_2009;avaliacao_media;popularidade_baixa;genero_acao|genero_aventura|genero_comedia|genero_faroeste
66934;Dr. Horrible's Sing-Along Blog (2008);Comedy|Drama|Musical|Sci-Fi;2008;24;3,9166666666666665;4,0;1,0072203103706696;2009-03-25 23:51:52+00:00;2018-08-31 10:32:48+00:00;4;periodo_2000_2009;avaliacao_media;popularidade_media;genero_comedia|genero_drama|genero_musical|genero_ficcao_cientifica
67087;I Love You, Man (2009);Comedy;2009;17;3,5294117647058822;3,5;0,6488111299545817;2009-04-18 22:11:30+00:00;2018-03-07 07:48:36+00:00;1;periodo_2000_2009;avaliacao_media;popularidade_media;genero_comedia
67197;Knowing (2009);Action|Drama|Mystery|Sci-Fi|Thriller;2009;9;2,8333333333333335;3,0;0,4330127018922194;2009-05-08 23:05:45+00:00;2018-02-09 17:53:22+00:00;5;periodo_2000_2009;avaliacao_baixa;popularidade_baixa;genero_acao|genero_drama|genero_misterio|genero_ficcao_cientifica|genero_suspense
67255;Girl with the Dragon Tattoo, The (Män som hatar kvinnor) (2009);Crime|Drama|Mystery|Thriller;2009;25;3,94;4,0;0,8455767262643883;2009-09-23 22:59:41+00:00;2018-07-23 16:07:28+00:00;4;periodo_2000_2009;avaliacao_media;popularidade_media;genero_crime|genero_drama|genero_misterio|genero_suspense
67408;Monsters vs. Aliens (2009);Animation|Sci-Fi|IMAX;2009;8;3,25;3,25;0,7559289460184544;2009-05-20 12:27:36+00:00;2018-07-24 18:40:33+00:00;3;periodo_2000_2009;avaliacao_media;popularidade_baixa;genero_animacao|genero_ficcao_cientifica|genero_imax
67734;Adventureland (2009);Comedy|Drama;2009;15;3,3333333333333335;3,5;0,9193683131575155;2009-04-21 05:33:40+00:00;2018-04-06 20:11:10+00:00;2;periodo_2000_2009;avaliacao_media;popularidade_media;genero_comedia|genero_drama
67923;Fast & Furious (Fast and the Furious 4, The) (2009);Action|Crime|Drama|Thriller;2009;10;3,25;3,0;0,7905694150420949;2015-05-01 12:21:52+00:00;2018-01-05 14:37:57+00:00;4;periodo_2000_2009;avaliacao_media;popularidade_media;genero_acao|genero_crime|genero_drama|genero_suspense
67997;In the Loop (2009);Comedy;2009;5;4,3;4,0;0,44721359549995787;2011-11-20 05:16:58+00:00;2017-01-29 02:27:37+00:00;1;periodo_2000_2009;avaliacao_alta;popularidade_baixa;genero_comedia
68073;Pirate Radio (2009);Comedy|Drama;2009;5;3,4;4,0;1,6733200530681511;2010-05-16 02:33:19+00:00;2016-02-17 22:56:54+00:00;2;periodo_2000_2009;avaliacao_media;popularidade_baixa;genero_comedia|genero_drama
68135;17 Again (2009);Comedy|Drama;2009;10;3,55;3,5;0,550252467307306;2009-05-08 23:08:40+00:00;2018-02-09 17:53:00+00:00;2;periodo_2000_2009;avaliacao_media;popularidade_media;genero_comedia|genero_drama
68157;Inglourious Basterds (2009);Action|Drama|War;2009;88;4,136363636363637;4,0;0,8190521320308775;2009-09-12 03:57:41+00:00;2018-09-09 01:29:30+00:00;3;periodo_2000_2009;avaliacao_alta;popularidade_alta;genero_acao|genero_drama|genero_guerra
68205;Crank: High Voltage (2009);Action|Comedy|Crime;2009;8;2,9375;3,25;1,1160357137142674;2009-05-21 05:23:03+00:00;2018-02-15 21:43:23+00:00;3;periodo_2000_2009;avaliacao_baixa;popularidade_baixa;genero_acao|genero_comedia|genero_crime
68237;Moon (2009);Drama|Mystery|Sci-Fi|Thriller;2009;32;3,96875;4,0;0,9240295694193397;2009-09-14 03:23:14+00:00;2018-03-27 22:31:19+00:00;4;periodo_2000_2009;avaliacao_media;popularidade_media;genero_drama|genero_misterio|genero_ficcao_cientifica|genero_suspense
68319;X-Men Origins: Wolverine (2009);Action|Sci-Fi|Thriller;2009;26;2,8653846153846154;2,75;0,9649631320179265;2009-05-08 06:02:10+00:00;2018-08-31 10:03:57+00:00;3;periodo_2000_2009;avaliacao_baixa;popularidade_media;genero_acao|genero_ficcao_cientifica|genero_suspense
68358;Star Trek (2009);Action|Adventure|Sci-Fi|IMAX;2009;59;3,864406779661017;4,0;0,819116999740323;2009-05-14 05:19:17+00:00;2018-09-17 04:17:35+00:00;4;periodo_2000_2009;avaliacao_media;popularidade_alta;genero_acao|genero_aventura|genero_ficcao_cientifica|genero_imax
68554;Angels & Demons (2009);Crime|Drama|Mystery|Thriller;2009;17;3,264705882352941;3,5;0,9539006607546906;2009-07-24 05:36:55+00:00;2018-03-19 20:07:50+00:00;4;periodo_2000_2009;avaliacao_media;popularidade_media;genero_crime|genero_drama|genero_misterio|genero_suspense
68659;Fanboys (2009);Adventure|Comedy|Drama;2009;8;2,875;3,0;1,246423454758225;2009-07-29 04:29:42+00:00;2018-03-07 07:48:13+00:00;3;periodo_2000_2009;avaliacao_baixa;popularidade_baixa;genero_aventura|genero_comedia|genero_drama
68791;Terminator Salvation (2009);Action|Adventure|Sci-Fi|Thriller;2009;18;3,25;3,5;0,6913328984437153;2009-05-27 05:26:14+00:00;2017-06-21 07:46:22+00:00;4;periodo_2000_2009;avaliacao_media;popularidade_media;genero_acao|genero_aventura|genero_ficcao_cientifica|genero_suspense
68793;Night at the Museum: Battle of the Smithsonian (2009);Action|Comedy|IMAX;2009;10;3,1;3,25;1,0488088481701516;2009-07-10 01:56:06+00:00;2018-03-07 07:46:47+00:00;3;periodo_2000_2009;avaliacao_media;popularidade_media;genero_acao|genero_comedia|genero_imax
68952;Drag Me to Hell (2009);Comedy|Horror;2009;6;3,75;3,75;0,758287544405155;2009-06-12 13:45:11+00:00;2017-06-26 23:07:50+00:00;2;periodo_2000_2009;avaliacao_media;popularidade_baixa;genero_comedia|genero_terror
68954;Up (2009);Adventure|Animation|Children|Drama;2009;105;4,004761904761905;4,0;0,815991722287972;2009-06-01 19:32:58+00:00;2018-08-30 11:06:38+00:00;4;periodo_2000_2009;avaliacao_alta;popularidade_alta;genero_aventura|genero_animacao|genero_infantil|genero_drama
69069;Fired Up (2009);Comedy;2009;6;3,5833333333333335;3,5;1,3197221929886103;2010-04-17 22:44:18+00:00;2016-10-16 14:34:49+00:00;1;periodo_2000_2009;avaliacao_media;popularidade_baixa;genero_comedia
69122;Hangover, The (2009);Comedy|Crime;2009;76;3,6315789473684212;4,0;1,030755131130026;2009-06-08 15:56:56+00:00;2018-08-10 03:45:10+00:00;2;periodo_2000_2009;avaliacao_media;popularidade_alta;genero_comedia|genero_crime
69134;Antichrist (2009);Drama|Fantasy;2009;5;3,8;4,0;0,8366600265340756;2011-01-25 05:26:46+00:00;2018-06-18 15:11:51+00:00;2;periodo_2000_2009;avaliacao_media;popularidade_baixa;genero_drama|genero_fantasia
69278;Land of the Lost (2009);Action|Adventure|Comedy|Sci-Fi;2009;7;3,2142857142857144;3,5;1,14953406710222;2010-01-01 20:23:55+00:00;2016-12-15 16:00:25+00:00;4;periodo_2000_2009;avaliacao_media;popularidade_baixa;genero_acao|genero_aventura|genero_comedia|genero_ficcao_cientifica
69306;Taking of Pelham 1 2 3, The (2009);Crime|Drama|Thriller;2009;6;3,1666666666666665;3,0;0,5163977794943223;2009-12-27 18:16:49+00:00;2017-05-13 00:33:24+00:00;3;periodo_2000_2009;avaliacao_media;popularidade_baixa;genero_crime|genero_drama|genero_suspense
69406;Proposal, The (2009);Comedy|Romance;2009;16;3,5;3,5;0,9309493362512627;2009-12-24 02:41:45+00:00;2018-05-18 19:49:48+00:00;2;periodo_2000_2009;avaliacao_media;popularidade_media;genero_comedia|genero_romance
69436;Year One (2009);Adventure|Comedy;2009;7;2,7857142857142856;3,0;1,1126972805283737;2009-07-10 01:57:48+00:00;2018-01-17 01:25:57+00:00;2;periodo_2000_2009;avaliacao_baixa;popularidade_baixa;genero_aventura|genero_comedia
69481;Hurt Locker, The (2008);Action|Drama|Thriller|War;2008;34;4,0588235294117645;4,0;0,8049534701624435;2009-08-08 21:40:18+00:00;2018-08-11 00:51:20+00:00;4;periodo_2000_2009;avaliacao_alta;popularidade_media;genero_acao|genero_drama|genero_suspense|genero_guerra
69526;Transformers: Revenge of the Fallen (2009);Action|Adventure|Sci-Fi|IMAX;2009;20;2,425;2,75;1,003611898148514;2009-06-30 07:15:40+00:00;2018-05-02 19:31:42+00:00;4;periodo_2000_2009;avaliacao_baixa;popularidade_media;genero_acao|genero_aventura|genero_ficcao_cientifica|genero_imax
69640;Public Enemies (2009);Crime|Drama|Thriller;2009;9;3,0555555555555554;3,0;0,9166666666666665;2009-07-10 01:55:51+00:00;2017-09-26 03:16:48+00:00;3;periodo_2000_2009;avaliacao_media;popularidade_baixa;genero_crime|genero_drama|genero_suspense
69644;Ice Age: Dawn of the Dinosaurs (2009);Action|Adventure|Animation|Children|Comedy|Romance;2009;14;2,607142857142857;3,0;1,4166397325601634;2010-03-20 21:57:59+00:00;2018-07-24 18:40:05+00:00;6;periodo_2000_2009;avaliacao_baixa;popularidade_media;genero_acao|genero_aventura|genero_animacao|genero_infantil|genero_comedia|genero_romance
69757;(500) Days of Summer (2009);Comedy|Drama|Romance;2009;42;3,6666666666666665;4,0;1,0573013661495896;2010-02-27 02:27:44+00:00;2018-09-17 04:20:10+00:00;3;periodo_2000_2009;avaliacao_media;popularidade_media;genero_comedia|genero_drama|genero_romance
69784;Brüno (Bruno) (2009);Comedy;2009;10;3,65;4,0;0,8834905520465715;2009-07-24 05:36:38+00:00;2017-05-03 21:35:04+00:00;1;periodo_2000_2009;avaliacao_media;popularidade_media;genero_comedia
69844;Harry Potter and the Half-Blood Prince (2009);Adventure|Fantasy|Mystery|Romance|IMAX;2009;58;3,8879310344827585;4,0;0,8113401489298909;2009-07-24 05:36:31+00:00;2018-08-31 09:41:07+00:00;5;periodo_2000_2009;avaliacao_media;popularidade_alta;genero_aventura|genero_fantasia|genero_misterio|genero_romance|genero_imax
69951;Imaginarium of Doctor Parnassus, The (2009);Drama|Fantasy;2009;16;3,8125;4,0;0,6551081335677849;2009-10-25 00:48:29+00:00;2018-02-09 17:53:56+00:00;2;periodo_2000_2009;avaliacao_media;popularidade_media;genero_drama|genero_fantasia
70183;Ugly Truth, The (2009);Comedy|Drama|Romance;2009;12;3,6666666666666665;3,5;0,5773502691896257;2010-03-26 03:05:57+00:00;2018-01-17 01:13:42+00:00;3;periodo_2000_2009;avaliacao_media;popularidade_media;genero_comedia|genero_drama|genero_romance
70286;District 9 (2009);Mystery|Sci-Fi|Thriller;2009;65;3,776923076923077;4,0;0,9922778767136673;2009-08-17 02:42:17+00:00;2018-08-31 09:40:09+00:00;3;periodo_2000_2009;avaliacao_media;popularidade_alta;genero_misterio|genero_ficcao_cientifica|genero_suspense
70293;Julie & Julia (2009);Comedy|Drama|Romance;2009;12;2,9583333333333335;3,25;1,2146517146403686;2010-01-07 21:11:42+00:00;2017-02-24 16:30:11+00:00;3;periodo_2000_2009;avaliacao_baixa;popularidade_media;genero_comedia|genero_drama|genero_romance
70336;G.I. Joe: The Rise of Cobra (2009);Action|Adventure|Sci-Fi|Thriller;2009;8;2,625;2,75;0,6408699444616559;2009-12-24 03:08:16+00:00;2016-04-04 16:54:36+00:00;4;periodo_2000_2009;avaliacao_baixa;popularidade_baixa;genero_acao|genero_aventura|genero_ficcao_cientifica|genero_suspense
70599;Time Traveler's Wife, The (2009);Drama|Romance|Sci-Fi;2009;5;3,9;4,0;0,4183300132670378;2012-06-13 00:14:25+00:00;2017-02-24 16:33:13+00:00;3;periodo_2000_2009;avaliacao_media;popularidade_baixa;genero_drama|genero_romance|genero_ficcao_cientifica
71033;Secret in Their Eyes, The (El secreto de sus ojos) (2009);Crime|Drama|Mystery|Romance|Thriller;2009;7;3,857142857142857;4,0;1,313845682030609;2010-04-19 00:16:13+00:00;2016-03-30 19:51:30+00:00;5;periodo_2000_2009;avaliacao_media;popularidade_baixa;genero_crime|genero_drama|genero_misterio|genero_romance|genero_suspense
71057;9 (2009);Adventure|Animation|Sci-Fi;2009;14;3,642857142857143;4,0;0,8644378215075665;2009-09-14 03:24:33+00:00;2018-09-01 18:38:18+00:00;3;periodo_2000_2009;avaliacao_media;popularidade_media;genero_aventura|genero_animacao|genero_ficcao_cientifica
71106;Frequently Asked Questions About Time Travel (2009);Comedy|Sci-Fi;2009;5;3,6;4,0;0,8215838362577492;2010-06-20 02:43:56+00:00;2018-03-27 22:38:56+00:00;2;periodo_2000_2009;avaliacao_media;popularidade_baixa;genero_comedia|genero_ficcao_cientifica
71135;Pandorum (2009);Horror|Sci-Fi|Thriller;2009;5;3,4;3,5;0,8215838362577492;2010-06-20 02:44:55+00:00;2017-05-03 21:09:08+00:00;3;periodo_2000_2009;avaliacao_media;popularidade_baixa;genero_terror|genero_ficcao_cientifica|genero_suspense
71156;Men Who Stare at Goats, The (2009);Action|Comedy|Drama;2009;9;3,388888888888889;3,0;0,6508541396588878;2010-07-07 07:37:37+00:00;2018-05-23 20:38:33+00:00;3;periodo_2000_2009;avaliacao_media;popularidade_baixa;genero_acao|genero_comedia|genero_drama
71254;Gamer (2009);Action|Sci-Fi|Thriller;2009;7;3,4285714285714284;3,5;0,34503277967117707;2009-12-01 22:37:58+00:00;2017-05-03 22:15:53+00:00;3;periodo_2000_2009;avaliacao_media;popularidade_baixa;genero_acao|genero_ficcao_cientifica|genero_suspense
71264;Cloudy with a Chance of Meatballs (2009);Animation|Children|Fantasy|IMAX;2009;17;3,5294117647058822;4,0;0,9265289430735238;2010-02-19 08:02:51+00:00;2018-07-24 18:39:45+00:00;4;periodo_2000_2009;avaliacao_media;popularidade_media;genero_animacao|genero_infantil|genero_fantasia|genero_imax
71282;Food, Inc. (2008);Documentary;2008;8;3,6875;3,75;0,6512350903146596;2010-03-26 03:01:34+00:00;2017-06-27 00:54:32+00:00;1;periodo_2000_2009;avaliacao_media;popularidade_baixa;genero_documentario
71379;Paranormal Activity (2009);Horror|Thriller;2009;5;3,4;3,0;1,2942179105544784;2010-09-21 00:09:11+00:00;2017-05-03 21:49:15+00:00;2;periodo_2000_2009;avaliacao_media;popularidade_baixa;genero_terror|genero_suspense
71464;Serious Man, A (2009);Comedy|Drama;2009;11;3,227272727272727;3,0;1,1696930444273907;2010-03-16 08:11:47+00:00;2017-06-27 00:47:51+00:00;2;periodo_2000_2009;avaliacao_media;popularidade_media;genero_comedia|genero_drama
71518;Whip It (2009);Comedy|Drama;2009;5;3,1;3,5;1,2449899597988732;2010-05-16 02:35:58+00:00;2016-05-25 17:44:56+00:00;2;periodo_2000_2009;avaliacao_media;popularidade_baixa;genero_comedia|genero_drama
71520;Invention of Lying, The (2009);Comedy;2009;6;2,3333333333333335;2,25;1,570562531918633;2010-09-11 20:28:08+00:00;2016-12-11 16:38:45+00:00;1;periodo_2000_2009;avaliacao_baixa;popularidade_baixa;genero_comedia
71530;Surrogates (2009);Action|Sci-Fi|Thriller;2009;14;3,0357142857142856;3,0;1,2475250223216692;2010-08-30 02:00:58+00:00;2018-05-02 19:35:48+00:00;3;periodo_2000_2009;avaliacao_media;popularidade_media;genero_acao|genero_ficcao_cientifica|genero_suspense
71535;Zombieland (2009);Action|Comedy|Horror;2009;53;3,8773584905660377;4,0;0,8765407334942289;2009-10-21 16:49:24+00:00;2018-09-01 18:40:16+00:00;3;periodo_2000_2009;avaliacao_media;popularidade_alta;genero_acao|genero_comedia|genero_terror
71579;Education, An (2009);Drama|Romance;2009;6;3,8333333333333335;3,75;0,6831300510639732;2010-05-16 02:29:24+00:00;2017-06-27 00:57:02+00:00;2;periodo_2000_2009;avaliacao_media;popularidade_baixa;genero_drama|genero_romance
71745;Where the Wild Things Are (2009);Adventure|Children|Drama|Fantasy|IMAX;2009;12;2,6666666666666665;2,75;1,2492421945347751;2010-01-05 19:45:53+00:00;2018-07-24 18:41:10+00:00;5;periodo_2000_2009;avaliacao_baixa;popularidade_media;genero_aventura|genero_infantil|genero_drama|genero_fantasia|genero_imax
71838;Law Abiding Citizen (2009);Drama|Thriller;2009;8;3,0625;3,0;0,7288689868556625;2010-05-16 02:44:53+00:00;2018-09-01 18:42:32+00:00;2;periodo_2000_2009;avaliacao_media;popularidade_baixa;genero_drama|genero_suspense
71899;Mary and Max (2009);Animation|Comedy|Drama;2009;10;4,2;4,25;0,6324555320336759;2011-07-23 20:15:24+00:00;2018-05-02 17:31:27+00:00;3;periodo_2000_2009;avaliacao_alta;popularidade_media;genero_animacao|genero_comedia|genero_drama
72011;Up in the Air (2009);Drama|Romance;2009;32;3,71875;4,0;0,7177192819911804;2010-01-07 21:04:54+00:00;2018-03-26 20:28:09+00:00;2;periodo_2000_2009;avaliacao_media;popularidade_media;genero_drama|genero_romance
72226;Fantastic Mr. Fox (2009);Adventure|Animation|Children|Comedy|Crime;2009;18;4,083333333333333;4,25;0,8952488973661424;2010-01-07 21:10:13+00:00;2017-06-27 00:01:33+00:00;5;periodo_2000_2009;avaliacao_alta;popularidade_media;genero_aventura|genero_animacao|genero_infantil|genero_comedia|genero_crime
72378;2012 (2009);Action|Drama|Sci-Fi|Thriller;2009;21;2,619047619047619;3,0;1,1281041829631904;2010-05-16 02:43:11+00:00;2018-07-24 18:38:49+00:00;4;periodo_2000_2009;avaliacao_baixa;popularidade_media;genero_acao|genero_drama|genero_ficcao_cientifica|genero_suspense
72407;Twilight Saga: New Moon, The (2009);Drama|Fantasy|Horror|Romance|Thriller;2009;9;2,6666666666666665;2,5;0,7905694150420949;2009-12-15 20:22:10+00:00;2018-01-16 22:30:02+00:00;5;periodo_2000_2009;avaliacao_baixa;popularidade_baixa;genero_drama|genero_fantasia|genero_terror|genero_romance|genero_suspense
72605;Brothers (2009);Drama|Thriller|War;2009;5;3,5;3,5;0,6123724356957945;2010-05-31 00:53:31+00:00;2017-05-03 22:17:22+00:00;3;periodo_2000_2009;avaliacao_media;popularidade_baixa;genero_drama|genero_suspense|genero_guerra
72641;Blind Side, The (2009);Drama;2009;31;3,6774193548387095;4,0;1,0210157287131134;2010-01-07 21:09:53+00:00;2018-08-21 23:02:32+00:00;1;periodo_2000_2009;avaliacao_media;popularidade_media;genero_drama
72733;Invictus (2009);Drama;2009;7;3,857142857142857;4,0;0,6900655593423541;2010-01-07 21:08:47+00:00;2017-03-15 03:26:56+00:00;1;periodo_2000_2009;avaliacao_media;popularidade_baixa;genero_drama
72737;Princess and the Frog, The (2009);Animation|Children|Fantasy|Musical|Romance;2009;12;3,75;3,5;0,7537783614444091;2010-01-07 21:06:07+00:00;2018-06-25 04:02:43+00:00;5;periodo_2000_2009;avaliacao_media;popularidade_media;genero_animacao|genero_infantil|genero_fantasia|genero_musical|genero_romance
72998;Avatar (2009);Action|Adventure|Sci-Fi|IMAX;2009;97;3,6030927835051547;4,0;1,0678496312925085;2009-12-22 17:46:00+00:00;2018-08-31 09:45:08+00:00;4;periodo_2000_2009;avaliacao_media;popularidade_alta;genero_acao|genero_aventura|genero_ficcao_cientifica|genero_imax
73017;Sherlock Holmes (2009);Action|Crime|Mystery|Thriller;2009;58;3,853448275862069;4,0;0,7666778452063868;2010-01-07 21:11:11+00:00;2018-09-17 04:18:28+00:00;4;periodo_2000_2009;avaliacao_media;popularidade_alta;genero_acao|genero_crime|genero_misterio|genero_suspense
73023;Crazy Heart (2009);Drama|Romance;2009;5;4,1;4,0;0,547722557505166;2010-02-08 20:41:14+00:00;2015-07-02 11:39:59+00:00;2;periodo_2000_2009;avaliacao_alta;popularidade_baixa;genero_drama|genero_romance
73266;Youth in Revolt (2009);Comedy|Drama|Romance;2009;5;3,0;3,0;1,5411035007422442;2011-07-05 18:55:57+00:00;2016-12-15 16:01:06+00:00;3;periodo_2000_2009;avaliacao_media;popularidade_baixa;genero_comedia|genero_drama|genero_romance
73268;Daybreakers (2010);Action|Drama|Horror|Thriller;2010;6;3,4166666666666665;3,5;0,49159604012508756;2010-01-12 11:20:33+00:00;2017-05-03 21:45:53+00:00;4;periodo_2010_2018;avaliacao_media;popularidade_baixa;genero_acao|genero_drama|genero_terror|genero_suspense
73319;Leap Year (2010);Comedy|Romance;2010;5;2,4;3,0;1,1937336386313322;2014-12-28 19:28:44+00:00;2018-03-07 07:41:51+00:00;2;periodo_2010_2018;avaliacao_baixa;popularidade_baixa;genero_comedia|genero_romance
73321;Book of Eli, The (2010);Action|Adventure|Drama;2010;16;3,28125;3,5;0,6823672031978091;2010-09-20 21:28:49+00:00;2018-02-09 17:51:37+00:00;3;periodo_2010_2018;avaliacao_media;popularidade_media;genero_acao|genero_aventura|genero_drama
73323;Girl Who Kicked the Hornet's Nest, The (Luftslottet som sprängdes) (2009);Action|Crime|Mystery;2009;5;4,2;4,0;0,570087712549569;2010-08-07 19:26:30+00:00;2016-04-08 17:37:28+00:00;3;periodo_2000_2009;avaliacao_alta;popularidade_baixa;genero_acao|genero_crime|genero_misterio
74458;Shutter Island (2010);Drama|Mystery|Thriller;2010;67;4,022388059701493;4,5;0,9391841874931067;2010-02-22 05:29:20+00:00;2018-08-31 09:40:06+00:00;3;periodo_2010_2018;avaliacao_alta;popularidade_alta;genero_drama|genero_misterio|genero_suspense
74530;Percy Jackson & the Olympians: The Lightning Thief (2010);Adventure|Fantasy;2010;7;2,357142857142857;2,5;0,944911182523068;2010-06-22 03:09:42+00:00;2018-08-15 08:17:24+00:00;2;periodo_2010_2018;avaliacao_baixa;popularidade_baixa;genero_aventura|genero_fantasia
74532;Cop Out (2010);Action|Comedy|Crime;2010;5;2,5;2,5;1,6955824957813173;2010-12-24 19:12:12+00:00;2018-01-17 02:25:06+00:00;3;periodo_2010_2018;avaliacao_baixa;popularidade_baixa;genero_acao|genero_comedia|genero_crime
74545;Ghost Writer, The (2010);Drama|Mystery|Thriller;2010;7;3,7857142857142856;4,0;0,6362090102803518;2010-03-14 03:26:51+00:00;2017-08-12 12:51:58+00:00;3;periodo_2010_2018;avaliacao_media;popularidade_baixa;genero_drama|genero_misterio|genero_suspense
74789;Alice in Wonderland (2010);Adventure|Fantasy|IMAX;2010;28;2,875;3,0;1,050793351076541;2010-03-16 07:55:32+00:00;2018-09-17 04:27:24+00:00;3;periodo_2010_2018;avaliacao_baixa;popularidade_media;genero_aventura|genero_fantasia|genero_imax
74795;Green Zone (2010);Action|Drama|Thriller|War;2010;9;3,5;3,5;0,4330127018922193;2010-09-20 21:35:39+00:00;2017-06-25 22:30:05+00:00;4;periodo_2010_2018;avaliacao_media;popularidade_baixa;genero_acao|genero_drama|genero_suspense|genero_guerra
74868;Dorian Gray (2009);Drama|Horror|Sci-Fi;2009;5;3,0;3,0;0,35355339059327373;2010-06-26 23:48:14+00:00;2017-04-28 23:17:17+00:00;3;periodo_2000_2009;avaliacao_media;popularidade_baixa;genero_drama|genero_terror|genero_ficcao_cientifica
74946;She's Out of My League (2010);Comedy;2010;9;3,2222222222222223;4,0;1,5023130314433288;2011-05-11 21:50:13+00:00;2018-03-18 17:50:46+00:00;1;periodo_2010_2018;avaliacao_media;popularidade_baixa;genero_comedia
75805;Bounty Hunter, The (2010);Action|Comedy|Romance;2010;6;2,75;3,0;0,4183300132670378;2012-02-05 19:45:52+00:00;2018-02-11 20:22:24+00:00;3;periodo_2010_2018;avaliacao_baixa;popularidade_baixa;genero_acao|genero_comedia|genero_romance
75985;Repo Men (2010);Action|Sci-Fi|Thriller;2010;6;3,5;3,5;0,9486832980505138;2010-12-24 19:15:38+00:00;2018-02-20 08:34:26+00:00;3;periodo_2010_2018;avaliacao_media;popularidade_baixa;genero_acao|genero_ficcao_cientifica|genero_suspense
76077;Hot Tub Time Machine (2010);Comedy|Sci-Fi;2010;15;3,3;3,5;0,7745966692414833;2010-03-30 06:02:05+00:00;2018-01-16 22:30:07+00:00;2;periodo_2010_2018;avaliacao_media;popularidade_media;genero_comedia|genero_ficcao_cientifica
76093;How to Train Your Dragon (2010);Adventure|Animation|Children|Fantasy|IMAX;2010;53;3,943396226415094;4,0;0,8585563540399717;2010-06-22 03:00:55+00:00;2018-09-01 18:34:25+00:00;5;periodo_2010_2018;avaliacao_media;popularidade_alta;genero_aventura|genero_animacao|genero_infantil|genero_fantasia|genero_imax
76175;Clash of the Titans (2010);Action|Adventure|Drama|Fantasy;2010;13;2,3076923076923075;2,5;0,9903379376602871;2010-06-22 03:08:56+00:00;2018-05-02 19:37:34+00:00;4;periodo_2010_2018;avaliacao_baixa;popularidade_media;genero_acao|genero_aventura|genero_drama|genero_fantasia
76251;Kick-Ass (2010);Action|Comedy;2010;43;3,6511627906976742;4,0;0,8057448766213475;2010-05-01 23:20:19+00:00;2018-08-31 09:42:29+00:00;2;periodo_2010_2018;avaliacao_media;popularidade_media;genero_acao|genero_comedia
76293;Date Night (2010);Action|Comedy|Romance;2010;11;3,3181818181818183;3,5;0,5134553180524705;2010-12-24 19:12:26+00:00;2018-03-07 07:48:16+00:00;3;periodo_2010_2018;avaliacao_media;popularidade_media;genero_acao|genero_comedia|genero_romance
77455;Exit Through the Gift Shop (2010);Comedy|Documentary;2010;13;4,038461538461538;4,0;0,627877989127481;2010-12-29 21:24:37+00:00;2017-11-24 15:25:40+00:00;2;periodo_2010_2018;avaliacao_alta;popularidade_media;genero_comedia|genero_documentario
77561;Iron Man 2 (2010);Action|Adventure|Sci-Fi|Thriller|IMAX;2010;47;3,5106382978723403;3,5;0,79734179091834;2010-05-14 18:24:31+00:00;2018-09-16 11:50:27+00:00;5;periodo_2010_2018;avaliacao_media;popularidade_media;genero_acao|genero_aventura|genero_ficcao_cientifica|genero_suspense|genero_imax
77800;Four Lions (2010);Comedy|Drama;2010;5;4,0;4,0;0,9354143466934853;2015-02-21 19:28:07+00:00;2017-08-26 15:35:20+00:00;2;periodo_2010_2018;avaliacao_alta;popularidade_baixa;genero_comedia|genero_drama
77866;Robin Hood (2010);Action|Adventure|Drama|Romance|War;2010;6;3,1666666666666665;3,25;1,0327955589886446;2011-07-24 10:58:04+00:00;2017-04-28 23:08:16+00:00;5;periodo_2010_2018;avaliacao_media;popularidade_baixa;genero_acao|genero_aventura|genero_drama|genero_romance|genero_guerra
78039;Blue Valentine (2010);Drama|Romance;2010;5;2,8;3,5;1,3964240043768943;2011-09-19 00:09:53+00:00;2017-05-03 22:11:41+00:00;2;periodo_2010_2018;avaliacao_baixa;popularidade_baixa;genero_drama|genero_romance
78105;Prince of Persia: The Sands of Time (2010);Action|Adventure|Fantasy|Romance|IMAX;2010;13;2,8846153846153846;3,0;0,960768922830523;2010-06-22 03:15:33+00:00;2018-08-15 08:17:16+00:00;5;periodo_2010_2018;avaliacao_baixa;popularidade_media;genero_acao|genero_aventura|genero_fantasia|genero_romance|genero_imax
78209;Get Him to the Greek (2010);Comedy;2010;10;3,55;3,5;0,9264628073124863;2010-08-30 02:04:04+00:00;2018-01-17 01:11:09+00:00;1;periodo_2010_2018;avaliacao_media;popularidade_media;genero_comedia
78349;Exam (2009);Mystery|Thriller;2009;5;3,8;3,5;0,4472135954999579;2013-08-24 01:36:01+00:00;2018-07-21 00:50:02+00:00;2;periodo_2000_2009;avaliacao_media;popularidade_baixa;genero_misterio|genero_suspense
78469;A-Team, The (2010);Action|Comedy|Thriller;2010;17;3,1470588235294117;3,0;0,6315829785733061;2010-08-30 02:05:07+00:00;2018-03-07 07:50:11+00:00;3;periodo_2010_2018;avaliacao_media;popularidade_media;genero_acao|genero_comedia|genero_suspense
78499;Toy Story 3 (2010);Adventure|Animation|Children|Comedy|Fantasy|IMAX;2010;55;4,109090909090909;4,0;0,7679392161692485;2010-07-08 23:34:18+00:00;2018-09-17 04:18:34+00:00;6;periodo_2010_2018;avaliacao_alta;popularidade_alta;genero_aventura|genero_animacao|genero_infantil|genero_comedia|genero_fantasia|genero_imax
78574;Winter's Bone (2010);Drama|Thriller;2010;8;3,4375;3,25;0,8210402808980465;2010-12-26 14:16:25+00:00;2016-03-22 08:57:41+00:00;2;periodo_2010_2018;avaliacao_media;popularidade_baixa;genero_drama|genero_suspense
78637;Shrek Forever After (a.k.a. Shrek: The Final Chapter) (2010);Adventure|Animation|Children|Comedy|Fantasy|IMAX;2010;7;3,5714285714285716;3,5;1,2392393980641052;2010-07-08 23:45:18+00:00;2018-03-07 07:43:53+00:00;6;periodo_2010_2018;avaliacao_media;popularidade_baixa;genero_aventura|genero_animacao|genero_infantil|genero_comedia|genero_fantasia|genero_imax
78772;Twilight Saga: Eclipse, The (2010);Fantasy|Romance|Thriller|IMAX;2010;10;2,45;2,75;1,1890705987824646;2010-07-08 23:37:01+00:00;2018-04-15 10:41:53+00:00;4;periodo_2010_2018;avaliacao_baixa;popularidade_media;genero_fantasia|genero_romance|genero_suspense|genero_imax
78893;Last Airbender, The (2010);Action|Adventure|Fantasy;2010;6;1,9166666666666667;1,75;0,9703951085339758;2010-07-08 23:37:11+00:00;2018-05-02 19:30:58+00:00;3;periodo_2010_2018;avaliacao_baixa;popularidade_baixa;genero_acao|genero_aventura|genero_fantasia
79008;South Park: Imaginationland (2008);Animation|Comedy|Fantasy;2008;8;4,0;4,0;0,3779644730092272;2010-07-19 13:47:36+00:00;2017-10-26 23:00:33+00:00;3;periodo_2000_2009;avaliacao_alta;popularidade_baixa;genero_animacao|genero_comedia|genero_fantasia
79057;Predators (2010);Action|Sci-Fi|Thriller;2010;10;3,3;3,5;0,4830458915396479;2010-10-27 09:43:57+00:00;2017-06-26 23:07:43+00:00;3;periodo_2010_2018;avaliacao_media;popularidade_media;genero_acao|genero_ficcao_cientifica|genero_suspense
79091;Despicable Me (2010);Animation|Children|Comedy|Crime;2010;38;3,6842105263157894;3,75;0,9257652249777444;2011-12-11 19:32:52+00:00;2018-08-31 10:01:25+00:00;4;periodo_2010_2018;avaliacao_media;popularidade_media;genero_animacao|genero_infantil|genero_comedia|genero_crime
79132;Inception (2010);Action|Crime|Drama|Mystery|Sci-Fi|Thriller|IMAX;2010;143;4,066433566433567;4,0;0,9609226827615431;2010-07-31 20:30:00+00:00;2018-09-17 04:14:22+00:00;7;periodo_2010_2018;avaliacao_alta;popularidade_alta;genero_acao|genero_crime|genero_drama|genero_misterio|genero_ficcao_cientifica|genero_suspense|genero_imax
79134;Grown Ups (2010);Comedy;2010;10;3,45;3,5;0,8959786703810407;2012-01-22 18:03:30+00:00;2018-01-17 01:18:37+00:00;1;periodo_2010_2018;avaliacao_media;popularidade_media;genero_comedia
79139;Sorcerer's Apprentice, The (2010);Action|Adventure|Children|Comedy|Fantasy;2010;10;3,45;3,5;0,6851601597031489;2012-01-01 18:20:47+00:00;2018-07-24 18:41:23+00:00;5;periodo_2010_2018;avaliacao_media;popularidade_media;genero_acao|genero_aventura|genero_infantil|genero_comedia|genero_fantasia
79185;Knight and Day (2010);Action|Comedy|Romance;2010;6;3,4166666666666665;3,75;1,241638702145945;2011-08-27 15:20:31+00:00;2018-01-05 14:33:51+00:00;3;periodo_2010_2018;avaliacao_media;popularidade_baixa;genero_acao|genero_comedia|genero_romance
79224;Karate Kid, The (2010);Action|Children|Drama;2010;8;2,5;2,75;1,3093073414159542;2010-08-30 02:04:39+00:00;2017-12-25 22:05:49+00:00;3;periodo_2010_2018;avaliacao_baixa;popularidade_baixa;genero_acao|genero_infantil|genero_drama
79242;Kids Are All Right, The (2010);Comedy|Drama;2010;6;2,9166666666666665;3,0;1,0206207261596576;2011-01-31 01:07:05+00:00;2018-09-01 20:13:32+00:00;2;periodo_2010_2018;avaliacao_baixa;popularidade_baixa;genero_comedia|genero_drama
79293;Salt (2010);Action|Thriller;2010;15;2,966666666666667;3,0;0,8121107126025428;2010-08-30 02:04:42+00:00;2017-05-03 22:05:02+00:00;2;periodo_2010_2018;avaliacao_baixa;popularidade_media;genero_acao|genero_suspense
79357;Mr. Nobody (2009);Drama|Fantasy|Romance|Sci-Fi;2009;7;4,142857142857143;4,0;0,5563486402641868;2010-11-14 22:51:46+00:00;2018-06-18 01:22:13+00:00;4;periodo_2000_2009;avaliacao_alta;popularidade_baixa;genero_drama|genero_fantasia|genero_romance|genero_ficcao_cientifica
79428;Dinner for Schmucks (2010);Comedy;2010;7;3,2857142857142856;3,5;1,0350983390135313;2010-08-30 02:04:02+00:00;2018-01-17 02:11:20+00:00;1;periodo_2010_2018;avaliacao_media;popularidade_baixa;genero_comedia
79553;Ip Man 2 (2010);Action;2010;5;3,0;3,5;1,5;2012-11-11 22:48:50+00:00;2017-05-27 17:47:10+00:00;1;periodo_2010_2018;avaliacao_media;popularidade_baixa;genero_acao
79592;Other Guys, The (2010);Action|Comedy;2010;21;3,261904761904762;3,5;0,982586479896905;2010-08-30 02:04:59+00:00;2018-01-16 22:30:39+00:00;2;periodo_2010_2018;avaliacao_media;popularidade_media;genero_acao|genero_comedia
79695;Expendables, The (2010);Action|Adventure|Thriller;2010;17;3,0588235294117645;3,0;0,8456202039992686;2010-11-18 19:59:34+00:00;2017-05-13 00:30:08+00:00;3;periodo_2010_2018;avaliacao_media;popularidade_media;genero_acao|genero_aventura|genero_suspense
79702;Scott Pilgrim vs. the World (2010);Action|Comedy|Fantasy|Musical|Romance;2010;44;3,7045454545454546;4,0;0,9960280526203895;2010-08-16 15:50:14+00:00;2018-08-31 10:02:18+00:00;5;periodo_2010_2018;avaliacao_media;popularidade_media;genero_acao|genero_comedia|genero_fantasia|genero_musical|genero_romance
80166;Switch, The (2010);Comedy|Romance;2010;6;2,6666666666666665;3,0;1,0801234497346435;2014-12-18 18:15:32+00:00;2018-02-11 20:22:13+00:00;2;periodo_2010_2018;avaliacao_baixa;popularidade_baixa;genero_comedia|genero_romance
80219;Machete (2010);Action|Adventure|Comedy|Crime|Thriller;2010;12;3,25;3,0;0,8393720596645177;2010-11-18 20:17:16+00:00;2017-06-27 01:02:13+00:00;5;periodo_2010_2018;avaliacao_media;popularidade_media;genero_acao|genero_aventura|genero_comedia|genero_crime|genero_suspense
80363;Resident Evil: Afterlife (2010);Action|Horror|Sci-Fi|Thriller|IMAX;2010;7;3,142857142857143;3,5;0,8017837257372731;2010-12-29 21:27:13+00:00;2017-05-13 20:54:15+00:00;5;periodo_2010_2018;avaliacao_media;popularidade_baixa;genero_acao|genero_terror|genero_ficcao_cientifica|genero_suspense|genero_imax
80463;Social Network, The (2010);Drama;2010;57;3,8859649122807016;4,0;0,818412792389554;2010-10-10 19:04:14+00:00;2018-09-16 11:50:59+00:00;1;periodo_2010_2018;avaliacao_media;popularidade_alta;genero_drama
80489;Town, The (2010);Crime|Drama|Thriller;2010;22;3,9545454545454546;4,0;0,46056618647183833;2010-12-24 19:10:16+00:00;2018-01-16 22:12:06+00:00;3;periodo_2010_2018;avaliacao_media;popularidade_media;genero_crime|genero_drama|genero_suspense
80549;Easy A (2010);Comedy|Romance;2010;27;3,7962962962962963;4,0;0,7876359377087682;2011-01-03 20:09:37+00:00;2018-09-01 18:41:09+00:00;2;periodo_2010_2018;avaliacao_media;popularidade_media;genero_comedia|genero_romance
80693;It's Kind of a Funny Story (2010);Comedy|Drama;2010;8;3,1875;3,75;1,4126343172547218;2012-02-18 14:31:59+00:00;2018-03-27 22:42:36+00:00;2;periodo_2010_2018;avaliacao_media;popularidade_baixa;genero_comedia|genero_drama
80831;Let Me In (2010);Drama|Horror|Mystery;2010;7;3,857142857142857;3,5;0,8997354108424372;2012-02-03 19:14:23+00:00;2017-06-30 04:46:10+00:00;3;periodo_2010_2018;avaliacao_media;popularidade_baixa;genero_drama|genero_terror|genero_misterio
80860;Life as We Know It (2010);Comedy|Romance;2010;6;3,0;3,25;1,4142135623730951;2011-06-16 22:40:38+00:00;2018-03-07 07:48:38+00:00;2;periodo_2010_2018;avaliacao_media;popularidade_baixa;genero_comedia|genero_romance
80906;Inside Job (2010);Documentary;2010;12;4,291666666666667;4,5;0,8382431122004613;2011-12-02 23:12:00+00:00;2016-03-30 19:51:35+00:00;1;periodo_2010_2018;avaliacao_alta;popularidade_media;genero_documentario
81156;Jackass 3D (2010);Action|Comedy|Documentary;2010;6;3,9166666666666665;4,0;0,8010409893798611;2011-05-30 13:36:30+00:00;2018-01-17 01:37:48+00:00;3;periodo_2010_2018;avaliacao_media;popularidade_baixa;genero_acao|genero_comedia|genero_documentario
81229;Red (2010);Action|Comedy;2010;20;3,5;3,5;0,760885910252682;2011-01-24 11:47:52+00:00;2018-03-07 07:50:18+00:00;2;periodo_2010_2018;avaliacao_media;popularidade_media;genero_acao|genero_comedia
81417;Paranormal Activity 2 (2010);Horror|IMAX;2010;5;3,7;3,5;0,8366600265340756;2011-09-19 00:15:37+00:00;2018-07-03 17:21:29+00:00;2;periodo_2010_2018;avaliacao_media;popularidade_baixa;genero_terror|genero_imax
81537;Due Date (2010);Comedy;2010;10;3,1;3,5;0,9944289260117533;2011-12-03 20:00:46+00:00;2018-03-07 07:47:03+00:00;1;periodo_2010_2018;avaliacao_media;popularidade_media;genero_comedia
81562;127 Hours (2010);Adventure|Drama|Thriller;2010;18;3,8333333333333335;4,0;0,8744746321952062;2011-03-24 19:52:32+00:00;2018-08-11 00:57:59+00:00;3;periodo_2010_2018;avaliacao_media;popularidade_media;genero_aventura|genero_drama|genero_suspense
81564;Megamind (2010);Action|Animation|Children|Comedy|Sci-Fi|IMAX;2010;20;3,6;3,75;0,8973645624241783;2011-05-09 21:48:57+00:00;2018-08-31 10:32:43+00:00;6;periodo_2010_2018;avaliacao_media;popularidade_media;genero_acao|genero_animacao|genero_infantil|genero_comedia|genero_ficcao_cientifica|genero_imax
81591;Black Swan (2010);Drama|Thriller;2010;42;3,630952380952381;4,0;1,0935482848670453;2011-01-07 02:05:18+00:00;2018-06-18 14:51:21+00:00;2;periodo_2010_2018;avaliacao_media;popularidade_media;genero_drama|genero_suspense
81782;Unstoppable (2010);Action|Drama|Thriller;2010;7;3,357142857142857;3,5;0,47559486560567094;2011-02-26 20:20:10+00:00;2018-07-03 17:13:16+00:00;3;periodo_2010_2018;avaliacao_media;popularidade_baixa;genero_acao|genero_drama|genero_suspense
81784;Morning Glory (2010);Comedy|Drama|Romance;2010;6;2,6666666666666665;2,5;0,816496580927726;2011-05-11 21:50:43+00:00;2016-11-06 17:38:44+00:00;3;periodo_2010_2018;avaliacao_baixa;popularidade_baixa;genero_comedia|genero_drama|genero_romance
81788;Next Three Days, The (2010);Crime|Drama|Romance|Thriller;2010;7;3,857142857142857;4,0;0,6267831705280088;2011-01-07 02:05:14+00:00;2017-06-27 00:54:11+00:00;4;periodo_2010_2018;avaliacao_media;popularidade_baixa;genero_crime|genero_drama|genero_romance|genero_suspense
81834;Harry Potter and the Deathly Hallows: Part 1 (2010);Action|Adventure|Fantasy|IMAX;2010;47;3,9893617021276597;4,0;0,8690909900212809;2010-12-11 13:46:10+00:00;2018-09-01 18:40:20+00:00;4;periodo_2010_2018;avaliacao_media;popularidade_media;genero_acao|genero_aventura|genero_fantasia|genero_imax
81845;King's Speech, The (2010);Drama;2010;58;4,043103448275862;4,0;0,6641475393487417;2011-01-29 13:11:20+00:00;2018-09-20 19:08:41+00:00;1;periodo_2010_2018;avaliacao_alta;popularidade_alta;genero_drama
81847;Tangled (2010);Animation|Children|Comedy|Fantasy|Musical|Romance|IMAX;2010;24;3,9166666666666665;4,0;0,9517337345336012;2011-05-02 22:14:45+00:00;2018-07-24 18:38:03+00:00;7;periodo_2010_2018;avaliacao_media;popularidade_media;genero_animacao|genero_infantil|genero_comedia|genero_fantasia|genero_musical|genero_romance|genero_imax
81932;Fighter, The (2010);Drama;2010;23;3,760869565217391;4,0;0,7365392851552964;2011-04-02 06:59:27+00:00;2018-08-11 00:52:20+00:00;1;periodo_2010_2018;avaliacao_media;popularidade_media;genero_drama
82167;Love and Other Drugs (2010);Comedy|Drama|Romance;2010;7;2,7857142857142856;3,0;0,6362090102803517;2011-05-11 21:51:04+00:00;2018-03-07 07:43:41+00:00;3;periodo_2010_2018;avaliacao_baixa;popularidade_baixa;genero_comedia|genero_drama|genero_romance
82169;Chronicles of Narnia: The Voyage of the Dawn Treader, The (2010);Adventure|Children|Fantasy;2010;7;3,857142857142857;4,0;0,6900655593423543;2015-01-23 00:57:52+00:00;2018-06-25 04:13:05+00:00;3;periodo_2010_2018;avaliacao_media;popularidade_baixa;genero_aventura|genero_infantil|genero_fantasia
82202;Tourist, The (2010);Drama|Thriller;2010;7;2,7142857142857144;3,0;1,14953406710222;2011-12-28 14:47:50+00:00;2017-11-24 15:27:32+00:00;2;periodo_2010_2018;avaliacao_baixa;popularidade_baixa;genero_drama|genero_suspense
82459;True Grit (2010);Western;2010;28;3,75;4,0;0,9670497325294006;2010-12-29 21:21:42+00:00;2018-09-01 18:42:50+00:00;1;periodo_2010_2018;avaliacao_media;popularidade_media;genero_faroeste
82461;Tron: Legacy (2010);Action|Adventure|Sci-Fi|IMAX;2010;19;3,236842105263158;3,5;0,9032106474595006;2011-02-12 03:45:57+00:00;2018-07-24 18:39:08+00:00;4;periodo_2010_2018;avaliacao_media;popularidade_media;genero_acao|genero_aventura|genero_ficcao_cientifica|genero_imax
82852;Little Fockers (2010);Comedy;2010;6;1,8333333333333333;1,5;1,2909944487358056;2011-12-18 14:22:56+00:00;2018-01-17 01:27:20+00:00;1;periodo_2010_2018;avaliacao_baixa;popularidade_baixa;genero_comedia
82854;Gulliver's Travels (2010);Adventure|Comedy|Fantasy;2010;6;1,8333333333333333;1,75;0,8755950357709132;2011-06-05 23:48:50+00:00;2018-05-02 19:41:24+00:00;3;periodo_2010_2018;avaliacao_baixa;popularidade_baixa;genero_aventura|genero_comedia|genero_fantasia
83134;Tucker & Dale vs Evil (2010);Comedy|Horror;2010;18;3,9166666666666665;4,0;0,8952488973661427;2012-01-08 12:39:54+00:00;2018-07-24 18:40:16+00:00;2;periodo_2010_2018;avaliacao_media;popularidade_media;genero_comedia|genero_terror
83349;Green Hornet, The (2011);Action|Comedy|Crime|Fantasy|Thriller|IMAX;2011;11;3,0;3,0;0,8660254037844386;2012-02-12 15:24:15+00:00;2018-08-31 10:46:12+00:00;6;periodo_2010_2018;avaliacao_media;popularidade_media;genero_acao|genero_comedia|genero_crime|genero_fantasia|genero_suspense|genero_imax
83613;Cowboys & Aliens (2011);Action|Sci-Fi|Thriller|Western|IMAX;2011;9;3,0;3,0;0,8291561975888498;2012-01-15 21:00:14+00:00;2017-05-03 21:07:57+00:00;5;periodo_2010_2018;avaliacao_media;popularidade_baixa;genero_acao|genero_ficcao_cientifica|genero_suspense|genero_faroeste|genero_imax
83803;Day & Night (2010);Animation|Children;2010;5;4,1;4,5;0,9617692030835672;2011-05-20 03:15:13+00:00;2018-02-20 17:30:15+00:00;2;periodo_2010_2018;avaliacao_alta;popularidade_baixa;genero_animacao|genero_infantil
84152;Limitless (2011);Sci-Fi|Thriller;2011;30;3,95;4,0;0,6740254778771988;2011-09-19 00:10:39+00:00;2018-09-17 04:22:07+00:00;2;periodo_2010_2018;avaliacao_media;popularidade_media;genero_ficcao_cientifica|genero_suspense
84374;No Strings Attached (2011);Comedy|Romance;2011;14;2,9285714285714284;3,0;0,9168747682531899;2012-04-23 00:03:45+00:00;2018-01-17 01:12:59+00:00;2;periodo_2010_2018;avaliacao_baixa;popularidade_media;genero_comedia|genero_romance
84392;Lincoln Lawyer, The (2011);Crime|Drama|Thriller;2011;10;3,6;3,75;0,7745966692414834;2011-09-05 17:50:46+00:00;2017-04-02 01:10:23+00:00;3;periodo_2010_2018;avaliacao_media;popularidade_media;genero_crime|genero_drama|genero_suspense
84601;Unknown (2011);Drama|Mystery|Thriller;2011;6;3,3333333333333335;3,75;0,8755950357709131;2012-12-22 23:49:32+00:00;2017-06-26 21:51:18+00:00;3;periodo_2010_2018;avaliacao_media;popularidade_baixa;genero_drama|genero_misterio|genero_suspense
84772;Paul (2011);Adventure|Comedy|Sci-Fi;2011;15;3,2;3,5;1,082325538564332;2011-07-28 09:14:08+00:00;2018-08-11 00:55:55+00:00;3;periodo_2010_2018;avaliacao_media;popularidade_media;genero_aventura|genero_comedia|genero_ficcao_cientifica
84944;Rango (2011);Action|Adventure|Animation|Children|Comedy|Western;2011;17;3,6176470588235294;3,5;1,0829561937802743;2011-08-06 12:32:24+00:00;2018-06-25 05:09:53+00:00;6;periodo_2010_2018;avaliacao_media;popularidade_media;genero_acao|genero_aventura|genero_animacao|genero_infantil|genero_comedia|genero_faroeste
84954;Adjustment Bureau, The (2011);Romance|Sci-Fi|Thriller;2011;21;3,1666666666666665;3,0;0,9530652303663865;2011-12-11 19:25:33+00:00;2017-11-13 11:43:18+00:00;3;periodo_2010_2018;avaliacao_media;popularidade_media;genero_romance|genero_ficcao_cientifica|genero_suspense
85056;I Am Number Four (2011);Action|Sci-Fi|Thriller|IMAX;2011;5;3,1;3,0;0,4183300132670377;2011-12-03 15:58:18+00:00;2015-09-10 00:31:55+00:00;4;periodo_2010_2018;avaliacao_media;popularidade_baixa;genero_acao|genero_ficcao_cientifica|genero_suspense|genero_imax
85342;Elite Squad: The Enemy Within (Tropa de Elite 2 - O Inimigo Agora É Outro) (2010);Action|Crime|Drama;2010;7;4,357142857142857;4,5;0,556348640264187;2011-11-25 20:13:48+00:00;2016-04-11 03:45:55+00:00;3;periodo_2010_2018;avaliacao_alta;popularidade_baixa;genero_acao|genero_crime|genero_drama
85367;Just Go with It (2011);Comedy|Romance;2011;7;3,2142857142857144;3,5;1,6547190813232433;2012-04-15 18:38:08+00:00;2018-02-11 20:24:19+00:00;2;periodo_2010_2018;avaliacao_media;popularidade_baixa;genero_comedia|genero_romance
85401;Super (2010);Action|Comedy|Drama;2010;5;2,9;2,5;0,8215838362577492;2012-04-29 17:15:53+00:00;2017-03-18 00:28:05+00:00;3;periodo_2010_2018;avaliacao_baixa;popularidade_baixa;genero_acao|genero_comedia|genero_drama
85414;Source Code (2011);Action|Drama|Mystery|Sci-Fi|Thriller;2011;34;3,6029411764705883;3,5;0,6487682007104846;2011-08-05 01:06:33+00:00;2018-09-01 18:42:41+00:00;5;periodo_2010_2018;avaliacao_media;popularidade_media;genero_acao|genero_drama|genero_misterio|genero_ficcao_cientifica|genero_suspense
85510;Sucker Punch (2011);Action|Fantasy|Thriller|IMAX;2011;12;3,125;3,5;0,7423855895936853;2012-04-07 19:46:03+00:00;2018-02-20 09:56:49+00:00;4;periodo_2010_2018;avaliacao_media;popularidade_media;genero_acao|genero_fantasia|genero_suspense|genero_imax
85774;Senna (2010);Documentary;2010;6;3,75;4,25;1,3693063937629153;2012-06-04 15:45:11+00:00;2016-04-09 06:42:56+00:00;1;periodo_2010_2018;avaliacao_media;popularidade_baixa;genero_documentario
85780;Family Guy Presents: It's a Trap (2010);Animation|Comedy|Sci-Fi;2010;6;3,5833333333333335;3,75;0,9703951085339758;2011-05-20 03:14:45+00:00;2018-03-07 07:56:37+00:00;3;periodo_2010_2018;avaliacao_media;popularidade_baixa;genero_animacao|genero_comedia|genero_ficcao_cientifica
85881;Win Win (2011);Comedy|Drama;2011;6;3,75;3,75;0,758287544405155;2011-05-30 22:17:23+00:00;2018-03-07 07:53:11+00:00;2;periodo_2010_2018;avaliacao_media;popularidade_baixa;genero_comedia|genero_drama
86190;Hanna (2011);Action|Adventure|Mystery|Thriller;2011;11;3,3181818181818183;3,5;1,0787197799411874;2011-10-31 03:34:26+00:00;2017-11-24 15:26:18+00:00;4;periodo_2010_2018;avaliacao_media;popularidade_media;genero_acao|genero_aventura|genero_misterio|genero_suspense
86293;Arthur (2011);Comedy;2011;6;3,0;3,25;0,8366600265340756;2011-10-01 02:26:59+00:00;2018-01-31 23:27:33+00:00;1;periodo_2010_2018;avaliacao_media;popularidade_baixa;genero_comedia
86298;Rio (2011);Adventure|Animation|Children|Comedy;2011;8;3,125;3,25;1,1259916264596033;2012-07-01 18:04:42+00:00;2018-06-25 05:11:12+00:00;4;periodo_2010_2018;avaliacao_media;popularidade_baixa;genero_aventura|genero_animacao|genero_infantil|genero_comedia
86320;Melancholia (2011);Drama|Sci-Fi;2011;7;3,0714285714285716;3,5;1,835496559257908;2012-01-07 23:48:28+00:00;2017-05-03 21:08:48+00:00;2;periodo_2010_2018;avaliacao_media;popularidade_baixa;genero_drama|genero_ficcao_cientifica
86332;Thor (2011);Action|Adventure|Drama|Fantasy|IMAX;2011;34;3,514705882352941;3,5;0,8392393211391894;2011-10-12 09:04:55+00:00;2018-09-16 11:52:27+00:00;5;periodo_2010_2018;avaliacao_media;popularidade_media;genero_acao|genero_aventura|genero_drama|genero_fantasia|genero_imax
86345;Louis C.K.: Hilarious (2010);Comedy;2010;9;4,055555555555555;4,5;1,4018836534383936;2012-02-02 16:30:13+00:00;2018-05-13 10:35:20+00:00;1;periodo_2010_2018;avaliacao_alta;popularidade_baixa;genero_comedia
86347;Louis C.K.: Chewed Up (2008);Comedy;2008;7;3,2857142857142856;4,0;1,8676443018131794;2012-02-02 16:29:48+00:00;2018-05-13 10:35:12+00:00;1;periodo_2000_2009;avaliacao_media;popularidade_baixa;genero_comedia
86377;Louis C.K.: Shameless (2007);Comedy;2007;7;4,0;4,5;1,6072751268321592;2013-01-01 23:50:54+00:00;2016-04-25 05:37:22+00:00;1;periodo_2000_2009;avaliacao_alta;popularidade_baixa;genero_comedia
86504;Voices from the List (2004);Documentary;2004;5;4,3;4,5;0,8366600265340756;2015-09-25 17:02:04+00:00;2016-04-10 21:54:59+00:00;1;periodo_2000_2009;avaliacao_alta;popularidade_baixa;genero_documentario
86644;Fast Five (Fast and the Furious 5, The) (2011);Action|Crime|Drama|Thriller|IMAX;2011;10;3,05;3,5;1,3426756040748553;2015-05-01 12:22:38+00:00;2018-04-08 19:51:50+00:00;5;periodo_2010_2018;avaliacao_media;popularidade_media;genero_acao|genero_crime|genero_drama|genero_suspense|genero_imax
86781;Incendies (2010);Drama|Mystery|War;2010;5;4,4;4,0;0,5477225575051661;2012-01-08 13:05:01+00:00;2016-03-30 19:52:03+00:00;3;periodo_2010_2018;avaliacao_alta;popularidade_baixa;genero_drama|genero_misterio|genero_guerra
86833;Bridesmaids (2011);Comedy;2011;21;3,761904761904762;4,0;0,9303097282497859;2011-06-05 23:49:47+00:00;2018-05-18 19:53:25+00:00;1;periodo_2010_2018;avaliacao_media;popularidade_media;genero_comedia
86880;Pirates of the Caribbean: On Stranger Tides (2011);Action|Adventure|Fantasy|IMAX;2011;24;3,2291666666666665;3,5;1,093251698083437;2012-01-01 18:21:50+00:00;2018-08-18 11:34:19+00:00;4;periodo_2010_2018;avaliacao_media;popularidade_media;genero_acao|genero_aventura|genero_fantasia|genero_imax
86882;Midnight in Paris (2011);Comedy|Fantasy|Romance;2011;25;3,56;3,5;0,9278110439811187;2011-12-18 19:12:27+00:00;2018-05-05 19:30:33+00:00;3;periodo_2010_2018;avaliacao_media;popularidade_media;genero_comedia|genero_fantasia|genero_romance
86911;Hangover Part II, The (2011);Comedy;2011;15;3,2666666666666666;3,5;1,0327955589886444;2011-05-28 16:49:21+00:00;2018-04-15 10:41:15+00:00;1;periodo_2010_2018;avaliacao_media;popularidade_media;genero_comedia
87192;Attack the Block (2011);Action|Comedy|Sci-Fi;2011;6;3,5;3,5;0,7745966692414834;2012-11-11 22:21:16+00:00;2018-02-25 21:04:11+00:00;3;periodo_2010_2018;avaliacao_media;popularidade_baixa;genero_acao|genero_comedia|genero_ficcao_cientifica
87222;Kung Fu Panda 2 (2011);Action|Adventure|Animation|Children|Comedy|IMAX;2011;17;3,323529411764706;3,5;1,0449458190288539;2012-01-01 18:20:15+00:00;2018-06-25 04:03:20+00:00;6;periodo_2010_2018;avaliacao_media;popularidade_media;genero_acao|genero_aventura|genero_animacao|genero_infantil|genero_comedia|genero_imax
87232;X-Men: First Class (2011);Action|Adventure|Sci-Fi|Thriller|War;2011;43;3,7906976744186047;4,0;0,8254332061721322;2011-06-12 19:24:12+00:00;2018-08-31 09:42:42+00:00;5;periodo_2010_2018;avaliacao_media;popularidade_media;genero_acao|genero_aventura|genero_ficcao_cientifica|genero_suspense|genero_guerra
87306;Super 8 (2011);Mystery|Sci-Fi|Thriller|IMAX;2011;21;3,5952380952380953;4,0;0,8749149618541168;2011-07-02 05:37:59+00:00;2018-05-02 19:21:54+00:00;4;periodo_2010_2018;avaliacao_media;popularidade_media;genero_misterio|genero_ficcao_cientifica|genero_suspense|genero_imax
87430;Green Lantern (2011);Action|Adventure|Sci-Fi;2011;10;2,35;2,25;1,0013879257199867;2011-06-18 17:32:13+00:00;2018-05-05 21:19:16+00:00;3;periodo_2010_2018;avaliacao_baixa;popularidade_media;genero_acao|genero_aventura|genero_ficcao_cientifica
87483;Mr. Popper's Penguins (2011);Comedy;2011;5;2,7;2,0;1,0954451150103321;2012-09-02 18:36:35+00:00;2018-09-16 11:52:38+00:00;1;periodo_2010_2018;avaliacao_baixa;popularidade_baixa;genero_comedia
87485;Bad Teacher (2011);Comedy;2011;9;2,888888888888889;3,5;1,3411230782859234;2012-03-31 22:29:11+00:00;2018-01-17 01:13:39+00:00;1;periodo_2010_2018;avaliacao_baixa;popularidade_baixa;genero_comedia
87520;Transformers: Dark of the Moon (2011);Action|Adventure|Sci-Fi|War|IMAX;2011;11;2,3636363636363638;2,5;1,0975178606954215;2011-06-28 18:32:01+00:00;2018-05-02 19:26:00+00:00;5;periodo_2010_2018;avaliacao_baixa;popularidade_media;genero_acao|genero_aventura|genero_ficcao_cientifica|genero_guerra|genero_imax
87529;Your Highness (2011);Action|Adventure|Comedy|Fantasy;2011;9;3,111111111111111;3,0;1,2190615698606495;2012-06-04 16:26:35+00:00;2018-08-02 18:45:50+00:00;4;periodo_2010_2018;avaliacao_media;popularidade_baixa;genero_acao|genero_aventura|genero_comedia|genero_fantasia
87869;Horrible Bosses (2011);Comedy|Crime;2011;24;3,4375;3,5;0,9703484358499898;2012-12-23 23:13:17+00:00;2018-08-10 03:47:55+00:00;2;periodo_2010_2018;avaliacao_media;popularidade_media;genero_comedia|genero_crime
88125;Harry Potter and the Deathly Hallows: Part 2 (2011);Action|Adventure|Drama|Fantasy|Mystery|IMAX;2011;50;3,91;4,0;0,935087030763469;2011-07-22 12:20:37+00:00;2018-09-17 04:19:18+00:00;6;periodo_2010_2018;avaliacao_media;popularidade_alta;genero_acao|genero_aventura|genero_drama|genero_fantasia|genero_misterio|genero_imax
88129;Drive (2011);Crime|Drama|Film-Noir|Thriller;2011;32;3,765625;4,0;0,9836106543520351;2011-12-18 19:51:54+00:00;2018-09-17 04:24:10+00:00;4;periodo_2010_2018;avaliacao_media;popularidade_media;genero_crime|genero_drama|genero_film_noir|genero_suspense
88140;Captain America: The First Avenger (2011);Action|Adventure|Sci-Fi|Thriller|War;2011;32;3,546875;3,5;0,6642892757944266;2011-08-17 23:11:44+00:00;2018-09-17 04:24:16+00:00;5;periodo_2010_2018;avaliacao_media;popularidade_media;genero_acao|genero_aventura|genero_ficcao_cientifica|genero_suspense|genero_guerra
88163;Crazy, Stupid, Love. (2011);Comedy|Drama|Romance;2011;31;3,9838709677419355;4,0;0,5983849230462215;2011-12-18 19:46:08+00:00;2018-07-24 18:41:41+00:00;3;periodo_2010_2018;avaliacao_media;popularidade_media;genero_comedia|genero_drama|genero_romance
88405;Friends with Benefits (2011);Comedy|Romance;2011;20;3,05;3,25;1,02469507659596;2011-12-18 19:46:35+00:00;2018-05-18 19:54:06+00:00;2;periodo_2010_2018;avaliacao_media;popularidade_media;genero_comedia|genero_romance
88744;Rise of the Planet of the Apes (2011);Action|Drama|Sci-Fi|Thriller;2011;27;3,462962962962963;4,0;1,0554430889252693;2011-08-17 23:11:35+00:00;2018-08-16 19:36:34+00:00;4;periodo_2010_2018;avaliacao_media;popularidade_media;genero_acao|genero_drama|genero_ficcao_cientifica|genero_suspense
88785;Change-Up, The (2011);Comedy;2011;10;2,85;3,25;1,0554093465991707;2012-09-27 20:17:33+00:00;2018-03-07 07:46:53+00:00;1;periodo_2010_2018;avaliacao_baixa;popularidade_media;genero_comedia
88810;Help, The (2011);Drama;2011;21;3,8333333333333335;4,0;0,6191391873668904;2011-12-26 00:15:18+00:00;2018-09-09 01:25:03+00:00;1;periodo_2010_2018;avaliacao_media;popularidade_media;genero_drama
88812;30 Minutes or Less (2011);Action|Comedy|Crime;2011;6;2,6666666666666665;2,5;0,752772652709081;2012-06-24 11:25:20+00:00;2018-03-07 07:47:39+00:00;3;periodo_2010_2018;avaliacao_baixa;popularidade_baixa;genero_acao|genero_comedia|genero_crime
89087;Colombiana (2011);Action|Adventure|Drama|Thriller;2011;6;2,5;2,5;1,3416407864998738;2012-02-03 19:19:52+00:00;2017-06-27 00:54:23+00:00;4;periodo_2010_2018;avaliacao_baixa;popularidade_baixa;genero_acao|genero_aventura|genero_drama|genero_suspense
89470;Contagion (2011);Sci-Fi|Thriller|IMAX;2011;12;3,7083333333333335;4,0;0,5418123347254158;2011-10-12 20:08:37+00:00;2017-06-26 22:44:17+00:00;3;periodo_2010_2018;avaliacao_media;popularidade_media;genero_ficcao_cientifica|genero_suspense|genero_imax
89492;Moneyball (2011);Drama;2011;26;3,8846153846153846;4,0;0,828344038521342;2011-11-22 04:28:13+00:00;2018-08-10 03:50:24+00:00;1;periodo_2010_2018;avaliacao_media;popularidade_media;genero_drama
89745;Avengers, The (2012);Action|Adventure|Sci-Fi|IMAX;2012;69;3,869565217391304;4,0;0,9950324186007694;2012-05-09 23:14:12+00:00;2018-09-16 11:53:31+00:00;4;periodo_2010_2018;avaliacao_media;popularidade_alta;genero_acao|genero_aventura|genero_ficcao_cientifica|genero_imax
89753;Tinker Tailor Soldier Spy (2011);Drama|Film-Noir|Thriller;2011;8;3,8125;4,0;1,1630471062809844;2012-01-05 21:48:12+00:00;2017-06-27 01:26:34+00:00;3;periodo_2010_2018;avaliacao_media;popularidade_baixa;genero_drama|genero_film_noir|genero_suspense
89774;Warrior (2011);Drama;2011;11;3,727272727272727;4,0;0,9582180431310078;2012-01-08 12:59:17+00:00;2018-05-02 19:08:45+00:00;1;periodo_2010_2018;avaliacao_media;popularidade_media;genero_drama
89804;Ides of March, The (2011);Drama;2011;9;3,2222222222222223;3,5;0,7546154281781182;2012-02-02 01:13:15+00:00;2018-02-20 10:01:28+00:00;1;periodo_2010_2018;avaliacao_media;popularidade_baixa;genero_drama
89864;50/50 (2011);Comedy|Drama;2011;19;3,6315789473684212;3,5;0,5487892041970897;2011-12-10 21:36:49+00:00;2018-03-19 20:01:12+00:00;2;periodo_2010_2018;avaliacao_media;popularidade_media;genero_comedia|genero_drama
89904;The Artist (2011);Comedy|Drama|Romance;2011;11;4,045454545454546;4,5;1,3866244166057629;2012-08-12 01:08:24+00:00;2018-05-05 19:37:28+00:00;3;periodo_2010_2018;avaliacao_alta;popularidade_media;genero_comedia|genero_drama|genero_romance
90249;Real Steel (2011);Action|Drama|Sci-Fi|IMAX;2011;6;3,0;3,5;1,0954451150103321;2012-09-17 13:03:19+00:00;2016-07-10 01:15:29+00:00;4;periodo_2010_2018;avaliacao_media;popularidade_baixa;genero_acao|genero_drama|genero_ficcao_cientifica|genero_imax
90405;In Time (2011);Crime|Sci-Fi|Thriller;2011;14;3,392857142857143;3,5;0,6844023622158192;2012-10-22 13:26:45+00:00;2018-03-06 13:05:35+00:00;3;periodo_2010_2018;avaliacao_media;popularidade_media;genero_crime|genero_ficcao_cientifica|genero_suspense
90439;Margin Call (2011);Drama|Thriller;2011;7;3,7857142857142856;3,5;0,9063269671749659;2012-12-23 23:13:21+00:00;2018-02-09 10:45:35+00:00;2;periodo_2010_2018;avaliacao_media;popularidade_baixa;genero_drama|genero_suspense
90522;Johnny English Reborn (2011);Adventure|Comedy|Thriller;2011;6;3,0;3,25;1,0488088481701516;2012-09-17 13:03:35+00:00;2017-12-25 22:10:53+00:00;3;periodo_2010_2018;avaliacao_media;popularidade_baixa;genero_aventura|genero_comedia|genero_suspense
90600;Headhunters (Hodejegerne) (2011);Action|Crime|Thriller;2011;5;3,6;3,5;0,41833001326703767;2015-05-01 21:06:44+00:00;2017-11-18 22:18:35+00:00;3;periodo_2010_2018;avaliacao_media;popularidade_baixa;genero_acao|genero_crime|genero_suspense
90647;Puss in Boots (2011);Adventure|Animation|Comedy|Fantasy|IMAX;2011;8;3,5625;3,75;0,9797047660246574;2012-11-24 23:42:54+00:00;2018-05-25 16:37:54+00:00;5;periodo_2010_2018;avaliacao_media;popularidade_baixa;genero_aventura|genero_animacao|genero_comedia|genero_fantasia|genero_imax
90746;Adventures of Tintin, The (2011);Action|Animation|Mystery|IMAX;2011;12;3,5;3,5;0,6030226891555273;2012-01-01 17:28:01+00:00;2018-09-01 18:36:31+00:00;4;periodo_2010_2018;avaliacao_media;popularidade_media;genero_acao|genero_animacao|genero_misterio|genero_imax
90866;Hugo (2011);Children|Drama|Mystery;2011;18;3,75;4,0;0,6913328984437153;2012-01-14 19:39:26+00:00;2018-05-02 19:05:38+00:00;3;periodo_2010_2018;avaliacao_media;popularidade_media;genero_infantil|genero_drama|genero_misterio
90890;Jack and Jill (2011);Comedy;2011;5;2,3;2,0;1,4404860290887933;2012-03-26 00:20:38+00:00;2018-05-02 19:38:51+00:00;1;periodo_2010_2018;avaliacao_baixa;popularidade_baixa;genero_comedia
91077;Descendants, The (2011);Comedy|Drama;2011;11;4,0;4,0;0,6708203932499369;2012-02-02 01:14:58+00:00;2018-04-05 21:16:56+00:00;2;periodo_2010_2018;avaliacao_alta;popularidade_media;genero_comedia|genero_drama
91094;Muppets, The (2011);Children|Comedy|Musical;2011;10;2,6;2,5;1,390443574307614;2013-01-01 20:19:28+00:00;2018-07-29 20:49:32+00:00;3;periodo_2010_2018;avaliacao_baixa;popularidade_media;genero_infantil|genero_comedia|genero_musical
91104;Twilight Saga: Breaking Dawn - Part 1, The (2011);Adventure|Drama|Fantasy|Romance;2011;7;2,2142857142857144;2,0;1,0350983390135313;2012-01-21 22:17:26+00:00;2018-01-17 01:15:18+00:00;4;periodo_2010_2018;avaliacao_baixa;popularidade_baixa;genero_aventura|genero_drama|genero_fantasia|genero_romance
91128;Rum Diary, The (2011);Comedy|Drama|Thriller;2011;6;3,5833333333333335;3,75;0,7359800721939872;2012-02-03 19:16:17+00:00;2016-07-29 05:13:10+00:00;3;periodo_2010_2018;avaliacao_media;popularidade_baixa;genero_comedia|genero_drama|genero_suspense
91323;Sitter, The (2011);Comedy;2011;5;2,9;3,0;1,1937336386313322;2013-01-11 08:42:42+00:00;2018-01-31 23:30:18+00:00;1;periodo_2010_2018;avaliacao_baixa;popularidade_baixa;genero_comedia
91485;Expendables 2, The (2012);Action|Adventure;2012;10;3,5;3,5;0,7817359599705717;2012-10-11 20:43:52+00:00;2017-05-13 00:32:14+00:00;2;periodo_2010_2018;avaliacao_media;popularidade_media;genero_acao|genero_aventura
91500;The Hunger Games (2012);Action|Adventure|Drama|Sci-Fi|Thriller;2012;54;3,435185185185185;3,5;1,0189075554577232;2012-04-23 22:25:28+00:00;2018-08-18 11:34:38+00:00;5;periodo_2010_2018;avaliacao_media;popularidade_alta;genero_acao|genero_aventura|genero_drama|genero_ficcao_cientifica|genero_suspense
91529;Dark Knight Rises, The (2012);Action|Adventure|Crime|IMAX;2012;76;3,9934210526315788;4,0;0,9327143937727543;2012-07-19 20:05:32+00:00;2018-09-17 04:17:07+00:00;4;periodo_2010_2018;avaliacao_media;popularidade_alta;genero_acao|genero_aventura|genero_crime|genero_imax
91535;Bourne Legacy, The (2012);Action|Adventure|Drama|Thriller|IMAX;2012;18;3,138888888888889;3,0;0,8189942820233411;2012-12-23 15:41:14+00:00;2018-05-02 19:08:34+00:00;5;periodo_2010_2018;avaliacao_media;popularidade_media;genero_acao|genero_aventura|genero_drama|genero_suspense|genero_imax
91542;Sherlock Holmes: A Game of Shadows (2011);Action|Adventure|Comedy|Crime|Mystery|Thriller;2011;38;3,763157894736842;4,0;0,7599505861004174;2012-03-26 15:16:00+00:00;2018-09-01 18:43:45+00:00;6;periodo_2010_2018;avaliacao_media;popularidade_media;genero_acao|genero_aventura|genero_comedia|genero_crime|genero_misterio|genero_suspense
91630;Mission: Impossible - Ghost Protocol (2011);Action|Adventure|Thriller|IMAX;2011;22;3,659090909090909;4,0;0,7300744195002711;2012-04-23 00:10:28+00:00;2018-06-25 04:05:40+00:00;4;periodo_2010_2018;avaliacao_media;popularidade_media;genero_acao|genero_aventura|genero_suspense|genero_imax
91653;We Bought a Zoo (2011);Comedy|Drama;2011;5;3,3;3,5;0,5700877125495689;2013-05-27 18:51:38+00:00;2017-06-27 01:39:48+00:00;2;periodo_2010_2018;avaliacao_media;popularidade_baixa;genero_comedia|genero_drama
91658;Girl with the Dragon Tattoo, The (2011);Drama|Thriller;2011;42;3,488095238095238;4,0;1,3274222922370975;2011-12-26 17:30:58+00:00;2018-09-17 04:24:23+00:00;2;periodo_2010_2018;avaliacao_media;popularidade_media;genero_drama|genero_suspense
91974;Underworld: Awakening (2012);Action|Fantasy|Horror|IMAX;2012;5;3,8;3,5;0,447213595499958;2012-02-03 19:17:13+00:00;2017-04-28 23:11:42+00:00;4;periodo_2010_2018;avaliacao_media;popularidade_baixa;genero_acao|genero_fantasia|genero_terror|genero_imax
91976;Grey, The (2012);Action|Drama;2012;6;2,9166666666666665;3,25;1,2006942436218584;2012-04-23 22:26:50+00:00;2015-11-14 16:11:03+00:00;2;periodo_2010_2018;avaliacao_baixa;popularidade_baixa;genero_acao|genero_drama
92259;Intouchables (2011);Comedy|Drama;2011;37;4,108108108108108;4,5;1,0350465309933274;2013-08-21 07:07:09+00:00;2018-06-28 03:30:15+00:00;2;periodo_2010_2018;avaliacao_alta;popularidade_media;genero_comedia|genero_drama
92420;Chronicle (2012);Action|Sci-Fi|Thriller;2012;8;3,375;3,75;1,5059406173077154;2012-08-02 18:43:17+00:00;2018-03-01 08:01:38+00:00;3;periodo_2010_2018;avaliacao_media;popularidade_baixa;genero_acao|genero_ficcao_cientifica|genero_suspense
92535;Louis C.K.: Live at the Beacon Theater (2011);Comedy;2011;10;4,3;4,75;1,2292725943057183;2012-10-14 05:51:54+00:00;2018-05-13 10:35:15+00:00;1;periodo_2010_2018;avaliacao_alta;popularidade_media;genero_comedia
92938;Ghost Rider: Spirit of Vengeance (2012);Action|Fantasy|Thriller;2012;5;1,6;2,0;0,6519202405202649;2012-03-26 14:45:03+00:00;2018-08-31 10:34:16+00:00;3;periodo_2010_2018;avaliacao_baixa;popularidade_baixa;genero_acao|genero_fantasia|genero_suspense
93270;Project X (2012);Comedy;2012;8;2,0625;1,5;1,4500615750472707;2012-04-23 22:26:44+00:00;2018-01-17 01:30:47+00:00;1;periodo_2010_2018;avaliacao_baixa;popularidade_baixa;genero_comedia
93272;Dr. Seuss' The Lorax (2012);Animation|Fantasy|Musical|IMAX;2012;5;3,1;3,0;1,2942179105544784;2012-04-23 22:26:57+00:00;2018-06-25 04:35:43+00:00;4;periodo_2010_2018;avaliacao_media;popularidade_baixa;genero_animacao|genero_fantasia|genero_musical|genero_imax
93326;This Means War (2012);Action|Comedy|Romance;2012;11;2,6363636363636362;2,5;0,8969645781999724;2012-03-26 14:38:01+00:00;2018-03-07 07:47:06+00:00;3;periodo_2010_2018;avaliacao_baixa;popularidade_media;genero_acao|genero_comedia|genero_romance
93363;John Carter (2012);Action|Adventure|Sci-Fi|IMAX;2012;11;3,090909090909091;3,5;0,9954441676503463;2012-09-17 13:04:57+00:00;2018-08-15 08:19:31+00:00;4;periodo_2010_2018;avaliacao_media;popularidade_media;genero_acao|genero_aventura|genero_ficcao_cientifica|genero_imax
93510;21 Jump Street (2012);Action|Comedy|Crime;2012;26;3,8653846153846154;4,0;0,8192397977111744;2012-04-15 18:35:53+00:00;2018-09-01 18:44:10+00:00;3;periodo_2010_2018;avaliacao_media;popularidade_media;genero_acao|genero_comedia|genero_crime
93721;Jiro Dreams of Sushi (2011);Documentary;2011;5;4,1;4,5;0,8215838362577492;2012-10-26 23:45:16+00:00;2016-10-14 20:33:44+00:00;1;periodo_2010_2018;avaliacao_alta;popularidade_baixa;genero_documentario
93838;The Raid: Redemption (2011);Action|Crime;2011;9;4,333333333333333;4,5;0,75;2012-12-13 02:29:47+00:00;2017-09-26 02:59:27+00:00;2;periodo_2010_2018;avaliacao_alta;popularidade_baixa;genero_acao|genero_crime
93840;Cabin in the Woods, The (2012);Comedy|Horror|Sci-Fi|Thriller;2012;22;4,0227272727272725;4,25;0,9695024832021139;2012-04-23 22:25:23+00:00;2017-06-26 18:17:54+00:00;4;periodo_2010_2018;avaliacao_alta;popularidade_media;genero_comedia|genero_terror|genero_ficcao_cientifica|genero_suspense
94478;Dark Shadows (2012);Comedy|Horror|IMAX;2012;6;2,5;2,25;0,894427190999916;2013-08-31 15:36:00+00:00;2018-02-20 13:46:56+00:00;3;periodo_2010_2018;avaliacao_baixa;popularidade_baixa;genero_comedia|genero_terror|genero_imax
94677;Dictator, The (2012);Comedy;2012;17;3,5588235294117645;4,0;1,0589256486702758;2012-09-17 13:11:15+00:00;2018-09-16 11:53:43+00:00;1;periodo_2010_2018;avaliacao_media;popularidade_media;genero_comedia
94777;Men in Black III (M.III.B.) (M.I.B.³) (2012);Action|Comedy|Sci-Fi|IMAX;2012;18;3,2777777777777777;3,5;0,8947924869885988;2012-05-27 18:58:41+00:00;2018-03-19 20:10:34+00:00;4;periodo_2010_2018;avaliacao_media;popularidade_media;genero_acao|genero_comedia|genero_ficcao_cientifica|genero_imax
94780;Snow White and the Huntsman (2012);Action|Adventure|Drama;2012;6;2,8333333333333335;2,75;0,6055300708194983;2012-09-18 16:27:42+00:00;2018-08-15 08:17:32+00:00;3;periodo_2010_2018;avaliacao_baixa;popularidade_baixa;genero_acao|genero_aventura|genero_drama
94864;Prometheus (2012);Action|Horror|Sci-Fi|IMAX;2012;27;3,2962962962962963;3,5;1,0120358314884528;2012-07-09 01:33:07+00:00;2018-09-17 04:26:15+00:00;4;periodo_2010_2018;avaliacao_media;popularidade_media;genero_acao|genero_terror|genero_ficcao_cientifica|genero_imax
94953;Wanderlust (2012);Comedy;2012;5;3,0;3,0;1,2747548783981961;2013-03-24 11:54:06+00:00;2018-01-17 02:09:54+00:00;1;periodo_2010_2018;avaliacao_media;popularidade_baixa;genero_comedia
94959;Moonrise Kingdom (2012);Comedy|Drama|Romance;2012;29;3,7758620689655173;4,0;0,9218208581830207;2012-08-12 00:52:12+00:00;2018-09-17 04:25:39+00:00;3;periodo_2010_2018;avaliacao_media;popularidade_media;genero_comedia|genero_drama|genero_romance
95088;Safety Not Guaranteed (2012);Comedy|Drama;2012;6;3,75;4,0;0,4183300132670378;2012-10-15 23:49:37+00:00;2017-12-22 16:11:58+00:00;2;periodo_2010_2018;avaliacao_media;popularidade_baixa;genero_comedia|genero_drama
95105;Madagascar 3: Europe's Most Wanted (2012);Adventure|Animation|Children|Comedy|IMAX;2012;9;3,388888888888889;3,5;1,05409255338946;2012-10-01 09:17:12+00:00;2018-05-25 16:38:18+00:00;5;periodo_2010_2018;avaliacao_media;popularidade_baixa;genero_aventura|genero_animacao|genero_infantil|genero_comedia|genero_imax
95167;Brave (2012);Action|Adventure|Animation|Children;2012;30;3,466666666666667;3,75;0,9820223093657058;2012-11-29 00:37:48+00:00;2018-08-30 11:11:42+00:00;4;periodo_2010_2018;avaliacao_media;popularidade_media;genero_acao|genero_aventura|genero_animacao|genero_infantil
95207;Abraham Lincoln: Vampire Hunter (2012);Action|Fantasy|Horror|Thriller;2012;6;2,75;2,75;0,5244044240850757;2013-03-15 12:22:17+00:00;2018-03-27 13:07:26+00:00;4;periodo_2010_2018;avaliacao_baixa;popularidade_baixa;genero_acao|genero_fantasia|genero_terror|genero_suspense
95441;Ted (2012);Comedy|Fantasy;2012;21;3,2857142857142856;3,5;0,9819805060619657;2012-11-25 14:56:57+00:00;2018-05-22 00:20:08+00:00;2;periodo_2010_2018;avaliacao_media;popularidade_media;genero_comedia|genero_fantasia
95449;Magic Mike (2012);Drama|Romance;2012;5;2,7;2,5;1,0368220676663862;2012-07-13 22:50:30+00:00;2018-02-20 09:58:39+00:00;2;periodo_2010_2018;avaliacao_baixa;popularidade_baixa;genero_drama|genero_romance
95510;Amazing Spider-Man, The (2012);Action|Adventure|Sci-Fi|IMAX;2012;30;3,25;3,5;1,2016511628760567;2012-07-15 19:27:59+00:00;2018-08-31 10:04:59+00:00;4;periodo_2010_2018;avaliacao_media;popularidade_media;genero_acao|genero_aventura|genero_ficcao_cientifica|genero_imax
95543;Ice Age 4: Continental Drift (2012);Adventure|Animation|Comedy;2012;6;2,9166666666666665;3,0;1,0206207261596574;2015-05-01 12:25:17+00:00;2018-03-07 07:43:16+00:00;3;periodo_2010_2018;avaliacao_baixa;popularidade_baixa;genero_aventura|genero_animacao|genero_comedia
95558;Beasts of the Southern Wild (2012);Drama|Fantasy;2012;7;3,357142857142857;3,0;0,6900655593423543;2012-12-22 00:23:25+00:00;2018-05-02 18:58:16+00:00;2;periodo_2010_2018;avaliacao_media;popularidade_baixa;genero_drama|genero_fantasia
95720;Watch, The (2012);Comedy|Sci-Fi;2012;9;3,0;3,0;1,0307764064044151;2012-11-19 02:05:46+00:00;2018-01-31 23:30:34+00:00;2;periodo_2010_2018;avaliacao_media;popularidade_baixa;genero_comedia|genero_ficcao_cientifica
95858;For the Birds (2000);Animation|Children|Comedy;2000;5;3,9;4,0;0,22360679774997896;2015-07-04 16:32:30+00:00;2018-09-13 21:13:12+00:00;3;periodo_2000_2009;avaliacao_media;popularidade_baixa;genero_animacao|genero_infantil|genero_comedia
95875;Total Recall (2012);Action|Sci-Fi|Thriller;2012;8;3,1875;3,25;0,8838834764831844;2012-08-27 23:22:03+00:00;2017-05-03 21:18:43+00:00;3;periodo_2010_2018;avaliacao_media;popularidade_baixa;genero_acao|genero_ficcao_cientifica|genero_suspense
96079;Skyfall (2012);Action|Adventure|Thriller|IMAX;2012;50;3,81;4,0;0,7882426850991038;2012-11-28 18:06:54+00:00;2018-09-17 04:21:45+00:00;4;periodo_2010_2018;avaliacao_media;popularidade_alta;genero_acao|genero_aventura|genero_suspense|genero_imax
96110;Campaign, The (2012);Comedy;2012;9;3,4444444444444446;3,5;0,6346477588219922;2012-08-27 23:22:10+00:00;2018-03-07 07:47:31+00:00;1;periodo_2010_2018;avaliacao_media;popularidade_baixa;genero_comedia
96417;Premium Rush (2012);Action|Thriller;2012;5;3,2;3,0;0,8366600265340756;2012-12-02 16:41:51+00:00;2016-04-04 16:58:08+00:00;2;periodo_2010_2018;avaliacao_media;popularidade_baixa;genero_acao|genero_suspense
96588;Pitch Perfect (2012);Comedy|Musical;2012;20;3,625;4,0;0,8717043197395729;2014-11-09 23:32:34+00:00;2018-08-31 09:53:38+00:00;2;periodo_2010_2018;avaliacao_media;popularidade_media;genero_comedia|genero_musical
96610;Looper (2012);Action|Crime|Sci-Fi;2012;32;3,640625;3,5;0,8635483343776721;2012-10-21 21:30:28+00:00;2018-09-17 04:22:30+00:00;3;periodo_2010_2018;avaliacao_media;popularidade_media;genero_acao|genero_crime|genero_ficcao_cientifica
96728;Master, The (2012);Drama;2012;6;3,9166666666666665;4,0;0,801040989379861;2013-01-02 19:51:04+00:00;2017-06-27 01:36:12+00:00;1;periodo_2010_2018;avaliacao_media;popularidade_baixa;genero_drama
96737;Dredd (2012);Action|Sci-Fi;2012;14;3,7142857142857144;4,0;1,0690449676496976;2013-10-26 13:23:06+00:00;2018-08-31 09:59:54+00:00;2;periodo_2010_2018;avaliacao_media;popularidade_media;genero_acao|genero_ficcao_cientifica
96811;End of Watch (2012);Crime|Drama|Thriller;2012;6;3,9166666666666665;4,0;0,6645800679125627;2012-12-26 20:01:18+00:00;2017-05-31 05:08:06+00:00;3;periodo_2010_2018;avaliacao_media;popularidade_baixa;genero_crime|genero_drama|genero_suspense
96821;Perks of Being a Wallflower, The (2012);Drama|Romance;2012;20;3,825;4,0;0,9904145862372884;2012-09-26 01:59:21+00:00;2018-08-30 11:11:36+00:00;2;periodo_2010_2018;avaliacao_media;popularidade_media;genero_drama|genero_romance
96829;Hunt, The (Jagten) (2012);Drama;2012;10;4,3;4,0;0,421637021355784;2014-12-29 19:20:19+00:00;2018-04-15 10:41:42+00:00;1;periodo_2010_2018;avaliacao_alta;popularidade_media;genero_drama
96861;Taken 2 (2012);Action|Crime|Drama|Thriller;2012;7;3,2857142857142856;3,5;1,4679107277903192;2012-09-27 20:17:16+00:00;2018-06-25 05:10:26+00:00;4;periodo_2010_2018;avaliacao_media;popularidade_baixa;genero_acao|genero_crime|genero_drama|genero_suspense
97225;Hotel Transylvania (2012);Animation|Children|Comedy;2012;11;3,409090909090909;3,5;0,9438798074485389;2013-02-03 21:53:06+00:00;2018-06-25 04:02:51+00:00;3;periodo_2010_2018;avaliacao_media;popularidade_media;genero_animacao|genero_infantil|genero_comedia
97304;Argo (2012);Drama|Thriller;2012;28;3,982142857142857;4,0;0,8658344600264603;2013-02-06 00:54:59+00:00;2018-09-16 11:54:22+00:00;2;periodo_2010_2018;avaliacao_media;popularidade_media;genero_drama|genero_suspense
97306;Seven Psychopaths (2012);Comedy|Crime;2012;15;3,466666666666667;3,5;0,7668736780560658;2013-03-29 08:36:36+00:00;2018-02-25 21:33:53+00:00;2;periodo_2010_2018;avaliacao_media;popularidade_media;genero_comedia|genero_crime
97752;Cloud Atlas (2012);Drama|Sci-Fi|IMAX;2012;19;3,736842105263158;4,0;0,6742984224904426;2013-03-25 11:23:09+00:00;2018-09-01 18:40:04+00:00;3;periodo_2010_2018;avaliacao_media;popularidade_media;genero_drama|genero_ficcao_cientifica|genero_imax
97836;Here Comes the Boom (2012);Action|Comedy;2012;7;2,5714285714285716;2,5;1,2392393980641052;2013-01-27 23:58:01+00:00;2018-05-02 19:26:19+00:00;2;periodo_2010_2018;avaliacao_baixa;popularidade_baixa;genero_acao|genero_comedia
97913;Wreck-It Ralph (2012);Animation|Comedy;2012;22;3,75;4,0;0,8128433340529317;2013-02-03 21:52:52+00:00;2018-09-01 18:35:20+00:00;2;periodo_2010_2018;avaliacao_media;popularidade_media;genero_animacao|genero_comedia
97921;Silver Linings Playbook (2012);Comedy|Drama;2012;30;3,716666666666667;3,75;0,9709871739389883;2013-03-02 22:35:28+00:00;2018-09-17 04:23:36+00:00;2;periodo_2010_2018;avaliacao_media;popularidade_media;genero_comedia|genero_drama
97923;Flight (2012);Drama;2012;9;3,5;3,5;0,9013878188659972;2013-03-02 23:46:07+00:00;2018-04-01 23:18:52+00:00;1;periodo_2010_2018;avaliacao_media;popularidade_baixa;genero_drama
97938;Life of Pi (2012);Adventure|Drama|IMAX;2012;31;3,629032258064516;4,0;1,0080322575483707;2013-08-18 10:52:15+00:00;2018-09-14 03:09:49+00:00;3;periodo_2010_2018;avaliacao_media;popularidade_media;genero_aventura|genero_drama|genero_imax
98124;Batman: The Dark Knight Returns, Part 1 (2012);Action|Animation|Sci-Fi;2012;7;3,9285714285714284;4,0;0,5345224838248487;2014-02-02 13:26:43+00:00;2018-09-01 18:44:41+00:00;3;periodo_2010_2018;avaliacao_media;popularidade_baixa;genero_acao|genero_animacao|genero_ficcao_cientifica
98243;Rise of the Guardians (2012);Adventure|Animation|Children|Fantasy|IMAX;2012;12;3,7916666666666665;3,75;0,8382431122004613;2013-05-13 15:51:56+00:00;2018-09-01 18:41:20+00:00;5;periodo_2010_2018;avaliacao_media;popularidade_media;genero_aventura|genero_animacao|genero_infantil|genero_fantasia|genero_imax
98491;Paperman (2012);Animation|Comedy|Romance;2012;8;4,375;4,5;0,7440238091428448;2015-07-05 08:02:13+00:00;2018-02-20 17:32:23+00:00;3;periodo_2010_2018;avaliacao_alta;popularidade_baixa;genero_animacao|genero_comedia|genero_romance
98585;Hitchcock (2012);Drama;2012;5;3,5;3,5;0,35355339059327373;2013-05-30 11:30:22+00:00;2018-02-03 19:35:59+00:00;1;periodo_2010_2018;avaliacao_media;popularidade_baixa;genero_drama
98809;Hobbit: An Unexpected Journey, The (2012);Adventure|Fantasy|IMAX;2012;40;3,8125;4,0;0,8449510682236622;2012-12-17 21:46:20+00:00;2018-08-31 09:43:01+00:00;3;periodo_2010_2018;avaliacao_media;popularidade_media;genero_aventura|genero_fantasia|genero_imax
98961;Zero Dark Thirty (2012);Action|Drama|Thriller;2012;14;4,107142857142857;4,0;0,6844023622158193;2013-02-15 01:23:37+00:00;2017-04-28 23:06:58+00:00;3;periodo_2010_2018;avaliacao_alta;popularidade_media;genero_acao|genero_drama|genero_suspense
99007;Warm Bodies (2013);Comedy|Horror|Romance;2013;14;3,5;3,75;0,7844645405527362;2013-02-15 04:07:15+00:00;2018-01-17 01:13:25+00:00;3;periodo_2010_2018;avaliacao_media;popularidade_media;genero_comedia|genero_terror|genero_romance
99112;Jack Reacher (2012);Action|Crime|Thriller;2012;12;3,4166666666666665;3,5;0,7929614610987591;2013-05-02 09:41:52+00:00;2018-05-05 22:23:08+00:00;3;periodo_2010_2018;avaliacao_media;popularidade_media;genero_acao|genero_crime|genero_suspense
99114;Django Unchained (2012);Action|Drama|Western;2012;71;3,943661971830986;4,0;0,9084889172004557;2012-12-22 13:40:14+00:00;2018-09-17 04:16:45+00:00;3;periodo_2010_2018;avaliacao_media;popularidade_alta;genero_acao|genero_drama|genero_faroeste
99117;This Is 40 (2012);Drama;2012;8;3,125;3,0;0,9543135154205277;2014-02-23 12:00:08+00:00;2018-03-07 07:46:43+00:00;1;periodo_2010_2018;avaliacao_media;popularidade_baixa;genero_drama
99149;Misérables, Les (2012);Drama|Musical|Romance|IMAX;2012;7;3,5;3,5;0,5773502691896257;2014-11-05 05:45:36+00:00;2018-09-01 18:56:05+00:00;4;periodo_2010_2018;avaliacao_media;popularidade_baixa;genero_drama|genero_musical|genero_romance|genero_imax
99813;Batman: The Dark Knight Returns, Part 2 (2013);Action|Animation;2013;8;3,875;4,0;0,7905694150420949;2014-02-02 13:17:45+00:00;2018-02-20 07:14:53+00:00;2;periodo_2010_2018;avaliacao_media;popularidade_baixa;genero_acao|genero_animacao
100163;Hansel & Gretel: Witch Hunters (2013);Action|Fantasy|Horror|IMAX;2013;5;2,9;3,0;1,4747881203752624;2013-07-18 21:17:25+00:00;2017-05-13 20:56:18+00:00;4;periodo_2010_2018;avaliacao_baixa;popularidade_baixa;genero_acao|genero_fantasia|genero_terror|genero_imax
100383;Side Effects (2013);Crime|Drama|Mystery|Thriller;2013;6;3,9166666666666665;3,5;0,6645800679125629;2013-08-24 01:51:33+00:00;2017-05-31 05:23:36+00:00;4;periodo_2010_2018;avaliacao_media;popularidade_baixa;genero_crime|genero_drama|genero_misterio|genero_suspense
100498;Good Day to Die Hard, A (2013);Action|Crime|Thriller|IMAX;2013;6;2,0833333333333335;2,0;0,8612007121842543;2014-02-02 13:19:59+00:00;2017-12-25 22:09:23+00:00;4;periodo_2010_2018;avaliacao_baixa;popularidade_baixa;genero_acao|genero_crime|genero_suspense|genero_imax
101025;Jack the Giant Slayer (2013);Adventure|Fantasy|IMAX;2013;5;2,2;2,5;1,4404860290887933;2013-07-14 16:26:13+00:00;2018-05-02 19:31:26+00:00;3;periodo_2010_2018;avaliacao_baixa;popularidade_baixa;genero_aventura|genero_fantasia|genero_imax
101112;Oz the Great and Powerful (2013);Action|Adventure|Fantasy|IMAX;2013;6;3,0833333333333335;3,25;1,1583033569262702;2016-01-17 12:19:39+00:00;2018-09-16 08:53:04+00:00;4;periodo_2010_2018;avaliacao_media;popularidade_baixa;genero_acao|genero_aventura|genero_fantasia|genero_imax
101142;Croods, The (2013);Adventure|Animation|Comedy;2013;9;3,7777777777777777;4,0;0,754615428178118;2013-11-28 22:22:12+00:00;2018-06-25 04:06:13+00:00;3;periodo_2010_2018;avaliacao_media;popularidade_baixa;genero_aventura|genero_animacao|genero_comedia
101362;Olympus Has Fallen (2013);Action|Thriller;2013;8;2,875;3,0;0,9161253813129043;2013-07-04 12:38:08+00:00;2018-06-25 05:08:41+00:00;2;periodo_2010_2018;avaliacao_baixa;popularidade_baixa;genero_acao|genero_suspense
101525;Place Beyond the Pines, The (2012);Crime|Drama;2012;5;3,5;3,5;0,5;2013-11-25 16:26:05+00:00;2017-06-27 01:52:54+00:00;2;periodo_2010_2018;avaliacao_media;popularidade_baixa;genero_crime|genero_drama
101864;Oblivion (2013);Action|Adventure|Sci-Fi|IMAX;2013;20;3,3;3,75;1,1050125029061648;2013-08-24 01:37:52+00:00;2018-05-02 19:27:37+00:00;4;periodo_2010_2018;avaliacao_media;popularidade_media;genero_acao|genero_aventura|genero_ficcao_cientifica|genero_imax
102033;Pain & Gain (2013);Action|Comedy|Crime;2013;5;3,2;3,0;1,1510864433221337;2013-10-10 15:13:22+00:00;2017-05-13 20:58:08+00:00;3;periodo_2010_2018;avaliacao_media;popularidade_baixa;genero_acao|genero_comedia|genero_crime
102123;This Is the End (2013);Action|Comedy;2013;14;3,2142857142857144;3,25;1,0868848519133392;2013-09-15 23:07:44+00:00;2018-09-16 11:56:31+00:00;2;periodo_2010_2018;avaliacao_media;popularidade_media;genero_acao|genero_comedia
102125;Iron Man 3 (2013);Action|Sci-Fi|Thriller|IMAX;2013;32;3,5625;3,75;0,981687158630159;2013-05-16 00:34:05+00:00;2018-09-17 04:24:41+00:00;4;periodo_2010_2018;avaliacao_media;popularidade_media;genero_acao|genero_ficcao_cientifica|genero_suspense|genero_imax
102407;Great Gatsby, The (2013);Drama;2013;20;3,375;3,25;0,8251794063302713;2014-05-26 18:14:08+00:00;2018-05-22 00:21:25+00:00;1;periodo_2010_2018;avaliacao_media;popularidade_media;genero_drama
102445;Star Trek Into Darkness (2013);Action|Adventure|Sci-Fi|IMAX;2013;27;3,685185185185185;4,0;0,9003006778522997;2013-06-04 20:23:50+00:00;2018-09-01 18:38:57+00:00;4;periodo_2010_2018;avaliacao_media;popularidade_media;genero_acao|genero_aventura|genero_ficcao_cientifica|genero_imax
102481;Internship, The (2013);Comedy;2013;10;3,55;4,0;1,1413929112175953;2013-08-18 10:59:53+00:00;2018-03-07 07:45:44+00:00;1;periodo_2010_2018;avaliacao_media;popularidade_media;genero_comedia
102686;Hangover Part III, The (2013);Comedy;2013;8;3,375;3,5;0,5824823725107175;2013-09-15 23:07:57+00:00;2018-03-07 07:48:45+00:00;1;periodo_2010_2018;avaliacao_media;popularidade_baixa;genero_comedia
102716;Fast & Furious 6 (Fast and the Furious 6, The) (2013);Action|Crime|Thriller|IMAX;2013;7;3,357142857142857;3,5;0,8017837257372732;2013-07-07 17:44:30+00:00;2018-01-05 14:37:49+00:00;4;periodo_2010_2018;avaliacao_media;popularidade_baixa;genero_acao|genero_crime|genero_suspense|genero_imax
102903;Now You See Me (2013);Crime|Mystery|Thriller;2013;22;3,409090909090909;4,0;1,2501082204235607;2013-08-24 18:54:24+00:00;2018-08-30 11:11:28+00:00;3;periodo_2010_2018;avaliacao_media;popularidade_media;genero_crime|genero_misterio|genero_suspense
103042;Man of Steel (2013);Action|Adventure|Fantasy|Sci-Fi|IMAX;2013;22;3,2954545454545454;3,0;0,7345081105761626;2013-07-04 04:18:06+00:00;2018-09-16 11:56:41+00:00;5;periodo_2010_2018;avaliacao_media;popularidade_media;genero_acao|genero_aventura|genero_fantasia|genero_ficcao_cientifica|genero_imax
103141;Monsters University (2013);Adventure|Animation|Comedy;2013;16;3,875;4,0;0,7416198487095662;2013-11-28 22:22:04+00:00;2018-06-25 04:02:35+00:00;3;periodo_2010_2018;avaliacao_media;popularidade_media;genero_aventura|genero_animacao|genero_comedia
103228;Pacific Rim (2013);Action|Adventure|Sci-Fi|IMAX;2013;14;3,607142857142857;3,75;1,0593643128087464;2013-07-06 18:37:00+00:00;2018-02-24 17:44:11+00:00;4;periodo_2010_2018;avaliacao_media;popularidade_media;genero_acao|genero_aventura|genero_ficcao_cientifica|genero_imax
103235;Best Offer, The (Migliore offerta, La) (2013);Thriller;2013;5;4,0;4,5;0,7071067811865476;2014-02-02 13:17:55+00:00;2016-03-13 20:48:45+00:00;1;periodo_2010_2018;avaliacao_alta;popularidade_baixa;genero_suspense
103249;World War Z (2013);Action|Drama|Horror|IMAX;2013;19;3,026315789473684;3,0;0,8735890880367281;2013-06-22 17:12:00+00:00;2018-05-22 00:19:48+00:00;4;periodo_2010_2018;avaliacao_media;popularidade_media;genero_acao|genero_drama|genero_terror|genero_imax
103253;Elysium (2013);Action|Drama|Sci-Fi|IMAX;2013;16;3,3125;3,5;0,7274384280931732;2014-06-22 18:12:22+00:00;2018-03-27 13:05:22+00:00;4;periodo_2010_2018;avaliacao_media;popularidade_media;genero_acao|genero_drama|genero_ficcao_cientifica|genero_imax
103335;Despicable Me 2 (2013);Animation|Children|Comedy|IMAX;2013;19;3,5789473684210527;4,0;1,1458034286368772;2013-09-06 18:06:53+00:00;2018-08-07 18:40:59+00:00;4;periodo_2010_2018;avaliacao_media;popularidade_media;genero_animacao|genero_infantil|genero_comedia|genero_imax
103339;White House Down (2013);Action|Drama|Thriller|IMAX;2013;6;2,9166666666666665;3,25;1,2006942436218584;2013-11-28 22:21:34+00:00;2017-04-02 00:08:53+00:00;4;periodo_2010_2018;avaliacao_baixa;popularidade_baixa;genero_acao|genero_drama|genero_suspense|genero_imax
103341;World's End, The (2013);Action|Comedy|Sci-Fi;2013;18;3,4166666666666665;3,75;1,2976222599091636;2013-09-12 21:52:12+00:00;2018-09-13 21:14:31+00:00;3;periodo_2010_2018;avaliacao_media;popularidade_media;genero_acao|genero_comedia|genero_ficcao_cientifica
103372;Heat, The (2013);Action|Comedy|Crime;2013;6;3,4166666666666665;3,5;0,9174239296348591;2014-06-22 18:30:49+00:00;2018-02-11 05:36:37+00:00;3;periodo_2010_2018;avaliacao_media;popularidade_baixa;genero_acao|genero_comedia|genero_crime
103384;Lone Ranger, The (2013);Action|Adventure|Western|IMAX;2013;7;2,7857142857142856;3,5;1,14953406710222;2014-06-22 18:12:53+00:00;2018-05-02 19:17:50+00:00;4;periodo_2010_2018;avaliacao_baixa;popularidade_baixa;genero_acao|genero_aventura|genero_faroeste|genero_imax
103688;Conjuring, The (2013);Horror|Thriller;2013;7;4,214285714285714;4,0;0,3933978962347216;2013-08-24 01:53:52+00:00;2018-07-03 17:07:24+00:00;2;periodo_2010_2018;avaliacao_alta;popularidade_baixa;genero_terror|genero_suspense
103772;Wolverine, The (2013);Action|Adventure|Fantasy|Sci-Fi;2013;16;3,375;3,5;0,8660254037844386;2014-02-11 13:18:17+00:00;2018-08-31 10:05:22+00:00;4;periodo_2010_2018;avaliacao_media;popularidade_media;genero_acao|genero_aventura|genero_fantasia|genero_ficcao_cientifica
103810;Red 2 (2013);Action|Comedy|Crime|Thriller;2013;5;3,2;3,5;0,758287544405155;2014-06-22 18:12:35+00:00;2018-01-17 01:19:57+00:00;4;periodo_2010_2018;avaliacao_media;popularidade_baixa;genero_acao|genero_comedia|genero_crime|genero_suspense
104211;We're the Millers (2013);Comedy|Crime;2013;21;3,738095238095238;4,0;0,860509262283789;2013-12-26 22:45:52+00:00;2018-08-11 01:03:28+00:00;2;periodo_2010_2018;avaliacao_media;popularidade_media;genero_comedia|genero_crime
104218;Grown Ups 2 (2013);Comedy;2013;5;3,4;3,5;1,2449899597988732;2014-07-06 16:02:37+00:00;2018-01-17 02:09:24+00:00;1;periodo_2010_2018;avaliacao_media;popularidade_baixa;genero_comedia
104241;Kick-Ass 2 (2013);Action|Comedy|Crime;2013;11;3,4545454545454546;3,0;0,650174801670499;2013-08-30 12:48:11+00:00;2018-05-05 23:21:22+00:00;3;periodo_2010_2018;avaliacao_media;popularidade_media;genero_acao|genero_comedia|genero_crime
104243;Riddick (2013);Action|Sci-Fi|Thriller|IMAX;2013;5;3,3;3,5;0,27386127875258315;2014-10-09 08:31:46+00:00;2017-10-18 15:06:11+00:00;4;periodo_2010_2018;avaliacao_media;popularidade_baixa;genero_acao|genero_ficcao_cientifica|genero_suspense|genero_imax
104374;About Time (2013);Drama|Fantasy|Romance;2013;15;3,933333333333333;4,0;0,9232447954800247;2014-06-22 18:08:21+00:00;2018-05-18 19:49:20+00:00;3;periodo_2010_2018;avaliacao_media;popularidade_media;genero_drama|genero_fantasia|genero_romance
104841;Gravity (2013);Action|Sci-Fi|IMAX;2013;32;3,578125;3,75;1,1295829590120074;2013-11-06 13:00:23+00:00;2018-08-10 03:39:16+00:00;3;periodo_2010_2018;avaliacao_media;popularidade_media;genero_acao|genero_ficcao_cientifica|genero_imax
104879;Prisoners (2013);Drama|Mystery|Thriller;2013;16;4,15625;4,5;0,9437293044088437;2013-12-16 22:55:20+00:00;2018-07-21 23:10:26+00:00;3;periodo_2010_2018;avaliacao_alta;popularidade_media;genero_drama|genero_misterio|genero_suspense
104913;Rush (2013);Action|Drama;2013;11;3,8181818181818183;4,0;0,7507571935295484;2014-02-02 13:23:31+00:00;2018-03-01 10:50:49+00:00;2;periodo_2010_2018;avaliacao_media;popularidade_media;genero_acao|genero_drama
105213;Don Jon (2013);Comedy|Drama|Romance;2013;8;3,125;3,0;0,876274581884664;2013-12-19 07:59:02+00:00;2017-03-01 01:54:04+00:00;3;periodo_2010_2018;avaliacao_media;popularidade_baixa;genero_comedia|genero_drama|genero_romance
105504;Captain Phillips (2013);Adventure|Drama|Thriller|IMAX;2013;21;4,0476190476190474;4,0;0,6874729431905283;2013-11-08 00:26:18+00:00;2018-05-02 18:48:40+00:00;4;periodo_2010_2018;avaliacao_alta;popularidade_media;genero_aventura|genero_drama|genero_suspense|genero_imax
105844;12 Years a Slave (2013);Drama;2013;16;3,625;4,0;0,6708203932499369;2014-06-22 18:08:11+00:00;2018-05-05 19:32:58+00:00;1;periodo_2010_2018;avaliacao_media;popularidade_media;genero_drama
106002;Ender's Game (2013);Action|Adventure|Sci-Fi|IMAX;2013;16;3,4375;3,5;0,8139410298049853;2014-11-09 23:22:13+00:00;2018-08-18 11:30:36+00:00;4;periodo_2010_2018;avaliacao_media;popularidade_media;genero_acao|genero_aventura|genero_ficcao_cientifica|genero_imax
106072;Thor: The Dark World (2013);Action|Adventure|Fantasy|IMAX;2013;21;3,3095238095238093;3,5;0,7822434160188001;2014-02-06 20:41:32+00:00;2018-09-16 12:00:17+00:00;4;periodo_2010_2018;avaliacao_media;popularidade_media;genero_acao|genero_aventura|genero_fantasia|genero_imax
106100;Dallas Buyers Club (2013);Drama;2013;17;3,9705882352941178;4,0;1,1106105898797025;2014-02-02 19:53:18+00:00;2018-06-18 14:45:55+00:00;1;periodo_2010_2018;avaliacao_media;popularidade_media;genero_drama
106487;The Hunger Games: Catching Fire (2013);Action|Adventure|Sci-Fi|IMAX;2013;26;3,6346153846153846;4,0;0,8894682940689038;2014-01-29 07:54:53+00:00;2018-08-18 11:34:39+00:00;4;periodo_2010_2018;avaliacao_media;popularidade_media;genero_acao|genero_aventura|genero_ficcao_cientifica|genero_imax
106489;Hobbit: The Desolation of Smaug, The (2013);Adventure|Fantasy|IMAX;2013;25;3,58;3,5;1,0575128052810203;2014-10-30 18:29:07+00:00;2018-09-17 04:24:56+00:00;3;periodo_2010_2018;avaliacao_media;popularidade_media;genero_aventura|genero_fantasia|genero_imax
106491;47 Ronin (2013);Action|Adventure|Fantasy;2013;7;2,642857142857143;3,0;1,5197117521174237;2014-06-22 18:03:03+00:00;2018-05-02 19:38:07+00:00;3;periodo_2010_2018;avaliacao_baixa;popularidade_baixa;genero_acao|genero_aventura|genero_fantasia
106642;Day of the Doctor, The (2013);Adventure|Drama|Sci-Fi;2013;7;4,571428571428571;4,5;0,44986770542121846;2014-09-06 11:08:21+00:00;2018-05-25 16:35:23+00:00;3;periodo_2010_2018;avaliacao_alta;popularidade_baixa;genero_aventura|genero_drama|genero_ficcao_cientifica
106696;Frozen (2013);Adventure|Animation|Comedy|Fantasy|Musical|Romance;2013;29;3,6206896551724137;4,0;1,0991487973963006;2014-03-30 23:42:58+00:00;2018-09-17 04:27:36+00:00;6;periodo_2010_2018;avaliacao_media;popularidade_media;genero_aventura|genero_animacao|genero_comedia|genero_fantasia|genero_musical|genero_romance
106766;Inside Llewyn Davis (2013);Drama;2013;7;3,642857142857143;4,0;0,8997354108424372;2016-04-13 16:13:41+00:00;2018-05-02 17:58:31+00:00;1;periodo_2010_2018;avaliacao_media;popularidade_baixa;genero_drama
106782;Wolf of Wall Street, The (2013);Comedy|Crime|Drama;2013;54;3,9166666666666665;4,0;1,076112850924348;2014-01-28 09:18:28+00:00;2018-09-17 04:18:49+00:00;3;periodo_2010_2018;avaliacao_media;popularidade_alta;genero_comedia|genero_crime|genero_drama
106916;American Hustle (2013);Crime|Drama;2013;16;3,25;3,5;1,0488088481701516;2014-02-02 13:16:18+00:00;2018-05-05 20:02:56+00:00;2;periodo_2010_2018;avaliacao_media;popularidade_media;genero_crime|genero_drama
106918;Secret Life of Walter Mitty, The (2013);Adventure|Comedy|Drama;2013;20;4,0;4,0;0,7254762501100116;2014-06-22 17:59:11+00:00;2018-05-18 19:49:53+00:00;3;periodo_2010_2018;avaliacao_alta;popularidade_media;genero_aventura|genero_comedia|genero_drama
106920;Her (2013);Drama|Romance|Sci-Fi;2013;25;3,92;4,0;0,9647970425604202;2014-05-19 09:03:40+00:00;2018-09-17 04:22:37+00:00;3;periodo_2010_2018;avaliacao_media;popularidade_media;genero_drama|genero_romance|genero_ficcao_cientifica
107141;Saving Mr. Banks (2013);Comedy|Drama;2013;8;3,6875;4,0;0,7039429765866795;2014-06-22 18:11:19+00:00;2017-06-24 06:00:38+00:00;2;periodo_2010_2018;avaliacao_media;popularidade_baixa;genero_comedia|genero_drama
107348;Anchorman 2: The Legend Continues (2013);Comedy;2013;11;3,3636363636363638;3,5;0,8393720596645176;2013-12-21 15:13:55+00:00;2018-06-14 00:09:57+00:00;1;periodo_2010_2018;avaliacao_media;popularidade_media;genero_comedia
107406;Snowpiercer (2013);Action|Drama|Sci-Fi;2013;21;3,4285714285714284;3,5;1,0640220191062106;2014-05-11 19:02:13+00:00;2018-09-01 18:20:40+00:00;3;periodo_2010_2018;avaliacao_media;popularidade_media;genero_acao|genero_drama|genero_ficcao_cientifica
108156;Ride Along (2014);Action|Comedy;2014;6;3,1666666666666665;3,25;0,6831300510639732;2014-06-22 18:03:08+00:00;2018-03-07 07:45:05+00:00;2;periodo_2010_2018;avaliacao_media;popularidade_baixa;genero_acao|genero_comedia
108190;Divergent (2014);Adventure|Romance|Sci-Fi|IMAX;2014;18;3,0;3,0;1,137592917989042;2014-09-26 23:51:17+00:00;2018-08-06 14:37:32+00:00;4;periodo_2010_2018;avaliacao_media;popularidade_media;genero_aventura|genero_romance|genero_ficcao_cientifica|genero_imax
108729;Enemy (2013);Mystery|Thriller;2013;7;3,5;4,0;0,7637626158259734;2015-10-18 20:10:05+00:00;2018-03-19 19:54:14+00:00;2;periodo_2010_2018;avaliacao_media;popularidade_baixa;genero_misterio|genero_suspense
108928;Monuments Men, The (2014);Action|Drama|War;2014;6;2,6666666666666665;3,0;1,1254628677422756;2014-05-10 10:53:29+00:00;2018-05-02 19:34:35+00:00;3;periodo_2010_2018;avaliacao_baixa;popularidade_baixa;genero_acao|genero_drama|genero_guerra
108932;The Lego Movie (2014);Action|Adventure|Animation|Children|Comedy|Fantasy;2014;31;3,870967741935484;4,0;0,8657149447661152;2014-05-31 13:36:07+00:00;2018-09-16 12:01:15+00:00;6;periodo_2010_2018;avaliacao_media;popularidade_media;genero_acao|genero_aventura|genero_animacao|genero_infantil|genero_comedia|genero_fantasia
108945;RoboCop (2014);Action|Crime|Sci-Fi|IMAX;2014;6;2,3333333333333335;2,5;0,6831300510639732;2014-06-22 18:31:10+00:00;2018-05-02 19:22:21+00:00;4;periodo_2010_2018;avaliacao_baixa;popularidade_baixa;genero_acao|genero_crime|genero_ficcao_cientifica|genero_imax
109374;Grand Budapest Hotel, The (2014);Comedy|Drama;2014;52;3,7788461538461537;4,0;0,8711805239323448;2014-06-09 23:12:11+00:00;2018-09-17 04:20:21+00:00;2;periodo_2010_2018;avaliacao_media;popularidade_alta;genero_comedia|genero_drama
109487;Interstellar (2014);Sci-Fi|IMAX;2014;73;3,993150684931507;4,0;0,9735856931871436;2014-11-11 03:15:57+00:00;2018-09-16 12:05:34+00:00;2;periodo_2010_2018;avaliacao_media;popularidade_alta;genero_ficcao_cientifica|genero_imax
110102;Captain America: The Winter Soldier (2014);Action|Adventure|Sci-Fi|IMAX;2014;31;3,7419354838709675;4,0;1,023645183823766;2014-05-09 04:54:33+00:00;2018-09-16 12:03:39+00:00;4;periodo_2010_2018;avaliacao_media;popularidade_media;genero_acao|genero_aventura|genero_ficcao_cientifica|genero_imax
110127;Noah (2014);Adventure|Drama|IMAX;2014;5;2,8;3,0;1,680773631397161;2014-08-10 17:42:34+00:00;2018-05-02 19:40:15+00:00;3;periodo_2010_2018;avaliacao_baixa;popularidade_baixa;genero_aventura|genero_drama|genero_imax
110501;The Raid 2: Berandal (2014);Action|Crime|Thriller;2014;7;3,9285714285714284;4,0;0,8380817098475258;2016-04-04 16:39:56+00:00;2017-09-26 03:06:44+00:00;3;periodo_2010_2018;avaliacao_media;popularidade_baixa;genero_acao|genero_crime|genero_suspense
110553;The Amazing Spider-Man 2 (2014);Action|Sci-Fi|IMAX;2014;11;2,6363636363636362;2,5;0,8686457589520912;2014-08-09 09:16:47+00:00;2018-08-31 10:32:18+00:00;3;periodo_2010_2018;avaliacao_baixa;popularidade_media;genero_acao|genero_ficcao_cientifica|genero_imax
110730;Transcendence (2014);Drama|Sci-Fi|IMAX;2014;7;2,2857142857142856;2,5;1,185226520443204;2014-08-04 21:52:16+00:00;2018-05-02 19:35:43+00:00;3;periodo_2010_2018;avaliacao_baixa;popularidade_baixa;genero_drama|genero_ficcao_cientifica|genero_imax
110771;Other Woman, The (2014);Comedy|Romance;2014;6;2,9166666666666665;2,5;1,114300976696452;2015-05-03 01:33:08+00:00;2018-02-11 20:18:52+00:00;2;periodo_2010_2018;avaliacao_baixa;popularidade_baixa;genero_comedia|genero_romance
111113;Neighbors (2014);Comedy;2014;12;3,2916666666666665;3,5;0,7525210155124432;2014-08-09 20:55:38+00:00;2018-02-11 20:18:42+00:00;1;periodo_2010_2018;avaliacao_media;popularidade_media;genero_comedia
111360;Lucy (2014);Action|Sci-Fi;2014;14;2,8214285714285716;3,0;0,7747739833491605;2014-10-25 09:34:46+00:00;2018-05-20 08:57:48+00:00;2;periodo_2010_2018;avaliacao_baixa;popularidade_media;genero_acao|genero_ficcao_cientifica
111362;X-Men: Days of Future Past (2014);Action|Adventure|Sci-Fi;2014;30;3,8333333333333335;3,5;0,7805097067294233;2014-07-20 00:28:50+00:00;2018-08-31 10:04:58+00:00;3;periodo_2010_2018;avaliacao_media;popularidade_media;genero_acao|genero_aventura|genero_ficcao_cientifica
111364;Godzilla (2014);Action|Adventure|Sci-Fi|IMAX;2014;13;2,6153846153846154;3,0;0,9822136171646112;2014-09-16 17:04:27+00:00;2018-07-13 11:13:52+00:00;4;periodo_2010_2018;avaliacao_baixa;popularidade_media;genero_acao|genero_aventura|genero_ficcao_cientifica|genero_imax
111617;Blended (2014);Comedy;2014;8;3,8125;4,0;0,8838834764831844;2014-06-22 18:08:56+00:00;2018-03-07 07:49:07+00:00;1;periodo_2010_2018;avaliacao_media;popularidade_baixa;genero_comedia
111659;Maleficent (2014);Action|Adventure|Children|IMAX;2014;16;2,75;3,0;1,2909944487358056;2015-01-05 22:02:00+00:00;2018-06-25 04:05:54+00:00;4;periodo_2010_2018;avaliacao_baixa;popularidade_media;genero_acao|genero_aventura|genero_infantil|genero_imax
111743;A Million Ways to Die in the West (2014);Comedy|Western;2014;12;2,9583333333333335;3,5;1,1171866722289792;2014-06-22 18:08:50+00:00;2018-07-01 18:56:49+00:00;2;periodo_2010_2018;avaliacao_baixa;popularidade_media;genero_comedia|genero_faroeste
111759;Edge of Tomorrow (2014);Action|Sci-Fi|IMAX;2014;44;3,977272727272727;4,0;0,7149121384831342;2014-06-22 18:05:46+00:00;2018-08-31 09:42:01+00:00;3;periodo_2010_2018;avaliacao_media;popularidade_media;genero_acao|genero_ficcao_cientifica|genero_imax
111781;Mission: Impossible - Rogue Nation (2015);Action|Adventure|Thriller;2015;17;3,6470588235294117;4,0;1,128670482835238;2015-07-24 19:17:20+00:00;2018-09-01 18:44:35+00:00;3;periodo_2010_2018;avaliacao_media;popularidade_media;genero_acao|genero_aventura|genero_suspense
111921;The Fault in Our Stars (2014);Drama|Romance;2014;9;3,388888888888889;3,5;0,8579691784155833;2015-07-01 03:22:41+00:00;2018-09-01 18:42:23+00:00;2;periodo_2010_2018;avaliacao_media;popularidade_baixa;genero_drama|genero_romance
112138;22 Jump Street (2014);Action|Comedy|Crime;2014;19;3,6842105263157894;4,0;0,8029550685469663;2014-07-09 04:45:44+00:00;2018-08-05 17:42:09+00:00;3;periodo_2010_2018;avaliacao_media;popularidade_media;genero_acao|genero_comedia|genero_crime
112171;Equalizer, The (2014);Action|Crime|Thriller;2014;9;3,2777777777777777;3,5;0,7546154281781181;2015-05-02 20:09:24+00:00;2018-01-06 14:47:48+00:00;3;periodo_2010_2018;avaliacao_media;popularidade_baixa;genero_acao|genero_crime|genero_suspense
112175;How to Train Your Dragon 2 (2014);Action|Adventure|Animation;2014;15;3,7666666666666666;3,5;0,8632717389316616;2014-09-04 11:00:17+00:00;2018-05-22 00:20:47+00:00;3;periodo_2010_2018;avaliacao_media;popularidade_media;genero_acao|genero_aventura|genero_animacao
112183;Birdman: Or (The Unexpected Virtue of Ignorance) (2014);Comedy|Drama;2014;26;3,3461538461538463;3,5;1,2146541134761843;2015-01-30 18:00:03+00:00;2018-08-11 00:56:08+00:00;2;periodo_2010_2018;avaliacao_media;popularidade_media;genero_comedia|genero_drama
112290;Boyhood (2014);Drama;2014;17;3,823529411764706;4,0;1,1172116024755034;2015-01-30 18:00:05+00:00;2018-09-16 12:00:56+00:00;1;periodo_2010_2018;avaliacao_media;popularidade_media;genero_drama
112552;Whiplash (2014);Drama;2014;38;4,0394736842105265;4,0;0,8572550390586605;2015-02-21 02:48:17+00:00;2018-09-17 04:21:25+00:00;1;periodo_2010_2018;avaliacao_alta;popularidade_media;genero_drama
112556;Gone Girl (2014);Drama|Thriller;2014;37;3,7162162162162162;4,0;0,8782917490198779;2015-01-25 07:45:07+00:00;2018-09-17 04:19:50+00:00;2;periodo_2010_2018;avaliacao_media;popularidade_media;genero_drama|genero_suspense
112623;Dawn of the Planet of the Apes (2014);Sci-Fi;2014;15;3,433333333333333;4,0;1,0834249045547752;2014-08-12 21:53:21+00:00;2018-05-02 19:16:24+00:00;1;periodo_2010_2018;avaliacao_media;popularidade_media;genero_ficcao_cientifica
112788;Sex Tape (2014);Comedy;2014;5;2,6;2,5;0,7416198487095663;2015-07-26 19:34:01+00:00;2018-01-17 02:27:37+00:00;1;periodo_2010_2018;avaliacao_baixa;popularidade_baixa;genero_comedia
112818;Purge: Anarchy, The (2014);Action|Horror|Thriller;2014;5;3,3;3,0;1,0954451150103321;2015-09-05 19:39:18+00:00;2017-05-03 21:52:34+00:00;3;periodo_2010_2018;avaliacao_media;popularidade_baixa;genero_acao|genero_terror|genero_suspense
112852;Guardians of the Galaxy (2014);Action|Adventure|Sci-Fi;2014;59;4,0508474576271185;4,0;0,8392058810639919;2014-09-15 11:15:36+00:00;2018-09-17 04:18:01+00:00;3;periodo_2010_2018;avaliacao_alta;popularidade_alta;genero_acao|genero_aventura|genero_ficcao_cientifica
113378;Giver, The (2014);Drama|Sci-Fi;2014;5;2,3;2,0;1,4832396974191326;2015-09-06 18:08:49+00:00;2018-05-02 19:29:42+00:00;2;periodo_2010_2018;avaliacao_baixa;popularidade_baixa;genero_drama|genero_ficcao_cientifica
113453;Let's Be Cops (2014);Comedy|Crime;2014;5;3,1;3,0;0,6519202405202649;2015-09-26 10:36:40+00:00;2018-03-07 07:47:24+00:00;2;periodo_2010_2018;avaliacao_media;popularidade_baixa;genero_comedia|genero_crime
114180;Maze Runner, The (2014);Action|Mystery|Sci-Fi;2014;16;2,9375;3,0;0,9979144919948469;2014-09-26 23:51:30+00:00;2018-09-16 12:05:20+00:00;3;periodo_2010_2018;avaliacao_baixa;popularidade_media;genero_acao|genero_misterio|genero_ficcao_cientifica
114662;American Sniper (2014);Action|War;2014;15;3,8;4,0;0,8409178658720822;2015-04-30 03:37:45+00:00;2018-09-16 12:06:10+00:00;2;periodo_2010_2018;avaliacao_media;popularidade_media;genero_acao|genero_guerra
114935;Predestination (2014);Action|Mystery|Sci-Fi|Thriller;2014;10;3,9;4,0;0,875595035770913;2015-07-19 14:44:52+00:00;2018-09-16 12:04:54+00:00;4;periodo_2010_2018;avaliacao_media;popularidade_media;genero_acao|genero_misterio|genero_ficcao_cientifica|genero_suspense
115149;John Wick (2014);Action|Thriller;2014;29;3,8448275862068964;4,0;0,9552808887205269;2015-04-30 03:40:05+00:00;2018-08-31 09:59:16+00:00;2;periodo_2010_2018;avaliacao_media;popularidade_media;genero_acao|genero_suspense
115210;Fury (2014);Action|Drama|War;2014;13;3,769230769230769;4,0;0,7803680919760616;2015-08-13 22:31:04+00:00;2018-03-27 22:43:10+00:00;3;periodo_2010_2018;avaliacao_media;popularidade_media;genero_acao|genero_drama|genero_guerra
115569;Nightcrawler (2014);Crime|Drama|Thriller;2014;18;4,166666666666667;4,25;0,568796458994521;2015-01-30 18:00:25+00:00;2018-07-03 17:03:58+00:00;3;periodo_2010_2018;avaliacao_alta;popularidade_media;genero_crime|genero_drama|genero_suspense
115617;Big Hero 6 (2014);Action|Animation|Comedy;2014;41;3,8536585365853657;4,0;0,9099718569757006;2015-01-25 22:35:01+00:00;2018-08-31 09:43:06+00:00;3;periodo_2010_2018;avaliacao_media;popularidade_media;genero_acao|genero_animacao|genero_comedia
115713;Ex Machina (2015);Drama|Sci-Fi|Thriller;2015;28;3,9107142857142856;4,5;1,178932123737814;2015-05-22 13:18:30+00:00;2018-09-17 04:20:30+00:00;3;periodo_2010_2018;avaliacao_media;popularidade_media;genero_drama|genero_ficcao_cientifica|genero_suspense
116797;The Imitation Game (2014);Drama|Thriller|War;2014;50;4,02;4,0;0,7281511392785519;2015-01-04 15:11:22+00:00;2018-09-17 04:17:47+00:00;3;periodo_2010_2018;avaliacao_alta;popularidade_alta;genero_drama|genero_suspense|genero_guerra
116799;Inherent Vice (2014);Comedy|Crime|Drama|Mystery|Romance;2014;6;3,6666666666666665;4,0;0,752772652709081;2015-03-29 15:48:00+00:00;2017-06-27 01:36:36+00:00;5;periodo_2010_2018;avaliacao_media;popularidade_baixa;genero_comedia|genero_crime|genero_drama|genero_misterio|genero_romance
116823;The Hunger Games: Mockingjay - Part 1 (2014);Adventure|Sci-Fi|Thriller;2014;23;3,869565217391304;4,0;0,6434528891483506;2015-01-02 22:07:11+00:00;2018-08-30 11:11:39+00:00;3;periodo_2010_2018;avaliacao_media;popularidade_media;genero_aventura|genero_ficcao_cientifica|genero_suspense
116897;Wild Tales (2014);Comedy|Drama|Thriller;2014;10;4,25;4,5;0,7905694150420949;2015-07-20 08:43:04+00:00;2018-06-04 22:54:01+00:00;3;periodo_2010_2018;avaliacao_alta;popularidade_media;genero_comedia|genero_drama|genero_suspense
117176;The Theory of Everything (2014);Drama|Romance;2014;17;3,7058823529411766;4,0;0,884922728431199;2015-01-30 18:00:37+00:00;2018-07-24 18:45:17+00:00;2;periodo_2010_2018;avaliacao_media;popularidade_media;genero_drama|genero_romance
117529;Jurassic World (2015);Action|Adventure|Drama|Sci-Fi|Thriller;2015;23;3,260869565217391;3,5;0,8239258188336566;2015-07-04 07:47:09+00:00;2018-05-22 00:19:55+00:00;5;periodo_2010_2018;avaliacao_media;popularidade_media;genero_acao|genero_aventura|genero_drama|genero_ficcao_cientifica|genero_suspense
117590;Horrible Bosses 2 (2014);Comedy|Crime;2014;11;3,6363636363636362;4,0;0,8090398349558905;2014-12-28 19:16:46+00:00;2018-08-11 02:20:35+00:00;2;periodo_2010_2018;avaliacao_media;popularidade_media;genero_comedia|genero_crime
117851;Penguins of Madagascar (2014);Adventure|Animation|Children|Comedy;2014;5;3,7;3,5;0,758287544405155;2014-12-28 19:16:58+00:00;2018-06-25 04:07:24+00:00;4;periodo_2010_2018;avaliacao_media;popularidade_baixa;genero_aventura|genero_animacao|genero_infantil|genero_comedia
117881;Still Alice (2014);Drama;2014;5;3,8;4,0;0,5700877125495689;2015-07-02 02:17:16+00:00;2018-05-05 20:05:12+00:00;1;periodo_2010_2018;avaliacao_media;popularidade_baixa;genero_drama
117895;Maze Runner: Scorch Trials (2015);Action|Thriller;2015;6;1,8333333333333333;1,75;1,1690451944500122;2015-12-21 06:52:13+00:00;2018-09-16 14:16:37+00:00;2;periodo_2010_2018;avaliacao_baixa;popularidade_baixa;genero_acao|genero_suspense
118696;The Hobbit: The Battle of the Five Armies (2014);Adventure|Fantasy;2014;18;3,4166666666666665;3,25;1,0880365478290537;2015-03-14 19:34:49+00:00;2018-06-25 04:05:13+00:00;2;periodo_2010_2018;avaliacao_media;popularidade_media;genero_aventura|genero_fantasia
118900;Wild (2014);Drama;2014;5;2,9;3,5;1,3874436925511608;2015-11-21 03:28:37+00:00;2017-01-01 18:18:04+00:00;1;periodo_2010_2018;avaliacao_baixa;popularidade_baixa;genero_drama
118997;Into the Woods (2014);Children|Comedy|Fantasy|Musical;2014;5;2,8;2,5;1,2549900398011133;2015-07-04 09:00:41+00:00;2018-08-15 08:20:09+00:00;4;periodo_2010_2018;avaliacao_baixa;popularidade_baixa;genero_infantil|genero_comedia|genero_fantasia|genero_musical
119141;The Interview (2014);Action|Comedy;2014;12;3,4583333333333335;3,5;1,1766349038549286;2014-12-28 19:12:19+00:00;2018-05-05 21:18:43+00:00;2;periodo_2010_2018;avaliacao_media;popularidade_media;genero_acao|genero_comedia
119145;Kingsman: The Secret Service (2015);Action|Adventure|Comedy|Crime;2015;36;3,986111111111111;4,0;0,7971924943298658;2015-02-24 04:52:19+00:00;2018-09-17 04:23:34+00:00;4;periodo_2010_2018;avaliacao_media;popularidade_media;genero_acao|genero_aventura|genero_comedia|genero_crime
119155;Night at the Museum: Secret of the Tomb (2014);Adventure|Children|Comedy|Fantasy;2014;6;3,5;3,5;0,7071067811865476;2014-12-28 19:14:50+00:00;2018-03-07 07:45:33+00:00;4;periodo_2010_2018;avaliacao_media;popularidade_baixa;genero_aventura|genero_infantil|genero_comedia|genero_fantasia
120466;Chappie (2015);Action|Thriller;2015;10;3,25;3,25;0,8579691784155834;2015-08-23 22:04:15+00:00;2017-11-13 11:39:14+00:00;2;periodo_2010_2018;avaliacao_media;popularidade_media;genero_acao|genero_suspense
120635;Taken 3 (2015);Action|Crime|Thriller;2015;5;2,7;2,0;1,9235384061671346;2015-07-25 21:18:45+00:00;2018-06-25 04:16:18+00:00;3;periodo_2010_2018;avaliacao_baixa;popularidade_baixa;genero_acao|genero_crime|genero_suspense
120799;Terminator Genisys (2015);Action|Adventure|Sci-Fi|Thriller;2015;9;2,5;2,5;0,9354143466934854;2015-06-30 21:37:02+00:00;2018-06-25 04:35:22+00:00;4;periodo_2010_2018;avaliacao_baixa;popularidade_baixa;genero_acao|genero_aventura|genero_ficcao_cientifica|genero_suspense
122882;Mad Max: Fury Road (2015);Action|Adventure|Sci-Fi|Thriller;2015;47;3,8191489361702127;4,0;0,9522600799910159;2015-05-18 17:34:54+00:00;2018-09-17 04:19:33+00:00;4;periodo_2010_2018;avaliacao_media;popularidade_media;genero_acao|genero_aventura|genero_ficcao_cientifica|genero_suspense
122886;Star Wars: Episode VII - The Force Awakens (2015);Action|Adventure|Fantasy|Sci-Fi|IMAX;2015;41;3,8536585365853657;4,0;0,8677838328108014;2015-12-18 18:42:50+00:00;2018-08-31 09:41:33+00:00;5;periodo_2010_2018;avaliacao_media;popularidade_media;genero_acao|genero_aventura|genero_fantasia|genero_ficcao_cientifica|genero_imax
122890;Warcraft (2016);Action|Adventure|Fantasy;2016;6;3,4166666666666665;3,75;0,9703951085339758;2016-07-28 03:51:09+00:00;2018-08-15 08:17:06+00:00;3;periodo_2010_2018;avaliacao_media;popularidade_baixa;genero_acao|genero_aventura|genero_fantasia
122892;Avengers: Age of Ultron (2015);Action|Adventure|Sci-Fi;2015;27;3,5185185185185186;3,5;1,0695207542982248;2015-05-01 12:20:13+00:00;2018-09-16 12:07:39+00:00;3;periodo_2010_2018;avaliacao_media;popularidade_media;genero_acao|genero_aventura|genero_ficcao_cientifica
122898;Justice League (2017);Action|Adventure|Sci-Fi;2017;6;2,5;2,5;1,2649110640673518;2017-12-25 22:14:28+00:00;2018-09-16 14:55:36+00:00;3;periodo_2010_2018;avaliacao_baixa;popularidade_baixa;genero_acao|genero_aventura|genero_ficcao_cientifica
122900;Ant-Man (2015);Action|Adventure|Sci-Fi;2015;27;3,7222222222222223;3,5;0,7637626158259733;2015-11-29 18:28:56+00:00;2018-09-16 12:10:57+00:00;3;periodo_2010_2018;avaliacao_media;popularidade_media;genero_acao|genero_aventura|genero_ficcao_cientifica
122902;Fantastic Four (2015);Action|Adventure|Fantasy|Sci-Fi;2015;5;2,1;2,0;0,7416198487095663;2016-01-19 02:17:39+00:00;2018-08-31 10:32:54+00:00;4;periodo_2010_2018;avaliacao_baixa;popularidade_baixa;genero_acao|genero_aventura|genero_fantasia|genero_ficcao_cientifica
122904;Deadpool (2016);Action|Adventure|Comedy|Sci-Fi;2016;54;3,8333333333333335;4,0;1,0506062939587122;2016-02-28 20:38:10+00:00;2018-09-17 04:19:21+00:00;4;periodo_2010_2018;avaliacao_media;popularidade_alta;genero_acao|genero_aventura|genero_comedia|genero_ficcao_cientifica
122906;Black Panther (2017);Action|Adventure|Sci-Fi;2017;11;3,727272727272727;4,0;1,1481209945740989;2018-05-02 18:21:35+00:00;2018-09-22 16:04:53+00:00;3;periodo_2010_2018;avaliacao_media;popularidade_media;genero_acao|genero_aventura|genero_ficcao_cientifica
122912;Avengers: Infinity War - Part I (2018);Action|Adventure|Sci-Fi;2018;13;4,0;4,5;1,1547005383792515;2018-05-02 17:27:27+00:00;2018-09-16 15:00:34+00:00;3;periodo_2010_2018;avaliacao_alta;popularidade_media;genero_acao|genero_aventura|genero_ficcao_cientifica
122916;Thor: Ragnarok (2017);Action|Adventure|Sci-Fi;2017;20;4,025;4,5;0,9797287487119236;2017-10-30 22:48:57+00:00;2018-09-22 16:04:40+00:00;3;periodo_2010_2018;avaliacao_alta;popularidade_media;genero_acao|genero_aventura|genero_ficcao_cientifica
122918;Guardians of the Galaxy 2 (2017);Action|Adventure|Sci-Fi;2017;27;3,925925925925926;4,0;0,8515111420710976;2017-05-14 18:07:19+00:00;2018-09-16 14:49:39+00:00;3;periodo_2010_2018;avaliacao_media;popularidade_media;genero_acao|genero_aventura|genero_ficcao_cientifica
122920;Captain America: Civil War (2016);Action|Sci-Fi|Thriller;2016;22;3,6136363636363638;3,5;0,8441933058620743;2016-05-08 22:34:41+00:00;2018-09-16 14:22:59+00:00;3;periodo_2010_2018;avaliacao_media;popularidade_media;genero_acao|genero_ficcao_cientifica|genero_suspense
122922;Doctor Strange (2016);Action|Adventure|Sci-Fi;2016;22;3,7045454545454546;4,0;0,9342566552267626;2016-12-03 18:29:19+00:00;2018-09-16 14:30:47+00:00;3;periodo_2010_2018;avaliacao_media;popularidade_media;genero_acao|genero_aventura|genero_ficcao_cientifica
122924;X-Men: Apocalypse (2016);Action|Adventure|Fantasy|Sci-Fi;2016;14;3,0714285714285716;3,25;1,2535663410560176;2016-05-22 14:56:24+00:00;2018-08-31 10:32:19+00:00;4;periodo_2010_2018;avaliacao_media;popularidade_media;genero_acao|genero_aventura|genero_fantasia|genero_ficcao_cientifica
122926;Untitled Spider-Man Reboot (2017);Action|Adventure|Fantasy;2017;16;4,15625;4,0;0,5691733772176394;2017-07-13 08:49:06+00:00;2018-09-16 14:51:09+00:00;3;periodo_2010_2018;avaliacao_alta;popularidade_media;genero_acao|genero_aventura|genero_fantasia
126548;The DUFF (2015);Comedy;2015;6;3,25;3,0;1,036822067666386;2015-09-10 00:28:53+00:00;2018-01-17 01:45:50+00:00;1;periodo_2010_2018;avaliacao_media;popularidade_baixa;genero_comedia
127198;Dope (2015);Comedy|Drama;2015;6;3,5833333333333335;3,75;0,7359800721939873;2016-03-22 08:17:49+00:00;2017-05-08 19:51:08+00:00;2;periodo_2010_2018;avaliacao_media;popularidade_baixa;genero_comedia|genero_drama
127202;Me and Earl and the Dying Girl (2015);Drama;2015;6;3,75;4,0;0,6123724356957946;2015-11-08 16:23:30+00:00;2017-03-21 16:53:33+00:00;1;periodo_2010_2018;avaliacao_media;popularidade_baixa;genero_drama
128360;The Hateful Eight (2015);Western;2015;18;3,75;3,75;0,7524469885568253;2016-01-09 22:46:31+00:00;2018-08-11 00:56:13+00:00;1;periodo_2010_2018;avaliacao_media;popularidade_media;genero_faroeste
128520;The Wedding Ringer (2015);Comedy;2015;5;3,8;3,5;1,151086443322134;2015-12-15 20:11:55+00:00;2018-03-07 07:48:21+00:00;1;periodo_2010_2018;avaliacao_media;popularidade_baixa;genero_comedia
128620;Victoria (2015);Crime|Drama|Romance;2015;5;3,9;3,5;0,6519202405202649;2015-11-28 20:23:23+00:00;2018-02-09 09:22:12+00:00;3;periodo_2010_2018;avaliacao_media;popularidade_baixa;genero_crime|genero_drama|genero_romance
129354;Focus (2015);Comedy|Crime|Drama|Romance;2015;10;3,25;3,25;1,2747548783981961;2015-03-09 09:43:29+00:00;2018-05-18 20:05:01+00:00;4;periodo_2010_2018;avaliacao_media;popularidade_media;genero_comedia|genero_crime|genero_drama|genero_romance
130490;Insurgent (2015);Action|Sci-Fi|Thriller;2015;6;2,8333333333333335;3,0;1,5055453054181622;2015-05-03 01:32:12+00:00;2018-05-02 19:39:30+00:00;3;periodo_2010_2018;avaliacao_baixa;popularidade_baixa;genero_acao|genero_ficcao_cientifica|genero_suspense
130520;Home (2015);Adventure|Animation|Children|Comedy|Fantasy|Sci-Fi;2015;8;3,25;3,5;1,224744871391589;2015-08-01 18:09:52+00:00;2018-06-25 04:11:37+00:00;6;periodo_2010_2018;avaliacao_media;popularidade_baixa;genero_aventura|genero_animacao|genero_infantil|genero_comedia|genero_fantasia|genero_ficcao_cientifica
130634;Furious 7 (2015);Action|Crime|Thriller;2015;6;2,75;3,25;1,6355427233796125;2016-04-04 16:39:56+00:00;2018-01-05 14:36:19+00:00;3;periodo_2010_2018;avaliacao_baixa;popularidade_baixa;genero_acao|genero_crime|genero_suspense
131013;Get Hard (2015);Comedy|Crime;2015;8;3,125;3,25;1,1259916264596033;2016-02-22 13:29:57+00:00;2018-03-07 07:48:28+00:00;2;periodo_2010_2018;avaliacao_media;popularidade_baixa;genero_comedia|genero_crime
132046;Tomorrowland (2015);Action|Adventure|Children|Mystery|Sci-Fi;2015;7;2,5;2,5;1,4719601443879744;2015-08-28 14:56:34+00:00;2017-05-03 21:29:21+00:00;5;periodo_2010_2018;avaliacao_baixa;popularidade_baixa;genero_acao|genero_aventura|genero_infantil|genero_misterio|genero_ficcao_cientifica
133419;Pitch Perfect 2 (2015);Comedy;2015;9;3,4444444444444446;3,5;0,8079466429027216;2015-07-04 08:19:01+00:00;2018-02-11 20:18:34+00:00;1;periodo_2010_2018;avaliacao_media;popularidade_baixa;genero_comedia
133771;The Lobster (2015);Comedy|Romance|Sci-Fi;2015;7;4,0;4,0;0,7071067811865476;2016-05-22 17:01:03+00:00;2018-05-05 21:58:31+00:00;3;periodo_2010_2018;avaliacao_alta;popularidade_baixa;genero_comedia|genero_romance|genero_ficcao_cientifica
134130;The Martian (2015);Adventure|Drama|Sci-Fi;2015;48;4,0;4,0;0,5742710457985443;2015-10-19 09:23:49+00:00;2018-09-17 04:17:44+00:00;3;periodo_2010_2018;avaliacao_alta;popularidade_media;genero_aventura|genero_drama|genero_ficcao_cientifica
134170;Kung Fury (2015);Action|Comedy|Fantasy|Sci-Fi;2015;7;3,7142857142857144;4,0;0,6986381310057719;2015-11-04 04:20:01+00:00;2018-05-02 17:51:14+00:00;4;periodo_2010_2018;avaliacao_media;popularidade_baixa;genero_acao|genero_comedia|genero_fantasia|genero_ficcao_cientifica
134368;Spy (2015);Action|Comedy|Crime;2015;16;3,6875;3,75;0,963932916061417;2015-07-15 19:40:06+00:00;2018-02-11 20:17:08+00:00;3;periodo_2010_2018;avaliacao_media;popularidade_media;genero_acao|genero_comedia|genero_crime
134393;Trainwreck (2015);Comedy|Romance;2015;10;3,2;3,5;1,1595018087284057;2015-08-16 19:07:41+00:00;2018-02-11 20:19:33+00:00;2;periodo_2010_2018;avaliacao_media;popularidade_media;genero_comedia|genero_romance
134853;Inside Out (2015);Adventure|Animation|Children|Comedy|Drama|Fantasy;2015;43;3,813953488372093;4,0;0,9821214635745071;2015-08-18 21:19:51+00:00;2018-08-31 09:58:10+00:00;6;periodo_2010_2018;avaliacao_media;popularidade_media;genero_aventura|genero_animacao|genero_infantil|genero_comedia|genero_drama|genero_fantasia
135133;The Hunger Games: Mockingjay - Part 2 (2015);Adventure|Sci-Fi;2015;10;3,7;4,0;0,8881941729649485;2016-01-06 03:43:31+00:00;2018-08-18 11:34:43+00:00;2;periodo_2010_2018;avaliacao_media;popularidade_media;genero_aventura|genero_ficcao_cientifica
135137;Pixels (2015);Action|Comedy|Sci-Fi;2015;6;2,5833333333333335;2,75;1,0206207261596574;2016-05-14 16:18:43+00:00;2018-05-02 19:30:36+00:00;3;periodo_2010_2018;avaliacao_baixa;popularidade_baixa;genero_acao|genero_comedia|genero_ficcao_cientifica
135143;Fantastic Beasts and Where to Find Them (2016);Fantasy;2016;14;3,6785714285714284;4,0;0,7495419846901084;2016-12-03 18:29:15+00:00;2018-08-30 11:10:21+00:00;1;periodo_2010_2018;avaliacao_media;popularidade_media;genero_fantasia
135436;The Secret Life of Pets (2016);Animation|Comedy;2016;7;3,0714285714285716;3,5;0,9759000729485332;2016-10-01 22:45:05+00:00;2018-06-25 04:09:52+00:00;2;periodo_2010_2018;avaliacao_media;popularidade_baixa;genero_animacao|genero_comedia
135536;Suicide Squad (2016);Action|Crime|Sci-Fi;2016;12;2,9166666666666665;3,0;0,996204919895622;2016-08-05 16:53:42+00:00;2018-09-16 14:26:18+00:00;3;periodo_2010_2018;avaliacao_baixa;popularidade_media;genero_acao|genero_crime|genero_ficcao_cientifica
135569;Star Trek Beyond (2016);Action|Adventure|Sci-Fi;2016;15;3,466666666666667;3,5;0,7187952884282607;2016-07-20 21:37:37+00:00;2018-08-31 10:00:26+00:00;3;periodo_2010_2018;avaliacao_media;popularidade_media;genero_acao|genero_aventura|genero_ficcao_cientifica
135861;Ted 2 (2015);Comedy;2015;9;2,7777777777777777;3,0;1,4166666666666665;2015-07-15 19:39:05+00:00;2018-01-17 01:24:46+00:00;1;periodo_2010_2018;avaliacao_baixa;popularidade_baixa;genero_comedia
135887;Minions (2015);Adventure|Animation|Children|Comedy;2015;15;3,1666666666666665;3,5;1,2770874601813225;2015-07-15 19:38:44+00:00;2018-08-07 18:41:15+00:00;4;periodo_2010_2018;avaliacao_media;popularidade_media;genero_aventura|genero_animacao|genero_infantil|genero_comedia
136020;Spectre (2015);Action|Adventure|Crime;2015;17;3,0588235294117645;3,0;1,3679632778008937;2016-01-06 03:43:49+00:00;2018-05-02 19:29:04+00:00;3;periodo_2010_2018;avaliacao_media;popularidade_media;genero_acao|genero_aventura|genero_crime
136562;Steve Jobs (2015);Drama;2015;6;3,75;3,5;0,8215838362577492;2016-03-22 08:18:08+00:00;2018-09-16 14:16:07+00:00;1;periodo_2010_2018;avaliacao_media;popularidade_baixa;genero_drama
136598;Vacation (2015);Adventure|Comedy;2015;6;3,4166666666666665;3,75;1,2416387021459452;2016-03-28 20:11:56+00:00;2018-01-17 01:45:20+00:00;2;periodo_2010_2018;avaliacao_media;popularidade_baixa;genero_aventura|genero_comedia
136864;Batman v Superman: Dawn of Justice (2016);Action|Adventure|Fantasy|Sci-Fi;2016;16;2,34375;2,0;1,0119082632992642;2016-03-24 19:22:38+00:00;2018-09-16 14:22:40+00:00;4;periodo_2010_2018;avaliacao_baixa;popularidade_media;genero_acao|genero_aventura|genero_fantasia|genero_ficcao_cientifica
137857;The Jungle Book (2016);Adventure|Drama|Fantasy;2016;11;3,6363636363636362;3,5;0,8090398349558905;2016-04-23 23:30:55+00:00;2018-04-06 21:06:58+00:00;3;periodo_2010_2018;avaliacao_media;popularidade_media;genero_aventura|genero_drama|genero_fantasia
138036;The Man from U.N.C.L.E. (2015);Action|Adventure|Comedy;2015;18;3,4722222222222223;3,5;0,9151056226761994;2015-11-15 09:33:50+00:00;2018-08-31 10:02:19+00:00;3;periodo_2010_2018;avaliacao_media;popularidade_media;genero_acao|genero_aventura|genero_comedia
138210;13 Hours (2016);Drama;2016;5;3,3;3,5;1,2549900398011131;2016-11-22 17:16:03+00:00;2018-02-25 09:34:38+00:00;1;periodo_2010_2018;avaliacao_media;popularidade_baixa;genero_drama
139385;The Revenant (2015);Adventure|Drama;2015;31;3,903225806451613;4,0;1,0521355650826691;2016-03-22 08:19:21+00:00;2018-07-14 23:38:29+00:00;2;periodo_2010_2018;avaliacao_media;popularidade_media;genero_aventura|genero_drama
139642;Southpaw (2015);Action|Drama;2015;6;2,8333333333333335;3,25;1,3662601021279464;2015-08-28 14:57:26+00:00;2017-09-10 19:53:49+00:00;2;periodo_2010_2018;avaliacao_baixa;popularidade_baixa;genero_acao|genero_drama
139644;Sicario (2015);Crime|Drama|Mystery;2015;11;3,5454545454545454;3,5;0,7229988054812212;2016-03-22 08:17:29+00:00;2018-09-01 18:31:50+00:00;3;periodo_2010_2018;avaliacao_media;popularidade_media;genero_crime|genero_drama|genero_misterio
140110;The Intern (2015);Comedy;2015;13;3,6538461538461537;4,0;1,0284416890093029;2016-02-13 09:46:16+00:00;2018-05-19 20:48:42+00:00;1;periodo_2010_2018;avaliacao_media;popularidade_media;genero_comedia
140174;Room (2015);Drama;2015;8;3,5625;3,75;0,9797047660246574;2016-04-28 17:46:44+00:00;2018-05-05 19:45:27+00:00;1;periodo_2010_2018;avaliacao_media;popularidade_baixa;genero_drama
140711;American Ultra (2015);Action|Comedy|Sci-Fi|Thriller;2015;6;2,6666666666666665;3,25;1,3662601021279464;2015-11-17 00:22:32+00:00;2018-03-07 07:49:19+00:00;4;periodo_2010_2018;avaliacao_baixa;popularidade_baixa;genero_acao|genero_comedia|genero_ficcao_cientifica|genero_suspense
140715;Straight Outta Compton (2015);Drama;2015;7;4,214285714285714;4,0;0,48795003647426655;2015-08-28 14:56:57+00:00;2018-05-05 23:29:16+00:00;1;periodo_2010_2018;avaliacao_alta;popularidade_baixa;genero_drama
140928;Joy (2015);Comedy|Drama;2015;5;3,2;3,0;0,8366600265340756;2016-09-01 02:43:07+00:00;2017-12-25 22:11:58+00:00;2;periodo_2010_2018;avaliacao_media;popularidade_baixa;genero_comedia|genero_drama
142448;Everest (2015);Adventure|Drama|Thriller;2015;6;3,0833333333333335;3,0;0,8010409893798611;2016-04-08 16:50:42+00:00;2018-05-23 20:46:08+00:00;3;periodo_2010_2018;avaliacao_media;popularidade_baixa;genero_aventura|genero_drama|genero_suspense
142488;Spotlight (2015);Thriller;2015;19;4,157894736842105;4,5;0,7274886707584327;2016-02-16 17:53:18+00:00;2018-09-16 14:14:44+00:00;1;periodo_2010_2018;avaliacao_alta;popularidade_media;genero_suspense
143355;Wonder Woman (2017);Action|Adventure|Fantasy;2017;13;3,3076923076923075;3,5;1,0315534712764842;2017-06-24 05:56:47+00:00;2018-09-16 14:50:41+00:00;3;periodo_2010_2018;avaliacao_media;popularidade_media;genero_acao|genero_aventura|genero_fantasia
143385;Bridge of Spies (2015);Drama|Thriller;2015;8;3,4375;4,0;1,050085030570654;2016-01-06 03:44:44+00:00;2018-05-02 19:30:05+00:00;2;periodo_2010_2018;avaliacao_media;popularidade_baixa;genero_drama|genero_suspense
143859;Hail, Caesar! (2016);Comedy;2016;8;2,8125;3,0;1,032939633141398;2016-02-22 05:01:27+00:00;2018-01-17 01:27:03+00:00;1;periodo_2010_2018;avaliacao_baixa;popularidade_baixa;genero_comedia
146656;Creed (2015);Drama;2015;8;3,75;3,5;0,6546536707079771;2016-02-16 17:55:43+00:00;2018-05-02 18:39:34+00:00;1;periodo_2010_2018;avaliacao_media;popularidade_baixa;genero_drama
148626;Big Short, The (2015);Drama;2015;26;3,9615384615384617;4,0;0,8114564304148059;2015-12-31 11:47:20+00:00;2018-09-20 19:10:12+00:00;1;periodo_2010_2018;avaliacao_media;popularidade_media;genero_drama
149352;Daddy's Home (2015);Comedy;2015;6;2,6666666666666665;3,0;1,4375905768565216;2016-05-02 18:43:31+00:00;2018-03-07 07:48:15+00:00;1;periodo_2010_2018;avaliacao_baixa;popularidade_baixa;genero_comedia
149354;Sisters (2015);Children|Comedy;2015;7;2,5;2,0;1,2583057392117916;2016-05-25 17:40:38+00:00;2018-01-17 01:52:10+00:00;2;periodo_2010_2018;avaliacao_baixa;popularidade_baixa;genero_infantil|genero_comedia
149406;Kung Fu Panda 3 (2016);Action|Adventure|Animation;2016;8;3,375;3,5;1,026436275942851;2016-11-19 07:58:15+00:00;2018-09-01 18:42:58+00:00;3;periodo_2010_2018;avaliacao_media;popularidade_baixa;genero_acao|genero_aventura|genero_animacao
150548;Sherlock: The Abominable Bride (2016);Action|Crime|Drama|Mystery|Thriller;2016;10;3,85;4,0;1,2258783698955529;2016-02-18 20:55:26+00:00;2018-08-31 09:58:39+00:00;5;periodo_2010_2018;avaliacao_media;popularidade_media;genero_acao|genero_crime|genero_drama|genero_misterio|genero_suspense
152077;10 Cloverfield Lane (2016);Thriller;2016;14;3,6785714285714284;4,0;0,7495419846901084;2016-04-25 05:13:42+00:00;2018-07-24 18:53:18+00:00;1;periodo_2010_2018;avaliacao_media;popularidade_media;genero_suspense
152081;Zootopia (2016);Action|Adventure|Animation|Children|Comedy;2016;32;3,890625;4,0;0,810559096171955;2016-04-22 18:58:37+00:00;2018-08-31 09:58:08+00:00;5;periodo_2010_2018;avaliacao_media;popularidade_media;genero_acao|genero_aventura|genero_animacao|genero_infantil|genero_comedia
156609;Neighbors 2: Sorority Rising (2016);Comedy;2016;5;2,6;3,0;1,4747881203752624;2016-09-18 02:07:33+00:00;2018-01-17 01:48:14+00:00;1;periodo_2010_2018;avaliacao_baixa;popularidade_baixa;genero_comedia
157296;Finding Dory (2016);Adventure|Animation|Comedy;2016;13;3,576923076923077;4,0;0,9540735874430285;2016-10-14 20:50:21+00:00;2018-05-31 19:47:27+00:00;3;periodo_2010_2018;avaliacao_media;popularidade_media;genero_aventura|genero_animacao|genero_comedia
157699;Snowden (2016);Drama|Thriller;2016;6;3,8333333333333335;3,75;0,6055300708194984;2016-12-17 03:31:28+00:00;2018-09-16 14:29:54+00:00;2;periodo_2010_2018;avaliacao_media;popularidade_baixa;genero_drama|genero_suspense
158238;The Nice Guys (2016);Crime|Mystery|Thriller;2016;15;3,8333333333333335;4,0;0,7943251103624893;2016-09-21 02:33:33+00:00;2018-09-20 20:38:13+00:00;3;periodo_2010_2018;avaliacao_media;popularidade_media;genero_crime|genero_misterio|genero_suspense
158872;Sausage Party (2016);Animation|Comedy;2016;7;3,642857142857143;4,0;1,492042384180314;2016-09-17 19:48:53+00:00;2018-01-17 01:25:53+00:00;2;periodo_2010_2018;avaliacao_media;popularidade_baixa;genero_animacao|genero_comedia
158966;Captain Fantastic (2016);Drama;2016;5;4,5;4,5;0,0;2016-09-19 14:30:26+00:00;2018-05-11 22:06:11+00:00;1;periodo_2010_2018;avaliacao_alta;popularidade_baixa;genero_drama
159093;Now You See Me 2 (2016);Action|Comedy|Thriller;2016;11;3,6363636363636362;4,0;0,9770084209183945;2016-08-30 22:24:56+00:00;2018-08-18 11:27:45+00:00;3;periodo_2010_2018;avaliacao_media;popularidade_media;genero_acao|genero_comedia|genero_suspense
159817;Planet Earth (2006);Documentary;2006;7;4,214285714285714;4,5;0,9063269671749657;2016-08-08 17:28:20+00:00;2018-09-16 10:47:49+00:00;1;periodo_2000_2009;avaliacao_alta;popularidade_baixa;genero_documentario
160080;Ghostbusters (2016);Action|Comedy|Horror|Sci-Fi;2016;8;3,125;3,25;0,7440238091428449;2016-10-01 00:51:50+00:00;2018-02-11 20:18:13+00:00;4;periodo_2010_2018;avaliacao_media;popularidade_baixa;genero_acao|genero_comedia|genero_terror|genero_ficcao_cientifica
160438;Jason Bourne (2016);Action;2016;9;2,7222222222222223;2,5;1,0639287779003088;2016-09-08 19:07:31+00:00;2018-08-31 10:02:15+00:00;1;periodo_2010_2018;avaliacao_baixa;popularidade_baixa;genero_acao
160563;The Legend of Tarzan (2016);Action|Adventure;2016;6;3,0833333333333335;3,5;0,6645800679125627;2016-10-19 19:07:23+00:00;2018-01-06 14:32:13+00:00;2;periodo_2010_2018;avaliacao_media;popularidade_baixa;genero_acao|genero_aventura
160980;Sully (2016);Drama;2016;6;3,1666666666666665;3,5;0,752772652709081;2017-02-26 09:28:34+00:00;2018-05-02 19:12:01+00:00;1;periodo_2010_2018;avaliacao_media;popularidade_baixa;genero_drama
161131;War Dogs (2016);Comedy;2016;8;3,625;3,5;0,5824823725107175;2016-11-13 21:07:18+00:00;2018-08-24 21:23:59+00:00;1;periodo_2010_2018;avaliacao_media;popularidade_baixa;genero_comedia
161582;Hell or High Water (2016);Crime|Drama;2016;8;3,5625;4,0;1,3211872366495652;2017-05-03 21:42:39+00:00;2018-05-02 19:39:16+00:00;2;periodo_2010_2018;avaliacao_media;popularidade_baixa;genero_crime|genero_drama
161634;Don't Breathe (2016);Thriller;2016;5;3,3;3,5;0,570087712549569;2016-09-20 23:35:24+00:00;2018-05-02 18:53:56+00:00;1;periodo_2010_2018;avaliacao_media;popularidade_baixa;genero_suspense
162350;The Magnificent Seven (2016);Action|Western;2016;6;3,5833333333333335;3,5;0,6645800679125629;2016-12-21 18:59:41+00:00;2018-08-31 10:01:10+00:00;2;periodo_2010_2018;avaliacao_media;popularidade_baixa;genero_acao|genero_faroeste
162578;Kubo and the Two Strings (2016);Adventure|Animation|Children|Fantasy;2016;6;4,0;4,0;0,7071067811865476;2016-10-27 13:28:53+00:00;2018-05-04 09:39:34+00:00;4;periodo_2010_2018;avaliacao_alta;popularidade_baixa;genero_aventura|genero_animacao|genero_infantil|genero_fantasia
162606;The Accountant (2016);Crime|Drama|Thriller;2016;6;3,0;3,5;1,224744871391589;2017-03-18 00:25:55+00:00;2018-06-25 05:05:50+00:00;3;periodo_2010_2018;avaliacao_media;popularidade_baixa;genero_crime|genero_drama|genero_suspense
163645;Hacksaw Ridge (2016);Drama|War;2016;8;3,9375;4,0;0,6232117273791125;2017-05-14 18:05:05+00:00;2018-09-16 14:29:44+00:00;2;periodo_2010_2018;avaliacao_media;popularidade_baixa;genero_drama|genero_guerra
164179;Arrival (2016);Sci-Fi;2016;26;3,980769230769231;4,0;0,7413604957207962;2016-12-03 18:28:41+00:00;2018-09-17 04:23:54+00:00;1;periodo_2010_2018;avaliacao_media;popularidade_media;genero_ficcao_cientifica
164909;La La Land (2016);Comedy|Drama|Romance;2016;9;3,388888888888889;3,5;1,1395661942647786;2017-02-24 16:27:31+00:00;2018-05-02 19:00:47+00:00;3;periodo_2010_2018;avaliacao_media;popularidade_baixa;genero_comedia|genero_drama|genero_romance
165549;Manchester by the Sea (2016);Drama;2016;5;2,9;3,5;1,5572411502397436;2017-03-15 03:27:51+00:00;2017-12-17 21:33:49+00:00;1;periodo_2010_2018;avaliacao_baixa;popularidade_baixa;genero_drama
166461;Moana (2016);Adventure|Animation|Children|Comedy|Fantasy;2016;10;3,45;4,0;1,3218253372598903;2017-03-08 20:31:39+00:00;2018-06-25 04:01:45+00:00;5;periodo_2010_2018;avaliacao_media;popularidade_media;genero_aventura|genero_animacao|genero_infantil|genero_comedia|genero_fantasia
166528;Rogue One: A Star Wars Story (2016);Action|Adventure|Fantasy|Sci-Fi;2016;27;3,925925925925926;4,0;0,9577989963342608;2016-12-31 14:15:09+00:00;2018-08-30 11:09:46+00:00;4;periodo_2010_2018;avaliacao_media;popularidade_media;genero_acao|genero_aventura|genero_fantasia|genero_ficcao_cientifica
166534;Split (2017);Drama|Horror|Thriller;2017;6;3,3333333333333335;4,0;1,570562531918633;2017-05-03 21:53:22+00:00;2018-05-02 19:04:19+00:00;3;periodo_2010_2018;avaliacao_media;popularidade_baixa;genero_drama|genero_terror|genero_suspense
166635;Passengers (2016);Adventure|Drama|Romance|Sci-Fi;2016;6;3,6666666666666665;3,75;0,40824829046386296;2017-08-08 18:47:12+00:00;2018-05-22 00:05:38+00:00;4;periodo_2010_2018;avaliacao_media;popularidade_baixa;genero_aventura|genero_drama|genero_romance|genero_ficcao_cientifica
166643;Hidden Figures (2016);Drama;2016;10;3,8;4,0;0,8232726023485646;2017-03-15 03:28:00+00:00;2018-06-25 05:04:21+00:00;1;periodo_2010_2018;avaliacao_media;popularidade_media;genero_drama
167746;The Lego Batman Movie (2017);Action|Animation|Comedy;2017;7;3,7142857142857144;4,0;1,349603116263656;2017-04-16 10:39:27+00:00;2018-08-31 10:34:33+00:00;3;periodo_2010_2018;avaliacao_media;popularidade_baixa;genero_acao|genero_animacao|genero_comedia
168248;John Wick: Chapter Two (2017);Action|Crime|Thriller;2017;7;4,142857142857143;4,0;0,7480132415430956;2017-05-03 22:21:31+00:00;2018-04-06 21:06:34+00:00;3;periodo_2010_2018;avaliacao_alta;popularidade_baixa;genero_acao|genero_crime|genero_suspense
168250;Get Out (2017);Horror;2017;15;3,6333333333333333;4,0;0,9722335600245937;2017-02-27 04:26:16+00:00;2018-09-16 14:45:17+00:00;1;periodo_2010_2018;avaliacao_media;popularidade_media;genero_terror
168252;Logan (2017);Action|Sci-Fi;2017;25;4,28;4,5;0,6467869303977418;2017-03-22 19:33:40+00:00;2018-08-30 11:05:59+00:00;2;periodo_2010_2018;avaliacao_alta;popularidade_media;genero_acao|genero_ficcao_cientifica
168418;The Boss Baby (2017);Animation|Children|Comedy;2017;5;3,8;4,0;1,151086443322134;2017-06-24 06:14:40+00:00;2018-06-25 04:17:41+00:00;3;periodo_2010_2018;avaliacao_media;popularidade_baixa;genero_animacao|genero_infantil|genero_comedia
169984;Alien: Covenant (2017);Action|Horror|Sci-Fi|Thriller;2017;5;2,8;2,5;0,9082951062292475;2017-05-13 00:28:58+00:00;2018-08-31 10:02:10+00:00;4;periodo_2010_2018;avaliacao_baixa;popularidade_baixa;genero_acao|genero_terror|genero_ficcao_cientifica|genero_suspense
170705;Band of Brothers (2001);Action|Drama|War;2001;7;4,285714285714286;5,0;0,9940297973880049;2017-07-21 02:40:38+00:00;2018-06-28 01:13:59+00:00;3;periodo_2000_2009;avaliacao_alta;popularidade_baixa;genero_acao|genero_drama|genero_guerra
171011;Planet Earth II (2016);Documentary;2016;5;4,2;4,5;0,9082951062292475;2017-05-31 05:02:09+00:00;2018-09-16 10:47:50+00:00;1;periodo_2010_2018;avaliacao_alta;popularidade_baixa;genero_documentario
171763;Baby Driver (2017);Action|Crime|Thriller;2017;9;4,333333333333333;4,5;0,6123724356957945;2017-07-04 05:08:35+00:00;2018-09-16 14:46:38+00:00;3;periodo_2010_2018;avaliacao_alta;popularidade_baixa;genero_acao|genero_crime|genero_suspense
174055;Dunkirk (2017);Action|Drama|Thriller|War;2017;13;3,423076923076923;4,0;1,1519214716824566;2017-08-03 22:59:24+00:00;2018-09-16 14:51:17+00:00;4;periodo_2010_2018;avaliacao_media;popularidade_media;genero_acao|genero_drama|genero_suspense|genero_guerra
175303;It (2017);Horror;2017;9;3,3333333333333335;3,5;1,25;2017-09-26 03:20:13+00:00;2018-08-10 04:17:44+00:00;1;periodo_2010_2018;avaliacao_media;popularidade_baixa;genero_terror
175569;Wind River (2017);Action|Crime|Mystery|Thriller;2017;5;3,4;4,0;1,1937336386313322;2017-12-19 10:11:53+00:00;2018-07-14 20:01:42+00:00;4;periodo_2010_2018;avaliacao_media;popularidade_baixa;genero_acao|genero_crime|genero_misterio|genero_suspense
176101;Kingsman: The Golden Circle (2017);Action|Adventure|Comedy;2017;8;3,0625;3,25;0,9797047660246572;2017-09-28 10:54:02+00:00;2018-09-16 14:54:05+00:00;3;periodo_2010_2018;avaliacao_media;popularidade_baixa;genero_acao|genero_aventura|genero_comedia
176371;Blade Runner 2049 (2017);Sci-Fi;2017;18;3,8055555555555554;4,0;1,0451412638671906;2017-10-08 22:41:11+00:00;2018-09-16 14:54:43+00:00;1;periodo_2010_2018;avaliacao_media;popularidade_media;genero_ficcao_cientifica
177593;Three Billboards Outside Ebbing, Missouri (2017);Crime|Drama;2017;8;4,75;4,75;0,2672612419124244;2018-01-24 20:35:06+00:00;2018-08-28 15:35:32+00:00;2;periodo_2010_2018;avaliacao_alta;popularidade_baixa;genero_crime|genero_drama
177765;Coco (2017);Adventure|Animation|Children;2017;13;3,5384615384615383;4,0;1,4209964001470126;2018-02-11 05:30:01+00:00;2018-09-22 16:04:17+00:00;3;periodo_2010_2018;avaliacao_media;popularidade_media;genero_aventura|genero_animacao|genero_infantil
179401;Jumanji: Welcome to the Jungle (2017);Action|Adventure|Children;2017;6;3,6666666666666665;4,0;0,6055300708194983;2018-05-31 19:29:59+00:00;2018-09-16 14:58:20+00:00;3;periodo_2010_2018;avaliacao_media;popularidade_baixa;genero_acao|genero_aventura|genero_infantil
179819;Star Wars: The Last Jedi (2017);Action|Adventure|Fantasy|Sci-Fi;2017;12;3,125;3,5;1,5539539012701526;2017-12-18 13:01:33+00:00;2018-09-13 21:05:21+00:00;4;periodo_2010_2018;avaliacao_media;popularidade_media;genero_acao|genero_aventura|genero_fantasia|genero_ficcao_cientifica
180031;The Shape of Water (2017);Adventure|Drama|Fantasy;2017;8;3,6875;3,75;0,37201190457142247;2018-02-10 21:34:53+00:00;2018-09-22 20:56:15+00:00;3;periodo_2010_2018;avaliacao_media;popularidade_baixa;genero_aventura|genero_drama|genero_fantasia
180985;The Greatest Showman (2017);Drama;2017;5;3,0;3,0;1,2747548783981961;2018-05-02 18:21:37+00:00;2018-09-16 14:58:37+00:00;1;periodo_2010_2018;avaliacao_media;popularidade_baixa;genero_drama
183897;Isle of Dogs (2018);Animation|Comedy;2018;5;3,5;3,5;1,2747548783981963;2018-05-02 17:27:41+00:00;2018-09-17 04:13:10+00:00;2;periodo_2010_2018;avaliacao_media;popularidade_baixa;genero_animacao|genero_comedia
187593;Deadpool 2 (2018);Action|Comedy|Sci-Fi;2018;12;3,875;4,0;1,2270622715175534;2018-05-25 18:47:51+00:00;2018-09-18 01:49:54+00:00;3;periodo_2010_2018;avaliacao_media;popularidade_media;genero_acao|genero_comedia|genero_ficcao_cientifica
187595;Solo: A Star Wars Story (2018);Action|Adventure|Children|Sci-Fi;2018;5;3,9;4,0;0,7416198487095663;2018-06-02 22:18:40+00:00;2018-09-23 03:55:46+00:00;4;periodo_2010_2018;avaliacao_media;popularidade_baixa;genero_acao|genero_aventura|genero_infantil|genero_ficcao_cientifica
