movieId;title;transacao_json;quantidade_itens
1;Toy Story (1995);"[""avaliacao_media"", ""genero_animacao"", ""genero_aventura"", ""genero_comedia"", ""genero_fantasia"", ""genero_infantil"", ""periodo_1990_1999"", ""popularidade_alta""]";8
2;Jumanji (1995);"[""avaliacao_media"", ""genero_aventura"", ""genero_fantasia"", ""genero_infantil"", ""periodo_1990_1999"", ""popularidade_alta""]";6
3;Grumpier Old Men (1995);"[""avaliacao_media"", ""genero_comedia"", ""genero_romance"", ""periodo_1990_1999"", ""popularidade_alta""]";5
4;Waiting to Exhale (1995);"[""avaliacao_baixa"", ""genero_comedia"", ""genero_drama"", ""genero_romance"", ""periodo_1990_1999"", ""popularidade_baixa""]";6
5;Father of the Bride Part II (1995);"[""avaliacao_media"", ""genero_comedia"", ""periodo_1990_1999"", ""popularidade_media""]";4
6;Heat (1995);"[""avaliacao_media"", ""genero_acao"", ""genero_crime"", ""genero_suspense"", ""periodo_1990_1999"", ""popularidade_alta""]";6
7;Sabrina (1995);"[""avaliacao_media"", ""genero_comedia"", ""genero_romance"", ""periodo_1990_1999"", ""popularidade_alta""]";5
8;Tom and Huck (1995);"[""avaliacao_baixa"", ""genero_aventura"", ""genero_infantil"", ""periodo_1990_1999"", ""popularidade_baixa""]";5
9;Sudden Death (1995);"[""avaliacao_media"", ""genero_acao"", ""periodo_1990_1999"", ""popularidade_media""]";4
10;GoldenEye (1995);"[""avaliacao_media"", ""genero_acao"", ""genero_aventura"", ""genero_suspense"", ""periodo_1990_1999"", ""popularidade_alta""]";6
11;American President, The (1995);"[""avaliacao_media"", ""genero_comedia"", ""genero_drama"", ""genero_romance"", ""periodo_1990_1999"", ""popularidade_alta""]";6
12;Dracula: Dead and Loving It (1995);"[""avaliacao_baixa"", ""genero_comedia"", ""genero_terror"", ""periodo_1990_1999"", ""popularidade_media""]";5
13;Balto (1995);"[""avaliacao_media"", ""genero_animacao"", ""genero_aventura"", ""genero_infantil"", ""periodo_1990_1999"", ""popularidade_baixa""]";6
14;Nixon (1995);"[""avaliacao_media"", ""genero_drama"", ""periodo_1990_1999"", ""popularidade_media""]";4
15;Cutthroat Island (1995);"[""avaliacao_media"", ""genero_acao"", ""genero_aventura"", ""genero_romance"", ""periodo_1990_1999"", ""popularidade_media""]";6
16;Casino (1995);"[""avaliacao_media"", ""genero_crime"", ""genero_drama"", ""periodo_1990_1999"", ""popularidade_alta""]";5
17;Sense and Sensibility (1995);"[""avaliacao_media"", ""genero_drama"", ""genero_romance"", ""periodo_1990_1999"", ""popularidade_alta""]";5
18;Four Rooms (1995);"[""avaliacao_media"", ""genero_comedia"", ""periodo_1990_1999"", ""popularidade_media""]";4
19;Ace Ventura: When Nature Calls (1995);"[""avaliacao_baixa"", ""genero_comedia"", ""periodo_1990_1999"", ""popularidade_alta""]";4
20;Money Train (1995);"[""avaliacao_baixa"", ""genero_acao"", ""genero_comedia"", ""genero_crime"", ""genero_drama"", ""genero_suspense"", ""periodo_1990_1999"", ""popularidade_media""]";8
21;Get Shorty (1995);"[""avaliacao_media"", ""genero_comedia"", ""genero_crime"", ""genero_suspense"", ""periodo_1990_1999"", ""popularidade_alta""]";6
22;Copycat (1995);"[""avaliacao_media"", ""genero_crime"", ""genero_drama"", ""genero_misterio"", ""genero_suspense"", ""genero_terror"", ""periodo_1990_1999"", ""popularidade_media""]";8
23;Assassins (1995);"[""avaliacao_media"", ""genero_acao"", ""genero_crime"", ""genero_suspense"", ""periodo_1990_1999"", ""popularidade_media""]";6
24;Powder (1995);"[""avaliacao_media"", ""genero_drama"", ""genero_ficcao_cientifica"", ""periodo_1990_1999"", ""popularidade_media""]";5
25;Leaving Las Vegas (1995);"[""avaliacao_media"", ""genero_drama"", ""genero_romance"", ""periodo_1990_1999"", ""popularidade_alta""]";5
26;Othello (1995);"[""avaliacao_media"", ""genero_drama"", ""periodo_1990_1999"", ""popularidade_media""]";4
27;Now and Then (1995);"[""avaliacao_media"", ""genero_drama"", ""genero_infantil"", ""periodo_1990_1999"", ""popularidade_baixa""]";5
28;Persuasion (1995);"[""avaliacao_alta"", ""genero_drama"", ""genero_romance"", ""periodo_1990_1999"", ""popularidade_media""]";5
29;City of Lost Children, The (Cité des enfants perdus, La) (1995);"[""avaliacao_alta"", ""genero_aventura"", ""genero_drama"", ""genero_fantasia"", ""genero_ficcao_cientifica"", ""genero_misterio"", ""periodo_1990_1999"", ""popularidade_media""]";8
31;Dangerous Minds (1995);"[""avaliacao_media"", ""genero_drama"", ""periodo_1990_1999"", ""popularidade_media""]";4
32;Twelve Monkeys (a.k.a. 12 Monkeys) (1995);"[""avaliacao_media"", ""genero_ficcao_cientifica"", ""genero_misterio"", ""genero_suspense"", ""periodo_1990_1999"", ""popularidade_alta""]";6
34;Babe (1995);"[""avaliacao_media"", ""genero_drama"", ""genero_infantil"", ""periodo_1990_1999"", ""popularidade_alta""]";5
36;Dead Man Walking (1995);"[""avaliacao_media"", ""genero_crime"", ""genero_drama"", ""periodo_1990_1999"", ""popularidade_alta""]";5
39;Clueless (1995);"[""avaliacao_media"", ""genero_comedia"", ""genero_romance"", ""periodo_1990_1999"", ""popularidade_alta""]";5
41;Richard III (1995);"[""avaliacao_media"", ""genero_drama"", ""genero_guerra"", ""periodo_1990_1999"", ""popularidade_media""]";5
42;Dead Presidents (1995);"[""avaliacao_media"", ""genero_acao"", ""genero_crime"", ""genero_drama"", ""periodo_1990_1999"", ""popularidade_baixa""]";6
43;Restoration (1995);"[""avaliacao_media"", ""genero_drama"", ""periodo_1990_1999"", ""popularidade_baixa""]";4
44;Mortal Kombat (1995);"[""avaliacao_baixa"", ""genero_acao"", ""genero_aventura"", ""genero_fantasia"", ""periodo_1990_1999"", ""popularidade_media""]";6
45;To Die For (1995);"[""avaliacao_media"", ""genero_comedia"", ""genero_drama"", ""genero_suspense"", ""periodo_1990_1999"", ""popularidade_media""]";6
46;How to Make an American Quilt (1995);"[""avaliacao_media"", ""genero_drama"", ""genero_romance"", ""periodo_1990_1999"", ""popularidade_media""]";5
47;Seven (a.k.a. Se7en) (1995);"[""avaliacao_media"", ""genero_misterio"", ""genero_suspense"", ""periodo_1990_1999"", ""popularidade_alta""]";5
48;Pocahontas (1995);"[""avaliacao_media"", ""genero_animacao"", ""genero_drama"", ""genero_infantil"", ""genero_musical"", ""genero_romance"", ""periodo_1990_1999"", ""popularidade_alta""]";8
50;Usual Suspects, The (1995);"[""avaliacao_alta"", ""genero_crime"", ""genero_misterio"", ""genero_suspense"", ""periodo_1990_1999"", ""popularidade_alta""]";6
52;Mighty Aphrodite (1995);"[""avaliacao_media"", ""genero_comedia"", ""genero_drama"", ""genero_romance"", ""periodo_1990_1999"", ""popularidade_media""]";6
57;Home for the Holidays (1995);"[""avaliacao_media"", ""genero_drama"", ""periodo_1990_1999"", ""popularidade_baixa""]";4
58;Postman, The (Postino, Il) (1994);"[""avaliacao_alta"", ""genero_comedia"", ""genero_drama"", ""genero_romance"", ""periodo_1990_1999"", ""popularidade_media""]";6
60;Indian in the Cupboard, The (1995);"[""avaliacao_media"", ""genero_aventura"", ""genero_fantasia"", ""genero_infantil"", ""periodo_1990_1999"", ""popularidade_media""]";6
61;Eye for an Eye (1996);"[""avaliacao_media"", ""genero_drama"", ""genero_suspense"", ""periodo_1990_1999"", ""popularidade_baixa""]";5
62;Mr. Holland's Opus (1995);"[""avaliacao_media"", ""genero_drama"", ""periodo_1990_1999"", ""popularidade_alta""]";4
63;Don't Be a Menace to South Central While Drinking Your Juice in the Hood (1996);"[""avaliacao_baixa"", ""genero_comedia"", ""genero_crime"", ""periodo_1990_1999"", ""popularidade_baixa""]";5
64;Two if by Sea (1996);"[""avaliacao_baixa"", ""genero_comedia"", ""genero_romance"", ""periodo_1990_1999"", ""popularidade_baixa""]";5
65;Bio-Dome (1996);"[""avaliacao_baixa"", ""genero_comedia"", ""periodo_1990_1999"", ""popularidade_media""]";4
66;Lawnmower Man 2: Beyond Cyberspace (1996);"[""avaliacao_baixa"", ""genero_acao"", ""genero_ficcao_cientifica"", ""genero_suspense"", ""periodo_1990_1999"", ""popularidade_baixa""]";6
68;French Twist (Gazon maudit) (1995);"[""avaliacao_media"", ""genero_comedia"", ""genero_romance"", ""periodo_1990_1999"", ""popularidade_baixa""]";5
69;Friday (1995);"[""avaliacao_media"", ""genero_comedia"", ""periodo_1990_1999"", ""popularidade_media""]";4
70;From Dusk Till Dawn (1996);"[""avaliacao_media"", ""genero_acao"", ""genero_comedia"", ""genero_suspense"", ""genero_terror"", ""periodo_1990_1999"", ""popularidade_alta""]";7
71;Fair Game (1995);"[""avaliacao_baixa"", ""genero_acao"", ""periodo_1990_1999"", ""popularidade_baixa""]";4
72;Kicking and Screaming (1995);"[""avaliacao_media"", ""genero_comedia"", ""genero_drama"", ""periodo_1990_1999"", ""popularidade_baixa""]";5
73;Misérables, Les (1995);"[""avaliacao_media"", ""genero_drama"", ""genero_guerra"", ""periodo_1990_1999"", ""popularidade_media""]";5
74;Bed of Roses (1996);"[""avaliacao_alta"", ""genero_drama"", ""genero_romance"", ""periodo_1990_1999"", ""popularidade_baixa""]";5
75;Big Bully (1996);"[""avaliacao_baixa"", ""genero_comedia"", ""genero_drama"", ""periodo_1990_1999"", ""popularidade_baixa""]";5
76;Screamers (1995);"[""avaliacao_media"", ""genero_acao"", ""genero_ficcao_cientifica"", ""genero_suspense"", ""periodo_1990_1999"", ""popularidade_media""]";6
79;Juror, The (1996);"[""avaliacao_baixa"", ""genero_drama"", ""genero_suspense"", ""periodo_1990_1999"", ""popularidade_media""]";5
81;Things to Do in Denver When You're Dead (1995);"[""avaliacao_media"", ""genero_crime"", ""genero_drama"", ""genero_romance"", ""periodo_1990_1999"", ""popularidade_media""]";6
82;Antonia's Line (Antonia) (1995);"[""avaliacao_media"", ""genero_comedia"", ""genero_drama"", ""periodo_1990_1999"", ""popularidade_baixa""]";5
85;Angels and Insects (1995);"[""avaliacao_media"", ""genero_drama"", ""genero_romance"", ""periodo_1990_1999"", ""popularidade_baixa""]";5
86;White Squall (1996);"[""avaliacao_media"", ""genero_acao"", ""genero_aventura"", ""genero_drama"", ""periodo_1990_1999"", ""popularidade_media""]";6
87;Dunston Checks In (1996);"[""avaliacao_baixa"", ""genero_comedia"", ""genero_infantil"", ""periodo_1990_1999"", ""popularidade_baixa""]";5
88;Black Sheep (1996);"[""avaliacao_media"", ""genero_comedia"", ""periodo_1990_1999"", ""popularidade_media""]";4
89;Nick of Time (1995);"[""avaliacao_media"", ""genero_acao"", ""genero_suspense"", ""periodo_1990_1999"", ""popularidade_media""]";5
92;Mary Reilly (1996);"[""avaliacao_baixa"", ""genero_drama"", ""genero_suspense"", ""genero_terror"", ""periodo_1990_1999"", ""popularidade_baixa""]";6
93;Vampire in Brooklyn (1995);"[""avaliacao_baixa"", ""genero_comedia"", ""genero_romance"", ""genero_terror"", ""periodo_1990_1999"", ""popularidade_baixa""]";6
94;Beautiful Girls (1996);"[""avaliacao_media"", ""genero_comedia"", ""genero_drama"", ""genero_romance"", ""periodo_1990_1999"", ""popularidade_media""]";6
95;Broken Arrow (1996);"[""avaliacao_media"", ""genero_acao"", ""genero_aventura"", ""genero_suspense"", ""periodo_1990_1999"", ""popularidade_alta""]";6
97;Hate (Haine, La) (1995);"[""avaliacao_media"", ""genero_crime"", ""genero_drama"", ""periodo_1990_1999"", ""popularidade_media""]";5
100;City Hall (1996);"[""avaliacao_baixa"", ""genero_drama"", ""genero_suspense"", ""periodo_1990_1999"", ""popularidade_media""]";5
101;Bottle Rocket (1996);"[""avaliacao_media"", ""genero_aventura"", ""genero_comedia"", ""genero_crime"", ""genero_romance"", ""periodo_1990_1999"", ""popularidade_media""]";7
102;Mr. Wrong (1996);"[""avaliacao_baixa"", ""genero_comedia"", ""periodo_1990_1999"", ""popularidade_baixa""]";4
104;Happy Gilmore (1996);"[""avaliacao_media"", ""genero_comedia"", ""periodo_1990_1999"", ""popularidade_alta""]";4
105;Bridges of Madison County, The (1995);"[""avaliacao_media"", ""genero_drama"", ""genero_romance"", ""periodo_1990_1999"", ""popularidade_media""]";5
107;Muppet Treasure Island (1996);"[""avaliacao_media"", ""genero_aventura"", ""genero_comedia"", ""genero_infantil"", ""genero_musical"", ""periodo_1990_1999"", ""popularidade_media""]";7
110;Braveheart (1995);"[""avaliacao_alta"", ""genero_acao"", ""genero_drama"", ""genero_guerra"", ""periodo_1990_1999"", ""popularidade_alta""]";6
111;Taxi Driver (1976);"[""avaliacao_alta"", ""genero_crime"", ""genero_drama"", ""genero_suspense"", ""periodo_1970_1989"", ""popularidade_alta""]";6
112;Rumble in the Bronx (Hont faan kui) (1995);"[""avaliacao_media"", ""genero_acao"", ""genero_aventura"", ""genero_comedia"", ""genero_crime"", ""periodo_1990_1999"", ""popularidade_media""]";7
116;Anne Frank Remembered (1995);"[""avaliacao_media"", ""genero_documentario"", ""periodo_1990_1999"", ""popularidade_baixa""]";4
122;Boomerang (1992);"[""avaliacao_baixa"", ""genero_comedia"", ""genero_romance"", ""periodo_1990_1999"", ""popularidade_media""]";5
125;Flirting With Disaster (1996);"[""avaliacao_media"", ""genero_comedia"", ""periodo_1990_1999"", ""popularidade_media""]";4
126;NeverEnding Story III, The (1994);"[""avaliacao_baixa"", ""genero_aventura"", ""genero_fantasia"", ""genero_infantil"", ""periodo_1990_1999"", ""popularidade_baixa""]";6
132;Jade (1995);"[""avaliacao_baixa"", ""genero_suspense"", ""periodo_1990_1999"", ""popularidade_baixa""]";4
135;Down Periscope (1996);"[""avaliacao_baixa"", ""genero_comedia"", ""periodo_1990_1999"", ""popularidade_media""]";4
140;Up Close and Personal (1996);"[""avaliacao_media"", ""genero_drama"", ""genero_romance"", ""periodo_1990_1999"", ""popularidade_media""]";5
141;Birdcage, The (1996);"[""avaliacao_media"", ""genero_comedia"", ""periodo_1990_1999"", ""popularidade_alta""]";4
144;Brothers McMullen, The (1995);"[""avaliacao_media"", ""genero_comedia"", ""periodo_1990_1999"", ""popularidade_media""]";4
145;Bad Boys (1995);"[""avaliacao_media"", ""genero_acao"", ""genero_comedia"", ""genero_crime"", ""genero_drama"", ""genero_suspense"", ""periodo_1990_1999"", ""popularidade_alta""]";8
147;Basketball Diaries, The (1995);"[""avaliacao_media"", ""genero_drama"", ""periodo_1990_1999"", ""popularidade_media""]";4
150;Apollo 13 (1995);"[""avaliacao_media"", ""genero_aventura"", ""genero_drama"", ""genero_imax"", ""periodo_1990_1999"", ""popularidade_alta""]";6
151;Rob Roy (1995);"[""avaliacao_media"", ""genero_acao"", ""genero_drama"", ""genero_guerra"", ""genero_romance"", ""periodo_1990_1999"", ""popularidade_media""]";7
153;Batman Forever (1995);"[""avaliacao_baixa"", ""genero_acao"", ""genero_aventura"", ""genero_comedia"", ""genero_crime"", ""periodo_1990_1999"", ""popularidade_alta""]";7
154;Beauty of the Day (Belle de jour) (1967);"[""avaliacao_media"", ""genero_drama"", ""periodo_1950_1969"", ""popularidade_media""]";4
155;Beyond Rangoon (1995);"[""avaliacao_baixa"", ""genero_aventura"", ""genero_drama"", ""genero_guerra"", ""periodo_1990_1999"", ""popularidade_baixa""]";6
157;Canadian Bacon (1995);"[""avaliacao_baixa"", ""genero_comedia"", ""genero_guerra"", ""periodo_1990_1999"", ""popularidade_media""]";5
158;Casper (1995);"[""avaliacao_baixa"", ""genero_aventura"", ""genero_infantil"", ""periodo_1990_1999"", ""popularidade_alta""]";5
159;Clockers (1995);"[""avaliacao_baixa"", ""genero_crime"", ""genero_drama"", ""genero_misterio"", ""periodo_1990_1999"", ""popularidade_media""]";6
160;Congo (1995);"[""avaliacao_baixa"", ""genero_acao"", ""genero_aventura"", ""genero_ficcao_cientifica"", ""genero_misterio"", ""periodo_1990_1999"", ""popularidade_alta""]";7
161;Crimson Tide (1995);"[""avaliacao_media"", ""genero_drama"", ""genero_guerra"", ""genero_suspense"", ""periodo_1990_1999"", ""popularidade_alta""]";6
162;Crumb (1994);"[""avaliacao_alta"", ""genero_documentario"", ""periodo_1990_1999"", ""popularidade_media""]";4
163;Desperado (1995);"[""avaliacao_media"", ""genero_acao"", ""genero_faroeste"", ""genero_romance"", ""periodo_1990_1999"", ""popularidade_alta""]";6
164;Devil in a Blue Dress (1995);"[""avaliacao_media"", ""genero_crime"", ""genero_film_noir"", ""genero_misterio"", ""genero_suspense"", ""periodo_1990_1999"", ""popularidade_media""]";7
165;Die Hard: With a Vengeance (1995);"[""avaliacao_media"", ""genero_acao"", ""genero_crime"", ""genero_suspense"", ""periodo_1990_1999"", ""popularidade_alta""]";6
168;First Knight (1995);"[""avaliacao_media"", ""genero_acao"", ""genero_drama"", ""genero_romance"", ""periodo_1990_1999"", ""popularidade_alta""]";6
169;Free Willy 2: The Adventure Home (1995);"[""avaliacao_baixa"", ""genero_aventura"", ""genero_drama"", ""genero_infantil"", ""periodo_1990_1999"", ""popularidade_media""]";6
170;Hackers (1995);"[""avaliacao_media"", ""genero_acao"", ""genero_aventura"", ""genero_crime"", ""genero_suspense"", ""periodo_1990_1999"", ""popularidade_media""]";7
171;Jeffrey (1995);"[""avaliacao_media"", ""genero_comedia"", ""genero_drama"", ""periodo_1990_1999"", ""popularidade_baixa""]";5
172;Johnny Mnemonic (1995);"[""avaliacao_baixa"", ""genero_acao"", ""genero_ficcao_cientifica"", ""genero_suspense"", ""periodo_1990_1999"", ""popularidade_alta""]";6
173;Judge Dredd (1995);"[""avaliacao_baixa"", ""genero_acao"", ""genero_crime"", ""genero_ficcao_cientifica"", ""periodo_1990_1999"", ""popularidade_alta""]";6
174;Jury Duty (1995);"[""avaliacao_baixa"", ""genero_comedia"", ""periodo_1990_1999"", ""popularidade_media""]";4
175;Kids (1995);"[""avaliacao_media"", ""genero_drama"", ""periodo_1990_1999"", ""popularidade_media""]";4
176;Living in Oblivion (1995);"[""avaliacao_alta"", ""genero_comedia"", ""periodo_1990_1999"", ""popularidade_media""]";4
177;Lord of Illusions (1995);"[""avaliacao_baixa"", ""genero_terror"", ""periodo_1990_1999"", ""popularidade_baixa""]";4
180;Mallrats (1995);"[""avaliacao_media"", ""genero_comedia"", ""genero_romance"", ""periodo_1990_1999"", ""popularidade_media""]";5
181;Mighty Morphin Power Rangers: The Movie (1995);"[""avaliacao_baixa"", ""genero_acao"", ""genero_infantil"", ""periodo_1990_1999"", ""popularidade_media""]";5
185;Net, The (1995);"[""avaliacao_media"", ""genero_acao"", ""genero_crime"", ""genero_suspense"", ""periodo_1990_1999"", ""popularidade_alta""]";6
186;Nine Months (1995);"[""avaliacao_baixa"", ""genero_comedia"", ""genero_romance"", ""periodo_1990_1999"", ""popularidade_media""]";5
188;Prophecy, The (1995);"[""avaliacao_media"", ""genero_fantasia"", ""genero_misterio"", ""genero_terror"", ""periodo_1990_1999"", ""popularidade_media""]";6
190;Safe (1995);"[""avaliacao_baixa"", ""genero_suspense"", ""periodo_1990_1999"", ""popularidade_baixa""]";4
191;Scarlet Letter, The (1995);"[""avaliacao_baixa"", ""genero_drama"", ""genero_romance"", ""periodo_1990_1999"", ""popularidade_baixa""]";5
193;Showgirls (1995);"[""avaliacao_baixa"", ""genero_drama"", ""periodo_1990_1999"", ""popularidade_media""]";4
194;Smoke (1995);"[""avaliacao_media"", ""genero_comedia"", ""genero_drama"", ""periodo_1990_1999"", ""popularidade_media""]";5
195;Something to Talk About (1995);"[""avaliacao_media"", ""genero_comedia"", ""genero_drama"", ""genero_romance"", ""periodo_1990_1999"", ""popularidade_media""]";6
196;Species (1995);"[""avaliacao_baixa"", ""genero_ficcao_cientifica"", ""genero_terror"", ""periodo_1990_1999"", ""popularidade_media""]";5
198;Strange Days (1995);"[""avaliacao_media"", ""genero_acao"", ""genero_crime"", ""genero_drama"", ""genero_ficcao_cientifica"", ""genero_misterio"", ""genero_suspense"", ""periodo_1990_1999"", ""popularidade_media""]";9
203;To Wong Foo, Thanks for Everything! Julie Newmar (1995);"[""avaliacao_media"", ""genero_comedia"", ""periodo_1990_1999"", ""popularidade_media""]";4
204;Under Siege 2: Dark Territory (1995);"[""avaliacao_baixa"", ""genero_acao"", ""periodo_1990_1999"", ""popularidade_media""]";4
205;Unstrung Heroes (1995);"[""avaliacao_media"", ""genero_comedia"", ""genero_drama"", ""periodo_1990_1999"", ""popularidade_baixa""]";5
207;Walk in the Clouds, A (1995);"[""avaliacao_media"", ""genero_drama"", ""genero_romance"", ""periodo_1990_1999"", ""popularidade_media""]";5
208;Waterworld (1995);"[""avaliacao_baixa"", ""genero_acao"", ""genero_aventura"", ""genero_ficcao_cientifica"", ""periodo_1990_1999"", ""popularidade_alta""]";6
213;Burnt by the Sun (Utomlyonnye solntsem) (1994);"[""avaliacao_media"", ""genero_drama"", ""periodo_1990_1999"", ""popularidade_baixa""]";4
215;Before Sunrise (1995);"[""avaliacao_alta"", ""genero_drama"", ""genero_romance"", ""periodo_1990_1999"", ""popularidade_media""]";5
216;Billy Madison (1995);"[""avaliacao_media"", ""genero_comedia"", ""periodo_1990_1999"", ""popularidade_media""]";4
217;Babysitter, The (1995);"[""avaliacao_baixa"", ""genero_drama"", ""genero_suspense"", ""periodo_1990_1999"", ""popularidade_baixa""]";5
218;Boys on the Side (1995);"[""avaliacao_media"", ""genero_comedia"", ""genero_drama"", ""periodo_1990_1999"", ""popularidade_media""]";5
222;Circle of Friends (1995);"[""avaliacao_media"", ""genero_drama"", ""genero_romance"", ""periodo_1990_1999"", ""popularidade_media""]";5
223;Clerks (1994);"[""avaliacao_media"", ""genero_comedia"", ""periodo_1990_1999"", ""popularidade_alta""]";4
224;Don Juan DeMarco (1995);"[""avaliacao_media"", ""genero_comedia"", ""genero_drama"", ""genero_romance"", ""periodo_1990_1999"", ""popularidade_media""]";6
225;Disclosure (1994);"[""avaliacao_media"", ""genero_drama"", ""genero_suspense"", ""periodo_1990_1999"", ""popularidade_alta""]";5
227;Drop Zone (1994);"[""avaliacao_baixa"", ""genero_acao"", ""genero_suspense"", ""periodo_1990_1999"", ""popularidade_media""]";5
229;Death and the Maiden (1994);"[""avaliacao_media"", ""genero_drama"", ""genero_suspense"", ""periodo_1990_1999"", ""popularidade_baixa""]";5
230;Dolores Claiborne (1995);"[""avaliacao_media"", ""genero_drama"", ""genero_suspense"", ""periodo_1990_1999"", ""popularidade_media""]";5
231;Dumb & Dumber (Dumb and Dumber) (1994);"[""avaliacao_media"", ""genero_aventura"", ""genero_comedia"", ""periodo_1990_1999"", ""popularidade_alta""]";5
232;Eat Drink Man Woman (Yin shi nan nu) (1994);"[""avaliacao_media"", ""genero_comedia"", ""genero_drama"", ""genero_romance"", ""periodo_1990_1999"", ""popularidade_media""]";6
233;Exotica (1994);"[""avaliacao_media"", ""genero_drama"", ""periodo_1990_1999"", ""popularidade_media""]";4
234;Exit to Eden (1994);"[""avaliacao_baixa"", ""genero_comedia"", ""periodo_1990_1999"", ""popularidade_media""]";4
235;Ed Wood (1994);"[""avaliacao_media"", ""genero_comedia"", ""genero_drama"", ""periodo_1990_1999"", ""popularidade_alta""]";5
236;French Kiss (1995);"[""avaliacao_media"", ""genero_acao"", ""genero_comedia"", ""genero_romance"", ""periodo_1990_1999"", ""popularidade_media""]";6
237;Forget Paris (1995);"[""avaliacao_media"", ""genero_comedia"", ""genero_romance"", ""periodo_1990_1999"", ""popularidade_media""]";5
239;Goofy Movie, A (1995);"[""avaliacao_media"", ""genero_animacao"", ""genero_comedia"", ""genero_infantil"", ""genero_romance"", ""periodo_1990_1999"", ""popularidade_media""]";7
242;Farinelli: il castrato (1994);"[""avaliacao_media"", ""genero_drama"", ""genero_musical"", ""periodo_1990_1999"", ""popularidade_baixa""]";5
246;Hoop Dreams (1994);"[""avaliacao_alta"", ""genero_documentario"", ""periodo_1990_1999"", ""popularidade_media""]";4
247;Heavenly Creatures (1994);"[""avaliacao_media"", ""genero_crime"", ""genero_drama"", ""periodo_1990_1999"", ""popularidade_media""]";5
248;Houseguest (1994);"[""avaliacao_media"", ""genero_comedia"", ""periodo_1990_1999"", ""popularidade_media""]";4
249;Immortal Beloved (1994);"[""avaliacao_media"", ""genero_drama"", ""genero_romance"", ""periodo_1990_1999"", ""popularidade_media""]";5
250;Heavyweights (Heavy Weights) (1995);"[""avaliacao_baixa"", ""genero_comedia"", ""genero_infantil"", ""periodo_1990_1999"", ""popularidade_baixa""]";5
252;I.Q. (1994);"[""avaliacao_media"", ""genero_comedia"", ""genero_romance"", ""periodo_1990_1999"", ""popularidade_media""]";5
253;Interview with the Vampire: The Vampire Chronicles (1994);"[""avaliacao_media"", ""genero_drama"", ""genero_terror"", ""periodo_1990_1999"", ""popularidade_alta""]";5
255;Jerky Boys, The (1995);"[""avaliacao_baixa"", ""genero_comedia"", ""periodo_1990_1999"", ""popularidade_baixa""]";4
256;Junior (1994);"[""avaliacao_baixa"", ""genero_comedia"", ""genero_ficcao_cientifica"", ""periodo_1990_1999"", ""popularidade_media""]";5
257;Just Cause (1995);"[""avaliacao_media"", ""genero_misterio"", ""genero_suspense"", ""periodo_1990_1999"", ""popularidade_media""]";5
258;Kid in King Arthur's Court, A (1995);"[""avaliacao_baixa"", ""genero_aventura"", ""genero_comedia"", ""genero_fantasia"", ""genero_infantil"", ""genero_romance"", ""periodo_1990_1999"", ""popularidade_media""]";8
259;Kiss of Death (1995);"[""avaliacao_media"", ""genero_crime"", ""genero_drama"", ""genero_suspense"", ""periodo_1990_1999"", ""popularidade_baixa""]";6
260;Star Wars: Episode IV - A New Hope (1977);"[""avaliacao_alta"", ""genero_acao"", ""genero_aventura"", ""genero_ficcao_cientifica"", ""periodo_1970_1989"", ""popularidade_alta""]";6
261;Little Women (1994);"[""avaliacao_media"", ""genero_drama"", ""periodo_1990_1999"", ""popularidade_media""]";4
262;Little Princess, A (1995);"[""avaliacao_media"", ""genero_drama"", ""genero_infantil"", ""periodo_1990_1999"", ""popularidade_media""]";5
265;Like Water for Chocolate (Como agua para chocolate) (1992);"[""avaliacao_media"", ""genero_drama"", ""genero_fantasia"", ""genero_romance"", ""periodo_1990_1999"", ""popularidade_media""]";6
266;Legends of the Fall (1994);"[""avaliacao_media"", ""genero_drama"", ""genero_faroeste"", ""genero_guerra"", ""genero_romance"", ""periodo_1990_1999"", ""popularidade_alta""]";7
267;Major Payne (1995);"[""avaliacao_baixa"", ""genero_comedia"", ""periodo_1990_1999"", ""popularidade_media""]";4
270;Love Affair (1994);"[""avaliacao_media"", ""genero_drama"", ""genero_romance"", ""periodo_1990_1999"", ""popularidade_baixa""]";5
272;Madness of King George, The (1994);"[""avaliacao_media"", ""genero_comedia"", ""genero_drama"", ""periodo_1990_1999"", ""popularidade_media""]";5
273;Mary Shelley's Frankenstein (Frankenstein) (1994);"[""avaliacao_baixa"", ""genero_drama"", ""genero_ficcao_cientifica"", ""genero_terror"", ""periodo_1990_1999"", ""popularidade_media""]";6
274;Man of the House (1995);"[""avaliacao_baixa"", ""genero_comedia"", ""periodo_1990_1999"", ""popularidade_baixa""]";4
275;Mixed Nuts (1994);"[""avaliacao_baixa"", ""genero_comedia"", ""periodo_1990_1999"", ""popularidade_baixa""]";4
276;Milk Money (1994);"[""avaliacao_media"", ""genero_comedia"", ""genero_romance"", ""periodo_1990_1999"", ""popularidade_media""]";5
277;Miracle on 34th Street (1994);"[""avaliacao_media"", ""genero_drama"", ""periodo_1990_1999"", ""popularidade_media""]";4
280;Murder in the First (1995);"[""avaliacao_alta"", ""genero_drama"", ""genero_suspense"", ""periodo_1990_1999"", ""popularidade_media""]";5
281;Nobody's Fool (1994);"[""avaliacao_media"", ""genero_comedia"", ""genero_drama"", ""genero_romance"", ""periodo_1990_1999"", ""popularidade_media""]";6
282;Nell (1994);"[""avaliacao_media"", ""genero_drama"", ""periodo_1990_1999"", ""popularidade_media""]";4
288;Natural Born Killers (1994);"[""avaliacao_media"", ""genero_acao"", ""genero_crime"", ""genero_suspense"", ""periodo_1990_1999"", ""popularidade_alta""]";6
289;Only You (1994);"[""avaliacao_media"", ""genero_comedia"", ""genero_romance"", ""periodo_1990_1999"", ""popularidade_baixa""]";5
290;Once Were Warriors (1994);"[""avaliacao_alta"", ""genero_crime"", ""genero_drama"", ""periodo_1990_1999"", ""popularidade_media""]";5
292;Outbreak (1995);"[""avaliacao_media"", ""genero_acao"", ""genero_drama"", ""genero_ficcao_cientifica"", ""genero_suspense"", ""periodo_1990_1999"", ""popularidade_alta""]";7
293;Léon: The Professional (a.k.a. The Professional) (Léon) (1994);"[""avaliacao_alta"", ""genero_acao"", ""genero_crime"", ""genero_drama"", ""genero_suspense"", ""periodo_1990_1999"", ""popularidade_alta""]";7
296;Pulp Fiction (1994);"[""avaliacao_alta"", ""genero_comedia"", ""genero_crime"", ""genero_drama"", ""genero_suspense"", ""periodo_1990_1999"", ""popularidade_alta""]";7
300;Quiz Show (1994);"[""avaliacao_media"", ""genero_drama"", ""periodo_1990_1999"", ""popularidade_alta""]";4
302;Queen Margot (Reine Margot, La) (1994);"[""avaliacao_media"", ""genero_drama"", ""genero_romance"", ""periodo_1990_1999"", ""popularidade_baixa""]";5
303;Quick and the Dead, The (1995);"[""avaliacao_baixa"", ""genero_acao"", ""genero_faroeste"", ""genero_suspense"", ""periodo_1990_1999"", ""popularidade_media""]";6
305;Ready to Wear (Pret-A-Porter) (1994);"[""avaliacao_baixa"", ""genero_comedia"", ""periodo_1990_1999"", ""popularidade_baixa""]";4
306;Three Colors: Red (Trois couleurs: Rouge) (1994);"[""avaliacao_alta"", ""genero_drama"", ""periodo_1990_1999"", ""popularidade_media""]";4
307;Three Colors: Blue (Trois couleurs: Bleu) (1993);"[""avaliacao_media"", ""genero_drama"", ""periodo_1990_1999"", ""popularidade_media""]";4
308;Three Colors: White (Trzy kolory: Bialy) (1994);"[""avaliacao_alta"", ""genero_comedia"", ""genero_drama"", ""periodo_1990_1999"", ""popularidade_media""]";5
312;Stuart Saves His Family (1995);"[""avaliacao_baixa"", ""genero_comedia"", ""periodo_1990_1999"", ""popularidade_baixa""]";4
314;Secret of Roan Inish, The (1994);"[""avaliacao_media"", ""genero_drama"", ""genero_fantasia"", ""genero_infantil"", ""genero_misterio"", ""periodo_1990_1999"", ""popularidade_media""]";7
315;Specialist, The (1994);"[""avaliacao_media"", ""genero_acao"", ""genero_drama"", ""genero_suspense"", ""periodo_1990_1999"", ""popularidade_media""]";6
316;Stargate (1994);"[""avaliacao_media"", ""genero_acao"", ""genero_aventura"", ""genero_ficcao_cientifica"", ""periodo_1990_1999"", ""popularidade_alta""]";6
317;Santa Clause, The (1994);"[""avaliacao_media"", ""genero_comedia"", ""genero_drama"", ""genero_fantasia"", ""periodo_1990_1999"", ""popularidade_alta""]";6
318;Shawshank Redemption, The (1994);"[""avaliacao_alta"", ""genero_crime"", ""genero_drama"", ""periodo_1990_1999"", ""popularidade_alta""]";5
319;Shallow Grave (1994);"[""avaliacao_media"", ""genero_comedia"", ""genero_drama"", ""genero_suspense"", ""periodo_1990_1999"", ""popularidade_media""]";6
322;Swimming with Sharks (1995);"[""avaliacao_media"", ""genero_comedia"", ""genero_drama"", ""periodo_1990_1999"", ""popularidade_media""]";5
325;National Lampoon's Senior Trip (1995);"[""avaliacao_baixa"", ""genero_comedia"", ""periodo_1990_1999"", ""popularidade_baixa""]";4
327;Tank Girl (1995);"[""avaliacao_baixa"", ""genero_acao"", ""genero_comedia"", ""genero_ficcao_cientifica"", ""periodo_1990_1999"", ""popularidade_media""]";6
328;Tales from the Crypt Presents: Demon Knight (1995);"[""avaliacao_media"", ""genero_suspense"", ""genero_terror"", ""periodo_1990_1999"", ""popularidade_media""]";5
329;Star Trek: Generations (1994);"[""avaliacao_media"", ""genero_aventura"", ""genero_drama"", ""genero_ficcao_cientifica"", ""periodo_1990_1999"", ""popularidade_alta""]";6
330;Tales from the Hood (1995);"[""avaliacao_media"", ""genero_acao"", ""genero_crime"", ""genero_terror"", ""periodo_1990_1999"", ""popularidade_baixa""]";6
332;Village of the Damned (1995);"[""avaliacao_baixa"", ""genero_ficcao_cientifica"", ""genero_terror"", ""periodo_1990_1999"", ""popularidade_media""]";5
333;Tommy Boy (1995);"[""avaliacao_media"", ""genero_comedia"", ""periodo_1990_1999"", ""popularidade_alta""]";4
334;Vanya on 42nd Street (1994);"[""avaliacao_alta"", ""genero_drama"", ""periodo_1990_1999"", ""popularidade_baixa""]";4
337;What's Eating Gilbert Grape (1993);"[""avaliacao_media"", ""genero_drama"", ""periodo_1990_1999"", ""popularidade_alta""]";4
338;Virtuosity (1995);"[""avaliacao_baixa"", ""genero_acao"", ""genero_ficcao_cientifica"", ""genero_suspense"", ""periodo_1990_1999"", ""popularidade_media""]";6
339;While You Were Sleeping (1995);"[""avaliacao_media"", ""genero_comedia"", ""genero_romance"", ""periodo_1990_1999"", ""popularidade_alta""]";5
340;War, The (1994);"[""avaliacao_media"", ""genero_aventura"", ""genero_drama"", ""genero_guerra"", ""periodo_1990_1999"", ""popularidade_baixa""]";6
342;Muriel's Wedding (1994);"[""avaliacao_media"", ""genero_comedia"", ""periodo_1990_1999"", ""popularidade_media""]";4
343;Baby-Sitters Club, The (1995);"[""avaliacao_baixa"", ""genero_infantil"", ""periodo_1990_1999"", ""popularidade_baixa""]";4
344;Ace Ventura: Pet Detective (1994);"[""avaliacao_media"", ""genero_comedia"", ""periodo_1990_1999"", ""popularidade_alta""]";4
345;Adventures of Priscilla, Queen of the Desert, The (1994);"[""avaliacao_media"", ""genero_comedia"", ""genero_drama"", ""periodo_1990_1999"", ""popularidade_media""]";5
346;Backbeat (1993);"[""avaliacao_media"", ""genero_drama"", ""genero_musical"", ""periodo_1990_1999"", ""popularidade_baixa""]";5
347;Bitter Moon (1992);"[""avaliacao_media"", ""genero_drama"", ""genero_film_noir"", ""genero_romance"", ""periodo_1990_1999"", ""popularidade_baixa""]";6
348;Bullets Over Broadway (1994);"[""avaliacao_media"", ""genero_comedia"", ""periodo_1990_1999"", ""popularidade_media""]";4
349;Clear and Present Danger (1994);"[""avaliacao_media"", ""genero_acao"", ""genero_crime"", ""genero_drama"", ""genero_suspense"", ""periodo_1990_1999"", ""popularidade_alta""]";7
350;Client, The (1994);"[""avaliacao_media"", ""genero_drama"", ""genero_misterio"", ""genero_suspense"", ""periodo_1990_1999"", ""popularidade_alta""]";6
351;Corrina, Corrina (1994);"[""avaliacao_media"", ""genero_comedia"", ""genero_drama"", ""genero_romance"", ""periodo_1990_1999"", ""popularidade_media""]";6
353;Crow, The (1994);"[""avaliacao_media"", ""genero_acao"", ""genero_crime"", ""genero_fantasia"", ""genero_suspense"", ""periodo_1990_1999"", ""popularidade_alta""]";7
354;Cobb (1994);"[""avaliacao_media"", ""genero_drama"", ""periodo_1990_1999"", ""popularidade_baixa""]";4
355;Flintstones, The (1994);"[""avaliacao_baixa"", ""genero_comedia"", ""genero_fantasia"", ""genero_infantil"", ""periodo_1990_1999"", ""popularidade_media""]";6
356;Forrest Gump (1994);"[""avaliacao_alta"", ""genero_comedia"", ""genero_drama"", ""genero_guerra"", ""genero_romance"", ""periodo_1990_1999"", ""popularidade_alta""]";7
357;Four Weddings and a Funeral (1994);"[""avaliacao_media"", ""genero_comedia"", ""genero_romance"", ""periodo_1990_1999"", ""popularidade_alta""]";5
358;Higher Learning (1995);"[""avaliacao_baixa"", ""genero_drama"", ""periodo_1990_1999"", ""popularidade_baixa""]";4
360;I Love Trouble (1994);"[""avaliacao_baixa"", ""genero_acao"", ""genero_comedia"", ""periodo_1990_1999"", ""popularidade_baixa""]";5
361;It Could Happen to You (1994);"[""avaliacao_media"", ""genero_comedia"", ""genero_drama"", ""genero_romance"", ""periodo_1990_1999"", ""popularidade_media""]";6
362;Jungle Book, The (1994);"[""avaliacao_media"", ""genero_aventura"", ""genero_infantil"", ""genero_romance"", ""periodo_1990_1999"", ""popularidade_media""]";6
364;Lion King, The (1994);"[""avaliacao_media"", ""genero_animacao"", ""genero_aventura"", ""genero_drama"", ""genero_imax"", ""genero_infantil"", ""genero_musical"", ""periodo_1990_1999"", ""popularidade_alta""]";9
366;Wes Craven's New Nightmare (Nightmare on Elm Street Part 7: Freddy's Finale, A) (1994);"[""avaliacao_baixa"", ""genero_drama"", ""genero_misterio"", ""genero_suspense"", ""genero_terror"", ""periodo_1990_1999"", ""popularidade_media""]";7
367;Mask, The (1994);"[""avaliacao_media"", ""genero_acao"", ""genero_comedia"", ""genero_crime"", ""genero_fantasia"", ""periodo_1990_1999"", ""popularidade_alta""]";7
368;Maverick (1994);"[""avaliacao_media"", ""genero_aventura"", ""genero_comedia"", ""genero_faroeste"", ""periodo_1990_1999"", ""popularidade_alta""]";6
370;Naked Gun 33 1/3: The Final Insult (1994);"[""avaliacao_media"", ""genero_acao"", ""genero_comedia"", ""periodo_1990_1999"", ""popularidade_alta""]";5
371;Paper, The (1994);"[""avaliacao_media"", ""genero_comedia"", ""genero_drama"", ""periodo_1990_1999"", ""popularidade_media""]";5
372;Reality Bites (1994);"[""avaliacao_baixa"", ""genero_comedia"", ""genero_drama"", ""genero_romance"", ""periodo_1990_1999"", ""popularidade_media""]";6
373;Red Rock West (1992);"[""avaliacao_media"", ""genero_suspense"", ""periodo_1990_1999"", ""popularidade_media""]";4
374;Richie Rich (1994);"[""avaliacao_baixa"", ""genero_comedia"", ""genero_infantil"", ""periodo_1990_1999"", ""popularidade_media""]";5
376;River Wild, The (1994);"[""avaliacao_media"", ""genero_acao"", ""genero_suspense"", ""periodo_1990_1999"", ""popularidade_media""]";5
377;Speed (1994);"[""avaliacao_media"", ""genero_acao"", ""genero_romance"", ""genero_suspense"", ""periodo_1990_1999"", ""popularidade_alta""]";6
378;Speechless (1994);"[""avaliacao_baixa"", ""genero_comedia"", ""genero_romance"", ""periodo_1990_1999"", ""popularidade_baixa""]";5
379;Timecop (1994);"[""avaliacao_baixa"", ""genero_acao"", ""genero_ficcao_cientifica"", ""genero_suspense"", ""periodo_1990_1999"", ""popularidade_media""]";6
380;True Lies (1994);"[""avaliacao_media"", ""genero_acao"", ""genero_aventura"", ""genero_comedia"", ""genero_romance"", ""genero_suspense"", ""periodo_1990_1999"", ""popularidade_alta""]";8
381;When a Man Loves a Woman (1994);"[""avaliacao_media"", ""genero_drama"", ""genero_romance"", ""periodo_1990_1999"", ""popularidade_media""]";5
382;Wolf (1994);"[""avaliacao_media"", ""genero_drama"", ""genero_romance"", ""genero_suspense"", ""genero_terror"", ""periodo_1990_1999"", ""popularidade_media""]";7
383;Wyatt Earp (1994);"[""avaliacao_media"", ""genero_faroeste"", ""periodo_1990_1999"", ""popularidade_media""]";4
390;Faster Pussycat! Kill! Kill! (1965);"[""avaliacao_media"", ""genero_acao"", ""genero_crime"", ""genero_drama"", ""periodo_1950_1969"", ""popularidade_baixa""]";6
393;Street Fighter (1994);"[""avaliacao_baixa"", ""genero_acao"", ""genero_aventura"", ""genero_fantasia"", ""periodo_1990_1999"", ""popularidade_media""]";6
405;Highlander III: The Sorcerer (a.k.a. Highlander: The Final Dimension) (1994);"[""avaliacao_baixa"", ""genero_acao"", ""genero_fantasia"", ""periodo_1990_1999"", ""popularidade_media""]";5
407;In the Mouth of Madness (1995);"[""avaliacao_media"", ""genero_suspense"", ""genero_terror"", ""periodo_1990_1999"", ""popularidade_baixa""]";5
410;Addams Family Values (1993);"[""avaliacao_media"", ""genero_comedia"", ""genero_fantasia"", ""genero_infantil"", ""periodo_1990_1999"", ""popularidade_alta""]";6
412;Age of Innocence, The (1993);"[""avaliacao_media"", ""genero_drama"", ""periodo_1990_1999"", ""popularidade_media""]";4
413;Airheads (1994);"[""avaliacao_baixa"", ""genero_comedia"", ""periodo_1990_1999"", ""popularidade_media""]";4
414;Air Up There, The (1994);"[""avaliacao_baixa"", ""genero_comedia"", ""periodo_1990_1999"", ""popularidade_baixa""]";4
415;Another Stakeout (1993);"[""avaliacao_baixa"", ""genero_comedia"", ""genero_suspense"", ""periodo_1990_1999"", ""popularidade_media""]";5
416;Bad Girls (1994);"[""avaliacao_baixa"", ""genero_faroeste"", ""periodo_1990_1999"", ""popularidade_baixa""]";4
417;Barcelona (1994);"[""avaliacao_media"", ""genero_comedia"", ""genero_romance"", ""periodo_1990_1999"", ""popularidade_media""]";5
419;Beverly Hillbillies, The (1993);"[""avaliacao_baixa"", ""genero_comedia"", ""periodo_1990_1999"", ""popularidade_media""]";4
420;Beverly Hills Cop III (1994);"[""avaliacao_baixa"", ""genero_acao"", ""genero_comedia"", ""genero_crime"", ""genero_suspense"", ""periodo_1990_1999"", ""popularidade_alta""]";7
421;Black Beauty (1994);"[""avaliacao_media"", ""genero_aventura"", ""genero_drama"", ""genero_infantil"", ""periodo_1990_1999"", ""popularidade_media""]";6
422;Blink (1994);"[""avaliacao_media"", ""genero_suspense"", ""periodo_1990_1999"", ""popularidade_baixa""]";4
423;Blown Away (1994);"[""avaliacao_baixa"", ""genero_acao"", ""genero_suspense"", ""periodo_1990_1999"", ""popularidade_media""]";5
426;Body Snatchers (1993);"[""avaliacao_media"", ""genero_ficcao_cientifica"", ""genero_suspense"", ""genero_terror"", ""periodo_1990_1999"", ""popularidade_baixa""]";6
427;Boxing Helena (1993);"[""avaliacao_baixa"", ""genero_drama"", ""genero_misterio"", ""genero_romance"", ""genero_suspense"", ""periodo_1990_1999"", ""popularidade_media""]";7
428;Bronx Tale, A (1993);"[""avaliacao_media"", ""genero_drama"", ""periodo_1990_1999"", ""popularidade_media""]";4
429;Cabin Boy (1994);"[""avaliacao_baixa"", ""genero_comedia"", ""periodo_1990_1999"", ""popularidade_baixa""]";4
431;Carlito's Way (1993);"[""avaliacao_media"", ""genero_crime"", ""genero_drama"", ""periodo_1990_1999"", ""popularidade_media""]";5
432;City Slickers II: The Legend of Curly's Gold (1994);"[""avaliacao_baixa"", ""genero_aventura"", ""genero_comedia"", ""genero_faroeste"", ""periodo_1990_1999"", ""popularidade_alta""]";6
433;Clean Slate (1994);"[""avaliacao_baixa"", ""genero_comedia"", ""periodo_1990_1999"", ""popularidade_baixa""]";4
434;Cliffhanger (1993);"[""avaliacao_media"", ""genero_acao"", ""genero_aventura"", ""genero_suspense"", ""periodo_1990_1999"", ""popularidade_alta""]";6
435;Coneheads (1993);"[""avaliacao_baixa"", ""genero_comedia"", ""genero_ficcao_cientifica"", ""periodo_1990_1999"", ""popularidade_alta""]";5
436;Color of Night (1994);"[""avaliacao_baixa"", ""genero_drama"", ""genero_suspense"", ""periodo_1990_1999"", ""popularidade_baixa""]";5
437;Cops and Robbersons (1994);"[""avaliacao_baixa"", ""genero_comedia"", ""periodo_1990_1999"", ""popularidade_baixa""]";4
438;Cowboy Way, The (1994);"[""avaliacao_baixa"", ""genero_acao"", ""genero_comedia"", ""genero_drama"", ""periodo_1990_1999"", ""popularidade_baixa""]";6
440;Dave (1993);"[""avaliacao_media"", ""genero_comedia"", ""genero_romance"", ""periodo_1990_1999"", ""popularidade_alta""]";5
441;Dazed and Confused (1993);"[""avaliacao_media"", ""genero_comedia"", ""periodo_1990_1999"", ""popularidade_media""]";4
442;Demolition Man (1993);"[""avaliacao_media"", ""genero_acao"", ""genero_aventura"", ""genero_ficcao_cientifica"", ""periodo_1990_1999"", ""popularidade_alta""]";6
444;Even Cowgirls Get the Blues (1993);"[""avaliacao_baixa"", ""genero_comedia"", ""genero_romance"", ""periodo_1990_1999"", ""popularidade_baixa""]";5
445;Fatal Instinct (1993);"[""avaliacao_media"", ""genero_comedia"", ""periodo_1990_1999"", ""popularidade_media""]";4
446;Farewell My Concubine (Ba wang bie ji) (1993);"[""avaliacao_media"", ""genero_drama"", ""genero_romance"", ""periodo_1990_1999"", ""popularidade_baixa""]";5
448;Fearless (1993);"[""avaliacao_media"", ""genero_drama"", ""periodo_1990_1999"", ""popularidade_baixa""]";4
450;With Honors (1994);"[""avaliacao_media"", ""genero_comedia"", ""genero_drama"", ""periodo_1990_1999"", ""popularidade_baixa""]";5
453;For Love or Money (1993);"[""avaliacao_baixa"", ""genero_comedia"", ""genero_romance"", ""periodo_1990_1999"", ""popularidade_baixa""]";5
454;Firm, The (1993);"[""avaliacao_media"", ""genero_drama"", ""genero_suspense"", ""periodo_1990_1999"", ""popularidade_alta""]";5
455;Free Willy (1993);"[""avaliacao_baixa"", ""genero_aventura"", ""genero_drama"", ""genero_infantil"", ""periodo_1990_1999"", ""popularidade_media""]";6
457;Fugitive, The (1993);"[""avaliacao_media"", ""genero_suspense"", ""periodo_1990_1999"", ""popularidade_alta""]";4
458;Geronimo: An American Legend (1993);"[""avaliacao_baixa"", ""genero_drama"", ""genero_faroeste"", ""periodo_1990_1999"", ""popularidade_baixa""]";5
459;Getaway, The (1994);"[""avaliacao_baixa"", ""genero_acao"", ""genero_aventura"", ""genero_crime"", ""genero_drama"", ""genero_romance"", ""genero_suspense"", ""periodo_1990_1999"", ""popularidade_baixa""]";9
464;Hard Target (1993);"[""avaliacao_baixa"", ""genero_acao"", ""genero_aventura"", ""genero_crime"", ""genero_suspense"", ""periodo_1990_1999"", ""popularidade_media""]";7
466;Hot Shots! Part Deux (1993);"[""avaliacao_baixa"", ""genero_acao"", ""genero_comedia"", ""genero_guerra"", ""periodo_1990_1999"", ""popularidade_alta""]";6
468;Englishman Who Went Up a Hill But Came Down a Mountain, The (1995);"[""avaliacao_media"", ""genero_comedia"", ""genero_romance"", ""periodo_1990_1999"", ""popularidade_media""]";5
469;House of the Spirits, The (1993);"[""avaliacao_media"", ""genero_drama"", ""genero_romance"", ""periodo_1990_1999"", ""popularidade_baixa""]";5
471;Hudsucker Proxy, The (1994);"[""avaliacao_media"", ""genero_comedia"", ""periodo_1990_1999"", ""popularidade_media""]";4
472;I'll Do Anything (1994);"[""avaliacao_baixa"", ""genero_comedia"", ""genero_drama"", ""periodo_1990_1999"", ""popularidade_baixa""]";5
473;In the Army Now (1994);"[""avaliacao_baixa"", ""genero_comedia"", ""genero_guerra"", ""periodo_1990_1999"", ""popularidade_baixa""]";5
474;In the Line of Fire (1993);"[""avaliacao_media"", ""genero_acao"", ""genero_suspense"", ""periodo_1990_1999"", ""popularidade_alta""]";5
475;In the Name of the Father (1993);"[""avaliacao_alta"", ""genero_drama"", ""periodo_1990_1999"", ""popularidade_media""]";4
477;What's Love Got to Do with It? (1993);"[""avaliacao_media"", ""genero_drama"", ""genero_musical"", ""periodo_1990_1999"", ""popularidade_media""]";5
480;Jurassic Park (1993);"[""avaliacao_media"", ""genero_acao"", ""genero_aventura"", ""genero_ficcao_cientifica"", ""genero_suspense"", ""periodo_1990_1999"", ""popularidade_alta""]";7
481;Kalifornia (1993);"[""avaliacao_media"", ""genero_drama"", ""genero_suspense"", ""periodo_1990_1999"", ""popularidade_media""]";5
482;Killing Zoe (1994);"[""avaliacao_media"", ""genero_crime"", ""genero_drama"", ""genero_suspense"", ""periodo_1990_1999"", ""popularidade_baixa""]";6
485;Last Action Hero (1993);"[""avaliacao_baixa"", ""genero_acao"", ""genero_aventura"", ""genero_comedia"", ""genero_fantasia"", ""periodo_1990_1999"", ""popularidade_alta""]";7
489;Made in America (1993);"[""avaliacao_baixa"", ""genero_comedia"", ""periodo_1990_1999"", ""popularidade_media""]";4
490;Malice (1993);"[""avaliacao_media"", ""genero_suspense"", ""periodo_1990_1999"", ""popularidade_media""]";4
491;Man Without a Face, The (1993);"[""avaliacao_media"", ""genero_drama"", ""periodo_1990_1999"", ""popularidade_media""]";4
492;Manhattan Murder Mystery (1993);"[""avaliacao_media"", ""genero_comedia"", ""genero_misterio"", ""periodo_1990_1999"", ""popularidade_media""]";5
493;Menace II Society (1993);"[""avaliacao_media"", ""genero_acao"", ""genero_crime"", ""genero_drama"", ""periodo_1990_1999"", ""popularidade_media""]";6
494;Executive Decision (1996);"[""avaliacao_media"", ""genero_acao"", ""genero_aventura"", ""genero_suspense"", ""periodo_1990_1999"", ""popularidade_media""]";6
497;Much Ado About Nothing (1993);"[""avaliacao_media"", ""genero_comedia"", ""genero_romance"", ""periodo_1990_1999"", ""popularidade_media""]";5
500;Mrs. Doubtfire (1993);"[""avaliacao_media"", ""genero_comedia"", ""genero_drama"", ""periodo_1990_1999"", ""popularidade_alta""]";5
501;Naked (1993);"[""avaliacao_media"", ""genero_drama"", ""periodo_1990_1999"", ""popularidade_baixa""]";4
502;Next Karate Kid, The (1994);"[""avaliacao_baixa"", ""genero_acao"", ""genero_infantil"", ""genero_romance"", ""periodo_1990_1999"", ""popularidade_media""]";6
505;North (1994);"[""avaliacao_baixa"", ""genero_comedia"", ""periodo_1990_1999"", ""popularidade_baixa""]";4
507;Perfect World, A (1993);"[""avaliacao_media"", ""genero_crime"", ""genero_drama"", ""genero_suspense"", ""periodo_1990_1999"", ""popularidade_media""]";6
508;Philadelphia (1993);"[""avaliacao_media"", ""genero_drama"", ""periodo_1990_1999"", ""popularidade_alta""]";4
509;Piano, The (1993);"[""avaliacao_media"", ""genero_drama"", ""genero_romance"", ""periodo_1990_1999"", ""popularidade_alta""]";5
514;Ref, The (1994);"[""avaliacao_media"", ""genero_comedia"", ""periodo_1990_1999"", ""popularidade_media""]";4
515;Remains of the Day, The (1993);"[""avaliacao_media"", ""genero_drama"", ""genero_romance"", ""periodo_1990_1999"", ""popularidade_media""]";5
516;Renaissance Man (1994);"[""avaliacao_media"", ""genero_comedia"", ""genero_drama"", ""periodo_1990_1999"", ""popularidade_media""]";5
517;Rising Sun (1993);"[""avaliacao_media"", ""genero_acao"", ""genero_drama"", ""genero_misterio"", ""periodo_1990_1999"", ""popularidade_baixa""]";6
519;RoboCop 3 (1993);"[""avaliacao_baixa"", ""genero_acao"", ""genero_crime"", ""genero_drama"", ""genero_ficcao_cientifica"", ""genero_suspense"", ""periodo_1990_1999"", ""popularidade_media""]";8
520;Robin Hood: Men in Tights (1993);"[""avaliacao_media"", ""genero_comedia"", ""periodo_1990_1999"", ""popularidade_alta""]";4
522;Romper Stomper (1992);"[""avaliacao_media"", ""genero_acao"", ""genero_drama"", ""periodo_1990_1999"", ""popularidade_baixa""]";5
524;Rudy (1993);"[""avaliacao_media"", ""genero_drama"", ""periodo_1990_1999"", ""popularidade_media""]";4
527;Schindler's List (1993);"[""avaliacao_alta"", ""genero_drama"", ""genero_guerra"", ""periodo_1990_1999"", ""popularidade_alta""]";5
529;Searching for Bobby Fischer (1993);"[""avaliacao_media"", ""genero_drama"", ""periodo_1990_1999"", ""popularidade_media""]";4
531;Secret Garden, The (1993);"[""avaliacao_media"", ""genero_drama"", ""genero_infantil"", ""periodo_1990_1999"", ""popularidade_media""]";5
532;Serial Mom (1994);"[""avaliacao_media"", ""genero_comedia"", ""genero_crime"", ""genero_terror"", ""periodo_1990_1999"", ""popularidade_media""]";6
533;Shadow, The (1994);"[""avaliacao_baixa"", ""genero_acao"", ""genero_aventura"", ""genero_fantasia"", ""genero_misterio"", ""periodo_1990_1999"", ""popularidade_media""]";7
534;Shadowlands (1993);"[""avaliacao_media"", ""genero_drama"", ""genero_romance"", ""periodo_1990_1999"", ""popularidade_media""]";5
535;Short Cuts (1993);"[""avaliacao_media"", ""genero_drama"", ""periodo_1990_1999"", ""popularidade_media""]";4
537;Sirens (1994);"[""avaliacao_media"", ""genero_drama"", ""periodo_1990_1999"", ""popularidade_media""]";4
538;Six Degrees of Separation (1993);"[""avaliacao_media"", ""genero_drama"", ""periodo_1990_1999"", ""popularidade_media""]";4
539;Sleepless in Seattle (1993);"[""avaliacao_media"", ""genero_comedia"", ""genero_drama"", ""genero_romance"", ""periodo_1990_1999"", ""popularidade_alta""]";6
540;Sliver (1993);"[""avaliacao_baixa"", ""genero_suspense"", ""periodo_1990_1999"", ""popularidade_media""]";4
541;Blade Runner (1982);"[""avaliacao_alta"", ""genero_acao"", ""genero_ficcao_cientifica"", ""genero_suspense"", ""periodo_1970_1989"", ""popularidade_alta""]";6
542;Son in Law (1993);"[""avaliacao_baixa"", ""genero_comedia"", ""genero_drama"", ""genero_romance"", ""periodo_1990_1999"", ""popularidade_media""]";6
543;So I Married an Axe Murderer (1993);"[""avaliacao_media"", ""genero_comedia"", ""genero_romance"", ""genero_suspense"", ""periodo_1990_1999"", ""popularidade_media""]";6
544;Striking Distance (1993);"[""avaliacao_baixa"", ""genero_acao"", ""genero_crime"", ""periodo_1990_1999"", ""popularidade_baixa""]";5
546;Super Mario Bros. (1993);"[""avaliacao_baixa"", ""genero_acao"", ""genero_aventura"", ""genero_comedia"", ""genero_fantasia"", ""genero_ficcao_cientifica"", ""genero_infantil"", ""periodo_1990_1999"", ""popularidade_media""]";9
548;Terminal Velocity (1994);"[""avaliacao_baixa"", ""genero_acao"", ""genero_misterio"", ""genero_suspense"", ""periodo_1990_1999"", ""popularidade_baixa""]";6
550;Threesome (1994);"[""avaliacao_media"", ""genero_comedia"", ""genero_romance"", ""periodo_1990_1999"", ""popularidade_baixa""]";5
551;Nightmare Before Christmas, The (1993);"[""avaliacao_media"", ""genero_animacao"", ""genero_fantasia"", ""genero_infantil"", ""genero_musical"", ""periodo_1990_1999"", ""popularidade_alta""]";7
552;Three Musketeers, The (1993);"[""avaliacao_media"", ""genero_acao"", ""genero_aventura"", ""genero_comedia"", ""genero_romance"", ""periodo_1990_1999"", ""popularidade_alta""]";7
553;Tombstone (1993);"[""avaliacao_media"", ""genero_acao"", ""genero_drama"", ""genero_faroeste"", ""periodo_1990_1999"", ""popularidade_alta""]";6
555;True Romance (1993);"[""avaliacao_media"", ""genero_crime"", ""genero_suspense"", ""periodo_1990_1999"", ""popularidade_alta""]";5
556;War Room, The (1993);"[""avaliacao_media"", ""genero_documentario"", ""periodo_1990_1999"", ""popularidade_baixa""]";4
558;Pagemaster, The (1994);"[""avaliacao_baixa"", ""genero_acao"", ""genero_animacao"", ""genero_aventura"", ""genero_fantasia"", ""genero_infantil"", ""periodo_1990_1999"", ""popularidade_baixa""]";8
562;Welcome to the Dollhouse (1995);"[""avaliacao_media"", ""genero_comedia"", ""genero_drama"", ""periodo_1990_1999"", ""popularidade_media""]";5
569;Little Big League (1994);"[""avaliacao_baixa"", ""genero_comedia"", ""genero_drama"", ""periodo_1990_1999"", ""popularidade_baixa""]";5
575;Little Rascals, The (1994);"[""avaliacao_baixa"", ""genero_comedia"", ""genero_infantil"", ""periodo_1990_1999"", ""popularidade_media""]";5
580;Princess Caraboo (1994);"[""avaliacao_baixa"", ""genero_drama"", ""periodo_1990_1999"", ""popularidade_baixa""]";4
585;Brady Bunch Movie, The (1995);"[""avaliacao_baixa"", ""genero_comedia"", ""periodo_1990_1999"", ""popularidade_media""]";4
586;Home Alone (1990);"[""avaliacao_baixa"", ""genero_comedia"", ""genero_infantil"", ""periodo_1990_1999"", ""popularidade_alta""]";5
587;Ghost (1990);"[""avaliacao_media"", ""genero_comedia"", ""genero_drama"", ""genero_fantasia"", ""genero_romance"", ""genero_suspense"", ""periodo_1990_1999"", ""popularidade_alta""]";8
588;Aladdin (1992);"[""avaliacao_media"", ""genero_animacao"", ""genero_aventura"", ""genero_comedia"", ""genero_infantil"", ""genero_musical"", ""periodo_1990_1999"", ""popularidade_alta""]";8
589;Terminator 2: Judgment Day (1991);"[""avaliacao_media"", ""genero_acao"", ""genero_ficcao_cientifica"", ""periodo_1990_1999"", ""popularidade_alta""]";5
590;Dances with Wolves (1990);"[""avaliacao_media"", ""genero_aventura"", ""genero_drama"", ""genero_faroeste"", ""periodo_1990_1999"", ""popularidade_alta""]";6
592;Batman (1989);"[""avaliacao_media"", ""genero_acao"", ""genero_crime"", ""genero_suspense"", ""periodo_1970_1989"", ""popularidade_alta""]";6
593;Silence of the Lambs, The (1991);"[""avaliacao_alta"", ""genero_crime"", ""genero_suspense"", ""genero_terror"", ""periodo_1990_1999"", ""popularidade_alta""]";6
594;Snow White and the Seven Dwarfs (1937);"[""avaliacao_media"", ""genero_animacao"", ""genero_drama"", ""genero_fantasia"", ""genero_infantil"", ""genero_musical"", ""periodo_antes_1950"", ""popularidade_alta""]";8
595;Beauty and the Beast (1991);"[""avaliacao_media"", ""genero_animacao"", ""genero_fantasia"", ""genero_imax"", ""genero_infantil"", ""genero_musical"", ""genero_romance"", ""periodo_1990_1999"", ""popularidade_alta""]";9
596;Pinocchio (1940);"[""avaliacao_media"", ""genero_animacao"", ""genero_fantasia"", ""genero_infantil"", ""genero_musical"", ""periodo_antes_1950"", ""popularidade_alta""]";7
597;Pretty Woman (1990);"[""avaliacao_media"", ""genero_comedia"", ""genero_romance"", ""periodo_1990_1999"", ""popularidade_alta""]";5
599;Wild Bunch, The (1969);"[""avaliacao_media"", ""genero_aventura"", ""genero_faroeste"", ""periodo_1950_1969"", ""popularidade_media""]";5
605;One Fine Day (1996);"[""avaliacao_media"", ""genero_drama"", ""genero_romance"", ""periodo_1990_1999"", ""popularidade_media""]";5
608;Fargo (1996);"[""avaliacao_alta"", ""genero_comedia"", ""genero_crime"", ""genero_drama"", ""genero_suspense"", ""periodo_1990_1999"", ""popularidade_alta""]";7
609;Homeward Bound II: Lost in San Francisco (1996);"[""avaliacao_media"", ""genero_aventura"", ""genero_infantil"", ""periodo_1990_1999"", ""popularidade_media""]";5
610;Heavy Metal (1981);"[""avaliacao_media"", ""genero_acao"", ""genero_animacao"", ""genero_aventura"", ""genero_ficcao_cientifica"", ""genero_terror"", ""periodo_1970_1989"", ""popularidade_media""]";8
611;Hellraiser: Bloodline (1996);"[""avaliacao_baixa"", ""genero_acao"", ""genero_ficcao_cientifica"", ""genero_terror"", ""periodo_1990_1999"", ""popularidade_baixa""]";6
612;Pallbearer, The (1996);"[""avaliacao_baixa"", ""genero_comedia"", ""periodo_1990_1999"", ""popularidade_baixa""]";4
613;Jane Eyre (1996);"[""avaliacao_media"", ""genero_drama"", ""genero_romance"", ""periodo_1990_1999"", ""popularidade_baixa""]";5
616;Aristocats, The (1970);"[""avaliacao_media"", ""genero_animacao"", ""genero_infantil"", ""periodo_1970_1989"", ""popularidade_media""]";5
619;Ed (1996);"[""avaliacao_baixa"", ""genero_comedia"", ""periodo_1990_1999"", ""popularidade_baixa""]";4
627;Last Supper, The (1995);"[""avaliacao_media"", ""genero_drama"", ""genero_suspense"", ""periodo_1990_1999"", ""popularidade_baixa""]";5
628;Primal Fear (1996);"[""avaliacao_media"", ""genero_crime"", ""genero_drama"", ""genero_misterio"", ""genero_suspense"", ""periodo_1990_1999"", ""popularidade_media""]";7
631;All Dogs Go to Heaven 2 (1996);"[""avaliacao_media"", ""genero_animacao"", ""genero_aventura"", ""genero_fantasia"", ""genero_infantil"", ""genero_musical"", ""genero_romance"", ""periodo_1990_1999"", ""popularidade_media""]";9
637;Sgt. Bilko (1996);"[""avaliacao_media"", ""genero_comedia"", ""periodo_1990_1999"", ""popularidade_media""]";4
640;Diabolique (1996);"[""avaliacao_baixa"", ""genero_drama"", ""genero_suspense"", ""periodo_1990_1999"", ""popularidade_media""]";5
647;Courage Under Fire (1996);"[""avaliacao_media"", ""genero_acao"", ""genero_crime"", ""genero_drama"", ""genero_guerra"", ""periodo_1990_1999"", ""popularidade_media""]";7
648;Mission: Impossible (1996);"[""avaliacao_media"", ""genero_acao"", ""genero_aventura"", ""genero_misterio"", ""genero_suspense"", ""periodo_1990_1999"", ""popularidade_alta""]";7
653;Dragonheart (1996);"[""avaliacao_media"", ""genero_acao"", ""genero_aventura"", ""genero_fantasia"", ""periodo_1990_1999"", ""popularidade_alta""]";6
656;Eddie (1996);"[""avaliacao_media"", ""genero_comedia"", ""periodo_1990_1999"", ""popularidade_baixa""]";4
661;James and the Giant Peach (1996);"[""avaliacao_media"", ""genero_animacao"", ""genero_aventura"", ""genero_fantasia"", ""genero_infantil"", ""genero_musical"", ""periodo_1990_1999"", ""popularidade_media""]";8
662;Fear (1996);"[""avaliacao_media"", ""genero_suspense"", ""periodo_1990_1999"", ""popularidade_baixa""]";4
663;Kids in the Hall: Brain Candy (1996);"[""avaliacao_media"", ""genero_comedia"", ""periodo_1990_1999"", ""popularidade_media""]";4
667;Bloodsport 2 (a.k.a. Bloodsport II: The Next Kumite) (1996);"[""avaliacao_baixa"", ""genero_acao"", ""periodo_1990_1999"", ""popularidade_baixa""]";4
671;Mystery Science Theater 3000: The Movie (1996);"[""avaliacao_media"", ""genero_comedia"", ""genero_ficcao_cientifica"", ""periodo_1990_1999"", ""popularidade_media""]";5
673;Space Jam (1996);"[""avaliacao_baixa"", ""genero_animacao"", ""genero_aventura"", ""genero_comedia"", ""genero_fantasia"", ""genero_ficcao_cientifica"", ""genero_infantil"", ""periodo_1990_1999"", ""popularidade_alta""]";9
674;Barbarella (1968);"[""avaliacao_media"", ""genero_aventura"", ""genero_comedia"", ""genero_ficcao_cientifica"", ""periodo_1950_1969"", ""popularidade_baixa""]";6
678;Some Folks Call It a Sling Blade (1993);"[""avaliacao_media"", ""genero_drama"", ""genero_suspense"", ""periodo_1990_1999"", ""popularidade_baixa""]";5
688;Operation Dumbo Drop (1995);"[""avaliacao_baixa"", ""genero_acao"", ""genero_aventura"", ""genero_comedia"", ""genero_guerra"", ""periodo_1990_1999"", ""popularidade_baixa""]";7
694;Substitute, The (1996);"[""avaliacao_baixa"", ""genero_acao"", ""genero_crime"", ""genero_drama"", ""periodo_1990_1999"", ""popularidade_media""]";6
697;Feeling Minnesota (1996);"[""avaliacao_baixa"", ""genero_drama"", ""genero_romance"", ""periodo_1990_1999"", ""popularidade_baixa""]";5
700;Angus (1995);"[""avaliacao_media"", ""genero_comedia"", ""periodo_1990_1999"", ""popularidade_baixa""]";4
704;Quest, The (1996);"[""avaliacao_baixa"", ""genero_acao"", ""genero_aventura"", ""periodo_1990_1999"", ""popularidade_baixa""]";5
707;Mulholland Falls (1996);"[""avaliacao_baixa"", ""genero_crime"", ""genero_drama"", ""genero_suspense"", ""periodo_1990_1999"", ""popularidade_media""]";6
708;Truth About Cats & Dogs, The (1996);"[""avaliacao_media"", ""genero_comedia"", ""genero_romance"", ""periodo_1990_1999"", ""popularidade_alta""]";5
709;Oliver & Company (1988);"[""avaliacao_media"", ""genero_animacao"", ""genero_aventura"", ""genero_comedia"", ""genero_infantil"", ""genero_musical"", ""periodo_1970_1989"", ""popularidade_media""]";8
710;Celtic Pride (1996);"[""avaliacao_baixa"", ""genero_comedia"", ""periodo_1990_1999"", ""popularidade_baixa""]";4
711;Flipper (1996);"[""avaliacao_media"", ""genero_aventura"", ""genero_infantil"", ""periodo_1990_1999"", ""popularidade_media""]";5
714;Dead Man (1995);"[""avaliacao_media"", ""genero_drama"", ""genero_faroeste"", ""genero_misterio"", ""periodo_1990_1999"", ""popularidade_media""]";6
719;Multiplicity (1996);"[""avaliacao_baixa"", ""genero_comedia"", ""periodo_1990_1999"", ""popularidade_media""]";4
720;Wallace & Gromit: The Best of Aardman Animation (1996);"[""avaliacao_alta"", ""genero_animacao"", ""genero_aventura"", ""genero_comedia"", ""periodo_1990_1999"", ""popularidade_media""]";6
724;Craft, The (1996);"[""avaliacao_media"", ""genero_drama"", ""genero_fantasia"", ""genero_suspense"", ""genero_terror"", ""periodo_1990_1999"", ""popularidade_media""]";7
725;Great White Hype, The (1996);"[""avaliacao_baixa"", ""genero_comedia"", ""periodo_1990_1999"", ""popularidade_baixa""]";4
728;Cold Comfort Farm (1995);"[""avaliacao_media"", ""genero_comedia"", ""periodo_1990_1999"", ""popularidade_media""]";4
733;Rock, The (1996);"[""avaliacao_media"", ""genero_acao"", ""genero_aventura"", ""genero_suspense"", ""periodo_1990_1999"", ""popularidade_alta""]";6
735;Cemetery Man (Dellamorte Dellamore) (1994);"[""avaliacao_media"", ""genero_terror"", ""periodo_1990_1999"", ""popularidade_baixa""]";4
736;Twister (1996);"[""avaliacao_media"", ""genero_acao"", ""genero_aventura"", ""genero_romance"", ""genero_suspense"", ""periodo_1990_1999"", ""popularidade_alta""]";7
737;Barb Wire (1996);"[""avaliacao_baixa"", ""genero_acao"", ""genero_ficcao_cientifica"", ""periodo_1990_1999"", ""popularidade_media""]";5
741;Ghost in the Shell (Kôkaku kidôtai) (1995);"[""avaliacao_alta"", ""genero_animacao"", ""genero_ficcao_cientifica"", ""periodo_1990_1999"", ""popularidade_media""]";5
742;Thinner (1996);"[""avaliacao_baixa"", ""genero_suspense"", ""genero_terror"", ""periodo_1990_1999"", ""popularidade_media""]";5
743;Spy Hard (1996);"[""avaliacao_baixa"", ""genero_comedia"", ""periodo_1990_1999"", ""popularidade_media""]";4
745;Wallace & Gromit: A Close Shave (1995);"[""avaliacao_media"", ""genero_animacao"", ""genero_comedia"", ""genero_infantil"", ""periodo_1990_1999"", ""popularidade_media""]";6
748;Arrival, The (1996);"[""avaliacao_media"", ""genero_acao"", ""genero_ficcao_cientifica"", ""genero_suspense"", ""periodo_1990_1999"", ""popularidade_media""]";6
750;Dr. Strangelove or: How I Learned to Stop Worrying and Love the Bomb (1964);"[""avaliacao_alta"", ""genero_comedia"", ""genero_guerra"", ""periodo_1950_1969"", ""popularidade_alta""]";5
761;Phantom, The (1996);"[""avaliacao_baixa"", ""genero_acao"", ""genero_aventura"", ""periodo_1990_1999"", ""popularidade_media""]";5
762;Striptease (1996);"[""avaliacao_baixa"", ""genero_comedia"", ""genero_crime"", ""periodo_1990_1999"", ""popularidade_media""]";5
765;Jack (1996);"[""avaliacao_media"", ""genero_comedia"", ""genero_drama"", ""periodo_1990_1999"", ""popularidade_media""]";5
778;Trainspotting (1996);"[""avaliacao_alta"", ""genero_comedia"", ""genero_crime"", ""genero_drama"", ""periodo_1990_1999"", ""popularidade_alta""]";6
780;Independence Day (a.k.a. ID4) (1996);"[""avaliacao_media"", ""genero_acao"", ""genero_aventura"", ""genero_ficcao_cientifica"", ""genero_suspense"", ""periodo_1990_1999"", ""popularidade_alta""]";7
781;Stealing Beauty (1996);"[""avaliacao_media"", ""genero_drama"", ""periodo_1990_1999"", ""popularidade_baixa""]";4
782;Fan, The (1996);"[""avaliacao_media"", ""genero_drama"", ""genero_suspense"", ""periodo_1990_1999"", ""popularidade_baixa""]";5
783;Hunchback of Notre Dame, The (1996);"[""avaliacao_media"", ""genero_animacao"", ""genero_drama"", ""genero_infantil"", ""genero_musical"", ""genero_romance"", ""periodo_1990_1999"", ""popularidade_media""]";8
784;Cable Guy, The (1996);"[""avaliacao_baixa"", ""genero_comedia"", ""genero_suspense"", ""periodo_1990_1999"", ""popularidade_alta""]";5
785;Kingpin (1996);"[""avaliacao_media"", ""genero_comedia"", ""periodo_1990_1999"", ""popularidade_media""]";4
786;Eraser (1996);"[""avaliacao_media"", ""genero_acao"", ""genero_drama"", ""genero_suspense"", ""periodo_1990_1999"", ""popularidade_alta""]";6
788;Nutty Professor, The (1996);"[""avaliacao_baixa"", ""genero_comedia"", ""genero_fantasia"", ""genero_ficcao_cientifica"", ""genero_romance"", ""periodo_1990_1999"", ""popularidade_alta""]";7
798;Daylight (1996);"[""avaliacao_baixa"", ""genero_acao"", ""genero_aventura"", ""genero_drama"", ""genero_suspense"", ""periodo_1990_1999"", ""popularidade_media""]";7
799;Frighteners, The (1996);"[""avaliacao_media"", ""genero_comedia"", ""genero_suspense"", ""genero_terror"", ""periodo_1990_1999"", ""popularidade_media""]";6
800;Lone Star (1996);"[""avaliacao_alta"", ""genero_drama"", ""genero_faroeste"", ""genero_misterio"", ""periodo_1990_1999"", ""popularidade_media""]";6
801;Harriet the Spy (1996);"[""avaliacao_media"", ""genero_comedia"", ""genero_infantil"", ""periodo_1990_1999"", ""popularidade_media""]";5
802;Phenomenon (1996);"[""avaliacao_media"", ""genero_drama"", ""genero_romance"", ""periodo_1990_1999"", ""popularidade_media""]";5
804;She's the One (1996);"[""avaliacao_media"", ""genero_comedia"", ""genero_romance"", ""periodo_1990_1999"", ""popularidade_baixa""]";5
805;Time to Kill, A (1996);"[""avaliacao_media"", ""genero_drama"", ""genero_suspense"", ""periodo_1990_1999"", ""popularidade_media""]";5
809;Fled (1996);"[""avaliacao_baixa"", ""genero_acao"", ""genero_aventura"", ""periodo_1990_1999"", ""popularidade_baixa""]";5
810;Kazaam (1996);"[""avaliacao_baixa"", ""genero_comedia"", ""genero_fantasia"", ""genero_infantil"", ""periodo_1990_1999"", ""popularidade_media""]";6
813;Larger Than Life (1996);"[""avaliacao_baixa"", ""genero_comedia"", ""periodo_1990_1999"", ""popularidade_baixa""]";4
818;Very Brady Sequel, A (1996);"[""avaliacao_media"", ""genero_comedia"", ""periodo_1990_1999"", ""popularidade_media""]";4
828;Adventures of Pinocchio, The (1996);"[""avaliacao_media"", ""genero_aventura"", ""genero_infantil"", ""periodo_1990_1999"", ""popularidade_baixa""]";5
829;Joe's Apartment (1996);"[""avaliacao_baixa"", ""genero_comedia"", ""genero_fantasia"", ""genero_musical"", ""periodo_1990_1999"", ""popularidade_baixa""]";6
830;First Wives Club, The (1996);"[""avaliacao_media"", ""genero_comedia"", ""periodo_1990_1999"", ""popularidade_media""]";4
832;Ransom (1996);"[""avaliacao_media"", ""genero_crime"", ""genero_suspense"", ""periodo_1990_1999"", ""popularidade_media""]";5
833;High School High (1996);"[""avaliacao_baixa"", ""genero_comedia"", ""periodo_1990_1999"", ""popularidade_baixa""]";4
836;Chain Reaction (1996);"[""avaliacao_baixa"", ""genero_acao"", ""genero_aventura"", ""genero_suspense"", ""periodo_1990_1999"", ""popularidade_media""]";6
837;Matilda (1996);"[""avaliacao_media"", ""genero_comedia"", ""genero_fantasia"", ""genero_infantil"", ""periodo_1990_1999"", ""popularidade_media""]";6
838;Emma (1996);"[""avaliacao_media"", ""genero_comedia"", ""genero_drama"", ""genero_romance"", ""periodo_1990_1999"", ""popularidade_media""]";6
839;Crow: City of Angels, The (1996);"[""avaliacao_baixa"", ""genero_acao"", ""genero_suspense"", ""periodo_1990_1999"", ""popularidade_media""]";5
842;Tales from the Crypt Presents: Bordello of Blood (1996);"[""avaliacao_baixa"", ""genero_comedia"", ""genero_terror"", ""periodo_1990_1999"", ""popularidade_media""]";5
848;Spitfire Grill, The (1996);"[""avaliacao_media"", ""genero_drama"", ""periodo_1990_1999"", ""popularidade_baixa""]";4
849;Escape from L.A. (1996);"[""avaliacao_baixa"", ""genero_acao"", ""genero_aventura"", ""genero_ficcao_cientifica"", ""genero_suspense"", ""periodo_1990_1999"", ""popularidade_media""]";7
851;Basquiat (1996);"[""avaliacao_baixa"", ""genero_drama"", ""periodo_1990_1999"", ""popularidade_baixa""]";4
852;Tin Cup (1996);"[""avaliacao_media"", ""genero_comedia"", ""genero_drama"", ""genero_romance"", ""periodo_1990_1999"", ""popularidade_media""]";6
858;Godfather, The (1972);"[""avaliacao_alta"", ""genero_crime"", ""genero_drama"", ""periodo_1970_1989"", ""popularidade_alta""]";5
861;Supercop (Police Story 3: Supercop) (Jing cha gu shi III: Chao ji jing cha) (1992);"[""avaliacao_media"", ""genero_acao"", ""genero_comedia"", ""genero_crime"", ""genero_suspense"", ""periodo_1990_1999"", ""popularidade_baixa""]";7
866;Bound (1996);"[""avaliacao_alta"", ""genero_crime"", ""genero_drama"", ""genero_romance"", ""genero_suspense"", ""periodo_1990_1999"", ""popularidade_media""]";7
880;Island of Dr. Moreau, The (1996);"[""avaliacao_baixa"", ""genero_ficcao_cientifica"", ""genero_suspense"", ""periodo_1990_1999"", ""popularidade_media""]";5
881;First Kid (1996);"[""avaliacao_baixa"", ""genero_comedia"", ""genero_infantil"", ""periodo_1990_1999"", ""popularidade_baixa""]";5
886;Bulletproof (1996);"[""avaliacao_baixa"", ""genero_acao"", ""genero_comedia"", ""genero_crime"", ""periodo_1990_1999"", ""popularidade_baixa""]";6
891;Halloween: The Curse of Michael Myers (Halloween 6: The Curse of Michael Myers) (1995);"[""avaliacao_media"", ""genero_suspense"", ""genero_terror"", ""periodo_1990_1999"", ""popularidade_baixa""]";5
892;Twelfth Night (1996);"[""avaliacao_media"", ""genero_comedia"", ""genero_drama"", ""genero_romance"", ""periodo_1990_1999"", ""popularidade_media""]";6
898;Philadelphia Story, The (1940);"[""avaliacao_alta"", ""genero_comedia"", ""genero_drama"", ""genero_romance"", ""periodo_antes_1950"", ""popularidade_media""]";6
899;Singin' in the Rain (1952);"[""avaliacao_alta"", ""genero_comedia"", ""genero_musical"", ""genero_romance"", ""periodo_1950_1969"", ""popularidade_media""]";6
900;American in Paris, An (1951);"[""avaliacao_media"", ""genero_musical"", ""genero_romance"", ""periodo_1950_1969"", ""popularidade_media""]";5
901;Funny Face (1957);"[""avaliacao_media"", ""genero_comedia"", ""genero_musical"", ""periodo_1950_1969"", ""popularidade_baixa""]";5
902;Breakfast at Tiffany's (1961);"[""avaliacao_media"", ""genero_drama"", ""genero_romance"", ""periodo_1950_1969"", ""popularidade_media""]";5
903;Vertigo (1958);"[""avaliacao_alta"", ""genero_drama"", ""genero_misterio"", ""genero_romance"", ""genero_suspense"", ""periodo_1950_1969"", ""popularidade_alta""]";7
904;Rear Window (1954);"[""avaliacao_alta"", ""genero_misterio"", ""genero_suspense"", ""periodo_1950_1969"", ""popularidade_alta""]";5
905;It Happened One Night (1934);"[""avaliacao_alta"", ""genero_comedia"", ""genero_romance"", ""periodo_antes_1950"", ""popularidade_media""]";5
906;Gaslight (1944);"[""avaliacao_alta"", ""genero_drama"", ""genero_suspense"", ""periodo_antes_1950"", ""popularidade_baixa""]";5
908;North by Northwest (1959);"[""avaliacao_alta"", ""genero_acao"", ""genero_aventura"", ""genero_misterio"", ""genero_romance"", ""genero_suspense"", ""periodo_1950_1969"", ""popularidade_alta""]";8
909;Apartment, The (1960);"[""avaliacao_media"", ""genero_comedia"", ""genero_drama"", ""genero_romance"", ""periodo_1950_1969"", ""popularidade_media""]";6
910;Some Like It Hot (1959);"[""avaliacao_alta"", ""genero_comedia"", ""genero_crime"", ""periodo_1950_1969"", ""popularidade_alta""]";5
911;Charade (1963);"[""avaliacao_media"", ""genero_comedia"", ""genero_crime"", ""genero_misterio"", ""genero_romance"", ""genero_suspense"", ""periodo_1950_1969"", ""popularidade_media""]";8
912;Casablanca (1942);"[""avaliacao_alta"", ""genero_drama"", ""genero_romance"", ""periodo_antes_1950"", ""popularidade_alta""]";5
913;Maltese Falcon, The (1941);"[""avaliacao_alta"", ""genero_film_noir"", ""genero_misterio"", ""periodo_antes_1950"", ""popularidade_media""]";5
914;My Fair Lady (1964);"[""avaliacao_alta"", ""genero_comedia"", ""genero_drama"", ""genero_musical"", ""genero_romance"", ""periodo_1950_1969"", ""popularidade_media""]";7
915;Sabrina (1954);"[""avaliacao_media"", ""genero_comedia"", ""genero_romance"", ""periodo_1950_1969"", ""popularidade_media""]";5
916;Roman Holiday (1953);"[""avaliacao_alta"", ""genero_comedia"", ""genero_drama"", ""genero_romance"", ""periodo_1950_1969"", ""popularidade_media""]";6
918;Meet Me in St. Louis (1944);"[""avaliacao_alta"", ""genero_musical"", ""periodo_antes_1950"", ""popularidade_media""]";4
919;Wizard of Oz, The (1939);"[""avaliacao_media"", ""genero_aventura"", ""genero_fantasia"", ""genero_infantil"", ""genero_musical"", ""periodo_antes_1950"", ""popularidade_alta""]";7
920;Gone with the Wind (1939);"[""avaliacao_media"", ""genero_drama"", ""genero_guerra"", ""genero_romance"", ""periodo_antes_1950"", ""popularidade_media""]";6
921;My Favorite Year (1982);"[""avaliacao_media"", ""genero_comedia"", ""periodo_1970_1989"", ""popularidade_baixa""]";4
922;Sunset Blvd. (a.k.a. Sunset Boulevard) (1950);"[""avaliacao_alta"", ""genero_drama"", ""genero_film_noir"", ""genero_romance"", ""periodo_1950_1969"", ""popularidade_media""]";6
923;Citizen Kane (1941);"[""avaliacao_alta"", ""genero_drama"", ""genero_misterio"", ""periodo_antes_1950"", ""popularidade_alta""]";5
924;2001: A Space Odyssey (1968);"[""avaliacao_media"", ""genero_aventura"", ""genero_drama"", ""genero_ficcao_cientifica"", ""periodo_1950_1969"", ""popularidade_alta""]";6
926;All About Eve (1950);"[""avaliacao_alta"", ""genero_drama"", ""periodo_1950_1969"", ""popularidade_media""]";4
928;Rebecca (1940);"[""avaliacao_alta"", ""genero_drama"", ""genero_misterio"", ""genero_romance"", ""genero_suspense"", ""periodo_antes_1950"", ""popularidade_media""]";7
930;Notorious (1946);"[""avaliacao_alta"", ""genero_film_noir"", ""genero_romance"", ""genero_suspense"", ""periodo_antes_1950"", ""popularidade_media""]";6
931;Spellbound (1945);"[""avaliacao_media"", ""genero_misterio"", ""genero_romance"", ""genero_suspense"", ""periodo_antes_1950"", ""popularidade_baixa""]";6
932;Affair to Remember, An (1957);"[""avaliacao_media"", ""genero_drama"", ""genero_romance"", ""periodo_1950_1969"", ""popularidade_baixa""]";5
933;To Catch a Thief (1955);"[""avaliacao_alta"", ""genero_crime"", ""genero_misterio"", ""genero_romance"", ""genero_suspense"", ""periodo_1950_1969"", ""popularidade_media""]";7
934;Father of the Bride (1950);"[""avaliacao_media"", ""genero_comedia"", ""periodo_1950_1969"", ""popularidade_media""]";4
936;Ninotchka (1939);"[""avaliacao_alta"", ""genero_comedia"", ""genero_romance"", ""periodo_antes_1950"", ""popularidade_baixa""]";5
938;Gigi (1958);"[""avaliacao_media"", ""genero_musical"", ""periodo_1950_1969"", ""popularidade_baixa""]";4
940;Adventures of Robin Hood, The (1938);"[""avaliacao_alta"", ""genero_acao"", ""genero_aventura"", ""genero_romance"", ""periodo_antes_1950"", ""popularidade_baixa""]";6
942;Laura (1944);"[""avaliacao_alta"", ""genero_crime"", ""genero_film_noir"", ""genero_misterio"", ""periodo_antes_1950"", ""popularidade_baixa""]";6
943;Ghost and Mrs. Muir, The (1947);"[""avaliacao_media"", ""genero_drama"", ""genero_fantasia"", ""genero_romance"", ""periodo_antes_1950"", ""popularidade_baixa""]";6
945;Top Hat (1935);"[""avaliacao_alta"", ""genero_comedia"", ""genero_musical"", ""genero_romance"", ""periodo_antes_1950"", ""popularidade_baixa""]";6
948;Giant (1956);"[""avaliacao_media"", ""genero_drama"", ""genero_faroeste"", ""genero_romance"", ""periodo_1950_1969"", ""popularidade_baixa""]";6
949;East of Eden (1955);"[""avaliacao_media"", ""genero_drama"", ""periodo_1950_1969"", ""popularidade_baixa""]";4
950;Thin Man, The (1934);"[""avaliacao_media"", ""genero_comedia"", ""genero_crime"", ""periodo_antes_1950"", ""popularidade_baixa""]";5
951;His Girl Friday (1940);"[""avaliacao_alta"", ""genero_comedia"", ""genero_romance"", ""periodo_antes_1950"", ""popularidade_media""]";5
952;Around the World in 80 Days (1956);"[""avaliacao_media"", ""genero_aventura"", ""genero_comedia"", ""periodo_1950_1969"", ""popularidade_media""]";5
953;It's a Wonderful Life (1946);"[""avaliacao_alta"", ""genero_drama"", ""genero_fantasia"", ""genero_infantil"", ""genero_romance"", ""periodo_antes_1950"", ""popularidade_alta""]";7
954;Mr. Smith Goes to Washington (1939);"[""avaliacao_alta"", ""genero_drama"", ""periodo_antes_1950"", ""popularidade_media""]";4
955;Bringing Up Baby (1938);"[""avaliacao_media"", ""genero_comedia"", ""genero_romance"", ""periodo_antes_1950"", ""popularidade_media""]";5
965;39 Steps, The (1935);"[""avaliacao_alta"", ""genero_drama"", ""genero_misterio"", ""genero_suspense"", ""periodo_antes_1950"", ""popularidade_media""]";6
968;Night of the Living Dead (1968);"[""avaliacao_media"", ""genero_ficcao_cientifica"", ""genero_suspense"", ""genero_terror"", ""periodo_1950_1969"", ""popularidade_media""]";6
969;African Queen, The (1951);"[""avaliacao_media"", ""genero_aventura"", ""genero_comedia"", ""genero_guerra"", ""genero_romance"", ""periodo_1950_1969"", ""popularidade_media""]";7
971;Cat on a Hot Tin Roof (1958);"[""avaliacao_alta"", ""genero_drama"", ""periodo_1950_1969"", ""popularidade_media""]";4
973;Meet John Doe (1941);"[""avaliacao_media"", ""genero_comedia"", ""genero_drama"", ""periodo_antes_1950"", ""popularidade_baixa""]";5
986;Fly Away Home (1996);"[""avaliacao_media"", ""genero_aventura"", ""genero_infantil"", ""periodo_1990_1999"", ""popularidade_media""]";5
990;Maximum Risk (1996);"[""avaliacao_baixa"", ""genero_acao"", ""genero_aventura"", ""genero_suspense"", ""periodo_1990_1999"", ""popularidade_baixa""]";6
991;Michael Collins (1996);"[""avaliacao_media"", ""genero_drama"", ""periodo_1990_1999"", ""popularidade_media""]";4
994;Big Night (1996);"[""avaliacao_alta"", ""genero_comedia"", ""genero_drama"", ""periodo_1990_1999"", ""popularidade_media""]";5
996;Last Man Standing (1996);"[""avaliacao_baixa"", ""genero_acao"", ""genero_crime"", ""genero_drama"", ""genero_suspense"", ""periodo_1990_1999"", ""popularidade_media""]";7
999;2 Days in the Valley (1996);"[""avaliacao_media"", ""genero_crime"", ""genero_film_noir"", ""periodo_1990_1999"", ""popularidade_media""]";5
1004;Glimmer Man, The (1996);"[""avaliacao_media"", ""genero_acao"", ""genero_suspense"", ""periodo_1990_1999"", ""popularidade_baixa""]";5
1005;D3: The Mighty Ducks (1996);"[""avaliacao_baixa"", ""genero_comedia"", ""genero_infantil"", ""periodo_1990_1999"", ""popularidade_baixa""]";5
1006;Chamber, The (1996);"[""avaliacao_media"", ""genero_drama"", ""periodo_1990_1999"", ""popularidade_baixa""]";4
1007;Apple Dumpling Gang, The (1975);"[""avaliacao_baixa"", ""genero_comedia"", ""genero_faroeste"", ""genero_infantil"", ""periodo_1970_1989"", ""popularidade_media""]";6
1009;Escape to Witch Mountain (1975);"[""avaliacao_media"", ""genero_aventura"", ""genero_fantasia"", ""genero_infantil"", ""periodo_1970_1989"", ""popularidade_baixa""]";6
1010;Love Bug, The (1969);"[""avaliacao_media"", ""genero_comedia"", ""genero_infantil"", ""periodo_1950_1969"", ""popularidade_baixa""]";5
1011;Herbie Rides Again (1974);"[""avaliacao_baixa"", ""genero_comedia"", ""genero_fantasia"", ""genero_infantil"", ""genero_romance"", ""periodo_1970_1989"", ""popularidade_baixa""]";7
1012;Old Yeller (1957);"[""avaliacao_media"", ""genero_drama"", ""genero_infantil"", ""periodo_1950_1969"", ""popularidade_baixa""]";5
1013;Parent Trap, The (1961);"[""avaliacao_media"", ""genero_comedia"", ""genero_infantil"", ""genero_romance"", ""periodo_1950_1969"", ""popularidade_media""]";6
1014;Pollyanna (1960);"[""avaliacao_baixa"", ""genero_comedia"", ""genero_drama"", ""genero_infantil"", ""periodo_1950_1969"", ""popularidade_baixa""]";6
1015;Homeward Bound: The Incredible Journey (1993);"[""avaliacao_baixa"", ""genero_aventura"", ""genero_drama"", ""genero_infantil"", ""periodo_1990_1999"", ""popularidade_media""]";6
1016;Shaggy Dog, The (1959);"[""avaliacao_baixa"", ""genero_comedia"", ""genero_infantil"", ""periodo_1950_1969"", ""popularidade_baixa""]";5
1017;Swiss Family Robinson (1960);"[""avaliacao_media"", ""genero_aventura"", ""genero_infantil"", ""periodo_1950_1969"", ""popularidade_media""]";5
1018;That Darn Cat! (1965);"[""avaliacao_baixa"", ""genero_comedia"", ""genero_infantil"", ""genero_misterio"", ""periodo_1950_1969"", ""popularidade_baixa""]";6
1019;20,000 Leagues Under the Sea (1954);"[""avaliacao_media"", ""genero_aventura"", ""genero_drama"", ""genero_ficcao_cientifica"", ""periodo_1950_1969"", ""popularidade_media""]";6
1020;Cool Runnings (1993);"[""avaliacao_media"", ""genero_comedia"", ""periodo_1990_1999"", ""popularidade_media""]";4
1021;Angels in the Outfield (1994);"[""avaliacao_baixa"", ""genero_comedia"", ""genero_infantil"", ""periodo_1990_1999"", ""popularidade_media""]";5
1022;Cinderella (1950);"[""avaliacao_media"", ""genero_animacao"", ""genero_fantasia"", ""genero_infantil"", ""genero_musical"", ""genero_romance"", ""periodo_1950_1969"", ""popularidade_media""]";8
1023;Winnie the Pooh and the Blustery Day (1968);"[""avaliacao_media"", ""genero_animacao"", ""genero_infantil"", ""genero_musical"", ""periodo_1950_1969"", ""popularidade_media""]";6
1024;Three Caballeros, The (1945);"[""avaliacao_media"", ""genero_animacao"", ""genero_infantil"", ""genero_musical"", ""periodo_antes_1950"", ""popularidade_baixa""]";6
1025;Sword in the Stone, The (1963);"[""avaliacao_media"", ""genero_animacao"", ""genero_fantasia"", ""genero_infantil"", ""genero_musical"", ""periodo_1950_1969"", ""popularidade_media""]";7
1027;Robin Hood: Prince of Thieves (1991);"[""avaliacao_media"", ""genero_aventura"", ""genero_drama"", ""periodo_1990_1999"", ""popularidade_media""]";5
1028;Mary Poppins (1964);"[""avaliacao_media"", ""genero_comedia"", ""genero_fantasia"", ""genero_infantil"", ""genero_musical"", ""periodo_1950_1969"", ""popularidade_alta""]";7
1029;Dumbo (1941);"[""avaliacao_media"", ""genero_animacao"", ""genero_drama"", ""genero_infantil"", ""genero_musical"", ""periodo_antes_1950"", ""popularidade_media""]";7
1030;Pete's Dragon (1977);"[""avaliacao_baixa"", ""genero_animacao"", ""genero_aventura"", ""genero_infantil"", ""genero_musical"", ""periodo_1970_1989"", ""popularidade_media""]";7
1031;Bedknobs and Broomsticks (1971);"[""avaliacao_media"", ""genero_aventura"", ""genero_infantil"", ""genero_musical"", ""periodo_1970_1989"", ""popularidade_media""]";6
1032;Alice in Wonderland (1951);"[""avaliacao_media"", ""genero_animacao"", ""genero_aventura"", ""genero_fantasia"", ""genero_infantil"", ""genero_musical"", ""periodo_1950_1969"", ""popularidade_media""]";8
1033;Fox and the Hound, The (1981);"[""avaliacao_media"", ""genero_animacao"", ""genero_drama"", ""genero_infantil"", ""periodo_1970_1989"", ""popularidade_media""]";6
1034;Freeway (1996);"[""avaliacao_media"", ""genero_comedia"", ""genero_crime"", ""genero_drama"", ""genero_suspense"", ""periodo_1990_1999"", ""popularidade_baixa""]";7
1035;Sound of Music, The (1965);"[""avaliacao_media"", ""genero_musical"", ""genero_romance"", ""periodo_1950_1969"", ""popularidade_alta""]";5
1036;Die Hard (1988);"[""avaliacao_media"", ""genero_acao"", ""genero_crime"", ""genero_suspense"", ""periodo_1970_1989"", ""popularidade_alta""]";6
1037;Lawnmower Man, The (1992);"[""avaliacao_baixa"", ""genero_acao"", ""genero_ficcao_cientifica"", ""genero_suspense"", ""genero_terror"", ""periodo_1990_1999"", ""popularidade_media""]";7
1041;Secrets & Lies (1996);"[""avaliacao_alta"", ""genero_drama"", ""periodo_1990_1999"", ""popularidade_media""]";4
1042;That Thing You Do! (1996);"[""avaliacao_media"", ""genero_comedia"", ""genero_drama"", ""periodo_1990_1999"", ""popularidade_media""]";5
1043;To Gillian on Her 37th Birthday (1996);"[""avaliacao_baixa"", ""genero_drama"", ""genero_romance"", ""periodo_1990_1999"", ""popularidade_baixa""]";5
1047;Long Kiss Goodnight, The (1996);"[""avaliacao_media"", ""genero_acao"", ""genero_drama"", ""genero_suspense"", ""periodo_1990_1999"", ""popularidade_media""]";6
1049;Ghost and the Darkness, The (1996);"[""avaliacao_media"", ""genero_acao"", ""genero_aventura"", ""periodo_1990_1999"", ""popularidade_media""]";5
1050;Looking for Richard (1996);"[""avaliacao_media"", ""genero_documentario"", ""genero_drama"", ""periodo_1990_1999"", ""popularidade_baixa""]";5
1056;Jude (1996);"[""avaliacao_media"", ""genero_drama"", ""periodo_1990_1999"", ""popularidade_baixa""]";4
1057;Everyone Says I Love You (1996);"[""avaliacao_media"", ""genero_comedia"", ""genero_musical"", ""genero_romance"", ""periodo_1990_1999"", ""popularidade_media""]";6
1059;William Shakespeare's Romeo + Juliet (1996);"[""avaliacao_media"", ""genero_drama"", ""genero_romance"", ""periodo_1990_1999"", ""popularidade_media""]";5
1060;Swingers (1996);"[""avaliacao_media"", ""genero_comedia"", ""genero_drama"", ""periodo_1990_1999"", ""popularidade_media""]";5
1061;Sleepers (1996);"[""avaliacao_media"", ""genero_suspense"", ""periodo_1990_1999"", ""popularidade_media""]";4
1064;Aladdin and the King of Thieves (1996);"[""avaliacao_media"", ""genero_animacao"", ""genero_comedia"", ""genero_fantasia"", ""genero_infantil"", ""genero_musical"", ""genero_romance"", ""periodo_1990_1999"", ""popularidade_media""]";9
1073;Willy Wonka & the Chocolate Factory (1971);"[""avaliacao_media"", ""genero_comedia"", ""genero_fantasia"", ""genero_infantil"", ""genero_musical"", ""periodo_1970_1989"", ""popularidade_alta""]";7
1077;Sleeper (1973);"[""avaliacao_media"", ""genero_comedia"", ""genero_ficcao_cientifica"", ""periodo_1970_1989"", ""popularidade_media""]";5
1078;Bananas (1971);"[""avaliacao_media"", ""genero_comedia"", ""genero_guerra"", ""periodo_1970_1989"", ""popularidade_media""]";5
1079;Fish Called Wanda, A (1988);"[""avaliacao_media"", ""genero_comedia"", ""genero_crime"", ""periodo_1970_1989"", ""popularidade_alta""]";5
1080;Monty Python's Life of Brian (1979);"[""avaliacao_media"", ""genero_comedia"", ""periodo_1970_1989"", ""popularidade_alta""]";4
1081;Victor/Victoria (1982);"[""avaliacao_media"", ""genero_comedia"", ""genero_musical"", ""genero_romance"", ""periodo_1970_1989"", ""popularidade_media""]";6
1082;Candidate, The (1972);"[""avaliacao_media"", ""genero_drama"", ""periodo_1970_1989"", ""popularidade_baixa""]";4
1083;Great Race, The (1965);"[""avaliacao_media"", ""genero_comedia"", ""genero_musical"", ""periodo_1950_1969"", ""popularidade_baixa""]";5
1084;Bonnie and Clyde (1967);"[""avaliacao_alta"", ""genero_crime"", ""genero_drama"", ""periodo_1950_1969"", ""popularidade_media""]";5
1086;Dial M for Murder (1954);"[""avaliacao_alta"", ""genero_crime"", ""genero_misterio"", ""genero_suspense"", ""periodo_1950_1969"", ""popularidade_media""]";6
1088;Dirty Dancing (1987);"[""avaliacao_media"", ""genero_drama"", ""genero_musical"", ""genero_romance"", ""periodo_1970_1989"", ""popularidade_media""]";6
1089;Reservoir Dogs (1992);"[""avaliacao_alta"", ""genero_crime"", ""genero_misterio"", ""genero_suspense"", ""periodo_1990_1999"", ""popularidade_alta""]";6
1090;Platoon (1986);"[""avaliacao_media"", ""genero_drama"", ""genero_guerra"", ""periodo_1970_1989"", ""popularidade_alta""]";5
1091;Weekend at Bernie's (1989);"[""avaliacao_baixa"", ""genero_comedia"", ""periodo_1970_1989"", ""popularidade_media""]";4
1092;Basic Instinct (1992);"[""avaliacao_media"", ""genero_crime"", ""genero_misterio"", ""genero_suspense"", ""periodo_1990_1999"", ""popularidade_media""]";6
1093;Doors, The (1991);"[""avaliacao_media"", ""genero_drama"", ""periodo_1990_1999"", ""popularidade_media""]";4
1094;Crying Game, The (1992);"[""avaliacao_media"", ""genero_drama"", ""genero_romance"", ""genero_suspense"", ""periodo_1990_1999"", ""popularidade_media""]";6
1095;Glengarry Glen Ross (1992);"[""avaliacao_media"", ""genero_drama"", ""periodo_1990_1999"", ""popularidade_media""]";4
1096;Sophie's Choice (1982);"[""avaliacao_alta"", ""genero_drama"", ""periodo_1970_1989"", ""popularidade_media""]";4
1097;E.T. the Extra-Terrestrial (1982);"[""avaliacao_media"", ""genero_drama"", ""genero_ficcao_cientifica"", ""genero_infantil"", ""periodo_1970_1989"", ""popularidade_alta""]";6
1100;Days of Thunder (1990);"[""avaliacao_baixa"", ""genero_acao"", ""genero_drama"", ""genero_romance"", ""periodo_1990_1999"", ""popularidade_media""]";6
1101;Top Gun (1986);"[""avaliacao_media"", ""genero_acao"", ""genero_romance"", ""periodo_1970_1989"", ""popularidade_alta""]";5
1103;Rebel Without a Cause (1955);"[""avaliacao_alta"", ""genero_drama"", ""periodo_1950_1969"", ""popularidade_media""]";4
1104;Streetcar Named Desire, A (1951);"[""avaliacao_alta"", ""genero_drama"", ""periodo_1950_1969"", ""popularidade_media""]";4
1120;People vs. Larry Flynt, The (1996);"[""avaliacao_media"", ""genero_comedia"", ""genero_drama"", ""periodo_1990_1999"", ""popularidade_media""]";5
1124;On Golden Pond (1981);"[""avaliacao_media"", ""genero_drama"", ""periodo_1970_1989"", ""popularidade_media""]";4
1125;Return of the Pink Panther, The (1975);"[""avaliacao_media"", ""genero_comedia"", ""genero_crime"", ""periodo_1970_1989"", ""popularidade_media""]";5
1126;Drop Dead Fred (1991);"[""avaliacao_baixa"", ""genero_comedia"", ""genero_fantasia"", ""periodo_1990_1999"", ""popularidade_baixa""]";5
1127;Abyss, The (1989);"[""avaliacao_media"", ""genero_acao"", ""genero_aventura"", ""genero_ficcao_cientifica"", ""genero_suspense"", ""periodo_1970_1989"", ""popularidade_alta""]";7
1128;Fog, The (1980);"[""avaliacao_baixa"", ""genero_terror"", ""periodo_1970_1989"", ""popularidade_baixa""]";4
1129;Escape from New York (1981);"[""avaliacao_media"", ""genero_acao"", ""genero_aventura"", ""genero_ficcao_cientifica"", ""genero_suspense"", ""periodo_1970_1989"", ""popularidade_media""]";7
1130;Howling, The (1980);"[""avaliacao_baixa"", ""genero_misterio"", ""genero_terror"", ""periodo_1970_1989"", ""popularidade_baixa""]";5
1131;Jean de Florette (1986);"[""avaliacao_alta"", ""genero_drama"", ""genero_misterio"", ""periodo_1970_1989"", ""popularidade_media""]";5
1132;Manon of the Spring (Manon des sources) (1986);"[""avaliacao_alta"", ""genero_drama"", ""periodo_1970_1989"", ""popularidade_baixa""]";4
1135;Private Benjamin (1980);"[""avaliacao_media"", ""genero_comedia"", ""periodo_1970_1989"", ""popularidade_media""]";4
1136;Monty Python and the Holy Grail (1975);"[""avaliacao_alta"", ""genero_aventura"", ""genero_comedia"", ""genero_fantasia"", ""periodo_1970_1989"", ""popularidade_alta""]";6
1147;When We Were Kings (1996);"[""avaliacao_media"", ""genero_documentario"", ""periodo_1990_1999"", ""popularidade_media""]";4
1148;Wallace & Gromit: The Wrong Trousers (1993);"[""avaliacao_alta"", ""genero_animacao"", ""genero_comedia"", ""genero_crime"", ""genero_infantil"", ""periodo_1990_1999"", ""popularidade_alta""]";7
1171;Bob Roberts (1992);"[""avaliacao_media"", ""genero_comedia"", ""periodo_1990_1999"", ""popularidade_media""]";4
1172;Cinema Paradiso (Nuovo cinema Paradiso) (1989);"[""avaliacao_alta"", ""genero_drama"", ""periodo_1970_1989"", ""popularidade_media""]";4
1173;Cook the Thief His Wife & Her Lover, The (1989);"[""avaliacao_media"", ""genero_comedia"", ""genero_drama"", ""periodo_1970_1989"", ""popularidade_media""]";5
1175;Delicatessen (1991);"[""avaliacao_media"", ""genero_comedia"", ""genero_drama"", ""genero_romance"", ""periodo_1990_1999"", ""popularidade_media""]";6
1177;Enchanted April (1992);"[""avaliacao_alta"", ""genero_drama"", ""genero_romance"", ""periodo_1990_1999"", ""popularidade_baixa""]";5
1178;Paths of Glory (1957);"[""avaliacao_alta"", ""genero_drama"", ""genero_guerra"", ""periodo_1950_1969"", ""popularidade_media""]";5
1179;Grifters, The (1990);"[""avaliacao_media"", ""genero_crime"", ""genero_drama"", ""genero_film_noir"", ""periodo_1990_1999"", ""popularidade_media""]";6
1183;English Patient, The (1996);"[""avaliacao_media"", ""genero_drama"", ""genero_guerra"", ""genero_romance"", ""periodo_1990_1999"", ""popularidade_media""]";6
1184;Mediterraneo (1991);"[""avaliacao_media"", ""genero_comedia"", ""genero_drama"", ""periodo_1990_1999"", ""popularidade_baixa""]";5
1185;My Left Foot (1989);"[""avaliacao_media"", ""genero_drama"", ""periodo_1970_1989"", ""popularidade_media""]";4
1186;Sex, Lies, and Videotape (1989);"[""avaliacao_media"", ""genero_drama"", ""periodo_1970_1989"", ""popularidade_media""]";4
1187;Passion Fish (1992);"[""avaliacao_media"", ""genero_drama"", ""periodo_1990_1999"", ""popularidade_baixa""]";4
1188;Strictly Ballroom (1992);"[""avaliacao_media"", ""genero_comedia"", ""genero_romance"", ""periodo_1990_1999"", ""popularidade_media""]";5
1189;Thin Blue Line, The (1988);"[""avaliacao_alta"", ""genero_documentario"", ""periodo_1970_1989"", ""popularidade_media""]";4
1190;Tie Me Up! Tie Me Down! (¡Átame!) (1990);"[""avaliacao_media"", ""genero_crime"", ""genero_drama"", ""genero_romance"", ""periodo_1990_1999"", ""popularidade_baixa""]";6
1191;Madonna: Truth or Dare (1991);"[""avaliacao_media"", ""genero_documentario"", ""genero_musical"", ""periodo_1990_1999"", ""popularidade_baixa""]";5
1192;Paris Is Burning (1990);"[""avaliacao_alta"", ""genero_documentario"", ""periodo_1990_1999"", ""popularidade_baixa""]";4
1193;One Flew Over the Cuckoo's Nest (1975);"[""avaliacao_alta"", ""genero_drama"", ""periodo_1970_1989"", ""popularidade_alta""]";4
1194;Cheech and Chong's Up in Smoke (1978);"[""avaliacao_media"", ""genero_comedia"", ""periodo_1970_1989"", ""popularidade_media""]";4
1196;Star Wars: Episode V - The Empire Strikes Back (1980);"[""avaliacao_alta"", ""genero_acao"", ""genero_aventura"", ""genero_ficcao_cientifica"", ""periodo_1970_1989"", ""popularidade_alta""]";6
1197;Princess Bride, The (1987);"[""avaliacao_alta"", ""genero_acao"", ""genero_aventura"", ""genero_comedia"", ""genero_fantasia"", ""genero_romance"", ""periodo_1970_1989"", ""popularidade_alta""]";8
1198;Raiders of the Lost Ark (Indiana Jones and the Raiders of the Lost Ark) (1981);"[""avaliacao_alta"", ""genero_acao"", ""genero_aventura"", ""periodo_1970_1989"", ""popularidade_alta""]";5
1199;Brazil (1985);"[""avaliacao_alta"", ""genero_fantasia"", ""genero_ficcao_cientifica"", ""periodo_1970_1989"", ""popularidade_alta""]";5
1200;Aliens (1986);"[""avaliacao_media"", ""genero_acao"", ""genero_aventura"", ""genero_ficcao_cientifica"", ""genero_terror"", ""periodo_1970_1989"", ""popularidade_alta""]";7
1201;Good, the Bad and the Ugly, The (Buono, il brutto, il cattivo, Il) (1966);"[""avaliacao_alta"", ""genero_acao"", ""genero_aventura"", ""genero_faroeste"", ""periodo_1950_1969"", ""popularidade_alta""]";6
1202;Withnail & I (1987);"[""avaliacao_media"", ""genero_comedia"", ""periodo_1970_1989"", ""popularidade_baixa""]";4
1203;12 Angry Men (1957);"[""avaliacao_alta"", ""genero_drama"", ""periodo_1950_1969"", ""popularidade_alta""]";4
1204;Lawrence of Arabia (1962);"[""avaliacao_alta"", ""genero_aventura"", ""genero_drama"", ""genero_guerra"", ""periodo_1950_1969"", ""popularidade_media""]";6
1206;Clockwork Orange, A (1971);"[""avaliacao_media"", ""genero_crime"", ""genero_drama"", ""genero_ficcao_cientifica"", ""genero_suspense"", ""periodo_1970_1989"", ""popularidade_alta""]";7
1207;To Kill a Mockingbird (1962);"[""avaliacao_alta"", ""genero_drama"", ""periodo_1950_1969"", ""popularidade_alta""]";4
1208;Apocalypse Now (1979);"[""avaliacao_alta"", ""genero_acao"", ""genero_drama"", ""genero_guerra"", ""periodo_1970_1989"", ""popularidade_alta""]";6
1209;Once Upon a Time in the West (C'era una volta il West) (1968);"[""avaliacao_alta"", ""genero_acao"", ""genero_drama"", ""genero_faroeste"", ""periodo_1950_1969"", ""popularidade_media""]";6
1210;Star Wars: Episode VI - Return of the Jedi (1983);"[""avaliacao_alta"", ""genero_acao"", ""genero_aventura"", ""genero_ficcao_cientifica"", ""periodo_1970_1989"", ""popularidade_alta""]";6
1211;Wings of Desire (Himmel über Berlin, Der) (1987);"[""avaliacao_media"", ""genero_drama"", ""genero_fantasia"", ""genero_romance"", ""periodo_1970_1989"", ""popularidade_media""]";6
1212;Third Man, The (1949);"[""avaliacao_alta"", ""genero_film_noir"", ""genero_misterio"", ""genero_suspense"", ""periodo_antes_1950"", ""popularidade_media""]";6
1213;Goodfellas (1990);"[""avaliacao_alta"", ""genero_crime"", ""genero_drama"", ""periodo_1990_1999"", ""popularidade_alta""]";5
1214;Alien (1979);"[""avaliacao_media"", ""genero_ficcao_cientifica"", ""genero_terror"", ""periodo_1970_1989"", ""popularidade_alta""]";5
1215;Army of Darkness (1993);"[""avaliacao_alta"", ""genero_acao"", ""genero_aventura"", ""genero_comedia"", ""genero_fantasia"", ""genero_terror"", ""periodo_1990_1999"", ""popularidade_alta""]";8
1216;Big Blue, The (Grand bleu, Le) (1988);"[""avaliacao_media"", ""genero_aventura"", ""genero_drama"", ""genero_romance"", ""periodo_1970_1989"", ""popularidade_media""]";6
1217;Ran (1985);"[""avaliacao_alta"", ""genero_drama"", ""genero_guerra"", ""periodo_1970_1989"", ""popularidade_media""]";5
1218;Killer, The (Die xue shuang xiong) (1989);"[""avaliacao_alta"", ""genero_acao"", ""genero_crime"", ""genero_drama"", ""genero_suspense"", ""periodo_1970_1989"", ""popularidade_media""]";7
1219;Psycho (1960);"[""avaliacao_alta"", ""genero_crime"", ""genero_terror"", ""periodo_1950_1969"", ""popularidade_alta""]";5
1220;Blues Brothers, The (1980);"[""avaliacao_media"", ""genero_acao"", ""genero_comedia"", ""genero_musical"", ""periodo_1970_1989"", ""popularidade_alta""]";6
1221;Godfather: Part II, The (1974);"[""avaliacao_alta"", ""genero_crime"", ""genero_drama"", ""periodo_1970_1989"", ""popularidade_alta""]";5
1222;Full Metal Jacket (1987);"[""avaliacao_alta"", ""genero_drama"", ""genero_guerra"", ""periodo_1970_1989"", ""popularidade_alta""]";5
1223;Grand Day Out with Wallace and Gromit, A (1989);"[""avaliacao_alta"", ""genero_animacao"", ""genero_aventura"", ""genero_comedia"", ""genero_ficcao_cientifica"", ""genero_infantil"", ""periodo_1970_1989"", ""popularidade_media""]";8
1224;Henry V (1989);"[""avaliacao_alta"", ""genero_acao"", ""genero_drama"", ""genero_guerra"", ""genero_romance"", ""periodo_1970_1989"", ""popularidade_media""]";7
1225;Amadeus (1984);"[""avaliacao_alta"", ""genero_drama"", ""periodo_1970_1989"", ""popularidade_alta""]";4
1226;Quiet Man, The (1952);"[""avaliacao_media"", ""genero_drama"", ""genero_romance"", ""periodo_1950_1969"", ""popularidade_baixa""]";5
1227;Once Upon a Time in America (1984);"[""avaliacao_alta"", ""genero_crime"", ""genero_drama"", ""periodo_1970_1989"", ""popularidade_media""]";5
1228;Raging Bull (1980);"[""avaliacao_alta"", ""genero_drama"", ""periodo_1970_1989"", ""popularidade_media""]";4
1230;Annie Hall (1977);"[""avaliacao_media"", ""genero_comedia"", ""genero_romance"", ""periodo_1970_1989"", ""popularidade_alta""]";5
1231;Right Stuff, The (1983);"[""avaliacao_media"", ""genero_drama"", ""periodo_1970_1989"", ""popularidade_media""]";4
1232;Stalker (1979);"[""avaliacao_media"", ""genero_drama"", ""genero_ficcao_cientifica"", ""genero_misterio"", ""periodo_1970_1989"", ""popularidade_baixa""]";6
1233;Boot, Das (Boat, The) (1981);"[""avaliacao_alta"", ""genero_acao"", ""genero_drama"", ""genero_guerra"", ""periodo_1970_1989"", ""popularidade_media""]";6
1234;Sting, The (1973);"[""avaliacao_media"", ""genero_comedia"", ""genero_crime"", ""periodo_1970_1989"", ""popularidade_alta""]";5
1235;Harold and Maude (1971);"[""avaliacao_alta"", ""genero_comedia"", ""genero_drama"", ""genero_romance"", ""periodo_1970_1989"", ""popularidade_media""]";6
1237;Seventh Seal, The (Sjunde inseglet, Det) (1957);"[""avaliacao_alta"", ""genero_drama"", ""periodo_1950_1969"", ""popularidade_media""]";4
1238;Local Hero (1983);"[""avaliacao_alta"", ""genero_comedia"", ""periodo_1970_1989"", ""popularidade_baixa""]";4
1240;Terminator, The (1984);"[""avaliacao_media"", ""genero_acao"", ""genero_ficcao_cientifica"", ""genero_suspense"", ""periodo_1970_1989"", ""popularidade_alta""]";6
1241;Dead Alive (Braindead) (1992);"[""avaliacao_alta"", ""genero_comedia"", ""genero_fantasia"", ""genero_terror"", ""periodo_1990_1999"", ""popularidade_media""]";6
1242;Glory (1989);"[""avaliacao_alta"", ""genero_drama"", ""genero_guerra"", ""periodo_1970_1989"", ""popularidade_media""]";5
1243;Rosencrantz and Guildenstern Are Dead (1990);"[""avaliacao_media"", ""genero_comedia"", ""genero_drama"", ""periodo_1990_1999"", ""popularidade_media""]";5
1244;Manhattan (1979);"[""avaliacao_alta"", ""genero_comedia"", ""genero_drama"", ""genero_romance"", ""periodo_1970_1989"", ""popularidade_media""]";6
1245;Miller's Crossing (1990);"[""avaliacao_alta"", ""genero_crime"", ""genero_drama"", ""genero_film_noir"", ""genero_suspense"", ""periodo_1990_1999"", ""popularidade_media""]";7
1246;Dead Poets Society (1989);"[""avaliacao_media"", ""genero_drama"", ""periodo_1970_1989"", ""popularidade_alta""]";4
1247;Graduate, The (1967);"[""avaliacao_alta"", ""genero_comedia"", ""genero_drama"", ""genero_romance"", ""periodo_1950_1969"", ""popularidade_alta""]";6
1248;Touch of Evil (1958);"[""avaliacao_alta"", ""genero_crime"", ""genero_film_noir"", ""genero_suspense"", ""periodo_1950_1969"", ""popularidade_media""]";6
1249;Femme Nikita, La (Nikita) (1990);"[""avaliacao_alta"", ""genero_acao"", ""genero_crime"", ""genero_romance"", ""genero_suspense"", ""periodo_1990_1999"", ""popularidade_media""]";7
1250;Bridge on the River Kwai, The (1957);"[""avaliacao_alta"", ""genero_aventura"", ""genero_drama"", ""genero_guerra"", ""periodo_1950_1969"", ""popularidade_media""]";6
1251;8 1/2 (8½) (1963);"[""avaliacao_alta"", ""genero_drama"", ""genero_fantasia"", ""periodo_1950_1969"", ""popularidade_media""]";5
1252;Chinatown (1974);"[""avaliacao_alta"", ""genero_crime"", ""genero_film_noir"", ""genero_misterio"", ""genero_suspense"", ""periodo_1970_1989"", ""popularidade_alta""]";7
1253;Day the Earth Stood Still, The (1951);"[""avaliacao_media"", ""genero_drama"", ""genero_ficcao_cientifica"", ""genero_suspense"", ""periodo_1950_1969"", ""popularidade_media""]";6
1254;Treasure of the Sierra Madre, The (1948);"[""avaliacao_media"", ""genero_acao"", ""genero_aventura"", ""genero_drama"", ""genero_faroeste"", ""periodo_antes_1950"", ""popularidade_media""]";7
1255;Bad Taste (1987);"[""avaliacao_media"", ""genero_comedia"", ""genero_ficcao_cientifica"", ""genero_terror"", ""periodo_1970_1989"", ""popularidade_baixa""]";6
1256;Duck Soup (1933);"[""avaliacao_media"", ""genero_comedia"", ""genero_guerra"", ""genero_musical"", ""periodo_antes_1950"", ""popularidade_media""]";6
1257;Better Off Dead... (1985);"[""avaliacao_media"", ""genero_comedia"", ""genero_romance"", ""periodo_1970_1989"", ""popularidade_media""]";5
1258;Shining, The (1980);"[""avaliacao_alta"", ""genero_terror"", ""periodo_1970_1989"", ""popularidade_alta""]";4
1259;Stand by Me (1986);"[""avaliacao_alta"", ""genero_aventura"", ""genero_drama"", ""periodo_1970_1989"", ""popularidade_alta""]";5
1260;M (1931);"[""avaliacao_media"", ""genero_crime"", ""genero_film_noir"", ""genero_suspense"", ""periodo_antes_1950"", ""popularidade_media""]";6
1261;Evil Dead II (Dead by Dawn) (1987);"[""avaliacao_alta"", ""genero_acao"", ""genero_comedia"", ""genero_fantasia"", ""genero_terror"", ""periodo_1970_1989"", ""popularidade_media""]";7
1262;Great Escape, The (1963);"[""avaliacao_alta"", ""genero_acao"", ""genero_aventura"", ""genero_drama"", ""genero_guerra"", ""periodo_1950_1969"", ""popularidade_media""]";7
1263;Deer Hunter, The (1978);"[""avaliacao_media"", ""genero_drama"", ""genero_guerra"", ""periodo_1970_1989"", ""popularidade_media""]";5
1264;Diva (1981);"[""avaliacao_media"", ""genero_acao"", ""genero_drama"", ""genero_misterio"", ""genero_romance"", ""genero_suspense"", ""periodo_1970_1989"", ""popularidade_baixa""]";8
1265;Groundhog Day (1993);"[""avaliacao_media"", ""genero_comedia"", ""genero_fantasia"", ""genero_romance"", ""periodo_1990_1999"", ""popularidade_alta""]";6
1266;Unforgiven (1992);"[""avaliacao_alta"", ""genero_drama"", ""genero_faroeste"", ""periodo_1990_1999"", ""popularidade_media""]";5
1267;Manchurian Candidate, The (1962);"[""avaliacao_alta"", ""genero_crime"", ""genero_guerra"", ""genero_suspense"", ""periodo_1950_1969"", ""popularidade_media""]";6
1268;Pump Up the Volume (1990);"[""avaliacao_media"", ""genero_comedia"", ""genero_drama"", ""periodo_1990_1999"", ""popularidade_baixa""]";5
1269;Arsenic and Old Lace (1944);"[""avaliacao_media"", ""genero_comedia"", ""genero_misterio"", ""genero_suspense"", ""periodo_antes_1950"", ""popularidade_media""]";6
1270;Back to the Future (1985);"[""avaliacao_alta"", ""genero_aventura"", ""genero_comedia"", ""genero_ficcao_cientifica"", ""periodo_1970_1989"", ""popularidade_alta""]";6
1271;Fried Green Tomatoes (1991);"[""avaliacao_media"", ""genero_comedia"", ""genero_crime"", ""genero_drama"", ""periodo_1990_1999"", ""popularidade_media""]";6
1272;Patton (1970);"[""avaliacao_alta"", ""genero_drama"", ""genero_guerra"", ""periodo_1970_1989"", ""popularidade_media""]";5
1273;Down by Law (1986);"[""avaliacao_alta"", ""genero_comedia"", ""genero_drama"", ""genero_film_noir"", ""periodo_1970_1989"", ""popularidade_media""]";6
1274;Akira (1988);"[""avaliacao_media"", ""genero_acao"", ""genero_animacao"", ""genero_aventura"", ""genero_ficcao_cientifica"", ""periodo_1970_1989"", ""popularidade_media""]";7
1275;Highlander (1986);"[""avaliacao_media"", ""genero_acao"", ""genero_aventura"", ""genero_fantasia"", ""periodo_1970_1989"", ""popularidade_media""]";6
1276;Cool Hand Luke (1967);"[""avaliacao_alta"", ""genero_drama"", ""periodo_1950_1969"", ""popularidade_alta""]";4
1277;Cyrano de Bergerac (1990);"[""avaliacao_alta"", ""genero_comedia"", ""genero_drama"", ""genero_romance"", ""periodo_1990_1999"", ""popularidade_media""]";6
1278;Young Frankenstein (1974);"[""avaliacao_media"", ""genero_comedia"", ""genero_fantasia"", ""periodo_1970_1989"", ""popularidade_alta""]";5
1279;Night on Earth (1991);"[""avaliacao_alta"", ""genero_comedia"", ""genero_drama"", ""periodo_1990_1999"", ""popularidade_baixa""]";5
1280;Raise the Red Lantern (Da hong deng long gao gao gua) (1991);"[""avaliacao_alta"", ""genero_drama"", ""periodo_1990_1999"", ""popularidade_baixa""]";4
1281;Great Dictator, The (1940);"[""avaliacao_alta"", ""genero_comedia"", ""genero_drama"", ""genero_guerra"", ""periodo_antes_1950"", ""popularidade_media""]";6
1282;Fantasia (1940);"[""avaliacao_media"", ""genero_animacao"", ""genero_fantasia"", ""genero_infantil"", ""genero_musical"", ""periodo_antes_1950"", ""popularidade_alta""]";7
1283;High Noon (1952);"[""avaliacao_alta"", ""genero_drama"", ""genero_faroeste"", ""periodo_1950_1969"", ""popularidade_media""]";5
1284;Big Sleep, The (1946);"[""avaliacao_alta"", ""genero_crime"", ""genero_film_noir"", ""genero_misterio"", ""periodo_antes_1950"", ""popularidade_media""]";6
1285;Heathers (1989);"[""avaliacao_media"", ""genero_comedia"", ""periodo_1970_1989"", ""popularidade_media""]";4
1286;Somewhere in Time (1980);"[""avaliacao_media"", ""genero_drama"", ""genero_romance"", ""periodo_1970_1989"", ""popularidade_baixa""]";5
1287;Ben-Hur (1959);"[""avaliacao_media"", ""genero_acao"", ""genero_aventura"", ""genero_drama"", ""periodo_1950_1969"", ""popularidade_media""]";6
1288;This Is Spinal Tap (1984);"[""avaliacao_alta"", ""genero_comedia"", ""periodo_1970_1989"", ""popularidade_alta""]";4
1289;Koyaanisqatsi (a.k.a. Koyaanisqatsi: Life Out of Balance) (1983);"[""avaliacao_media"", ""genero_documentario"", ""periodo_1970_1989"", ""popularidade_media""]";4
1290;Some Kind of Wonderful (1987);"[""avaliacao_media"", ""genero_drama"", ""genero_romance"", ""periodo_1970_1989"", ""popularidade_media""]";5
1291;Indiana Jones and the Last Crusade (1989);"[""avaliacao_alta"", ""genero_acao"", ""genero_aventura"", ""periodo_1970_1989"", ""popularidade_alta""]";5
1292;Being There (1979);"[""avaliacao_media"", ""genero_comedia"", ""genero_drama"", ""periodo_1970_1989"", ""popularidade_media""]";5
1293;Gandhi (1982);"[""avaliacao_media"", ""genero_drama"", ""periodo_1970_1989"", ""popularidade_media""]";4
1295;Unbearable Lightness of Being, The (1988);"[""avaliacao_media"", ""genero_drama"", ""periodo_1970_1989"", ""popularidade_media""]";4
1296;Room with a View, A (1986);"[""avaliacao_media"", ""genero_drama"", ""genero_romance"", ""periodo_1970_1989"", ""popularidade_media""]";5
1297;Real Genius (1985);"[""avaliacao_media"", ""genero_comedia"", ""periodo_1970_1989"", ""popularidade_media""]";4
1298;Pink Floyd: The Wall (1982);"[""avaliacao_media"", ""genero_drama"", ""genero_musical"", ""periodo_1970_1989"", ""popularidade_media""]";5
1299;Killing Fields, The (1984);"[""avaliacao_alta"", ""genero_drama"", ""genero_guerra"", ""periodo_1970_1989"", ""popularidade_media""]";5
1300;My Life as a Dog (Mitt liv som hund) (1985);"[""avaliacao_alta"", ""genero_comedia"", ""genero_drama"", ""periodo_1970_1989"", ""popularidade_baixa""]";5
1301;Forbidden Planet (1956);"[""avaliacao_media"", ""genero_drama"", ""genero_ficcao_cientifica"", ""periodo_1950_1969"", ""popularidade_media""]";5
1302;Field of Dreams (1989);"[""avaliacao_media"", ""genero_drama"", ""genero_fantasia"", ""genero_infantil"", ""periodo_1970_1989"", ""popularidade_alta""]";6
1303;Man Who Would Be King, The (1975);"[""avaliacao_alta"", ""genero_aventura"", ""genero_drama"", ""periodo_1970_1989"", ""popularidade_media""]";5
1304;Butch Cassidy and the Sundance Kid (1969);"[""avaliacao_media"", ""genero_acao"", ""genero_faroeste"", ""periodo_1950_1969"", ""popularidade_alta""]";5
1306;Until the End of the World (Bis ans Ende der Welt) (1991);"[""avaliacao_baixa"", ""genero_aventura"", ""genero_drama"", ""genero_ficcao_cientifica"", ""periodo_1990_1999"", ""popularidade_baixa""]";6
1307;When Harry Met Sally... (1989);"[""avaliacao_media"", ""genero_comedia"", ""genero_romance"", ""periodo_1970_1989"", ""popularidade_alta""]";5
1320;Alien³ (a.k.a. Alien 3) (1992);"[""avaliacao_media"", ""genero_acao"", ""genero_ficcao_cientifica"", ""genero_suspense"", ""genero_terror"", ""periodo_1990_1999"", ""popularidade_media""]";7
1321;American Werewolf in London, An (1981);"[""avaliacao_media"", ""genero_comedia"", ""genero_suspense"", ""genero_terror"", ""periodo_1970_1989"", ""popularidade_media""]";6
1327;Amityville Horror, The (1979);"[""avaliacao_baixa"", ""genero_drama"", ""genero_misterio"", ""genero_suspense"", ""genero_terror"", ""periodo_1970_1989"", ""popularidade_media""]";7
1333;Birds, The (1963);"[""avaliacao_media"", ""genero_suspense"", ""genero_terror"", ""periodo_1950_1969"", ""popularidade_media""]";5
1334;Blob, The (1958);"[""avaliacao_media"", ""genero_ficcao_cientifica"", ""genero_terror"", ""periodo_1950_1969"", ""popularidade_baixa""]";5
1339;Dracula (Bram Stoker's Dracula) (1992);"[""avaliacao_media"", ""genero_fantasia"", ""genero_romance"", ""genero_suspense"", ""genero_terror"", ""periodo_1990_1999"", ""popularidade_media""]";7
1342;Candyman (1992);"[""avaliacao_baixa"", ""genero_suspense"", ""genero_terror"", ""periodo_1990_1999"", ""popularidade_media""]";5
1343;Cape Fear (1991);"[""avaliacao_media"", ""genero_suspense"", ""periodo_1990_1999"", ""popularidade_media""]";4
1344;Cape Fear (1962);"[""avaliacao_media"", ""genero_crime"", ""genero_drama"", ""genero_suspense"", ""periodo_1950_1969"", ""popularidade_media""]";6
1345;Carrie (1976);"[""avaliacao_media"", ""genero_drama"", ""genero_fantasia"", ""genero_suspense"", ""genero_terror"", ""periodo_1970_1989"", ""popularidade_media""]";7
1346;Cat People (1982);"[""avaliacao_baixa"", ""genero_drama"", ""genero_fantasia"", ""genero_terror"", ""periodo_1970_1989"", ""popularidade_baixa""]";6
1347;Nightmare on Elm Street, A (1984);"[""avaliacao_media"", ""genero_suspense"", ""genero_terror"", ""periodo_1970_1989"", ""popularidade_media""]";5
1348;Nosferatu (Nosferatu, eine Symphonie des Grauens) (1922);"[""avaliacao_media"", ""genero_terror"", ""periodo_antes_1950"", ""popularidade_media""]";4
1350;Omen, The (1976);"[""avaliacao_media"", ""genero_misterio"", ""genero_suspense"", ""genero_terror"", ""periodo_1970_1989"", ""popularidade_media""]";6
1354;Breaking the Waves (1996);"[""avaliacao_alta"", ""genero_drama"", ""genero_misterio"", ""periodo_1990_1999"", ""popularidade_baixa""]";5
1356;Star Trek: First Contact (1996);"[""avaliacao_media"", ""genero_acao"", ""genero_aventura"", ""genero_ficcao_cientifica"", ""genero_suspense"", ""periodo_1990_1999"", ""popularidade_alta""]";7
1357;Shine (1996);"[""avaliacao_alta"", ""genero_drama"", ""genero_romance"", ""periodo_1990_1999"", ""popularidade_media""]";5
1358;Sling Blade (1996);"[""avaliacao_media"", ""genero_drama"", ""periodo_1990_1999"", ""popularidade_media""]";4
1359;Jingle All the Way (1996);"[""avaliacao_baixa"", ""genero_comedia"", ""genero_infantil"", ""periodo_1990_1999"", ""popularidade_media""]";5
1361;Paradise Lost: The Child Murders at Robin Hood Hills (1996);"[""avaliacao_alta"", ""genero_documentario"", ""periodo_1990_1999"", ""popularidade_baixa""]";4
1363;Preacher's Wife, The (1996);"[""avaliacao_media"", ""genero_drama"", ""periodo_1990_1999"", ""popularidade_baixa""]";4
1365;Ridicule (1996);"[""avaliacao_media"", ""genero_drama"", ""periodo_1990_1999"", ""popularidade_baixa""]";4
1366;Crucible, The (1996);"[""avaliacao_media"", ""genero_drama"", ""periodo_1990_1999"", ""popularidade_baixa""]";4
1367;101 Dalmatians (1996);"[""avaliacao_media"", ""genero_aventura"", ""genero_comedia"", ""genero_infantil"", ""periodo_1990_1999"", ""popularidade_media""]";6
1370;Die Hard 2 (1990);"[""avaliacao_media"", ""genero_acao"", ""genero_aventura"", ""genero_suspense"", ""periodo_1990_1999"", ""popularidade_alta""]";6
1371;Star Trek: The Motion Picture (1979);"[""avaliacao_media"", ""genero_aventura"", ""genero_ficcao_cientifica"", ""periodo_1970_1989"", ""popularidade_media""]";5
1372;Star Trek VI: The Undiscovered Country (1991);"[""avaliacao_media"", ""genero_acao"", ""genero_ficcao_cientifica"", ""genero_misterio"", ""periodo_1990_1999"", ""popularidade_media""]";6
1373;Star Trek V: The Final Frontier (1989);"[""avaliacao_baixa"", ""genero_acao"", ""genero_ficcao_cientifica"", ""periodo_1970_1989"", ""popularidade_media""]";5
1374;Star Trek II: The Wrath of Khan (1982);"[""avaliacao_media"", ""genero_acao"", ""genero_aventura"", ""genero_ficcao_cientifica"", ""genero_suspense"", ""periodo_1970_1989"", ""popularidade_alta""]";7
1375;Star Trek III: The Search for Spock (1984);"[""avaliacao_media"", ""genero_acao"", ""genero_aventura"", ""genero_ficcao_cientifica"", ""periodo_1970_1989"", ""popularidade_media""]";6
1376;Star Trek IV: The Voyage Home (1986);"[""avaliacao_media"", ""genero_aventura"", ""genero_comedia"", ""genero_ficcao_cientifica"", ""periodo_1970_1989"", ""popularidade_media""]";6
1377;Batman Returns (1992);"[""avaliacao_media"", ""genero_acao"", ""genero_crime"", ""periodo_1990_1999"", ""popularidade_alta""]";5
1378;Young Guns (1988);"[""avaliacao_media"", ""genero_acao"", ""genero_comedia"", ""genero_faroeste"", ""periodo_1970_1989"", ""popularidade_media""]";6
1379;Young Guns II (1990);"[""avaliacao_media"", ""genero_acao"", ""genero_faroeste"", ""periodo_1990_1999"", ""popularidade_media""]";5
1380;Grease (1978);"[""avaliacao_media"", ""genero_comedia"", ""genero_musical"", ""genero_romance"", ""periodo_1970_1989"", ""popularidade_alta""]";6
1381;Grease 2 (1982);"[""avaliacao_baixa"", ""genero_comedia"", ""genero_musical"", ""genero_romance"", ""periodo_1970_1989"", ""popularidade_media""]";6
1385;Under Siege (1992);"[""avaliacao_baixa"", ""genero_acao"", ""genero_drama"", ""genero_suspense"", ""periodo_1990_1999"", ""popularidade_media""]";6
1387;Jaws (1975);"[""avaliacao_alta"", ""genero_acao"", ""genero_terror"", ""periodo_1970_1989"", ""popularidade_alta""]";5
1388;Jaws 2 (1978);"[""avaliacao_baixa"", ""genero_suspense"", ""genero_terror"", ""periodo_1970_1989"", ""popularidade_media""]";5
1389;Jaws 3-D (1983);"[""avaliacao_baixa"", ""genero_acao"", ""genero_terror"", ""periodo_1970_1989"", ""popularidade_baixa""]";5
1390;My Fellow Americans (1996);"[""avaliacao_baixa"", ""genero_comedia"", ""periodo_1990_1999"", ""popularidade_baixa""]";4
1391;Mars Attacks! (1996);"[""avaliacao_media"", ""genero_acao"", ""genero_comedia"", ""genero_ficcao_cientifica"", ""periodo_1990_1999"", ""popularidade_alta""]";6
1393;Jerry Maguire (1996);"[""avaliacao_media"", ""genero_drama"", ""genero_romance"", ""periodo_1990_1999"", ""popularidade_alta""]";5
1394;Raising Arizona (1987);"[""avaliacao_media"", ""genero_comedia"", ""periodo_1970_1989"", ""popularidade_alta""]";4
1395;Tin Men (1987);"[""avaliacao_media"", ""genero_comedia"", ""genero_drama"", ""periodo_1970_1989"", ""popularidade_baixa""]";5
1396;Sneakers (1992);"[""avaliacao_media"", ""genero_acao"", ""genero_comedia"", ""genero_crime"", ""genero_drama"", ""genero_ficcao_cientifica"", ""periodo_1990_1999"", ""popularidade_media""]";8
1399;Marvin's Room (1996);"[""avaliacao_media"", ""genero_drama"", ""periodo_1990_1999"", ""popularidade_baixa""]";4
1405;Beavis and Butt-Head Do America (1996);"[""avaliacao_baixa"", ""genero_animacao"", ""genero_aventura"", ""genero_comedia"", ""genero_crime"", ""periodo_1990_1999"", ""popularidade_media""]";7
1407;Scream (1996);"[""avaliacao_media"", ""genero_comedia"", ""genero_misterio"", ""genero_suspense"", ""genero_terror"", ""periodo_1990_1999"", ""popularidade_alta""]";7
1408;Last of the Mohicans, The (1992);"[""avaliacao_media"", ""genero_acao"", ""genero_faroeste"", ""genero_guerra"", ""genero_romance"", ""periodo_1990_1999"", ""popularidade_media""]";7
1409;Michael (1996);"[""avaliacao_baixa"", ""genero_comedia"", ""genero_drama"", ""genero_fantasia"", ""genero_romance"", ""periodo_1990_1999"", ""popularidade_media""]";7
1411;Hamlet (1996);"[""avaliacao_alta"", ""genero_crime"", ""genero_drama"", ""genero_romance"", ""periodo_1990_1999"", ""popularidade_media""]";6
1414;Mother (1996);"[""avaliacao_media"", ""genero_comedia"", ""periodo_1990_1999"", ""popularidade_baixa""]";4
1416;Evita (1996);"[""avaliacao_media"", ""genero_drama"", ""genero_musical"", ""periodo_1990_1999"", ""popularidade_media""]";5
1425;Fierce Creatures (1997);"[""avaliacao_media"", ""genero_comedia"", ""periodo_1990_1999"", ""popularidade_baixa""]";4
1429;First Strike (Police Story 4: First Strike) (Ging chaat goo si 4: Ji gaan daan yam mo) (1996);"[""avaliacao_media"", ""genero_acao"", ""genero_aventura"", ""genero_comedia"", ""genero_suspense"", ""periodo_1990_1999"", ""popularidade_media""]";7
1431;Beverly Hills Ninja (1997);"[""avaliacao_baixa"", ""genero_acao"", ""genero_comedia"", ""periodo_1990_1999"", ""popularidade_media""]";5
1432;Metro (1997);"[""avaliacao_baixa"", ""genero_acao"", ""genero_comedia"", ""genero_crime"", ""genero_drama"", ""genero_suspense"", ""periodo_1990_1999"", ""popularidade_baixa""]";8
1438;Dante's Peak (1997);"[""avaliacao_baixa"", ""genero_acao"", ""genero_suspense"", ""periodo_1990_1999"", ""popularidade_media""]";5
1441;Benny & Joon (1993);"[""avaliacao_media"", ""genero_comedia"", ""genero_romance"", ""periodo_1990_1999"", ""popularidade_media""]";5
1442;Prefontaine (1997);"[""avaliacao_media"", ""genero_drama"", ""periodo_1990_1999"", ""popularidade_baixa""]";4
1445;McHale's Navy (1997);"[""avaliacao_baixa"", ""genero_comedia"", ""genero_guerra"", ""periodo_1990_1999"", ""popularidade_baixa""]";5
1446;Kolya (Kolja) (1996);"[""avaliacao_alta"", ""genero_comedia"", ""genero_drama"", ""periodo_1990_1999"", ""popularidade_baixa""]";5
1449;Waiting for Guffman (1996);"[""avaliacao_media"", ""genero_comedia"", ""periodo_1990_1999"", ""popularidade_media""]";4
1454;SubUrbia (1997);"[""avaliacao_media"", ""genero_comedia"", ""genero_drama"", ""periodo_1990_1999"", ""popularidade_baixa""]";5
1457;Fools Rush In (1997);"[""avaliacao_media"", ""genero_comedia"", ""genero_drama"", ""genero_romance"", ""periodo_1990_1999"", ""popularidade_media""]";6
1459;Absolute Power (1997);"[""avaliacao_baixa"", ""genero_misterio"", ""genero_suspense"", ""periodo_1990_1999"", ""popularidade_media""]";5
1461;Vegas Vacation (National Lampoon's Las Vegas Vacation) (1997);"[""avaliacao_baixa"", ""genero_comedia"", ""periodo_1990_1999"", ""popularidade_baixa""]";4
1464;Lost Highway (1997);"[""avaliacao_media"", ""genero_crime"", ""genero_drama"", ""genero_fantasia"", ""genero_film_noir"", ""genero_misterio"", ""genero_romance"", ""periodo_1990_1999"", ""popularidade_media""]";9
1466;Donnie Brasco (1997);"[""avaliacao_media"", ""genero_crime"", ""genero_drama"", ""periodo_1990_1999"", ""popularidade_alta""]";5
1468;Booty Call (1997);"[""avaliacao_baixa"", ""genero_comedia"", ""genero_romance"", ""periodo_1990_1999"", ""popularidade_baixa""]";5
1474;Jungle2Jungle (a.k.a. Jungle 2 Jungle) (1997);"[""avaliacao_baixa"", ""genero_comedia"", ""genero_infantil"", ""periodo_1990_1999"", ""popularidade_media""]";5
1476;Private Parts (1997);"[""avaliacao_media"", ""genero_comedia"", ""genero_drama"", ""periodo_1990_1999"", ""popularidade_media""]";5
1479;Saint, The (1997);"[""avaliacao_media"", ""genero_acao"", ""genero_ficcao_cientifica"", ""genero_romance"", ""genero_suspense"", ""periodo_1990_1999"", ""popularidade_media""]";7
1480;Smilla's Sense of Snow (1997);"[""avaliacao_media"", ""genero_drama"", ""genero_suspense"", ""periodo_1990_1999"", ""popularidade_media""]";5
1483;Crash (1996);"[""avaliacao_media"", ""genero_drama"", ""genero_suspense"", ""periodo_1990_1999"", ""popularidade_media""]";5
1485;Liar Liar (1997);"[""avaliacao_media"", ""genero_comedia"", ""periodo_1990_1999"", ""popularidade_alta""]";4
1487;Selena (1997);"[""avaliacao_media"", ""genero_drama"", ""genero_musical"", ""periodo_1990_1999"", ""popularidade_baixa""]";5
1488;Devil's Own, The (1997);"[""avaliacao_baixa"", ""genero_acao"", ""genero_drama"", ""genero_suspense"", ""periodo_1990_1999"", ""popularidade_media""]";6
1498;Inventing the Abbotts (1997);"[""avaliacao_media"", ""genero_drama"", ""genero_romance"", ""periodo_1990_1999"", ""popularidade_baixa""]";5
1499;Anaconda (1997);"[""avaliacao_baixa"", ""genero_acao"", ""genero_aventura"", ""genero_suspense"", ""periodo_1990_1999"", ""popularidade_media""]";6
1500;Grosse Pointe Blank (1997);"[""avaliacao_media"", ""genero_comedia"", ""genero_crime"", ""genero_romance"", ""periodo_1990_1999"", ""popularidade_alta""]";6
1513;Romy and Michele's High School Reunion (1997);"[""avaliacao_baixa"", ""genero_comedia"", ""periodo_1990_1999"", ""popularidade_media""]";4
1515;Volcano (1997);"[""avaliacao_baixa"", ""genero_acao"", ""genero_drama"", ""genero_suspense"", ""periodo_1990_1999"", ""popularidade_media""]";6
1517;Austin Powers: International Man of Mystery (1997);"[""avaliacao_media"", ""genero_acao"", ""genero_aventura"", ""genero_comedia"", ""periodo_1990_1999"", ""popularidade_alta""]";6
1518;Breakdown (1997);"[""avaliacao_media"", ""genero_acao"", ""genero_suspense"", ""periodo_1990_1999"", ""popularidade_media""]";5
1527;Fifth Element, The (1997);"[""avaliacao_media"", ""genero_acao"", ""genero_aventura"", ""genero_comedia"", ""genero_ficcao_cientifica"", ""periodo_1990_1999"", ""popularidade_alta""]";7
1537;Shall We Dance? (Shall We Dansu?) (1996);"[""avaliacao_media"", ""genero_comedia"", ""genero_drama"", ""genero_romance"", ""periodo_1990_1999"", ""popularidade_media""]";6
1541;Addicted to Love (1997);"[""avaliacao_baixa"", ""genero_comedia"", ""genero_romance"", ""periodo_1990_1999"", ""popularidade_media""]";5
1542;Brassed Off (1996);"[""avaliacao_media"", ""genero_comedia"", ""genero_drama"", ""genero_romance"", ""periodo_1990_1999"", ""popularidade_baixa""]";6
1544;Lost World: Jurassic Park, The (1997);"[""avaliacao_baixa"", ""genero_acao"", ""genero_aventura"", ""genero_ficcao_cientifica"", ""genero_suspense"", ""periodo_1990_1999"", ""popularidade_alta""]";7
1552;Con Air (1997);"[""avaliacao_media"", ""genero_acao"", ""genero_aventura"", ""genero_suspense"", ""periodo_1990_1999"", ""popularidade_alta""]";6
1554;Pillow Book, The (1996);"[""avaliacao_baixa"", ""genero_drama"", ""genero_romance"", ""periodo_1990_1999"", ""popularidade_baixa""]";5
1556;Speed 2: Cruise Control (1997);"[""avaliacao_baixa"", ""genero_acao"", ""genero_romance"", ""genero_suspense"", ""periodo_1990_1999"", ""popularidade_media""]";6
1562;Batman & Robin (1997);"[""avaliacao_baixa"", ""genero_acao"", ""genero_aventura"", ""genero_fantasia"", ""genero_suspense"", ""periodo_1990_1999"", ""popularidade_media""]";7
1566;Hercules (1997);"[""avaliacao_media"", ""genero_animacao"", ""genero_aventura"", ""genero_comedia"", ""genero_infantil"", ""genero_musical"", ""periodo_1990_1999"", ""popularidade_media""]";8
1569;My Best Friend's Wedding (1997);"[""avaliacao_media"", ""genero_comedia"", ""genero_romance"", ""periodo_1990_1999"", ""popularidade_media""]";5
1573;Face/Off (1997);"[""avaliacao_media"", ""genero_acao"", ""genero_crime"", ""genero_drama"", ""genero_suspense"", ""periodo_1990_1999"", ""popularidade_alta""]";7
1580;Men in Black (a.k.a. MIB) (1997);"[""avaliacao_media"", ""genero_acao"", ""genero_comedia"", ""genero_ficcao_cientifica"", ""periodo_1990_1999"", ""popularidade_alta""]";6
1582;Wild America (1997);"[""avaliacao_baixa"", ""genero_aventura"", ""genero_infantil"", ""periodo_1990_1999"", ""popularidade_baixa""]";5
1584;Contact (1997);"[""avaliacao_media"", ""genero_drama"", ""genero_ficcao_cientifica"", ""periodo_1990_1999"", ""popularidade_alta""]";5
1586;G.I. Jane (1997);"[""avaliacao_baixa"", ""genero_acao"", ""genero_drama"", ""periodo_1990_1999"", ""popularidade_media""]";5
1587;Conan the Barbarian (1982);"[""avaliacao_media"", ""genero_acao"", ""genero_aventura"", ""genero_fantasia"", ""periodo_1970_1989"", ""popularidade_media""]";6
1588;George of the Jungle (1997);"[""avaliacao_media"", ""genero_comedia"", ""genero_infantil"", ""periodo_1990_1999"", ""popularidade_media""]";5
1589;Cop Land (1997);"[""avaliacao_media"", ""genero_acao"", ""genero_crime"", ""genero_drama"", ""genero_suspense"", ""periodo_1990_1999"", ""popularidade_media""]";7
1590;Event Horizon (1997);"[""avaliacao_baixa"", ""genero_ficcao_cientifica"", ""genero_suspense"", ""genero_terror"", ""periodo_1990_1999"", ""popularidade_media""]";6
1591;Spawn (1997);"[""avaliacao_baixa"", ""genero_acao"", ""genero_aventura"", ""genero_ficcao_cientifica"", ""genero_suspense"", ""periodo_1990_1999"", ""popularidade_media""]";7
1593;Picture Perfect (1997);"[""avaliacao_baixa"", ""genero_comedia"", ""genero_romance"", ""periodo_1990_1999"", ""popularidade_baixa""]";5
1594;In the Company of Men (1997);"[""avaliacao_alta"", ""genero_comedia"", ""genero_drama"", ""periodo_1990_1999"", ""popularidade_baixa""]";5
1597;Conspiracy Theory (1997);"[""avaliacao_baixa"", ""genero_drama"", ""genero_misterio"", ""genero_romance"", ""genero_suspense"", ""periodo_1990_1999"", ""popularidade_media""]";7
1603;Mimic (1997);"[""avaliacao_baixa"", ""genero_ficcao_cientifica"", ""genero_suspense"", ""genero_terror"", ""periodo_1990_1999"", ""popularidade_media""]";6
1608;Air Force One (1997);"[""avaliacao_media"", ""genero_acao"", ""genero_suspense"", ""periodo_1990_1999"", ""popularidade_alta""]";5
1610;Hunt for Red October, The (1990);"[""avaliacao_media"", ""genero_acao"", ""genero_aventura"", ""genero_suspense"", ""periodo_1990_1999"", ""popularidade_alta""]";6
1611;My Own Private Idaho (1991);"[""avaliacao_alta"", ""genero_drama"", ""genero_romance"", ""periodo_1990_1999"", ""popularidade_baixa""]";5
1614;In & Out (1997);"[""avaliacao_baixa"", ""genero_comedia"", ""periodo_1990_1999"", ""popularidade_media""]";4
1615;Edge, The (1997);"[""avaliacao_media"", ""genero_aventura"", ""genero_drama"", ""periodo_1990_1999"", ""popularidade_media""]";5
1616;Peacemaker, The (1997);"[""avaliacao_media"", ""genero_acao"", ""genero_guerra"", ""genero_suspense"", ""periodo_1990_1999"", ""popularidade_media""]";6
1617;L.A. Confidential (1997);"[""avaliacao_alta"", ""genero_crime"", ""genero_film_noir"", ""genero_misterio"", ""genero_suspense"", ""periodo_1990_1999"", ""popularidade_alta""]";7
1619;Seven Years in Tibet (1997);"[""avaliacao_media"", ""genero_aventura"", ""genero_drama"", ""genero_guerra"", ""periodo_1990_1999"", ""popularidade_media""]";6
1620;Kiss the Girls (1997);"[""avaliacao_media"", ""genero_crime"", ""genero_drama"", ""genero_misterio"", ""genero_suspense"", ""periodo_1990_1999"", ""popularidade_media""]";7
1625;Game, The (1997);"[""avaliacao_media"", ""genero_drama"", ""genero_misterio"", ""genero_suspense"", ""periodo_1990_1999"", ""popularidade_alta""]";6
1627;U Turn (1997);"[""avaliacao_media"", ""genero_crime"", ""genero_drama"", ""genero_misterio"", ""periodo_1990_1999"", ""popularidade_baixa""]";6
1633;Ulee's Gold (1997);"[""avaliacao_alta"", ""genero_drama"", ""periodo_1990_1999"", ""popularidade_baixa""]";4
1635;Ice Storm, The (1997);"[""avaliacao_media"", ""genero_drama"", ""periodo_1990_1999"", ""popularidade_media""]";4
1639;Chasing Amy (1997);"[""avaliacao_media"", ""genero_comedia"", ""genero_drama"", ""genero_romance"", ""periodo_1990_1999"", ""popularidade_alta""]";6
1641;Full Monty, The (1997);"[""avaliacao_media"", ""genero_comedia"", ""genero_drama"", ""periodo_1990_1999"", ""popularidade_alta""]";5
1643;Mrs. Brown (a.k.a. Her Majesty, Mrs. Brown) (1997);"[""avaliacao_media"", ""genero_drama"", ""genero_romance"", ""periodo_1990_1999"", ""popularidade_baixa""]";5
1644;I Know What You Did Last Summer (1997);"[""avaliacao_baixa"", ""genero_misterio"", ""genero_suspense"", ""genero_terror"", ""periodo_1990_1999"", ""popularidade_media""]";6
1645;The Devil's Advocate (1997);"[""avaliacao_media"", ""genero_drama"", ""genero_misterio"", ""genero_suspense"", ""periodo_1990_1999"", ""popularidade_alta""]";6
1646;RocketMan (a.k.a. Rocket Man) (1997);"[""avaliacao_baixa"", ""genero_comedia"", ""genero_ficcao_cientifica"", ""genero_infantil"", ""genero_romance"", ""periodo_1990_1999"", ""popularidade_baixa""]";7
1653;Gattaca (1997);"[""avaliacao_media"", ""genero_drama"", ""genero_ficcao_cientifica"", ""genero_suspense"", ""periodo_1990_1999"", ""popularidade_alta""]";6
1658;Life Less Ordinary, A (1997);"[""avaliacao_media"", ""genero_romance"", ""genero_suspense"", ""periodo_1990_1999"", ""popularidade_baixa""]";5
1663;Stripes (1981);"[""avaliacao_media"", ""genero_comedia"", ""genero_guerra"", ""periodo_1970_1989"", ""popularidade_media""]";5
1665;Bean (1997);"[""avaliacao_baixa"", ""genero_comedia"", ""periodo_1990_1999"", ""popularidade_media""]";4
1667;Mad City (1997);"[""avaliacao_baixa"", ""genero_acao"", ""genero_drama"", ""periodo_1990_1999"", ""popularidade_baixa""]";5
1672;Rainmaker, The (1997);"[""avaliacao_media"", ""genero_drama"", ""periodo_1990_1999"", ""popularidade_media""]";4
1673;Boogie Nights (1997);"[""avaliacao_alta"", ""genero_drama"", ""periodo_1990_1999"", ""popularidade_media""]";4
1674;Witness (1985);"[""avaliacao_media"", ""genero_drama"", ""genero_romance"", ""genero_suspense"", ""periodo_1970_1989"", ""popularidade_media""]";6
1676;Starship Troopers (1997);"[""avaliacao_media"", ""genero_acao"", ""genero_ficcao_cientifica"", ""periodo_1990_1999"", ""popularidade_alta""]";5
1678;Joy Luck Club, The (1993);"[""avaliacao_media"", ""genero_drama"", ""genero_romance"", ""periodo_1990_1999"", ""popularidade_media""]";5
1680;Sliding Doors (1998);"[""avaliacao_media"", ""genero_drama"", ""genero_romance"", ""periodo_1990_1999"", ""popularidade_media""]";5
1681;Mortal Kombat: Annihilation (1997);"[""avaliacao_baixa"", ""genero_acao"", ""genero_aventura"", ""genero_fantasia"", ""periodo_1990_1999"", ""popularidade_baixa""]";6
1682;Truman Show, The (1998);"[""avaliacao_media"", ""genero_comedia"", ""genero_drama"", ""genero_ficcao_cientifica"", ""periodo_1990_1999"", ""popularidade_alta""]";6
1683;Wings of the Dove, The (1997);"[""avaliacao_alta"", ""genero_drama"", ""genero_romance"", ""periodo_1990_1999"", ""popularidade_baixa""]";5
1687;Jackal, The (1997);"[""avaliacao_media"", ""genero_acao"", ""genero_suspense"", ""periodo_1990_1999"", ""popularidade_media""]";5
1688;Anastasia (1997);"[""avaliacao_media"", ""genero_animacao"", ""genero_aventura"", ""genero_drama"", ""genero_infantil"", ""genero_musical"", ""periodo_1990_1999"", ""popularidade_media""]";8
1689;Man Who Knew Too Little, The (1997);"[""avaliacao_baixa"", ""genero_comedia"", ""genero_crime"", ""genero_suspense"", ""periodo_1990_1999"", ""popularidade_baixa""]";6
1690;Alien: Resurrection (1997);"[""avaliacao_baixa"", ""genero_acao"", ""genero_ficcao_cientifica"", ""genero_terror"", ""periodo_1990_1999"", ""popularidade_media""]";6
1693;Amistad (1997);"[""avaliacao_media"", ""genero_drama"", ""genero_misterio"", ""periodo_1990_1999"", ""popularidade_media""]";5
1694;Apostle, The (1997);"[""avaliacao_media"", ""genero_drama"", ""periodo_1990_1999"", ""popularidade_baixa""]";4
1701;Deconstructing Harry (1997);"[""avaliacao_media"", ""genero_comedia"", ""genero_drama"", ""periodo_1990_1999"", ""popularidade_baixa""]";5
1702;Flubber (1997);"[""avaliacao_media"", ""genero_comedia"", ""genero_fantasia"", ""genero_infantil"", ""periodo_1990_1999"", ""popularidade_media""]";6
1703;For Richer or Poorer (1997);"[""avaliacao_baixa"", ""genero_comedia"", ""periodo_1990_1999"", ""popularidade_baixa""]";4
1704;Good Will Hunting (1997);"[""avaliacao_alta"", ""genero_drama"", ""genero_romance"", ""periodo_1990_1999"", ""popularidade_alta""]";5
1707;Home Alone 3 (1997);"[""avaliacao_baixa"", ""genero_comedia"", ""genero_infantil"", ""periodo_1990_1999"", ""popularidade_baixa""]";5
1711;Midnight in the Garden of Good and Evil (1997);"[""avaliacao_media"", ""genero_crime"", ""genero_drama"", ""genero_misterio"", ""periodo_1990_1999"", ""popularidade_media""]";6
1713;Mouse Hunt (1997);"[""avaliacao_media"", ""genero_comedia"", ""genero_infantil"", ""periodo_1990_1999"", ""popularidade_baixa""]";5
1717;Scream 2 (1997);"[""avaliacao_baixa"", ""genero_comedia"", ""genero_misterio"", ""genero_suspense"", ""genero_terror"", ""periodo_1990_1999"", ""popularidade_media""]";7
1719;Sweet Hereafter, The (1997);"[""avaliacao_alta"", ""genero_drama"", ""periodo_1990_1999"", ""popularidade_media""]";4
1721;Titanic (1997);"[""avaliacao_media"", ""genero_drama"", ""genero_romance"", ""periodo_1990_1999"", ""popularidade_alta""]";5
1722;Tomorrow Never Dies (1997);"[""avaliacao_media"", ""genero_acao"", ""genero_aventura"", ""genero_suspense"", ""periodo_1990_1999"", ""popularidade_media""]";6
1726;Postman, The (1997);"[""avaliacao_baixa"", ""genero_acao"", ""genero_aventura"", ""genero_drama"", ""genero_ficcao_cientifica"", ""periodo_1990_1999"", ""popularidade_media""]";7
1729;Jackie Brown (1997);"[""avaliacao_media"", ""genero_crime"", ""genero_drama"", ""genero_suspense"", ""periodo_1990_1999"", ""popularidade_media""]";6
1732;Big Lebowski, The (1998);"[""avaliacao_media"", ""genero_comedia"", ""genero_crime"", ""periodo_1990_1999"", ""popularidade_alta""]";5
1734;My Life in Pink (Ma vie en rose) (1997);"[""avaliacao_alta"", ""genero_comedia"", ""genero_drama"", ""periodo_1990_1999"", ""popularidade_baixa""]";5
1735;Great Expectations (1998);"[""avaliacao_media"", ""genero_drama"", ""genero_romance"", ""periodo_1990_1999"", ""popularidade_media""]";5
1747;Wag the Dog (1997);"[""avaliacao_media"", ""genero_comedia"", ""periodo_1990_1999"", ""popularidade_media""]";4
1748;Dark City (1998);"[""avaliacao_media"", ""genero_aventura"", ""genero_ficcao_cientifica"", ""genero_film_noir"", ""genero_suspense"", ""periodo_1990_1999"", ""popularidade_media""]";7
1753;Half Baked (1998);"[""avaliacao_media"", ""genero_comedia"", ""periodo_1990_1999"", ""popularidade_media""]";4
1754;Fallen (1998);"[""avaliacao_media"", ""genero_crime"", ""genero_drama"", ""genero_fantasia"", ""genero_suspense"", ""periodo_1990_1999"", ""popularidade_media""]";7
1755;Shooting Fish (1997);"[""avaliacao_alta"", ""genero_comedia"", ""genero_romance"", ""periodo_1990_1999"", ""popularidade_baixa""]";5
1760;Spice World (1997);"[""avaliacao_baixa"", ""genero_comedia"", ""periodo_1990_1999"", ""popularidade_media""]";4
1762;Deep Rising (1998);"[""avaliacao_baixa"", ""genero_acao"", ""genero_ficcao_cientifica"", ""genero_terror"", ""periodo_1990_1999"", ""popularidade_baixa""]";6
1769;Replacement Killers, The (1998);"[""avaliacao_baixa"", ""genero_acao"", ""genero_crime"", ""genero_suspense"", ""periodo_1990_1999"", ""popularidade_media""]";6
1772;Blues Brothers 2000 (1998);"[""avaliacao_baixa"", ""genero_acao"", ""genero_comedia"", ""genero_musical"", ""periodo_1990_1999"", ""popularidade_media""]";6
1777;Wedding Singer, The (1998);"[""avaliacao_media"", ""genero_comedia"", ""genero_romance"", ""periodo_1990_1999"", ""popularidade_alta""]";5
1779;Sphere (1998);"[""avaliacao_baixa"", ""genero_ficcao_cientifica"", ""genero_suspense"", ""periodo_1990_1999"", ""popularidade_media""]";5
1783;Palmetto (1998);"[""avaliacao_baixa"", ""genero_crime"", ""genero_drama"", ""genero_misterio"", ""genero_romance"", ""genero_suspense"", ""periodo_1990_1999"", ""popularidade_baixa""]";8
1784;As Good as It Gets (1997);"[""avaliacao_media"", ""genero_comedia"", ""genero_drama"", ""genero_romance"", ""periodo_1990_1999"", ""popularidade_alta""]";6
1785;King of New York (1990);"[""avaliacao_media"", ""genero_crime"", ""genero_suspense"", ""periodo_1990_1999"", ""popularidade_baixa""]";5
1792;U.S. Marshals (1998);"[""avaliacao_media"", ""genero_acao"", ""genero_crime"", ""genero_suspense"", ""periodo_1990_1999"", ""popularidade_media""]";6
1797;Everest (1998);"[""avaliacao_alta"", ""genero_documentario"", ""genero_imax"", ""periodo_1990_1999"", ""popularidade_baixa""]";5
1799;Suicide Kings (1997);"[""avaliacao_media"", ""genero_comedia"", ""genero_crime"", ""genero_drama"", ""genero_misterio"", ""genero_suspense"", ""periodo_1990_1999"", ""popularidade_media""]";8
1801;Man in the Iron Mask, The (1998);"[""avaliacao_media"", ""genero_acao"", ""genero_aventura"", ""genero_drama"", ""periodo_1990_1999"", ""popularidade_media""]";6
1805;Wild Things (1998);"[""avaliacao_media"", ""genero_crime"", ""genero_drama"", ""genero_misterio"", ""genero_suspense"", ""periodo_1990_1999"", ""popularidade_media""]";7
1806;Paulie (1998);"[""avaliacao_baixa"", ""genero_aventura"", ""genero_comedia"", ""genero_infantil"", ""periodo_1990_1999"", ""popularidade_baixa""]";6
1809;Fireworks (Hana-bi) (1997);"[""avaliacao_alta"", ""genero_crime"", ""genero_drama"", ""periodo_1990_1999"", ""popularidade_baixa""]";5
1810;Primary Colors (1998);"[""avaliacao_media"", ""genero_comedia"", ""genero_drama"", ""periodo_1990_1999"", ""popularidade_media""]";5
1821;Object of My Affection, The (1998);"[""avaliacao_baixa"", ""genero_comedia"", ""genero_romance"", ""periodo_1990_1999"", ""popularidade_baixa""]";5
1831;Lost in Space (1998);"[""avaliacao_baixa"", ""genero_acao"", ""genero_aventura"", ""genero_ficcao_cientifica"", ""periodo_1990_1999"", ""popularidade_media""]";6
1833;Mercury Rising (1998);"[""avaliacao_media"", ""genero_acao"", ""genero_drama"", ""genero_suspense"", ""periodo_1990_1999"", ""popularidade_media""]";6
1834;Spanish Prisoner, The (1997);"[""avaliacao_alta"", ""genero_crime"", ""genero_drama"", ""genero_misterio"", ""genero_suspense"", ""periodo_1990_1999"", ""popularidade_media""]";7
1835;City of Angels (1998);"[""avaliacao_media"", ""genero_drama"", ""genero_fantasia"", ""genero_romance"", ""periodo_1990_1999"", ""popularidade_media""]";6
1840;He Got Game (1998);"[""avaliacao_media"", ""genero_drama"", ""periodo_1990_1999"", ""popularidade_baixa""]";4
1845;Zero Effect (1998);"[""avaliacao_media"", ""genero_comedia"", ""genero_misterio"", ""genero_suspense"", ""periodo_1990_1999"", ""popularidade_media""]";6
1848;Borrowers, The (1997);"[""avaliacao_media"", ""genero_aventura"", ""genero_comedia"", ""genero_fantasia"", ""genero_infantil"", ""periodo_1990_1999"", ""popularidade_media""]";7
1855;Krippendorf's Tribe (1998);"[""avaliacao_baixa"", ""genero_comedia"", ""periodo_1990_1999"", ""popularidade_baixa""]";4
1858;Mr. Nice Guy (Yat goh ho yan) (1997);"[""avaliacao_baixa"", ""genero_acao"", ""genero_comedia"", ""periodo_1990_1999"", ""popularidade_baixa""]";5
1862;Species II (1998);"[""avaliacao_baixa"", ""genero_ficcao_cientifica"", ""genero_terror"", ""periodo_1990_1999"", ""popularidade_baixa""]";5
1863;Major League: Back to the Minors (1998);"[""avaliacao_baixa"", ""genero_comedia"", ""periodo_1990_1999"", ""popularidade_baixa""]";4
1866;Big Hit, The (1998);"[""avaliacao_baixa"", ""genero_acao"", ""genero_comedia"", ""genero_crime"", ""periodo_1990_1999"", ""popularidade_baixa""]";6
1873;Misérables, Les (1998);"[""avaliacao_media"", ""genero_crime"", ""genero_drama"", ""genero_guerra"", ""genero_romance"", ""periodo_1990_1999"", ""popularidade_media""]";7
1875;Clockwatchers (1997);"[""avaliacao_media"", ""genero_comedia"", ""periodo_1990_1999"", ""popularidade_baixa""]";4
1876;Deep Impact (1998);"[""avaliacao_media"", ""genero_drama"", ""genero_ficcao_cientifica"", ""genero_suspense"", ""periodo_1990_1999"", ""popularidade_media""]";6
1882;Godzilla (1998);"[""avaliacao_baixa"", ""genero_acao"", ""genero_ficcao_cientifica"", ""genero_suspense"", ""periodo_1990_1999"", ""popularidade_media""]";6
1883;Bulworth (1998);"[""avaliacao_media"", ""genero_comedia"", ""genero_drama"", ""genero_romance"", ""periodo_1990_1999"", ""popularidade_media""]";6
1884;Fear and Loathing in Las Vegas (1998);"[""avaliacao_media"", ""genero_aventura"", ""genero_comedia"", ""genero_drama"", ""periodo_1990_1999"", ""popularidade_media""]";6
1885;Opposite of Sex, The (1998);"[""avaliacao_media"", ""genero_comedia"", ""genero_drama"", ""genero_romance"", ""periodo_1990_1999"", ""popularidade_media""]";6
1889;Insomnia (1997);"[""avaliacao_media"", ""genero_drama"", ""genero_misterio"", ""genero_suspense"", ""periodo_1990_1999"", ""popularidade_baixa""]";6
1892;Perfect Murder, A (1998);"[""avaliacao_media"", ""genero_suspense"", ""periodo_1990_1999"", ""popularidade_media""]";4
1894;Six Days Seven Nights (1998);"[""avaliacao_baixa"", ""genero_aventura"", ""genero_comedia"", ""genero_romance"", ""periodo_1990_1999"", ""popularidade_media""]";6
1895;Can't Hardly Wait (1998);"[""avaliacao_media"", ""genero_comedia"", ""genero_drama"", ""genero_romance"", ""periodo_1990_1999"", ""popularidade_media""]";6
1907;Mulan (1998);"[""avaliacao_media"", ""genero_animacao"", ""genero_aventura"", ""genero_comedia"", ""genero_drama"", ""genero_infantil"", ""genero_musical"", ""genero_romance"", ""periodo_1990_1999"", ""popularidade_media""]";10
1909;X-Files: Fight the Future, The (1998);"[""avaliacao_media"", ""genero_acao"", ""genero_crime"", ""genero_ficcao_cientifica"", ""genero_misterio"", ""genero_suspense"", ""periodo_1990_1999"", ""popularidade_media""]";8
1911;Dr. Dolittle (1998);"[""avaliacao_baixa"", ""genero_comedia"", ""periodo_1990_1999"", ""popularidade_media""]";4
1912;Out of Sight (1998);"[""avaliacao_media"", ""genero_comedia"", ""genero_crime"", ""genero_drama"", ""genero_romance"", ""genero_suspense"", ""periodo_1990_1999"", ""popularidade_media""]";8
1914;Smoke Signals (1998);"[""avaliacao_media"", ""genero_comedia"", ""genero_drama"", ""periodo_1990_1999"", ""popularidade_baixa""]";5
1916;Buffalo '66 (a.k.a. Buffalo 66) (1998);"[""avaliacao_media"", ""genero_drama"", ""genero_romance"", ""periodo_1990_1999"", ""popularidade_media""]";5
1917;Armageddon (1998);"[""avaliacao_media"", ""genero_acao"", ""genero_ficcao_cientifica"", ""genero_romance"", ""genero_suspense"", ""periodo_1990_1999"", ""popularidade_alta""]";7
1918;Lethal Weapon 4 (1998);"[""avaliacao_baixa"", ""genero_acao"", ""genero_comedia"", ""genero_crime"", ""genero_suspense"", ""periodo_1990_1999"", ""popularidade_media""]";7
1919;Madeline (1998);"[""avaliacao_baixa"", ""genero_comedia"", ""genero_infantil"", ""periodo_1990_1999"", ""popularidade_baixa""]";5
1920;Small Soldiers (1998);"[""avaliacao_baixa"", ""genero_animacao"", ""genero_fantasia"", ""genero_guerra"", ""genero_infantil"", ""periodo_1990_1999"", ""popularidade_media""]";7
1921;Pi (1998);"[""avaliacao_media"", ""genero_drama"", ""genero_ficcao_cientifica"", ""genero_suspense"", ""periodo_1990_1999"", ""popularidade_media""]";6
1923;There's Something About Mary (1998);"[""avaliacao_media"", ""genero_comedia"", ""genero_romance"", ""periodo_1990_1999"", ""popularidade_alta""]";5
1924;Plan 9 from Outer Space (1959);"[""avaliacao_media"", ""genero_ficcao_cientifica"", ""genero_terror"", ""periodo_1950_1969"", ""popularidade_baixa""]";5
1927;All Quiet on the Western Front (1930);"[""avaliacao_alta"", ""genero_acao"", ""genero_drama"", ""genero_guerra"", ""periodo_antes_1950"", ""popularidade_media""]";6
1931;Mutiny on the Bounty (1935);"[""avaliacao_alta"", ""genero_aventura"", ""genero_drama"", ""periodo_antes_1950"", ""popularidade_baixa""]";5
1939;Best Years of Our Lives, The (1946);"[""avaliacao_alta"", ""genero_drama"", ""genero_guerra"", ""periodo_antes_1950"", ""popularidade_baixa""]";5
1944;From Here to Eternity (1953);"[""avaliacao_media"", ""genero_drama"", ""genero_guerra"", ""genero_romance"", ""periodo_1950_1969"", ""popularidade_media""]";6
1945;On the Waterfront (1954);"[""avaliacao_alta"", ""genero_crime"", ""genero_drama"", ""periodo_1950_1969"", ""popularidade_media""]";5
1947;West Side Story (1961);"[""avaliacao_media"", ""genero_drama"", ""genero_musical"", ""genero_romance"", ""periodo_1950_1969"", ""popularidade_media""]";6
1948;Tom Jones (1963);"[""avaliacao_media"", ""genero_aventura"", ""genero_comedia"", ""genero_romance"", ""periodo_1950_1969"", ""popularidade_baixa""]";6
1949;Man for All Seasons, A (1966);"[""avaliacao_alta"", ""genero_drama"", ""periodo_1950_1969"", ""popularidade_baixa""]";4
1950;In the Heat of the Night (1967);"[""avaliacao_alta"", ""genero_drama"", ""genero_misterio"", ""periodo_1950_1969"", ""popularidade_media""]";5
1951;Oliver! (1968);"[""avaliacao_media"", ""genero_drama"", ""genero_musical"", ""periodo_1950_1969"", ""popularidade_baixa""]";5
1952;Midnight Cowboy (1969);"[""avaliacao_media"", ""genero_drama"", ""periodo_1950_1969"", ""popularidade_media""]";4
1953;French Connection, The (1971);"[""avaliacao_media"", ""genero_acao"", ""genero_crime"", ""genero_suspense"", ""periodo_1970_1989"", ""popularidade_media""]";6
1954;Rocky (1976);"[""avaliacao_media"", ""genero_drama"", ""periodo_1970_1989"", ""popularidade_alta""]";4
1955;Kramer vs. Kramer (1979);"[""avaliacao_media"", ""genero_drama"", ""periodo_1970_1989"", ""popularidade_media""]";4
1956;Ordinary People (1980);"[""avaliacao_alta"", ""genero_drama"", ""periodo_1970_1989"", ""popularidade_media""]";4
1957;Chariots of Fire (1981);"[""avaliacao_alta"", ""genero_drama"", ""periodo_1970_1989"", ""popularidade_media""]";4
1958;Terms of Endearment (1983);"[""avaliacao_media"", ""genero_comedia"", ""genero_drama"", ""periodo_1970_1989"", ""popularidade_media""]";5
1959;Out of Africa (1985);"[""avaliacao_media"", ""genero_drama"", ""genero_romance"", ""periodo_1970_1989"", ""popularidade_media""]";5
1960;Last Emperor, The (1987);"[""avaliacao_media"", ""genero_drama"", ""periodo_1970_1989"", ""popularidade_media""]";4
1961;Rain Man (1988);"[""avaliacao_media"", ""genero_drama"", ""periodo_1970_1989"", ""popularidade_alta""]";4
1962;Driving Miss Daisy (1989);"[""avaliacao_media"", ""genero_drama"", ""periodo_1970_1989"", ""popularidade_media""]";4
1963;Take the Money and Run (1969);"[""avaliacao_media"", ""genero_comedia"", ""genero_crime"", ""periodo_1950_1969"", ""popularidade_media""]";5
1964;Klute (1971);"[""avaliacao_alta"", ""genero_drama"", ""genero_misterio"", ""periodo_1970_1989"", ""popularidade_baixa""]";5
1965;Repo Man (1984);"[""avaliacao_media"", ""genero_comedia"", ""genero_ficcao_cientifica"", ""periodo_1970_1989"", ""popularidade_media""]";5
1966;Metropolitan (1990);"[""avaliacao_media"", ""genero_comedia"", ""periodo_1990_1999"", ""popularidade_baixa""]";4
1967;Labyrinth (1986);"[""avaliacao_media"", ""genero_aventura"", ""genero_fantasia"", ""genero_musical"", ""periodo_1970_1989"", ""popularidade_media""]";6
1968;Breakfast Club, The (1985);"[""avaliacao_media"", ""genero_comedia"", ""genero_drama"", ""periodo_1970_1989"", ""popularidade_alta""]";5
1969;Nightmare on Elm Street 2: Freddy's Revenge, A (1985);"[""avaliacao_baixa"", ""genero_terror"", ""periodo_1970_1989"", ""popularidade_media""]";4
1970;Nightmare on Elm Street 3: Dream Warriors, A (1987);"[""avaliacao_baixa"", ""genero_suspense"", ""genero_terror"", ""periodo_1970_1989"", ""popularidade_media""]";5
1971;Nightmare on Elm Street 4: The Dream Master, A (1988);"[""avaliacao_baixa"", ""genero_suspense"", ""genero_terror"", ""periodo_1970_1989"", ""popularidade_baixa""]";5
1972;Nightmare on Elm Street 5: The Dream Child, A (1989);"[""avaliacao_baixa"", ""genero_terror"", ""periodo_1970_1989"", ""popularidade_baixa""]";4
1973;Freddy's Dead: The Final Nightmare (Nightmare on Elm Street Part 6: Freddy's Dead, A) (1991);"[""avaliacao_baixa"", ""genero_terror"", ""periodo_1990_1999"", ""popularidade_baixa""]";4
1974;Friday the 13th (1980);"[""avaliacao_baixa"", ""genero_misterio"", ""genero_suspense"", ""genero_terror"", ""periodo_1970_1989"", ""popularidade_media""]";6
1975;Friday the 13th Part 2 (1981);"[""avaliacao_baixa"", ""genero_terror"", ""periodo_1970_1989"", ""popularidade_baixa""]";4
1976;Friday the 13th Part 3: 3D (1982);"[""avaliacao_baixa"", ""genero_terror"", ""periodo_1970_1989"", ""popularidade_baixa""]";4
1977;Friday the 13th Part IV: The Final Chapter (1984);"[""avaliacao_baixa"", ""genero_terror"", ""periodo_1970_1989"", ""popularidade_baixa""]";4
1982;Halloween (1978);"[""avaliacao_media"", ""genero_terror"", ""periodo_1970_1989"", ""popularidade_media""]";4
1983;Halloween II (1981);"[""avaliacao_baixa"", ""genero_terror"", ""periodo_1970_1989"", ""popularidade_baixa""]";4
1991;Child's Play (1988);"[""avaliacao_baixa"", ""genero_suspense"", ""genero_terror"", ""periodo_1970_1989"", ""popularidade_media""]";5
1993;Child's Play 3 (1991);"[""avaliacao_baixa"", ""genero_comedia"", ""genero_suspense"", ""genero_terror"", ""periodo_1990_1999"", ""popularidade_baixa""]";6
1994;Poltergeist (1982);"[""avaliacao_media"", ""genero_suspense"", ""genero_terror"", ""periodo_1970_1989"", ""popularidade_media""]";5
1995;Poltergeist II: The Other Side (1986);"[""avaliacao_baixa"", ""genero_suspense"", ""genero_terror"", ""periodo_1970_1989"", ""popularidade_baixa""]";5
1997;Exorcist, The (1973);"[""avaliacao_media"", ""genero_misterio"", ""genero_terror"", ""periodo_1970_1989"", ""popularidade_alta""]";5
2000;Lethal Weapon (1987);"[""avaliacao_media"", ""genero_acao"", ""genero_comedia"", ""genero_crime"", ""genero_drama"", ""periodo_1970_1989"", ""popularidade_alta""]";7
2001;Lethal Weapon 2 (1989);"[""avaliacao_media"", ""genero_acao"", ""genero_comedia"", ""genero_crime"", ""genero_drama"", ""periodo_1970_1989"", ""popularidade_media""]";7
2002;Lethal Weapon 3 (1992);"[""avaliacao_baixa"", ""genero_acao"", ""genero_comedia"", ""genero_crime"", ""genero_drama"", ""periodo_1990_1999"", ""popularidade_media""]";7
2003;Gremlins (1984);"[""avaliacao_media"", ""genero_comedia"", ""genero_terror"", ""periodo_1970_1989"", ""popularidade_media""]";5
2004;Gremlins 2: The New Batch (1990);"[""avaliacao_media"", ""genero_comedia"", ""genero_terror"", ""periodo_1990_1999"", ""popularidade_media""]";5
2005;Goonies, The (1985);"[""avaliacao_media"", ""genero_acao"", ""genero_aventura"", ""genero_comedia"", ""genero_fantasia"", ""genero_infantil"", ""periodo_1970_1989"", ""popularidade_alta""]";8
2006;Mask of Zorro, The (1998);"[""avaliacao_media"", ""genero_acao"", ""genero_comedia"", ""genero_romance"", ""periodo_1990_1999"", ""popularidade_alta""]";6
2009;Soylent Green (1973);"[""avaliacao_media"", ""genero_drama"", ""genero_ficcao_cientifica"", ""genero_misterio"", ""genero_suspense"", ""periodo_1970_1989"", ""popularidade_media""]";7
2010;Metropolis (1927);"[""avaliacao_media"", ""genero_drama"", ""genero_ficcao_cientifica"", ""periodo_antes_1950"", ""popularidade_media""]";5
2011;Back to the Future Part II (1989);"[""avaliacao_media"", ""genero_aventura"", ""genero_comedia"", ""genero_ficcao_cientifica"", ""periodo_1970_1989"", ""popularidade_alta""]";6
2012;Back to the Future Part III (1990);"[""avaliacao_media"", ""genero_aventura"", ""genero_comedia"", ""genero_faroeste"", ""genero_ficcao_cientifica"", ""periodo_1990_1999"", ""popularidade_alta""]";7
2013;Poseidon Adventure, The (1972);"[""avaliacao_media"", ""genero_acao"", ""genero_aventura"", ""genero_drama"", ""periodo_1970_1989"", ""popularidade_media""]";6
2014;Freaky Friday (1977);"[""avaliacao_baixa"", ""genero_comedia"", ""genero_fantasia"", ""genero_infantil"", ""periodo_1970_1989"", ""popularidade_baixa""]";6
2015;Absent-Minded Professor, The (1961);"[""avaliacao_media"", ""genero_comedia"", ""genero_fantasia"", ""genero_infantil"", ""periodo_1950_1969"", ""popularidade_baixa""]";6
2017;Babes in Toyland (1961);"[""avaliacao_media"", ""genero_fantasia"", ""genero_infantil"", ""genero_musical"", ""periodo_1950_1969"", ""popularidade_baixa""]";6
2018;Bambi (1942);"[""avaliacao_media"", ""genero_animacao"", ""genero_drama"", ""genero_infantil"", ""periodo_antes_1950"", ""popularidade_media""]";6
2019;Seven Samurai (Shichinin no samurai) (1954);"[""avaliacao_alta"", ""genero_acao"", ""genero_aventura"", ""genero_drama"", ""periodo_1950_1969"", ""popularidade_media""]";6
2020;Dangerous Liaisons (1988);"[""avaliacao_alta"", ""genero_drama"", ""genero_romance"", ""periodo_1970_1989"", ""popularidade_media""]";5
2021;Dune (1984);"[""avaliacao_media"", ""genero_aventura"", ""genero_ficcao_cientifica"", ""periodo_1970_1989"", ""popularidade_media""]";5
2022;Last Temptation of Christ, The (1988);"[""avaliacao_media"", ""genero_drama"", ""periodo_1970_1989"", ""popularidade_baixa""]";4
2023;Godfather: Part III, The (1990);"[""avaliacao_media"", ""genero_crime"", ""genero_drama"", ""genero_misterio"", ""genero_suspense"", ""periodo_1990_1999"", ""popularidade_media""]";7
2025;Lolita (1997);"[""avaliacao_media"", ""genero_drama"", ""genero_romance"", ""periodo_1990_1999"", ""popularidade_baixa""]";5
2027;Jane Austen's Mafia! (1998);"[""avaliacao_baixa"", ""genero_comedia"", ""genero_crime"", ""periodo_1990_1999"", ""popularidade_baixa""]";5
2028;Saving Private Ryan (1998);"[""avaliacao_alta"", ""genero_acao"", ""genero_drama"", ""genero_guerra"", ""periodo_1990_1999"", ""popularidade_alta""]";6
2033;Black Cauldron, The (1985);"[""avaliacao_media"", ""genero_animacao"", ""genero_aventura"", ""genero_fantasia"", ""genero_infantil"", ""periodo_1970_1989"", ""popularidade_baixa""]";7
2034;Black Hole, The (1979);"[""avaliacao_baixa"", ""genero_ficcao_cientifica"", ""genero_infantil"", ""periodo_1970_1989"", ""popularidade_baixa""]";5
2036;Blank Check (1994);"[""avaliacao_baixa"", ""genero_comedia"", ""genero_infantil"", ""periodo_1990_1999"", ""popularidade_baixa""]";5
2040;Computer Wore Tennis Shoes, The (1969);"[""avaliacao_baixa"", ""genero_comedia"", ""genero_infantil"", ""periodo_1950_1969"", ""popularidade_baixa""]";5
2042;D2: The Mighty Ducks (1994);"[""avaliacao_baixa"", ""genero_comedia"", ""genero_infantil"", ""periodo_1990_1999"", ""popularidade_baixa""]";5
2046;Flight of the Navigator (1986);"[""avaliacao_media"", ""genero_aventura"", ""genero_ficcao_cientifica"", ""genero_infantil"", ""periodo_1970_1989"", ""popularidade_media""]";6
2048;Great Mouse Detective, The (1986);"[""avaliacao_media"", ""genero_acao"", ""genero_animacao"", ""genero_crime"", ""genero_infantil"", ""periodo_1970_1989"", ""popularidade_baixa""]";7
2052;Hocus Pocus (1993);"[""avaliacao_baixa"", ""genero_comedia"", ""genero_fantasia"", ""genero_infantil"", ""genero_terror"", ""periodo_1990_1999"", ""popularidade_media""]";7
2053;Honey, I Blew Up the Kid (1992);"[""avaliacao_baixa"", ""genero_comedia"", ""genero_ficcao_cientifica"", ""genero_infantil"", ""periodo_1990_1999"", ""popularidade_media""]";6
2054;Honey, I Shrunk the Kids (1989);"[""avaliacao_baixa"", ""genero_aventura"", ""genero_comedia"", ""genero_fantasia"", ""genero_ficcao_cientifica"", ""genero_infantil"", ""periodo_1970_1989"", ""popularidade_alta""]";8
2058;Negotiator, The (1998);"[""avaliacao_media"", ""genero_acao"", ""genero_crime"", ""genero_drama"", ""genero_misterio"", ""genero_suspense"", ""periodo_1990_1999"", ""popularidade_media""]";8
2059;Parent Trap, The (1998);"[""avaliacao_media"", ""genero_comedia"", ""genero_infantil"", ""genero_romance"", ""periodo_1990_1999"", ""popularidade_media""]";6
2060;BASEketball (1998);"[""avaliacao_media"", ""genero_comedia"", ""periodo_1990_1999"", ""popularidade_media""]";4
2064;Roger & Me (1989);"[""avaliacao_media"", ""genero_documentario"", ""periodo_1970_1989"", ""popularidade_media""]";4
2065;Purple Rose of Cairo, The (1985);"[""avaliacao_media"", ""genero_comedia"", ""genero_drama"", ""genero_fantasia"", ""genero_romance"", ""periodo_1970_1989"", ""popularidade_media""]";7
2067;Doctor Zhivago (1965);"[""avaliacao_alta"", ""genero_drama"", ""genero_guerra"", ""genero_romance"", ""periodo_1950_1969"", ""popularidade_media""]";6
2070;Tender Mercies (1983);"[""avaliacao_media"", ""genero_drama"", ""genero_faroeste"", ""genero_romance"", ""periodo_1970_1989"", ""popularidade_baixa""]";6
2072;'burbs, The (1989);"[""avaliacao_media"", ""genero_comedia"", ""periodo_1970_1989"", ""popularidade_media""]";4
2073;Fandango (1985);"[""avaliacao_media"", ""genero_comedia"", ""periodo_1970_1989"", ""popularidade_baixa""]";4
2076;Blue Velvet (1986);"[""avaliacao_media"", ""genero_drama"", ""genero_misterio"", ""genero_suspense"", ""periodo_1970_1989"", ""popularidade_media""]";6
2077;Journey of Natty Gann, The (1985);"[""avaliacao_media"", ""genero_aventura"", ""genero_infantil"", ""periodo_1970_1989"", ""popularidade_baixa""]";5
2078;Jungle Book, The (1967);"[""avaliacao_media"", ""genero_animacao"", ""genero_comedia"", ""genero_infantil"", ""genero_musical"", ""periodo_1950_1969"", ""popularidade_alta""]";7
2080;Lady and the Tramp (1955);"[""avaliacao_media"", ""genero_animacao"", ""genero_comedia"", ""genero_infantil"", ""genero_romance"", ""periodo_1950_1969"", ""popularidade_alta""]";7
2081;Little Mermaid, The (1989);"[""avaliacao_media"", ""genero_animacao"", ""genero_comedia"", ""genero_infantil"", ""genero_musical"", ""genero_romance"", ""periodo_1970_1989"", ""popularidade_alta""]";8
2082;Mighty Ducks, The (1992);"[""avaliacao_baixa"", ""genero_comedia"", ""genero_infantil"", ""periodo_1990_1999"", ""popularidade_media""]";5
2083;Muppet Christmas Carol, The (1992);"[""avaliacao_media"", ""genero_comedia"", ""genero_infantil"", ""genero_musical"", ""periodo_1990_1999"", ""popularidade_media""]";6
2084;Newsies (1992);"[""avaliacao_baixa"", ""genero_infantil"", ""genero_musical"", ""periodo_1990_1999"", ""popularidade_baixa""]";5
2085;101 Dalmatians (One Hundred and One Dalmatians) (1961);"[""avaliacao_media"", ""genero_animacao"", ""genero_aventura"", ""genero_infantil"", ""periodo_1950_1969"", ""popularidade_media""]";6
2087;Peter Pan (1953);"[""avaliacao_media"", ""genero_animacao"", ""genero_fantasia"", ""genero_infantil"", ""genero_musical"", ""periodo_1950_1969"", ""popularidade_media""]";7
2088;Popeye (1980);"[""avaliacao_baixa"", ""genero_aventura"", ""genero_comedia"", ""genero_musical"", ""periodo_1970_1989"", ""popularidade_media""]";6
2089;Rescuers Down Under, The (1990);"[""avaliacao_media"", ""genero_animacao"", ""genero_aventura"", ""genero_infantil"", ""periodo_1990_1999"", ""popularidade_media""]";6
2090;Rescuers, The (1977);"[""avaliacao_media"", ""genero_animacao"", ""genero_aventura"", ""genero_crime"", ""genero_drama"", ""genero_infantil"", ""periodo_1970_1989"", ""popularidade_media""]";8
2092;Return of Jafar, The (1994);"[""avaliacao_baixa"", ""genero_animacao"", ""genero_aventura"", ""genero_fantasia"", ""genero_infantil"", ""genero_musical"", ""genero_romance"", ""periodo_1990_1999"", ""popularidade_baixa""]";9
2093;Return to Oz (1985);"[""avaliacao_media"", ""genero_aventura"", ""genero_fantasia"", ""genero_infantil"", ""periodo_1970_1989"", ""popularidade_baixa""]";6
2094;Rocketeer, The (1991);"[""avaliacao_media"", ""genero_acao"", ""genero_aventura"", ""genero_ficcao_cientifica"", ""periodo_1990_1999"", ""popularidade_media""]";6
2096;Sleeping Beauty (1959);"[""avaliacao_media"", ""genero_animacao"", ""genero_infantil"", ""genero_musical"", ""periodo_1950_1969"", ""popularidade_media""]";6
2097;Something Wicked This Way Comes (1983);"[""avaliacao_baixa"", ""genero_drama"", ""genero_fantasia"", ""genero_infantil"", ""genero_misterio"", ""genero_suspense"", ""periodo_1970_1989"", ""popularidade_media""]";8
2099;Song of the South (1946);"[""avaliacao_media"", ""genero_animacao"", ""genero_aventura"", ""genero_infantil"", ""genero_musical"", ""periodo_antes_1950"", ""popularidade_baixa""]";7
2100;Splash (1984);"[""avaliacao_media"", ""genero_comedia"", ""genero_fantasia"", ""genero_romance"", ""periodo_1970_1989"", ""popularidade_alta""]";6
2105;Tron (1982);"[""avaliacao_media"", ""genero_acao"", ""genero_aventura"", ""genero_ficcao_cientifica"", ""periodo_1970_1989"", ""popularidade_alta""]";6
2106;Swing Kids (1993);"[""avaliacao_media"", ""genero_drama"", ""genero_guerra"", ""periodo_1990_1999"", ""popularidade_baixa""]";5
2108;L.A. Story (1991);"[""avaliacao_media"", ""genero_comedia"", ""genero_romance"", ""periodo_1990_1999"", ""popularidade_media""]";5
2109;Jerk, The (1979);"[""avaliacao_media"", ""genero_comedia"", ""periodo_1970_1989"", ""popularidade_media""]";4
2110;Dead Men Don't Wear Plaid (1982);"[""avaliacao_media"", ""genero_comedia"", ""genero_crime"", ""genero_suspense"", ""periodo_1970_1989"", ""popularidade_media""]";6
2111;Man with Two Brains, The (1983);"[""avaliacao_media"", ""genero_comedia"", ""periodo_1970_1989"", ""popularidade_media""]";4
2112;Grand Canyon (1991);"[""avaliacao_media"", ""genero_crime"", ""genero_drama"", ""periodo_1990_1999"", ""popularidade_baixa""]";5
2114;Outsiders, The (1983);"[""avaliacao_media"", ""genero_drama"", ""periodo_1970_1989"", ""popularidade_media""]";4
2115;Indiana Jones and the Temple of Doom (1984);"[""avaliacao_media"", ""genero_acao"", ""genero_aventura"", ""genero_fantasia"", ""periodo_1970_1989"", ""popularidade_alta""]";6
2116;Lord of the Rings, The (1978);"[""avaliacao_media"", ""genero_animacao"", ""genero_aventura"", ""genero_fantasia"", ""genero_infantil"", ""periodo_1970_1989"", ""popularidade_media""]";7
2117;1984 (Nineteen Eighty-Four) (1984);"[""avaliacao_media"", ""genero_drama"", ""genero_ficcao_cientifica"", ""periodo_1970_1989"", ""popularidade_media""]";5
2118;Dead Zone, The (1983);"[""avaliacao_media"", ""genero_suspense"", ""periodo_1970_1989"", ""popularidade_media""]";4
2121;Cujo (1983);"[""avaliacao_baixa"", ""genero_suspense"", ""genero_terror"", ""periodo_1970_1989"", ""popularidade_baixa""]";5
2122;Children of the Corn (1984);"[""avaliacao_baixa"", ""genero_suspense"", ""genero_terror"", ""periodo_1970_1989"", ""popularidade_media""]";5
2123;All Dogs Go to Heaven (1989);"[""avaliacao_baixa"", ""genero_animacao"", ""genero_comedia"", ""genero_drama"", ""genero_fantasia"", ""genero_infantil"", ""periodo_1970_1989"", ""popularidade_media""]";8
2124;Addams Family, The (1991);"[""avaliacao_media"", ""genero_comedia"", ""genero_fantasia"", ""genero_infantil"", ""periodo_1990_1999"", ""popularidade_media""]";6
2125;Ever After: A Cinderella Story (1998);"[""avaliacao_media"", ""genero_comedia"", ""genero_drama"", ""genero_romance"", ""periodo_1990_1999"", ""popularidade_media""]";6
2126;Snake Eyes (1998);"[""avaliacao_baixa"", ""genero_acao"", ""genero_crime"", ""genero_misterio"", ""genero_suspense"", ""periodo_1990_1999"", ""popularidade_media""]";7
2130;Atlantic City (1980);"[""avaliacao_media"", ""genero_crime"", ""genero_drama"", ""genero_romance"", ""periodo_1970_1989"", ""popularidade_baixa""]";6
2132;Who's Afraid of Virginia Woolf? (1966);"[""avaliacao_alta"", ""genero_drama"", ""periodo_1950_1969"", ""popularidade_baixa""]";4
2133;Adventures in Babysitting (1987);"[""avaliacao_media"", ""genero_aventura"", ""genero_comedia"", ""periodo_1970_1989"", ""popularidade_media""]";5
2134;Weird Science (1985);"[""avaliacao_media"", ""genero_comedia"", ""genero_fantasia"", ""genero_ficcao_cientifica"", ""periodo_1970_1989"", ""popularidade_media""]";6
2135;Doctor Dolittle (1967);"[""avaliacao_media"", ""genero_aventura"", ""genero_infantil"", ""genero_musical"", ""periodo_1950_1969"", ""popularidade_media""]";6
2136;Nutty Professor, The (1963);"[""avaliacao_baixa"", ""genero_comedia"", ""genero_ficcao_cientifica"", ""periodo_1950_1969"", ""popularidade_media""]";5
2137;Charlotte's Web (1973);"[""avaliacao_media"", ""genero_animacao"", ""genero_infantil"", ""periodo_1970_1989"", ""popularidade_media""]";5
2138;Watership Down (1978);"[""avaliacao_alta"", ""genero_animacao"", ""genero_aventura"", ""genero_drama"", ""genero_fantasia"", ""genero_infantil"", ""periodo_1970_1989"", ""popularidade_media""]";8
2139;Secret of NIMH, The (1982);"[""avaliacao_media"", ""genero_animacao"", ""genero_aventura"", ""genero_drama"", ""genero_infantil"", ""periodo_1970_1989"", ""popularidade_media""]";7
2140;Dark Crystal, The (1982);"[""avaliacao_media"", ""genero_aventura"", ""genero_fantasia"", ""periodo_1970_1989"", ""popularidade_media""]";5
2141;American Tail, An (1986);"[""avaliacao_media"", ""genero_animacao"", ""genero_aventura"", ""genero_comedia"", ""genero_infantil"", ""periodo_1970_1989"", ""popularidade_media""]";7
2142;American Tail: Fievel Goes West, An (1991);"[""avaliacao_baixa"", ""genero_animacao"", ""genero_aventura"", ""genero_faroeste"", ""genero_infantil"", ""genero_musical"", ""periodo_1990_1999"", ""popularidade_media""]";8
2143;Legend (1985);"[""avaliacao_media"", ""genero_aventura"", ""genero_fantasia"", ""genero_romance"", ""periodo_1970_1989"", ""popularidade_media""]";6
2144;Sixteen Candles (1984);"[""avaliacao_media"", ""genero_comedia"", ""genero_romance"", ""periodo_1970_1989"", ""popularidade_media""]";5
2145;Pretty in Pink (1986);"[""avaliacao_media"", ""genero_comedia"", ""genero_drama"", ""genero_romance"", ""periodo_1970_1989"", ""popularidade_media""]";6
2146;St. Elmo's Fire (1985);"[""avaliacao_media"", ""genero_drama"", ""genero_romance"", ""periodo_1970_1989"", ""popularidade_media""]";5
2148;House (1986);"[""avaliacao_media"", ""genero_comedia"", ""genero_fantasia"", ""genero_terror"", ""periodo_1970_1989"", ""popularidade_baixa""]";6
2150;Gods Must Be Crazy, The (1980);"[""avaliacao_media"", ""genero_aventura"", ""genero_comedia"", ""periodo_1970_1989"", ""popularidade_media""]";5
2151;Gods Must Be Crazy II, The (1989);"[""avaliacao_media"", ""genero_comedia"", ""periodo_1970_1989"", ""popularidade_baixa""]";4
2153;Avengers, The (1998);"[""avaliacao_baixa"", ""genero_acao"", ""genero_aventura"", ""periodo_1990_1999"", ""popularidade_media""]";5
2155;Slums of Beverly Hills, The (1998);"[""avaliacao_media"", ""genero_comedia"", ""genero_drama"", ""periodo_1990_1999"", ""popularidade_baixa""]";5
2159;Henry: Portrait of a Serial Killer (1986);"[""avaliacao_media"", ""genero_crime"", ""genero_suspense"", ""genero_terror"", ""periodo_1970_1989"", ""popularidade_baixa""]";6
2160;Rosemary's Baby (1968);"[""avaliacao_alta"", ""genero_drama"", ""genero_suspense"", ""genero_terror"", ""periodo_1950_1969"", ""popularidade_media""]";6
2161;NeverEnding Story, The (1984);"[""avaliacao_media"", ""genero_aventura"", ""genero_fantasia"", ""genero_infantil"", ""periodo_1970_1989"", ""popularidade_media""]";6
2162;NeverEnding Story II: The Next Chapter, The (1990);"[""avaliacao_baixa"", ""genero_aventura"", ""genero_fantasia"", ""genero_infantil"", ""periodo_1990_1999"", ""popularidade_baixa""]";6
2163;Attack of the Killer Tomatoes! (1978);"[""avaliacao_baixa"", ""genero_comedia"", ""genero_terror"", ""periodo_1970_1989"", ""popularidade_baixa""]";5
2167;Blade (1998);"[""avaliacao_media"", ""genero_acao"", ""genero_suspense"", ""genero_terror"", ""periodo_1990_1999"", ""popularidade_alta""]";6
2169;Dead Man on Campus (1998);"[""avaliacao_baixa"", ""genero_comedia"", ""periodo_1990_1999"", ""popularidade_baixa""]";4
2170;Wrongfully Accused (1998);"[""avaliacao_baixa"", ""genero_acao"", ""genero_comedia"", ""periodo_1990_1999"", ""popularidade_baixa""]";5
2171;Next Stop Wonderland (1998);"[""avaliacao_media"", ""genero_comedia"", ""genero_drama"", ""genero_romance"", ""periodo_1990_1999"", ""popularidade_baixa""]";6
2174;Beetlejuice (1988);"[""avaliacao_media"", ""genero_comedia"", ""genero_fantasia"", ""periodo_1970_1989"", ""popularidade_alta""]";5
2176;Rope (1948);"[""avaliacao_media"", ""genero_crime"", ""genero_drama"", ""genero_suspense"", ""periodo_antes_1950"", ""popularidade_media""]";6
2183;Man Who Knew Too Much, The (1956);"[""avaliacao_media"", ""genero_aventura"", ""genero_drama"", ""genero_misterio"", ""genero_suspense"", ""periodo_1950_1969"", ""popularidade_baixa""]";7
2184;Trouble with Harry, The (1955);"[""avaliacao_media"", ""genero_comedia"", ""genero_misterio"", ""periodo_1950_1969"", ""popularidade_baixa""]";5
2186;Strangers on a Train (1951);"[""avaliacao_media"", ""genero_crime"", ""genero_drama"", ""genero_film_noir"", ""genero_suspense"", ""periodo_1950_1969"", ""popularidade_media""]";7
2188;54 (1998);"[""avaliacao_baixa"", ""genero_drama"", ""periodo_1990_1999"", ""popularidade_baixa""]";4
2193;Willow (1988);"[""avaliacao_media"", ""genero_acao"", ""genero_aventura"", ""genero_fantasia"", ""periodo_1970_1989"", ""popularidade_media""]";6
2194;Untouchables, The (1987);"[""avaliacao_media"", ""genero_acao"", ""genero_crime"", ""genero_drama"", ""periodo_1970_1989"", ""popularidade_alta""]";6
2195;Dirty Work (1998);"[""avaliacao_media"", ""genero_comedia"", ""periodo_1990_1999"", ""popularidade_baixa""]";4
2202;Lifeboat (1944);"[""avaliacao_alta"", ""genero_drama"", ""genero_guerra"", ""periodo_antes_1950"", ""popularidade_baixa""]";5
2203;Shadow of a Doubt (1943);"[""avaliacao_alta"", ""genero_crime"", ""genero_drama"", ""genero_suspense"", ""periodo_antes_1950"", ""popularidade_baixa""]";6
2206;Suspicion (1941);"[""avaliacao_alta"", ""genero_film_noir"", ""genero_misterio"", ""genero_suspense"", ""periodo_antes_1950"", ""popularidade_baixa""]";6
2208;Lady Vanishes, The (1938);"[""avaliacao_media"", ""genero_drama"", ""genero_misterio"", ""genero_suspense"", ""periodo_antes_1950"", ""popularidade_baixa""]";6
2231;Rounders (1998);"[""avaliacao_media"", ""genero_drama"", ""periodo_1990_1999"", ""popularidade_media""]";4
2232;Cube (1997);"[""avaliacao_media"", ""genero_ficcao_cientifica"", ""genero_misterio"", ""genero_suspense"", ""genero_terror"", ""periodo_1990_1999"", ""popularidade_media""]";7
2236;Simon Birch (1998);"[""avaliacao_media"", ""genero_drama"", ""periodo_1990_1999"", ""popularidade_baixa""]";4
2239;Swept Away (Travolti da un insolito destino nell'azzurro mare d'Agosto) (1975);"[""avaliacao_alta"", ""genero_comedia"", ""genero_drama"", ""periodo_1970_1989"", ""popularidade_baixa""]";5
2240;My Bodyguard (1980);"[""avaliacao_media"", ""genero_drama"", ""periodo_1970_1989"", ""popularidade_baixa""]";4
2243;Broadcast News (1987);"[""avaliacao_media"", ""genero_comedia"", ""genero_drama"", ""genero_romance"", ""periodo_1970_1989"", ""popularidade_media""]";6
2245;Working Girl (1988);"[""avaliacao_media"", ""genero_comedia"", ""genero_drama"", ""genero_romance"", ""periodo_1970_1989"", ""popularidade_media""]";6
2247;Married to the Mob (1988);"[""avaliacao_media"", ""genero_comedia"", ""periodo_1970_1989"", ""popularidade_media""]";4
2248;Say Anything... (1989);"[""avaliacao_media"", ""genero_comedia"", ""genero_drama"", ""genero_romance"", ""periodo_1970_1989"", ""popularidade_media""]";6
2249;My Blue Heaven (1990);"[""avaliacao_media"", ""genero_comedia"", ""periodo_1990_1999"", ""popularidade_media""]";4
2252;Hero (1992);"[""avaliacao_baixa"", ""genero_comedia"", ""genero_drama"", ""periodo_1990_1999"", ""popularidade_baixa""]";5
2253;Toys (1992);"[""avaliacao_baixa"", ""genero_comedia"", ""genero_fantasia"", ""periodo_1990_1999"", ""popularidade_media""]";5
2259;Blame It on Rio (1984);"[""avaliacao_media"", ""genero_comedia"", ""genero_romance"", ""periodo_1970_1989"", ""popularidade_baixa""]";5
2261;One Crazy Summer (1986);"[""avaliacao_media"", ""genero_comedia"", ""periodo_1970_1989"", ""popularidade_baixa""]";4
2262;About Last Night... (1986);"[""avaliacao_media"", ""genero_comedia"", ""genero_drama"", ""genero_romance"", ""periodo_1970_1989"", ""popularidade_baixa""]";6
2263;Seventh Sign, The (1988);"[""avaliacao_baixa"", ""genero_drama"", ""genero_fantasia"", ""genero_suspense"", ""periodo_1970_1989"", ""popularidade_baixa""]";6
2266;Butcher's Wife, The (1991);"[""avaliacao_media"", ""genero_comedia"", ""genero_romance"", ""periodo_1990_1999"", ""popularidade_baixa""]";5
2268;Few Good Men, A (1992);"[""avaliacao_media"", ""genero_crime"", ""genero_drama"", ""genero_suspense"", ""periodo_1990_1999"", ""popularidade_alta""]";6
2269;Indecent Proposal (1993);"[""avaliacao_media"", ""genero_drama"", ""genero_romance"", ""periodo_1990_1999"", ""popularidade_baixa""]";5
2273;Rush Hour (1998);"[""avaliacao_media"", ""genero_acao"", ""genero_comedia"", ""genero_crime"", ""genero_suspense"", ""periodo_1990_1999"", ""popularidade_media""]";7
2275;Six-String Samurai (1998);"[""avaliacao_media"", ""genero_acao"", ""genero_aventura"", ""genero_ficcao_cientifica"", ""periodo_1990_1999"", ""popularidade_baixa""]";6
2278;Ronin (1998);"[""avaliacao_media"", ""genero_acao"", ""genero_crime"", ""genero_suspense"", ""periodo_1990_1999"", ""popularidade_media""]";6
2279;Urban Legend (1998);"[""avaliacao_baixa"", ""genero_suspense"", ""genero_terror"", ""periodo_1990_1999"", ""popularidade_media""]";5
2282;Pecker (1998);"[""avaliacao_media"", ""genero_comedia"", ""genero_drama"", ""periodo_1990_1999"", ""popularidade_baixa""]";5
2287;Them! (1954);"[""avaliacao_media"", ""genero_ficcao_cientifica"", ""genero_suspense"", ""genero_terror"", ""periodo_1950_1969"", ""popularidade_baixa""]";6
2288;Thing, The (1982);"[""avaliacao_media"", ""genero_acao"", ""genero_ficcao_cientifica"", ""genero_suspense"", ""genero_terror"", ""periodo_1970_1989"", ""popularidade_media""]";7
2289;Player, The (1992);"[""avaliacao_media"", ""genero_comedia"", ""genero_crime"", ""genero_drama"", ""periodo_1990_1999"", ""popularidade_media""]";6
2290;Stardust Memories (1980);"[""avaliacao_media"", ""genero_comedia"", ""genero_drama"", ""periodo_1970_1989"", ""popularidade_baixa""]";5
2291;Edward Scissorhands (1990);"[""avaliacao_media"", ""genero_drama"", ""genero_fantasia"", ""genero_romance"", ""periodo_1990_1999"", ""popularidade_alta""]";6
2294;Antz (1998);"[""avaliacao_media"", ""genero_animacao"", ""genero_aventura"", ""genero_comedia"", ""genero_fantasia"", ""genero_infantil"", ""periodo_1990_1999"", ""popularidade_media""]";8
2296;Night at the Roxbury, A (1998);"[""avaliacao_baixa"", ""genero_comedia"", ""periodo_1990_1999"", ""popularidade_media""]";4
2297;What Dreams May Come (1998);"[""avaliacao_media"", ""genero_aventura"", ""genero_drama"", ""genero_fantasia"", ""genero_romance"", ""periodo_1990_1999"", ""popularidade_media""]";7
2300;Producers, The (1968);"[""avaliacao_media"", ""genero_comedia"", ""periodo_1950_1969"", ""popularidade_media""]";4
2301;History of the World: Part I (1981);"[""avaliacao_media"", ""genero_comedia"", ""genero_musical"", ""periodo_1970_1989"", ""popularidade_media""]";5
2302;My Cousin Vinny (1992);"[""avaliacao_media"", ""genero_comedia"", ""periodo_1990_1999"", ""popularidade_alta""]";4
2303;Nashville (1975);"[""avaliacao_media"", ""genero_drama"", ""genero_musical"", ""periodo_1970_1989"", ""popularidade_baixa""]";5
2306;Holy Man (1998);"[""avaliacao_baixa"", ""genero_comedia"", ""periodo_1990_1999"", ""popularidade_baixa""]";4
2311;2010: The Year We Make Contact (1984);"[""avaliacao_media"", ""genero_ficcao_cientifica"", ""periodo_1970_1989"", ""popularidade_media""]";4
2312;Children of a Lesser God (1986);"[""avaliacao_media"", ""genero_drama"", ""periodo_1970_1989"", ""popularidade_media""]";4
2313;Elephant Man, The (1980);"[""avaliacao_alta"", ""genero_drama"", ""periodo_1970_1989"", ""popularidade_media""]";4
2315;Bride of Chucky (Child's Play 4) (1998);"[""avaliacao_baixa"", ""genero_comedia"", ""genero_suspense"", ""genero_terror"", ""periodo_1990_1999"", ""popularidade_baixa""]";6
2316;Practical Magic (1998);"[""avaliacao_media"", ""genero_drama"", ""genero_fantasia"", ""genero_misterio"", ""genero_romance"", ""periodo_1990_1999"", ""popularidade_baixa""]";7
2318;Happiness (1998);"[""avaliacao_alta"", ""genero_comedia"", ""genero_drama"", ""periodo_1990_1999"", ""popularidade_media""]";5
2320;Apt Pupil (1998);"[""avaliacao_media"", ""genero_drama"", ""genero_suspense"", ""periodo_1990_1999"", ""popularidade_baixa""]";5
2321;Pleasantville (1998);"[""avaliacao_media"", ""genero_comedia"", ""genero_drama"", ""genero_fantasia"", ""periodo_1990_1999"", ""popularidade_alta""]";6
2322;Soldier (1998);"[""avaliacao_media"", ""genero_acao"", ""genero_ficcao_cientifica"", ""genero_guerra"", ""periodo_1990_1999"", ""popularidade_baixa""]";6
2324;Life Is Beautiful (La Vita è bella) (1997);"[""avaliacao_alta"", ""genero_comedia"", ""genero_drama"", ""genero_guerra"", ""genero_romance"", ""periodo_1990_1999"", ""popularidade_alta""]";7
2325;Orgazmo (1997);"[""avaliacao_media"", ""genero_comedia"", ""periodo_1990_1999"", ""popularidade_media""]";4
2328;Vampires (1998);"[""avaliacao_baixa"", ""genero_faroeste"", ""genero_terror"", ""periodo_1990_1999"", ""popularidade_baixa""]";5
2329;American History X (1998);"[""avaliacao_alta"", ""genero_crime"", ""genero_drama"", ""periodo_1990_1999"", ""popularidade_alta""]";5
2334;Siege, The (1998);"[""avaliacao_baixa"", ""genero_acao"", ""genero_suspense"", ""periodo_1990_1999"", ""popularidade_media""]";5
2335;Waterboy, The (1998);"[""avaliacao_media"", ""genero_comedia"", ""periodo_1990_1999"", ""popularidade_media""]";4
2336;Elizabeth (1998);"[""avaliacao_media"", ""genero_drama"", ""periodo_1990_1999"", ""popularidade_media""]";4
2338;I Still Know What You Did Last Summer (1998);"[""avaliacao_baixa"", ""genero_misterio"", ""genero_suspense"", ""genero_terror"", ""periodo_1990_1999"", ""popularidade_media""]";6
2340;Meet Joe Black (1998);"[""avaliacao_media"", ""genero_romance"", ""periodo_1990_1999"", ""popularidade_media""]";4
2344;Runaway Train (1985);"[""avaliacao_media"", ""genero_acao"", ""genero_aventura"", ""genero_drama"", ""genero_suspense"", ""periodo_1970_1989"", ""popularidade_baixa""]";7
2346;Stepford Wives, The (1975);"[""avaliacao_media"", ""genero_ficcao_cientifica"", ""genero_misterio"", ""genero_suspense"", ""periodo_1970_1989"", ""popularidade_media""]";6
2348;Sid and Nancy (1986);"[""avaliacao_media"", ""genero_drama"", ""periodo_1970_1989"", ""popularidade_baixa""]";4
2349;Mona Lisa (1986);"[""avaliacao_media"", ""genero_comedia"", ""genero_suspense"", ""periodo_1970_1989"", ""popularidade_baixa""]";5
2351;Nights of Cabiria (Notti di Cabiria, Le) (1957);"[""avaliacao_alta"", ""genero_drama"", ""periodo_1950_1969"", ""popularidade_baixa""]";4
2352;Big Chill, The (1983);"[""avaliacao_media"", ""genero_comedia"", ""genero_drama"", ""periodo_1970_1989"", ""popularidade_media""]";5
2353;Enemy of the State (1998);"[""avaliacao_media"", ""genero_acao"", ""genero_suspense"", ""periodo_1990_1999"", ""popularidade_alta""]";5
2354;Rugrats Movie, The (1998);"[""avaliacao_baixa"", ""genero_animacao"", ""genero_comedia"", ""genero_infantil"", ""periodo_1990_1999"", ""popularidade_baixa""]";6
2355;Bug's Life, A (1998);"[""avaliacao_media"", ""genero_animacao"", ""genero_aventura"", ""genero_comedia"", ""genero_infantil"", ""periodo_1990_1999"", ""popularidade_alta""]";7
2356;Celebrity (1998);"[""avaliacao_baixa"", ""genero_comedia"", ""periodo_1990_1999"", ""popularidade_baixa""]";4
2357;Central Station (Central do Brasil) (1998);"[""avaliacao_alta"", ""genero_drama"", ""periodo_1990_1999"", ""popularidade_baixa""]";4
2359;Waking Ned Devine (a.k.a. Waking Ned) (1998);"[""avaliacao_media"", ""genero_comedia"", ""periodo_1990_1999"", ""popularidade_media""]";4
2360;Celebration, The (Festen) (1998);"[""avaliacao_alta"", ""genero_drama"", ""periodo_1990_1999"", ""popularidade_media""]";4
2361;Pink Flamingos (1972);"[""avaliacao_baixa"", ""genero_comedia"", ""periodo_1970_1989"", ""popularidade_media""]";4
2366;King Kong (1933);"[""avaliacao_media"", ""genero_acao"", ""genero_aventura"", ""genero_fantasia"", ""genero_terror"", ""periodo_antes_1950"", ""popularidade_media""]";7
2367;King Kong (1976);"[""avaliacao_baixa"", ""genero_aventura"", ""genero_fantasia"", ""genero_ficcao_cientifica"", ""genero_romance"", ""genero_suspense"", ""periodo_1970_1989"", ""popularidade_media""]";8
2369;Desperately Seeking Susan (1985);"[""avaliacao_baixa"", ""genero_comedia"", ""genero_drama"", ""genero_romance"", ""periodo_1970_1989"", ""popularidade_media""]";6
2371;Fletch (1985);"[""avaliacao_media"", ""genero_comedia"", ""genero_crime"", ""genero_misterio"", ""periodo_1970_1989"", ""popularidade_media""]";6
2372;Fletch Lives (1989);"[""avaliacao_baixa"", ""genero_comedia"", ""periodo_1970_1989"", ""popularidade_baixa""]";4
2373;Red Sonja (1985);"[""avaliacao_baixa"", ""genero_acao"", ""genero_aventura"", ""genero_fantasia"", ""periodo_1970_1989"", ""popularidade_baixa""]";6
2374;Gung Ho (1986);"[""avaliacao_media"", ""genero_comedia"", ""genero_drama"", ""periodo_1970_1989"", ""popularidade_baixa""]";5
2375;Money Pit, The (1986);"[""avaliacao_baixa"", ""genero_comedia"", ""periodo_1970_1989"", ""popularidade_media""]";4
2376;View to a Kill, A (1985);"[""avaliacao_media"", ""genero_acao"", ""genero_aventura"", ""genero_suspense"", ""periodo_1970_1989"", ""popularidade_media""]";6
2377;Lifeforce (1985);"[""avaliacao_baixa"", ""genero_ficcao_cientifica"", ""genero_terror"", ""periodo_1970_1989"", ""popularidade_baixa""]";5
2378;Police Academy (1984);"[""avaliacao_media"", ""genero_comedia"", ""genero_crime"", ""periodo_1970_1989"", ""popularidade_media""]";5
2379;Police Academy 2: Their First Assignment (1985);"[""avaliacao_baixa"", ""genero_comedia"", ""genero_crime"", ""periodo_1970_1989"", ""popularidade_media""]";5
2380;Police Academy 3: Back in Training (1986);"[""avaliacao_baixa"", ""genero_comedia"", ""genero_crime"", ""periodo_1970_1989"", ""popularidade_media""]";5
2381;Police Academy 4: Citizens on Patrol (1987);"[""avaliacao_baixa"", ""genero_comedia"", ""genero_crime"", ""periodo_1970_1989"", ""popularidade_baixa""]";5
2382;Police Academy 5: Assignment: Miami Beach (1988);"[""avaliacao_baixa"", ""genero_comedia"", ""genero_crime"", ""periodo_1970_1989"", ""popularidade_baixa""]";5
2384;Babe: Pig in the City (1998);"[""avaliacao_baixa"", ""genero_aventura"", ""genero_drama"", ""genero_infantil"", ""periodo_1990_1999"", ""popularidade_media""]";6
2387;Very Bad Things (1998);"[""avaliacao_media"", ""genero_comedia"", ""genero_crime"", ""periodo_1990_1999"", ""popularidade_media""]";5
2389;Psycho (1998);"[""avaliacao_baixa"", ""genero_crime"", ""genero_suspense"", ""genero_terror"", ""periodo_1990_1999"", ""popularidade_baixa""]";6
2390;Little Voice (1998);"[""avaliacao_media"", ""genero_comedia"", ""periodo_1990_1999"", ""popularidade_baixa""]";4
2391;Simple Plan, A (1998);"[""avaliacao_media"", ""genero_crime"", ""genero_drama"", ""genero_suspense"", ""periodo_1990_1999"", ""popularidade_media""]";6
2392;Jack Frost (1998);"[""avaliacao_baixa"", ""genero_comedia"", ""genero_drama"", ""genero_infantil"", ""periodo_1990_1999"", ""popularidade_baixa""]";6
2393;Star Trek: Insurrection (1998);"[""avaliacao_media"", ""genero_acao"", ""genero_drama"", ""genero_ficcao_cientifica"", ""genero_romance"", ""periodo_1990_1999"", ""popularidade_media""]";7
2394;Prince of Egypt, The (1998);"[""avaliacao_media"", ""genero_animacao"", ""genero_musical"", ""periodo_1990_1999"", ""popularidade_media""]";5
2395;Rushmore (1998);"[""avaliacao_media"", ""genero_comedia"", ""genero_drama"", ""periodo_1990_1999"", ""popularidade_alta""]";5
2396;Shakespeare in Love (1998);"[""avaliacao_media"", ""genero_comedia"", ""genero_drama"", ""genero_romance"", ""periodo_1990_1999"", ""popularidade_alta""]";6
2398;Miracle on 34th Street (1947);"[""avaliacao_alta"", ""genero_comedia"", ""genero_drama"", ""periodo_antes_1950"", ""popularidade_media""]";5
2401;Pale Rider (1985);"[""avaliacao_media"", ""genero_faroeste"", ""periodo_1970_1989"", ""popularidade_baixa""]";4
2402;Rambo: First Blood Part II (1985);"[""avaliacao_baixa"", ""genero_acao"", ""genero_aventura"", ""genero_suspense"", ""periodo_1970_1989"", ""popularidade_media""]";6
2403;First Blood (Rambo: First Blood) (1982);"[""avaliacao_media"", ""genero_acao"", ""genero_aventura"", ""genero_drama"", ""genero_suspense"", ""periodo_1970_1989"", ""popularidade_media""]";7
2404;Rambo III (1988);"[""avaliacao_baixa"", ""genero_acao"", ""genero_aventura"", ""genero_guerra"", ""genero_suspense"", ""periodo_1970_1989"", ""popularidade_media""]";7
2405;Jewel of the Nile, The (1985);"[""avaliacao_baixa"", ""genero_acao"", ""genero_aventura"", ""genero_comedia"", ""genero_romance"", ""periodo_1970_1989"", ""popularidade_media""]";7
2406;Romancing the Stone (1984);"[""avaliacao_media"", ""genero_acao"", ""genero_aventura"", ""genero_comedia"", ""genero_romance"", ""periodo_1970_1989"", ""popularidade_alta""]";7
2407;Cocoon (1985);"[""avaliacao_media"", ""genero_comedia"", ""genero_ficcao_cientifica"", ""periodo_1970_1989"", ""popularidade_media""]";5
2408;Cocoon: The Return (1988);"[""avaliacao_baixa"", ""genero_comedia"", ""genero_ficcao_cientifica"", ""periodo_1970_1989"", ""popularidade_baixa""]";5
2409;Rocky II (1979);"[""avaliacao_media"", ""genero_acao"", ""genero_drama"", ""periodo_1970_1989"", ""popularidade_media""]";5
2410;Rocky III (1982);"[""avaliacao_baixa"", ""genero_acao"", ""genero_drama"", ""periodo_1970_1989"", ""popularidade_media""]";5
2411;Rocky IV (1985);"[""avaliacao_baixa"", ""genero_acao"", ""genero_drama"", ""periodo_1970_1989"", ""popularidade_media""]";5
2412;Rocky V (1990);"[""avaliacao_baixa"", ""genero_acao"", ""genero_drama"", ""periodo_1990_1999"", ""popularidade_media""]";5
2413;Clue (1985);"[""avaliacao_media"", ""genero_comedia"", ""genero_crime"", ""genero_misterio"", ""genero_suspense"", ""periodo_1970_1989"", ""popularidade_media""]";7
2414;Young Sherlock Holmes (1985);"[""avaliacao_media"", ""genero_acao"", ""genero_aventura"", ""genero_fantasia"", ""genero_infantil"", ""genero_misterio"", ""genero_suspense"", ""periodo_1970_1989"", ""popularidade_media""]";9
2416;Back to School (1986);"[""avaliacao_baixa"", ""genero_comedia"", ""periodo_1970_1989"", ""popularidade_media""]";4
2418;Nothing in Common (1986);"[""avaliacao_baixa"", ""genero_comedia"", ""periodo_1970_1989"", ""popularidade_baixa""]";4
2420;Karate Kid, The (1984);"[""avaliacao_media"", ""genero_drama"", ""periodo_1970_1989"", ""popularidade_media""]";4
2421;Karate Kid, Part II, The (1986);"[""avaliacao_baixa"", ""genero_acao"", ""genero_aventura"", ""genero_drama"", ""periodo_1970_1989"", ""popularidade_media""]";6
2422;Karate Kid, Part III, The (1989);"[""avaliacao_baixa"", ""genero_acao"", ""genero_aventura"", ""genero_drama"", ""genero_infantil"", ""periodo_1970_1989"", ""popularidade_media""]";7
2423;Christmas Vacation (National Lampoon's Christmas Vacation) (1989);"[""avaliacao_media"", ""genero_comedia"", ""periodo_1970_1989"", ""popularidade_media""]";4
2424;You've Got Mail (1998);"[""avaliacao_media"", ""genero_comedia"", ""genero_romance"", ""periodo_1990_1999"", ""popularidade_alta""]";5
2427;Thin Red Line, The (1998);"[""avaliacao_media"", ""genero_acao"", ""genero_drama"", ""genero_guerra"", ""periodo_1990_1999"", ""popularidade_media""]";6
2428;Faculty, The (1998);"[""avaliacao_baixa"", ""genero_ficcao_cientifica"", ""genero_terror"", ""periodo_1990_1999"", ""popularidade_media""]";5
2429;Mighty Joe Young (1998);"[""avaliacao_baixa"", ""genero_acao"", ""genero_aventura"", ""genero_drama"", ""genero_fantasia"", ""genero_suspense"", ""periodo_1990_1999"", ""popularidade_baixa""]";8
2430;Mighty Joe Young (1949);"[""avaliacao_baixa"", ""genero_aventura"", ""genero_drama"", ""genero_infantil"", ""periodo_antes_1950"", ""popularidade_baixa""]";6
2431;Patch Adams (1998);"[""avaliacao_media"", ""genero_comedia"", ""genero_drama"", ""periodo_1990_1999"", ""popularidade_media""]";5
2432;Stepmom (1998);"[""avaliacao_media"", ""genero_drama"", ""periodo_1990_1999"", ""popularidade_baixa""]";4
2433;Civil Action, A (1998);"[""avaliacao_media"", ""genero_drama"", ""periodo_1990_1999"", ""popularidade_media""]";4
2436;Tea with Mussolini (1999);"[""avaliacao_alta"", ""genero_comedia"", ""genero_drama"", ""genero_guerra"", ""periodo_1990_1999"", ""popularidade_baixa""]";6
2443;Playing by Heart (1998);"[""avaliacao_media"", ""genero_drama"", ""genero_romance"", ""periodo_1990_1999"", ""popularidade_baixa""]";5
2445;At First Sight (1999);"[""avaliacao_baixa"", ""genero_drama"", ""periodo_1990_1999"", ""popularidade_baixa""]";4
2447;Varsity Blues (1999);"[""avaliacao_media"", ""genero_comedia"", ""genero_drama"", ""periodo_1990_1999"", ""popularidade_media""]";5
2450;Howard the Duck (1986);"[""avaliacao_baixa"", ""genero_aventura"", ""genero_comedia"", ""genero_ficcao_cientifica"", ""periodo_1970_1989"", ""popularidade_media""]";6
2454;Fly, The (1958);"[""avaliacao_media"", ""genero_ficcao_cientifica"", ""genero_misterio"", ""genero_terror"", ""periodo_1950_1969"", ""popularidade_media""]";6
2455;Fly, The (1986);"[""avaliacao_media"", ""genero_drama"", ""genero_ficcao_cientifica"", ""genero_suspense"", ""genero_terror"", ""periodo_1970_1989"", ""popularidade_media""]";7
2456;Fly II, The (1989);"[""avaliacao_baixa"", ""genero_ficcao_cientifica"", ""genero_terror"", ""periodo_1970_1989"", ""popularidade_baixa""]";5
2457;Running Scared (1986);"[""avaliacao_media"", ""genero_acao"", ""genero_comedia"", ""periodo_1970_1989"", ""popularidade_baixa""]";5
2458;Armed and Dangerous (1986);"[""avaliacao_baixa"", ""genero_comedia"", ""genero_crime"", ""periodo_1970_1989"", ""popularidade_baixa""]";5
2459;Texas Chainsaw Massacre, The (1974);"[""avaliacao_media"", ""genero_terror"", ""periodo_1970_1989"", ""popularidade_media""]";4
2463;Ruthless People (1986);"[""avaliacao_media"", ""genero_comedia"", ""periodo_1970_1989"", ""popularidade_media""]";4
2467;Name of the Rose, The (Name der Rose, Der) (1986);"[""avaliacao_media"", ""genero_crime"", ""genero_drama"", ""genero_misterio"", ""genero_suspense"", ""periodo_1970_1989"", ""popularidade_media""]";7
2468;Jumpin' Jack Flash (1986);"[""avaliacao_baixa"", ""genero_acao"", ""genero_comedia"", ""genero_romance"", ""genero_suspense"", ""periodo_1970_1989"", ""popularidade_media""]";7
2469;Peggy Sue Got Married (1986);"[""avaliacao_media"", ""genero_comedia"", ""genero_drama"", ""periodo_1970_1989"", ""popularidade_baixa""]";5
2470;Crocodile Dundee (1986);"[""avaliacao_media"", ""genero_aventura"", ""genero_comedia"", ""periodo_1970_1989"", ""popularidade_alta""]";5
2471;Crocodile Dundee II (1988);"[""avaliacao_baixa"", ""genero_acao"", ""genero_aventura"", ""genero_comedia"", ""periodo_1970_1989"", ""popularidade_media""]";6
2473;Soul Man (1986);"[""avaliacao_baixa"", ""genero_comedia"", ""periodo_1970_1989"", ""popularidade_baixa""]";4
2474;Color of Money, The (1986);"[""avaliacao_media"", ""genero_drama"", ""periodo_1970_1989"", ""popularidade_media""]";4
2476;Heartbreak Ridge (1986);"[""avaliacao_media"", ""genero_acao"", ""genero_guerra"", ""periodo_1970_1989"", ""popularidade_media""]";5
2478;¡Three Amigos! (1986);"[""avaliacao_media"", ""genero_comedia"", ""genero_faroeste"", ""periodo_1970_1989"", ""popularidade_media""]";5
2485;She's All That (1999);"[""avaliacao_baixa"", ""genero_comedia"", ""genero_romance"", ""periodo_1990_1999"", ""popularidade_media""]";5
2490;Payback (1999);"[""avaliacao_media"", ""genero_acao"", ""genero_suspense"", ""periodo_1990_1999"", ""popularidade_media""]";5
2491;Simply Irresistible (1999);"[""avaliacao_media"", ""genero_comedia"", ""genero_romance"", ""periodo_1990_1999"", ""popularidade_baixa""]";5
2492;20 Dates (1998);"[""avaliacao_media"", ""genero_comedia"", ""genero_romance"", ""periodo_1990_1999"", ""popularidade_baixa""]";5
2496;Blast from the Past (1999);"[""avaliacao_media"", ""genero_comedia"", ""genero_romance"", ""periodo_1990_1999"", ""popularidade_media""]";5
2497;Message in a Bottle (1999);"[""avaliacao_baixa"", ""genero_romance"", ""periodo_1990_1999"", ""popularidade_baixa""]";4
2498;My Favorite Martian (1999);"[""avaliacao_baixa"", ""genero_comedia"", ""genero_ficcao_cientifica"", ""periodo_1990_1999"", ""popularidade_baixa""]";5
2500;Jawbreaker (1999);"[""avaliacao_baixa"", ""genero_comedia"", ""periodo_1990_1999"", ""popularidade_baixa""]";4
2501;October Sky (1999);"[""avaliacao_media"", ""genero_drama"", ""periodo_1990_1999"", ""popularidade_media""]";4
2502;Office Space (1999);"[""avaliacao_alta"", ""genero_comedia"", ""genero_crime"", ""periodo_1990_1999"", ""popularidade_alta""]";5
2504;200 Cigarettes (1999);"[""avaliacao_media"", ""genero_comedia"", ""genero_drama"", ""periodo_1990_1999"", ""popularidade_baixa""]";5
2505;8MM (1999);"[""avaliacao_baixa"", ""genero_drama"", ""genero_misterio"", ""genero_suspense"", ""periodo_1990_1999"", ""popularidade_media""]";6
2506;Other Sister, The (1999);"[""avaliacao_media"", ""genero_comedia"", ""genero_drama"", ""genero_romance"", ""periodo_1990_1999"", ""popularidade_baixa""]";6
2513;Pet Sematary (1989);"[""avaliacao_baixa"", ""genero_terror"", ""periodo_1970_1989"", ""popularidade_media""]";4
2517;Christine (1983);"[""avaliacao_baixa"", ""genero_terror"", ""periodo_1970_1989"", ""popularidade_media""]";4
2518;Night Shift (1982);"[""avaliacao_media"", ""genero_comedia"", ""periodo_1970_1989"", ""popularidade_media""]";4
2524;Towering Inferno, The (1974);"[""avaliacao_media"", ""genero_acao"", ""genero_aventura"", ""genero_drama"", ""genero_suspense"", ""periodo_1970_1989"", ""popularidade_baixa""]";7
2527;Westworld (1973);"[""avaliacao_media"", ""genero_acao"", ""genero_faroeste"", ""genero_ficcao_cientifica"", ""genero_suspense"", ""periodo_1970_1989"", ""popularidade_media""]";7
2528;Logan's Run (1976);"[""avaliacao_media"", ""genero_acao"", ""genero_aventura"", ""genero_ficcao_cientifica"", ""periodo_1970_1989"", ""popularidade_media""]";6
2529;Planet of the Apes (1968);"[""avaliacao_media"", ""genero_acao"", ""genero_drama"", ""genero_ficcao_cientifica"", ""periodo_1950_1969"", ""popularidade_alta""]";6
2530;Beneath the Planet of the Apes (1970);"[""avaliacao_baixa"", ""genero_acao"", ""genero_ficcao_cientifica"", ""periodo_1970_1989"", ""popularidade_media""]";5
2531;Battle for the Planet of the Apes (1973);"[""avaliacao_baixa"", ""genero_acao"", ""genero_ficcao_cientifica"", ""periodo_1970_1989"", ""popularidade_baixa""]";5
2532;Conquest of the Planet of the Apes (1972);"[""avaliacao_baixa"", ""genero_acao"", ""genero_ficcao_cientifica"", ""periodo_1970_1989"", ""popularidade_media""]";5
2533;Escape from the Planet of the Apes (1971);"[""avaliacao_media"", ""genero_acao"", ""genero_ficcao_cientifica"", ""periodo_1970_1989"", ""popularidade_media""]";5
2539;Analyze This (1999);"[""avaliacao_media"", ""genero_comedia"", ""periodo_1990_1999"", ""popularidade_media""]";4
2541;Cruel Intentions (1999);"[""avaliacao_media"", ""genero_drama"", ""periodo_1990_1999"", ""popularidade_media""]";4
2542;Lock, Stock & Two Smoking Barrels (1998);"[""avaliacao_alta"", ""genero_comedia"", ""genero_crime"", ""genero_suspense"", ""periodo_1990_1999"", ""popularidade_alta""]";6
2548;Rage: Carrie 2, The (1999);"[""avaliacao_baixa"", ""genero_terror"", ""periodo_1990_1999"", ""popularidade_baixa""]";4
2549;Wing Commander (1999);"[""avaliacao_baixa"", ""genero_acao"", ""genero_ficcao_cientifica"", ""periodo_1990_1999"", ""popularidade_baixa""]";5
2550;Haunting, The (1963);"[""avaliacao_alta"", ""genero_suspense"", ""genero_terror"", ""periodo_1950_1969"", ""popularidade_baixa""]";5
2551;Dead Ringers (1988);"[""avaliacao_media"", ""genero_drama"", ""genero_suspense"", ""genero_terror"", ""periodo_1970_1989"", ""popularidade_baixa""]";6
2553;Village of the Damned (1960);"[""avaliacao_media"", ""genero_ficcao_cientifica"", ""genero_suspense"", ""genero_terror"", ""periodo_1950_1969"", ""popularidade_baixa""]";6
2558;Forces of Nature (1999);"[""avaliacao_baixa"", ""genero_comedia"", ""genero_romance"", ""periodo_1990_1999"", ""popularidade_baixa""]";5
2560;Ravenous (1999);"[""avaliacao_media"", ""genero_suspense"", ""genero_terror"", ""periodo_1990_1999"", ""popularidade_baixa""]";5
2565;King and I, The (1956);"[""avaliacao_alta"", ""genero_drama"", ""genero_musical"", ""genero_romance"", ""periodo_1950_1969"", ""popularidade_media""]";6
2567;EDtv (1999);"[""avaliacao_baixa"", ""genero_comedia"", ""periodo_1990_1999"", ""popularidade_media""]";4
2568;Mod Squad, The (1999);"[""avaliacao_media"", ""genero_acao"", ""genero_crime"", ""periodo_1990_1999"", ""popularidade_baixa""]";5
2570;Walk on the Moon, A (1999);"[""avaliacao_media"", ""genero_drama"", ""genero_romance"", ""periodo_1990_1999"", ""popularidade_baixa""]";5
2571;Matrix, The (1999);"[""avaliacao_alta"", ""genero_acao"", ""genero_ficcao_cientifica"", ""genero_suspense"", ""periodo_1990_1999"", ""popularidade_alta""]";6
2572;10 Things I Hate About You (1999);"[""avaliacao_media"", ""genero_comedia"", ""genero_romance"", ""periodo_1990_1999"", ""popularidade_alta""]";5
2574;Out-of-Towners, The (1999);"[""avaliacao_baixa"", ""genero_comedia"", ""periodo_1990_1999"", ""popularidade_baixa""]";4
2579;Following (1998);"[""avaliacao_media"", ""genero_crime"", ""genero_misterio"", ""genero_suspense"", ""periodo_1990_1999"", ""popularidade_baixa""]";6
2580;Go (1999);"[""avaliacao_media"", ""genero_comedia"", ""genero_crime"", ""periodo_1990_1999"", ""popularidade_media""]";5
2581;Never Been Kissed (1999);"[""avaliacao_baixa"", ""genero_comedia"", ""genero_romance"", ""periodo_1990_1999"", ""popularidade_media""]";5
2583;Cookie's Fortune (1999);"[""avaliacao_media"", ""genero_comedia"", ""genero_drama"", ""periodo_1990_1999"", ""popularidade_media""]";5
2594;Open Your Eyes (Abre los ojos) (1997);"[""avaliacao_media"", ""genero_drama"", ""genero_ficcao_cientifica"", ""genero_romance"", ""genero_suspense"", ""periodo_1990_1999"", ""popularidade_media""]";7
2596;SLC Punk! (1998);"[""avaliacao_media"", ""genero_comedia"", ""genero_drama"", ""periodo_1990_1999"", ""popularidade_media""]";5
2598;Pushing Tin (1999);"[""avaliacao_baixa"", ""genero_comedia"", ""periodo_1990_1999"", ""popularidade_media""]";4
2599;Election (1999);"[""avaliacao_media"", ""genero_comedia"", ""periodo_1990_1999"", ""popularidade_alta""]";4
2600;eXistenZ (1999);"[""avaliacao_media"", ""genero_acao"", ""genero_ficcao_cientifica"", ""genero_suspense"", ""periodo_1990_1999"", ""popularidade_media""]";6
2605;Entrapment (1999);"[""avaliacao_baixa"", ""genero_crime"", ""genero_suspense"", ""periodo_1990_1999"", ""popularidade_media""]";5
2606;Idle Hands (1999);"[""avaliacao_baixa"", ""genero_comedia"", ""genero_terror"", ""periodo_1990_1999"", ""popularidade_media""]";5
2613;Night of the Comet (1984);"[""avaliacao_baixa"", ""genero_comedia"", ""genero_ficcao_cientifica"", ""genero_terror"", ""periodo_1970_1989"", ""popularidade_baixa""]";6
2616;Dick Tracy (1990);"[""avaliacao_baixa"", ""genero_acao"", ""genero_crime"", ""periodo_1990_1999"", ""popularidade_media""]";5
2617;Mummy, The (1999);"[""avaliacao_media"", ""genero_acao"", ""genero_aventura"", ""genero_comedia"", ""genero_fantasia"", ""genero_suspense"", ""genero_terror"", ""periodo_1990_1999"", ""popularidade_alta""]";9
2618;Castle, The (1997);"[""avaliacao_media"", ""genero_comedia"", ""periodo_1990_1999"", ""popularidade_baixa""]";4
2622;William Shakespeare's A Midsummer Night's Dream (1999);"[""avaliacao_media"", ""genero_comedia"", ""genero_fantasia"", ""periodo_1990_1999"", ""popularidade_media""]";5
2628;Star Wars: Episode I - The Phantom Menace (1999);"[""avaliacao_media"", ""genero_acao"", ""genero_aventura"", ""genero_ficcao_cientifica"", ""periodo_1990_1999"", ""popularidade_alta""]";6
2640;Superman (1978);"[""avaliacao_media"", ""genero_acao"", ""genero_aventura"", ""genero_ficcao_cientifica"", ""periodo_1970_1989"", ""popularidade_alta""]";6
2641;Superman II (1980);"[""avaliacao_media"", ""genero_acao"", ""genero_ficcao_cientifica"", ""periodo_1970_1989"", ""popularidade_media""]";5
2642;Superman III (1983);"[""avaliacao_baixa"", ""genero_acao"", ""genero_aventura"", ""genero_ficcao_cientifica"", ""periodo_1970_1989"", ""popularidade_media""]";6
2643;Superman IV: The Quest for Peace (1987);"[""avaliacao_baixa"", ""genero_acao"", ""genero_aventura"", ""genero_ficcao_cientifica"", ""periodo_1970_1989"", ""popularidade_media""]";6
2644;Dracula (1931);"[""avaliacao_media"", ""genero_terror"", ""periodo_antes_1950"", ""popularidade_baixa""]";4
2648;Frankenstein (1931);"[""avaliacao_media"", ""genero_drama"", ""genero_ficcao_cientifica"", ""genero_terror"", ""periodo_antes_1950"", ""popularidade_media""]";6
2654;Wolf Man, The (1941);"[""avaliacao_media"", ""genero_drama"", ""genero_fantasia"", ""genero_terror"", ""periodo_antes_1950"", ""popularidade_baixa""]";6
2657;Rocky Horror Picture Show, The (1975);"[""avaliacao_media"", ""genero_comedia"", ""genero_ficcao_cientifica"", ""genero_musical"", ""genero_terror"", ""periodo_1970_1989"", ""popularidade_alta""]";7
2662;War of the Worlds, The (1953);"[""avaliacao_media"", ""genero_acao"", ""genero_drama"", ""genero_ficcao_cientifica"", ""periodo_1950_1969"", ""popularidade_media""]";6
2664;Invasion of the Body Snatchers (1956);"[""avaliacao_media"", ""genero_ficcao_cientifica"", ""genero_suspense"", ""genero_terror"", ""periodo_1950_1969"", ""popularidade_media""]";6
2668;Swamp Thing (1982);"[""avaliacao_baixa"", ""genero_ficcao_cientifica"", ""genero_terror"", ""periodo_1970_1989"", ""popularidade_baixa""]";5
2670;Run Silent Run Deep (1958);"[""avaliacao_media"", ""genero_guerra"", ""periodo_1950_1969"", ""popularidade_baixa""]";4
2671;Notting Hill (1999);"[""avaliacao_media"", ""genero_comedia"", ""genero_romance"", ""periodo_1990_1999"", ""popularidade_alta""]";5
2672;Thirteenth Floor, The (1999);"[""avaliacao_baixa"", ""genero_drama"", ""genero_ficcao_cientifica"", ""genero_suspense"", ""periodo_1990_1999"", ""popularidade_media""]";6
2676;Instinct (1999);"[""avaliacao_media"", ""genero_drama"", ""genero_suspense"", ""periodo_1990_1999"", ""popularidade_baixa""]";5
2683;Austin Powers: The Spy Who Shagged Me (1999);"[""avaliacao_media"", ""genero_acao"", ""genero_aventura"", ""genero_comedia"", ""periodo_1990_1999"", ""popularidade_alta""]";6
2686;Red Violin, The (Violon rouge, Le) (1998);"[""avaliacao_alta"", ""genero_drama"", ""genero_misterio"", ""periodo_1990_1999"", ""popularidade_media""]";5
2687;Tarzan (1999);"[""avaliacao_media"", ""genero_animacao"", ""genero_aventura"", ""genero_drama"", ""genero_infantil"", ""periodo_1990_1999"", ""popularidade_media""]";7
2688;General's Daughter, The (1999);"[""avaliacao_baixa"", ""genero_crime"", ""genero_drama"", ""genero_misterio"", ""genero_suspense"", ""periodo_1990_1999"", ""popularidade_media""]";7
2690;Ideal Husband, An (1999);"[""avaliacao_media"", ""genero_comedia"", ""genero_romance"", ""periodo_1990_1999"", ""popularidade_media""]";5
2692;Run Lola Run (Lola rennt) (1998);"[""avaliacao_alta"", ""genero_acao"", ""genero_crime"", ""periodo_1990_1999"", ""popularidade_alta""]";5
2694;Big Daddy (1999);"[""avaliacao_media"", ""genero_comedia"", ""periodo_1990_1999"", ""popularidade_media""]";4
2699;Arachnophobia (1990);"[""avaliacao_baixa"", ""genero_comedia"", ""genero_terror"", ""periodo_1990_1999"", ""popularidade_alta""]";5
2700;South Park: Bigger, Longer and Uncut (1999);"[""avaliacao_media"", ""genero_animacao"", ""genero_comedia"", ""genero_musical"", ""periodo_1990_1999"", ""popularidade_alta""]";6
2701;Wild Wild West (1999);"[""avaliacao_baixa"", ""genero_acao"", ""genero_comedia"", ""genero_faroeste"", ""genero_ficcao_cientifica"", ""periodo_1990_1999"", ""popularidade_alta""]";7
2702;Summer of Sam (1999);"[""avaliacao_media"", ""genero_drama"", ""periodo_1990_1999"", ""popularidade_media""]";4
2706;American Pie (1999);"[""avaliacao_media"", ""genero_comedia"", ""genero_romance"", ""periodo_1990_1999"", ""popularidade_alta""]";5
2707;Arlington Road (1999);"[""avaliacao_media"", ""genero_suspense"", ""periodo_1990_1999"", ""popularidade_media""]";4
2709;Muppets From Space (1999);"[""avaliacao_media"", ""genero_comedia"", ""genero_infantil"", ""periodo_1990_1999"", ""popularidade_baixa""]";5
2710;Blair Witch Project, The (1999);"[""avaliacao_baixa"", ""genero_drama"", ""genero_suspense"", ""genero_terror"", ""periodo_1990_1999"", ""popularidade_alta""]";6
2712;Eyes Wide Shut (1999);"[""avaliacao_media"", ""genero_drama"", ""genero_misterio"", ""genero_suspense"", ""periodo_1990_1999"", ""popularidade_alta""]";6
2713;Lake Placid (1999);"[""avaliacao_baixa"", ""genero_suspense"", ""genero_terror"", ""periodo_1990_1999"", ""popularidade_media""]";5
2716;Ghostbusters (a.k.a. Ghost Busters) (1984);"[""avaliacao_media"", ""genero_acao"", ""genero_comedia"", ""genero_ficcao_cientifica"", ""periodo_1970_1989"", ""popularidade_alta""]";6
2717;Ghostbusters II (1989);"[""avaliacao_media"", ""genero_comedia"", ""genero_fantasia"", ""genero_ficcao_cientifica"", ""periodo_1970_1989"", ""popularidade_media""]";6
2718;Drop Dead Gorgeous (1999);"[""avaliacao_media"", ""genero_comedia"", ""periodo_1990_1999"", ""popularidade_media""]";4
2719;Haunting, The (1999);"[""avaliacao_baixa"", ""genero_suspense"", ""genero_terror"", ""periodo_1990_1999"", ""popularidade_media""]";5
2720;Inspector Gadget (1999);"[""avaliacao_baixa"", ""genero_acao"", ""genero_aventura"", ""genero_comedia"", ""genero_infantil"", ""periodo_1990_1999"", ""popularidade_media""]";7
2722;Deep Blue Sea (1999);"[""avaliacao_baixa"", ""genero_acao"", ""genero_ficcao_cientifica"", ""genero_suspense"", ""genero_terror"", ""periodo_1990_1999"", ""popularidade_media""]";7
2723;Mystery Men (1999);"[""avaliacao_media"", ""genero_acao"", ""genero_comedia"", ""genero_fantasia"", ""periodo_1990_1999"", ""popularidade_media""]";6
2724;Runaway Bride (1999);"[""avaliacao_baixa"", ""genero_comedia"", ""genero_romance"", ""periodo_1990_1999"", ""popularidade_media""]";5
2726;Killing, The (1956);"[""avaliacao_alta"", ""genero_crime"", ""genero_film_noir"", ""periodo_1950_1969"", ""popularidade_baixa""]";5
2728;Spartacus (1960);"[""avaliacao_media"", ""genero_acao"", ""genero_drama"", ""genero_guerra"", ""genero_romance"", ""periodo_1950_1969"", ""popularidade_media""]";7
2729;Lolita (1962);"[""avaliacao_media"", ""genero_drama"", ""genero_romance"", ""periodo_1950_1969"", ""popularidade_baixa""]";5
2730;Barry Lyndon (1975);"[""avaliacao_media"", ""genero_drama"", ""genero_guerra"", ""genero_romance"", ""periodo_1970_1989"", ""popularidade_baixa""]";6
2731;400 Blows, The (Les quatre cents coups) (1959);"[""avaliacao_alta"", ""genero_crime"", ""genero_drama"", ""periodo_1950_1969"", ""popularidade_media""]";5
2732;Jules and Jim (Jules et Jim) (1961);"[""avaliacao_alta"", ""genero_drama"", ""genero_romance"", ""periodo_1950_1969"", ""popularidade_baixa""]";5
2734;Mosquito Coast, The (1986);"[""avaliacao_media"", ""genero_aventura"", ""genero_drama"", ""genero_suspense"", ""periodo_1970_1989"", ""popularidade_media""]";6
2735;Golden Child, The (1986);"[""avaliacao_baixa"", ""genero_acao"", ""genero_aventura"", ""genero_comedia"", ""genero_fantasia"", ""genero_misterio"", ""periodo_1970_1989"", ""popularidade_media""]";8
2736;Brighton Beach Memoirs (1986);"[""avaliacao_media"", ""genero_comedia"", ""periodo_1970_1989"", ""popularidade_baixa""]";4
2739;Color Purple, The (1985);"[""avaliacao_media"", ""genero_drama"", ""periodo_1970_1989"", ""popularidade_media""]";4
2745;Mission, The (1986);"[""avaliacao_media"", ""genero_drama"", ""periodo_1970_1989"", ""popularidade_baixa""]";4
2746;Little Shop of Horrors (1986);"[""avaliacao_media"", ""genero_comedia"", ""genero_musical"", ""genero_terror"", ""periodo_1970_1989"", ""popularidade_media""]";6
2747;Little Shop of Horrors, The (1960);"[""avaliacao_media"", ""genero_comedia"", ""genero_terror"", ""periodo_1950_1969"", ""popularidade_baixa""]";5
2748;Allan Quatermain and the Lost City of Gold (1987);"[""avaliacao_baixa"", ""genero_acao"", ""genero_aventura"", ""genero_comedia"", ""periodo_1970_1989"", ""popularidade_baixa""]";6
2750;Radio Days (1987);"[""avaliacao_media"", ""genero_comedia"", ""genero_drama"", ""periodo_1970_1989"", ""popularidade_baixa""]";5
2752;Outrageous Fortune (1987);"[""avaliacao_baixa"", ""genero_comedia"", ""genero_misterio"", ""periodo_1970_1989"", ""popularidade_baixa""]";5
2759;Dick (1999);"[""avaliacao_media"", ""genero_comedia"", ""periodo_1990_1999"", ""popularidade_baixa""]";4
2761;Iron Giant, The (1999);"[""avaliacao_alta"", ""genero_animacao"", ""genero_aventura"", ""genero_drama"", ""genero_ficcao_cientifica"", ""genero_infantil"", ""periodo_1990_1999"", ""popularidade_media""]";8
2762;Sixth Sense, The (1999);"[""avaliacao_media"", ""genero_drama"", ""genero_misterio"", ""genero_terror"", ""periodo_1990_1999"", ""popularidade_alta""]";6
2763;Thomas Crown Affair, The (1999);"[""avaliacao_media"", ""genero_acao"", ""genero_misterio"", ""periodo_1990_1999"", ""popularidade_media""]";5
2764;Thomas Crown Affair, The (1968);"[""avaliacao_alta"", ""genero_crime"", ""genero_drama"", ""genero_romance"", ""genero_suspense"", ""periodo_1950_1969"", ""popularidade_baixa""]";7
2769;Yards, The (2000);"[""avaliacao_media"", ""genero_crime"", ""genero_drama"", ""periodo_2000_2009"", ""popularidade_baixa""]";5
2770;Bowfinger (1999);"[""avaliacao_baixa"", ""genero_comedia"", ""periodo_1990_1999"", ""popularidade_media""]";4
2772;Detroit Rock City (1999);"[""avaliacao_baixa"", ""genero_comedia"", ""periodo_1990_1999"", ""popularidade_media""]";4
2779;Heaven Can Wait (1978);"[""avaliacao_media"", ""genero_comedia"", ""periodo_1970_1989"", ""popularidade_media""]";4
2787;Cat's Eye (1985);"[""avaliacao_baixa"", ""genero_terror"", ""periodo_1970_1989"", ""popularidade_baixa""]";4
2788;Monty Python's And Now for Something Completely Different (1971);"[""avaliacao_alta"", ""genero_comedia"", ""periodo_1970_1989"", ""popularidade_media""]";4
2791;Airplane! (1980);"[""avaliacao_media"", ""genero_comedia"", ""periodo_1970_1989"", ""popularidade_alta""]";4
2792;Airplane II: The Sequel (1982);"[""avaliacao_media"", ""genero_comedia"", ""periodo_1970_1989"", ""popularidade_media""]";4
2793;American Werewolf in Paris, An (1997);"[""avaliacao_baixa"", ""genero_comedia"", ""genero_romance"", ""genero_suspense"", ""genero_terror"", ""periodo_1990_1999"", ""popularidade_media""]";7
2794;European Vacation (aka National Lampoon's European Vacation) (1985);"[""avaliacao_baixa"", ""genero_aventura"", ""genero_comedia"", ""genero_romance"", ""periodo_1970_1989"", ""popularidade_media""]";6
2795;National Lampoon's Vacation (1983);"[""avaliacao_media"", ""genero_comedia"", ""periodo_1970_1989"", ""popularidade_media""]";4
2796;Funny Farm (1988);"[""avaliacao_baixa"", ""genero_comedia"", ""periodo_1970_1989"", ""popularidade_media""]";4
2797;Big (1988);"[""avaliacao_media"", ""genero_comedia"", ""genero_drama"", ""genero_fantasia"", ""genero_romance"", ""periodo_1970_1989"", ""popularidade_alta""]";7
2798;Problem Child (1990);"[""avaliacao_baixa"", ""genero_comedia"", ""genero_infantil"", ""periodo_1990_1999"", ""popularidade_media""]";5
2799;Problem Child 2 (1991);"[""avaliacao_baixa"", ""genero_comedia"", ""periodo_1990_1999"", ""popularidade_baixa""]";4
2802;Tequila Sunrise (1988);"[""avaliacao_media"", ""genero_acao"", ""genero_drama"", ""genero_romance"", ""genero_suspense"", ""periodo_1970_1989"", ""popularidade_media""]";7
2803;Pelican Brief, The (1993);"[""avaliacao_baixa"", ""genero_crime"", ""genero_drama"", ""genero_misterio"", ""genero_romance"", ""genero_suspense"", ""periodo_1990_1999"", ""popularidade_media""]";8
2804;Christmas Story, A (1983);"[""avaliacao_media"", ""genero_comedia"", ""genero_infantil"", ""periodo_1970_1989"", ""popularidade_alta""]";5
2805;Mickey Blue Eyes (1999);"[""avaliacao_media"", ""genero_comedia"", ""genero_romance"", ""periodo_1990_1999"", ""popularidade_media""]";5
2806;Teaching Mrs. Tingle (1999);"[""avaliacao_baixa"", ""genero_comedia"", ""genero_suspense"", ""periodo_1990_1999"", ""popularidade_baixa""]";5
2808;Universal Soldier (1992);"[""avaliacao_baixa"", ""genero_acao"", ""genero_ficcao_cientifica"", ""periodo_1990_1999"", ""popularidade_media""]";5
2810;Perfect Blue (1997);"[""avaliacao_alta"", ""genero_animacao"", ""genero_misterio"", ""genero_suspense"", ""genero_terror"", ""periodo_1990_1999"", ""popularidade_baixa""]";7
2815;Iron Eagle (1986);"[""avaliacao_baixa"", ""genero_acao"", ""genero_guerra"", ""periodo_1970_1989"", ""popularidade_baixa""]";5
2819;Three Days of the Condor (3 Days of the Condor) (1975);"[""avaliacao_media"", ""genero_drama"", ""genero_misterio"", ""genero_romance"", ""genero_suspense"", ""periodo_1970_1989"", ""popularidade_media""]";7
2822;Medicine Man (1992);"[""avaliacao_media"", ""genero_aventura"", ""genero_romance"", ""periodo_1990_1999"", ""popularidade_media""]";5
2826;13th Warrior, The (1999);"[""avaliacao_baixa"", ""genero_acao"", ""genero_aventura"", ""genero_fantasia"", ""periodo_1990_1999"", ""popularidade_media""]";6
2827;Astronaut's Wife, The (1999);"[""avaliacao_baixa"", ""genero_ficcao_cientifica"", ""genero_suspense"", ""genero_terror"", ""periodo_1990_1999"", ""popularidade_media""]";6
2829;Muse, The (1999);"[""avaliacao_media"", ""genero_comedia"", ""periodo_1990_1999"", ""popularidade_baixa""]";4
2840;Stigmata (1999);"[""avaliacao_baixa"", ""genero_drama"", ""genero_suspense"", ""periodo_1990_1999"", ""popularidade_media""]";5
2841;Stir of Echoes (1999);"[""avaliacao_media"", ""genero_misterio"", ""genero_suspense"", ""genero_terror"", ""periodo_1990_1999"", ""popularidade_media""]";6
2843;Black Cat, White Cat (Crna macka, beli macor) (1998);"[""avaliacao_media"", ""genero_comedia"", ""genero_romance"", ""periodo_1990_1999"", ""popularidade_baixa""]";5
2846;Adventures of Milo and Otis, The (Koneko monogatari) (1986);"[""avaliacao_media"", ""genero_aventura"", ""genero_comedia"", ""genero_drama"", ""genero_infantil"", ""periodo_1970_1989"", ""popularidade_baixa""]";7
2857;Yellow Submarine (1968);"[""avaliacao_media"", ""genero_animacao"", ""genero_aventura"", ""genero_comedia"", ""genero_fantasia"", ""genero_musical"", ""periodo_1950_1969"", ""popularidade_media""]";8
2858;American Beauty (1999);"[""avaliacao_alta"", ""genero_drama"", ""genero_romance"", ""periodo_1990_1999"", ""popularidade_alta""]";5
2859;Stop Making Sense (1984);"[""avaliacao_media"", ""genero_documentario"", ""genero_musical"", ""periodo_1970_1989"", ""popularidade_baixa""]";5
2860;Blue Streak (1999);"[""avaliacao_baixa"", ""genero_comedia"", ""periodo_1990_1999"", ""popularidade_baixa""]";4
2861;For Love of the Game (1999);"[""avaliacao_media"", ""genero_comedia"", ""genero_drama"", ""periodo_1990_1999"", ""popularidade_baixa""]";5
2863;Hard Day's Night, A (1964);"[""avaliacao_media"", ""genero_aventura"", ""genero_comedia"", ""genero_musical"", ""periodo_1950_1969"", ""popularidade_media""]";6
2866;Buddy Holly Story, The (1978);"[""avaliacao_media"", ""genero_drama"", ""periodo_1970_1989"", ""popularidade_baixa""]";4
2867;Fright Night (1985);"[""avaliacao_media"", ""genero_comedia"", ""genero_suspense"", ""genero_terror"", ""periodo_1970_1989"", ""popularidade_media""]";6
2870;Barefoot in the Park (1967);"[""avaliacao_media"", ""genero_comedia"", ""periodo_1950_1969"", ""popularidade_baixa""]";4
2871;Deliverance (1972);"[""avaliacao_media"", ""genero_aventura"", ""genero_drama"", ""genero_suspense"", ""periodo_1970_1989"", ""popularidade_media""]";6
2872;Excalibur (1981);"[""avaliacao_media"", ""genero_aventura"", ""genero_fantasia"", ""periodo_1970_1989"", ""popularidade_media""]";5
2875;Sommersby (1993);"[""avaliacao_baixa"", ""genero_drama"", ""genero_misterio"", ""genero_romance"", ""periodo_1990_1999"", ""popularidade_media""]";6
2877;Tommy (1975);"[""avaliacao_media"", ""genero_musical"", ""periodo_1970_1989"", ""popularidade_baixa""]";4
2879;Armour of God II: Operation Condor (Operation Condor) (Fei ying gai wak) (1991);"[""avaliacao_media"", ""genero_acao"", ""genero_aventura"", ""genero_comedia"", ""periodo_1990_1999"", ""popularidade_baixa""]";6
2880;Armour of God (Long xiong hu di) (1987);"[""avaliacao_media"", ""genero_acao"", ""genero_aventura"", ""genero_comedia"", ""periodo_1970_1989"", ""popularidade_baixa""]";6
2881;Double Jeopardy (1999);"[""avaliacao_media"", ""genero_acao"", ""genero_crime"", ""genero_drama"", ""genero_suspense"", ""periodo_1990_1999"", ""popularidade_media""]";7
2883;Mumford (1999);"[""avaliacao_media"", ""genero_comedia"", ""genero_drama"", ""periodo_1990_1999"", ""popularidade_baixa""]";5
2888;Drive Me Crazy (1999);"[""avaliacao_baixa"", ""genero_comedia"", ""genero_romance"", ""periodo_1990_1999"", ""popularidade_baixa""]";5
2889;Mystery, Alaska (1999);"[""avaliacao_media"", ""genero_comedia"", ""genero_drama"", ""periodo_1990_1999"", ""popularidade_baixa""]";5
2890;Three Kings (1999);"[""avaliacao_media"", ""genero_acao"", ""genero_aventura"", ""genero_comedia"", ""genero_drama"", ""genero_guerra"", ""periodo_1990_1999"", ""popularidade_media""]";8
2901;Phantasm (1979);"[""avaliacao_baixa"", ""genero_ficcao_cientifica"", ""genero_terror"", ""periodo_1970_1989"", ""popularidade_media""]";5
2906;Random Hearts (1999);"[""avaliacao_baixa"", ""genero_drama"", ""genero_romance"", ""periodo_1990_1999"", ""popularidade_baixa""]";5
2907;Superstar (1999);"[""avaliacao_media"", ""genero_comedia"", ""periodo_1990_1999"", ""popularidade_baixa""]";4
2908;Boys Don't Cry (1999);"[""avaliacao_media"", ""genero_drama"", ""periodo_1990_1999"", ""popularidade_media""]";4
2912;Limey, The (1999);"[""avaliacao_media"", ""genero_crime"", ""genero_drama"", ""genero_suspense"", ""periodo_1990_1999"", ""popularidade_media""]";6
2915;Risky Business (1983);"[""avaliacao_media"", ""genero_comedia"", ""periodo_1970_1989"", ""popularidade_media""]";4
2916;Total Recall (1990);"[""avaliacao_media"", ""genero_acao"", ""genero_aventura"", ""genero_ficcao_cientifica"", ""genero_suspense"", ""periodo_1990_1999"", ""popularidade_alta""]";7
2917;Body Heat (1981);"[""avaliacao_alta"", ""genero_crime"", ""genero_suspense"", ""periodo_1970_1989"", ""popularidade_media""]";5
2918;Ferris Bueller's Day Off (1986);"[""avaliacao_media"", ""genero_comedia"", ""periodo_1970_1989"", ""popularidade_alta""]";4
2919;Year of Living Dangerously, The (1982);"[""avaliacao_media"", ""genero_drama"", ""genero_guerra"", ""genero_romance"", ""periodo_1970_1989"", ""popularidade_baixa""]";6
2921;High Plains Drifter (1973);"[""avaliacao_alta"", ""genero_faroeste"", ""periodo_1970_1989"", ""popularidade_media""]";4
2922;Hang 'Em High (1968);"[""avaliacao_media"", ""genero_crime"", ""genero_drama"", ""genero_faroeste"", ""periodo_1950_1969"", ""popularidade_baixa""]";6
2924;Drunken Master (Jui kuen) (1978);"[""avaliacao_alta"", ""genero_acao"", ""genero_comedia"", ""periodo_1970_1989"", ""popularidade_media""]";5
2925;Conformist, The (Conformista, Il) (1970);"[""avaliacao_alta"", ""genero_drama"", ""periodo_1970_1989"", ""popularidade_baixa""]";4
2926;Hairspray (1988);"[""avaliacao_media"", ""genero_comedia"", ""genero_drama"", ""periodo_1970_1989"", ""popularidade_media""]";5
2935;Lady Eve, The (1941);"[""avaliacao_alta"", ""genero_comedia"", ""genero_romance"", ""periodo_antes_1950"", ""popularidade_baixa""]";5
2936;Sullivan's Travels (1941);"[""avaliacao_alta"", ""genero_aventura"", ""genero_comedia"", ""genero_romance"", ""periodo_antes_1950"", ""popularidade_baixa""]";6
2937;Palm Beach Story, The (1942);"[""avaliacao_alta"", ""genero_comedia"", ""periodo_antes_1950"", ""popularidade_baixa""]";4
2940;Gilda (1946);"[""avaliacao_alta"", ""genero_drama"", ""genero_film_noir"", ""genero_misterio"", ""genero_romance"", ""periodo_antes_1950"", ""popularidade_baixa""]";7
2941;South Pacific (1958);"[""avaliacao_media"", ""genero_guerra"", ""genero_musical"", ""genero_romance"", ""periodo_1950_1969"", ""popularidade_baixa""]";6
2942;Flashdance (1983);"[""avaliacao_baixa"", ""genero_drama"", ""genero_romance"", ""periodo_1970_1989"", ""popularidade_media""]";5
2944;Dirty Dozen, The (1967);"[""avaliacao_media"", ""genero_acao"", ""genero_drama"", ""genero_guerra"", ""periodo_1950_1969"", ""popularidade_media""]";6
2946;Help! (1965);"[""avaliacao_media"", ""genero_comedia"", ""genero_musical"", ""periodo_1950_1969"", ""popularidade_baixa""]";5
2947;Goldfinger (1964);"[""avaliacao_media"", ""genero_acao"", ""genero_aventura"", ""genero_suspense"", ""periodo_1950_1969"", ""popularidade_alta""]";6
2948;From Russia with Love (1963);"[""avaliacao_media"", ""genero_acao"", ""genero_aventura"", ""genero_suspense"", ""periodo_1950_1969"", ""popularidade_media""]";6
2949;Dr. No (1962);"[""avaliacao_media"", ""genero_acao"", ""genero_aventura"", ""genero_suspense"", ""periodo_1950_1969"", ""popularidade_media""]";6
2950;Blue Lagoon, The (1980);"[""avaliacao_baixa"", ""genero_aventura"", ""genero_drama"", ""genero_romance"", ""periodo_1970_1989"", ""popularidade_media""]";6
2951;Fistful of Dollars, A (Per un pugno di dollari) (1964);"[""avaliacao_media"", ""genero_acao"", ""genero_faroeste"", ""periodo_1950_1969"", ""popularidade_media""]";5
2952;Sydney (Hard Eight) (1996);"[""avaliacao_media"", ""genero_crime"", ""genero_drama"", ""genero_suspense"", ""periodo_1990_1999"", ""popularidade_media""]";6
2953;Home Alone 2: Lost in New York (1992);"[""avaliacao_baixa"", ""genero_comedia"", ""genero_infantil"", ""periodo_1990_1999"", ""popularidade_media""]";5
2956;Someone to Watch Over Me (1987);"[""avaliacao_media"", ""genero_acao"", ""genero_crime"", ""genero_suspense"", ""periodo_1970_1989"", ""popularidade_baixa""]";6
2959;Fight Club (1999);"[""avaliacao_alta"", ""genero_acao"", ""genero_crime"", ""genero_drama"", ""genero_suspense"", ""periodo_1990_1999"", ""popularidade_alta""]";7
2961;Story of Us, The (1999);"[""avaliacao_baixa"", ""genero_comedia"", ""genero_drama"", ""periodo_1990_1999"", ""popularidade_baixa""]";5
2966;Straight Story, The (1999);"[""avaliacao_media"", ""genero_aventura"", ""genero_drama"", ""periodo_1990_1999"", ""popularidade_media""]";5
2968;Time Bandits (1981);"[""avaliacao_media"", ""genero_aventura"", ""genero_comedia"", ""genero_fantasia"", ""genero_ficcao_cientifica"", ""periodo_1970_1989"", ""popularidade_media""]";7
2971;All That Jazz (1979);"[""avaliacao_alta"", ""genero_drama"", ""genero_fantasia"", ""genero_musical"", ""periodo_1970_1989"", ""popularidade_baixa""]";6
2973;Crimes and Misdemeanors (1989);"[""avaliacao_media"", ""genero_comedia"", ""genero_crime"", ""genero_drama"", ""periodo_1970_1989"", ""popularidade_media""]";6
2976;Bringing Out the Dead (1999);"[""avaliacao_media"", ""genero_drama"", ""periodo_1990_1999"", ""popularidade_baixa""]";4
2985;RoboCop (1987);"[""avaliacao_media"", ""genero_acao"", ""genero_crime"", ""genero_drama"", ""genero_ficcao_cientifica"", ""genero_suspense"", ""periodo_1970_1989"", ""popularidade_alta""]";8
2986;RoboCop 2 (1990);"[""avaliacao_baixa"", ""genero_acao"", ""genero_crime"", ""genero_ficcao_cientifica"", ""genero_suspense"", ""periodo_1990_1999"", ""popularidade_media""]";7
2987;Who Framed Roger Rabbit? (1988);"[""avaliacao_media"", ""genero_animacao"", ""genero_aventura"", ""genero_comedia"", ""genero_crime"", ""genero_fantasia"", ""genero_infantil"", ""genero_misterio"", ""periodo_1970_1989"", ""popularidade_alta""]";10
2989;For Your Eyes Only (1981);"[""avaliacao_media"", ""genero_acao"", ""genero_aventura"", ""genero_suspense"", ""periodo_1970_1989"", ""popularidade_media""]";6
2990;Licence to Kill (1989);"[""avaliacao_media"", ""genero_acao"", ""genero_aventura"", ""genero_suspense"", ""periodo_1970_1989"", ""popularidade_media""]";6
2991;Live and Let Die (1973);"[""avaliacao_media"", ""genero_acao"", ""genero_aventura"", ""genero_suspense"", ""periodo_1970_1989"", ""popularidade_media""]";6
2993;Thunderball (1965);"[""avaliacao_media"", ""genero_acao"", ""genero_aventura"", ""genero_suspense"", ""periodo_1950_1969"", ""popularidade_media""]";6
2995;House on Haunted Hill (1999);"[""avaliacao_baixa"", ""genero_suspense"", ""genero_terror"", ""periodo_1990_1999"", ""popularidade_media""]";5
2997;Being John Malkovich (1999);"[""avaliacao_media"", ""genero_comedia"", ""genero_drama"", ""genero_fantasia"", ""periodo_1990_1999"", ""popularidade_alta""]";6
3000;Princess Mononoke (Mononoke-hime) (1997);"[""avaliacao_media"", ""genero_acao"", ""genero_animacao"", ""genero_aventura"", ""genero_drama"", ""genero_fantasia"", ""periodo_1990_1999"", ""popularidade_media""]";8
3004;Bachelor, The (1999);"[""avaliacao_baixa"", ""genero_comedia"", ""genero_romance"", ""periodo_1990_1999"", ""popularidade_media""]";5
3005;Bone Collector, The (1999);"[""avaliacao_baixa"", ""genero_suspense"", ""periodo_1990_1999"", ""popularidade_media""]";4
3006;Insider, The (1999);"[""avaliacao_media"", ""genero_drama"", ""genero_suspense"", ""periodo_1990_1999"", ""popularidade_media""]";5
3007;American Movie (1999);"[""avaliacao_media"", ""genero_documentario"", ""periodo_1990_1999"", ""popularidade_baixa""]";4
3016;Creepshow (1982);"[""avaliacao_media"", ""genero_terror"", ""periodo_1970_1989"", ""popularidade_media""]";4
3018;Re-Animator (1985);"[""avaliacao_media"", ""genero_comedia"", ""genero_ficcao_cientifica"", ""genero_terror"", ""periodo_1970_1989"", ""popularidade_media""]";6
3019;Drugstore Cowboy (1989);"[""avaliacao_alta"", ""genero_crime"", ""genero_drama"", ""periodo_1970_1989"", ""popularidade_media""]";5
3020;Falling Down (1993);"[""avaliacao_media"", ""genero_acao"", ""genero_drama"", ""periodo_1990_1999"", ""popularidade_media""]";5
3022;General, The (1926);"[""avaliacao_alta"", ""genero_comedia"", ""genero_guerra"", ""periodo_antes_1950"", ""popularidade_baixa""]";5
3024;Piranha (1978);"[""avaliacao_baixa"", ""genero_ficcao_cientifica"", ""genero_terror"", ""periodo_1970_1989"", ""popularidade_baixa""]";5
3029;Nighthawks (1981);"[""avaliacao_media"", ""genero_acao"", ""genero_drama"", ""periodo_1970_1989"", ""popularidade_baixa""]";5
3030;Yojimbo (1961);"[""avaliacao_alta"", ""genero_acao"", ""genero_aventura"", ""periodo_1950_1969"", ""popularidade_media""]";5
3032;Omega Man, The (1971);"[""avaliacao_media"", ""genero_acao"", ""genero_drama"", ""genero_ficcao_cientifica"", ""genero_suspense"", ""periodo_1970_1989"", ""popularidade_baixa""]";7
3033;Spaceballs (1987);"[""avaliacao_media"", ""genero_comedia"", ""genero_ficcao_cientifica"", ""periodo_1970_1989"", ""popularidade_alta""]";5
3034;Robin Hood (1973);"[""avaliacao_media"", ""genero_animacao"", ""genero_aventura"", ""genero_comedia"", ""genero_infantil"", ""genero_musical"", ""periodo_1970_1989"", ""popularidade_media""]";8
3035;Mister Roberts (1955);"[""avaliacao_media"", ""genero_comedia"", ""genero_drama"", ""genero_guerra"", ""periodo_1950_1969"", ""popularidade_media""]";6
3036;Quest for Fire (Guerre du feu, La) (1981);"[""avaliacao_media"", ""genero_aventura"", ""genero_drama"", ""periodo_1970_1989"", ""popularidade_baixa""]";5
3037;Little Big Man (1970);"[""avaliacao_alta"", ""genero_faroeste"", ""periodo_1970_1989"", ""popularidade_media""]";4
3038;Face in the Crowd, A (1957);"[""avaliacao_alta"", ""genero_drama"", ""periodo_1950_1969"", ""popularidade_baixa""]";4
3039;Trading Places (1983);"[""avaliacao_media"", ""genero_comedia"", ""periodo_1970_1989"", ""popularidade_media""]";4
3040;Meatballs (1979);"[""avaliacao_media"", ""genero_comedia"", ""periodo_1970_1989"", ""popularidade_baixa""]";4
3041;Meatballs Part II (1984);"[""avaliacao_baixa"", ""genero_comedia"", ""periodo_1970_1989"", ""popularidade_baixa""]";4
3044;Dead Again (1991);"[""avaliacao_media"", ""genero_misterio"", ""genero_romance"", ""genero_suspense"", ""periodo_1990_1999"", ""popularidade_media""]";6
3045;Peter's Friends (1992);"[""avaliacao_media"", ""genero_comedia"", ""genero_drama"", ""periodo_1990_1999"", ""popularidade_baixa""]";5
3052;Dogma (1999);"[""avaliacao_media"", ""genero_aventura"", ""genero_comedia"", ""genero_fantasia"", ""periodo_1990_1999"", ""popularidade_alta""]";6
3053;Messenger: The Story of Joan of Arc, The (1999);"[""avaliacao_media"", ""genero_drama"", ""genero_guerra"", ""periodo_1990_1999"", ""popularidade_media""]";5
3054;Pokémon: The First Movie (1998);"[""avaliacao_baixa"", ""genero_animacao"", ""genero_aventura"", ""genero_fantasia"", ""genero_ficcao_cientifica"", ""genero_infantil"", ""periodo_1990_1999"", ""popularidade_baixa""]";8
3060;Commitments, The (1991);"[""avaliacao_media"", ""genero_comedia"", ""genero_drama"", ""genero_musical"", ""periodo_1990_1999"", ""popularidade_media""]";6
3061;Holiday Inn (1942);"[""avaliacao_media"", ""genero_comedia"", ""genero_musical"", ""periodo_antes_1950"", ""popularidade_baixa""]";5
3062;Longest Day, The (1962);"[""avaliacao_alta"", ""genero_acao"", ""genero_drama"", ""genero_guerra"", ""periodo_1950_1969"", ""popularidade_media""]";6
3063;Poison Ivy (1992);"[""avaliacao_baixa"", ""genero_drama"", ""genero_suspense"", ""periodo_1990_1999"", ""popularidade_baixa""]";5
3066;Tora! Tora! Tora! (1970);"[""avaliacao_media"", ""genero_acao"", ""genero_drama"", ""genero_guerra"", ""periodo_1970_1989"", ""popularidade_baixa""]";6
3067;Women on the Verge of a Nervous Breakdown (Mujeres al borde de un ataque de nervios) (1988);"[""avaliacao_media"", ""genero_comedia"", ""genero_drama"", ""periodo_1970_1989"", ""popularidade_media""]";5
3068;Verdict, The (1982);"[""avaliacao_alta"", ""genero_drama"", ""genero_misterio"", ""periodo_1970_1989"", ""popularidade_baixa""]";5
3070;Adventures of Buckaroo Banzai Across the 8th Dimension, The (1984);"[""avaliacao_media"", ""genero_aventura"", ""genero_comedia"", ""genero_ficcao_cientifica"", ""periodo_1970_1989"", ""popularidade_media""]";6
3071;Stand and Deliver (1988);"[""avaliacao_media"", ""genero_comedia"", ""genero_drama"", ""periodo_1970_1989"", ""popularidade_baixa""]";5
3072;Moonstruck (1987);"[""avaliacao_media"", ""genero_comedia"", ""genero_romance"", ""periodo_1970_1989"", ""popularidade_media""]";5
3079;Mansfield Park (1999);"[""avaliacao_media"", ""genero_comedia"", ""genero_drama"", ""genero_romance"", ""periodo_1990_1999"", ""popularidade_baixa""]";6
3081;Sleepy Hollow (1999);"[""avaliacao_media"", ""genero_fantasia"", ""genero_misterio"", ""genero_romance"", ""genero_terror"", ""periodo_1990_1999"", ""popularidade_alta""]";7
3082;World Is Not Enough, The (1999);"[""avaliacao_media"", ""genero_acao"", ""genero_aventura"", ""genero_suspense"", ""periodo_1990_1999"", ""popularidade_media""]";6
3083;All About My Mother (Todo sobre mi madre) (1999);"[""avaliacao_alta"", ""genero_drama"", ""periodo_1990_1999"", ""popularidade_media""]";4
3087;Scrooged (1988);"[""avaliacao_media"", ""genero_comedia"", ""genero_fantasia"", ""genero_romance"", ""periodo_1970_1989"", ""popularidade_media""]";6
3088;Harvey (1950);"[""avaliacao_media"", ""genero_comedia"", ""genero_fantasia"", ""periodo_1950_1969"", ""popularidade_media""]";5
3089;Bicycle Thieves (a.k.a. The Bicycle Thief) (a.k.a. The Bicycle Thieves) (Ladri di biciclette) (1948);"[""avaliacao_alta"", ""genero_drama"", ""periodo_antes_1950"", ""popularidade_media""]";4
3090;Matewan (1987);"[""avaliacao_alta"", ""genero_drama"", ""periodo_1970_1989"", ""popularidade_baixa""]";4
3095;Grapes of Wrath, The (1940);"[""avaliacao_alta"", ""genero_drama"", ""periodo_antes_1950"", ""popularidade_baixa""]";4
3098;Natural, The (1984);"[""avaliacao_media"", ""genero_drama"", ""periodo_1970_1989"", ""popularidade_media""]";4
3099;Shampoo (1975);"[""avaliacao_media"", ""genero_comedia"", ""genero_drama"", ""genero_romance"", ""periodo_1970_1989"", ""popularidade_baixa""]";6
3100;River Runs Through It, A (1992);"[""avaliacao_media"", ""genero_drama"", ""periodo_1990_1999"", ""popularidade_media""]";4
3101;Fatal Attraction (1987);"[""avaliacao_media"", ""genero_drama"", ""genero_suspense"", ""periodo_1970_1989"", ""popularidade_media""]";5
3102;Jagged Edge (1985);"[""avaliacao_media"", ""genero_crime"", ""genero_romance"", ""genero_suspense"", ""periodo_1970_1989"", ""popularidade_baixa""]";6
3104;Midnight Run (1988);"[""avaliacao_media"", ""genero_acao"", ""genero_comedia"", ""genero_crime"", ""genero_suspense"", ""periodo_1970_1989"", ""popularidade_media""]";7
3105;Awakenings (1990);"[""avaliacao_media"", ""genero_drama"", ""genero_misterio"", ""periodo_1990_1999"", ""popularidade_media""]";5
3107;Backdraft (1991);"[""avaliacao_media"", ""genero_acao"", ""genero_drama"", ""periodo_1990_1999"", ""popularidade_media""]";5
3108;Fisher King, The (1991);"[""avaliacao_media"", ""genero_comedia"", ""genero_drama"", ""genero_fantasia"", ""genero_romance"", ""periodo_1990_1999"", ""popularidade_media""]";7
3113;End of Days (1999);"[""avaliacao_baixa"", ""genero_acao"", ""genero_fantasia"", ""genero_misterio"", ""genero_suspense"", ""genero_terror"", ""periodo_1990_1999"", ""popularidade_media""]";8
3114;Toy Story 2 (1999);"[""avaliacao_media"", ""genero_animacao"", ""genero_aventura"", ""genero_comedia"", ""genero_fantasia"", ""genero_infantil"", ""periodo_1990_1999"", ""popularidade_alta""]";8
3115;Flawless (1999);"[""avaliacao_alta"", ""genero_drama"", ""periodo_1990_1999"", ""popularidade_baixa""]";4
3130;Bonfire of the Vanities (1990);"[""avaliacao_baixa"", ""genero_comedia"", ""genero_crime"", ""genero_drama"", ""periodo_1990_1999"", ""popularidade_baixa""]";6
3134;Grand Illusion (La grande illusion) (1937);"[""avaliacao_media"", ""genero_drama"", ""genero_guerra"", ""periodo_antes_1950"", ""popularidade_baixa""]";5
3146;Deuce Bigalow: Male Gigolo (1999);"[""avaliacao_baixa"", ""genero_comedia"", ""periodo_1990_1999"", ""popularidade_media""]";4
3147;Green Mile, The (1999);"[""avaliacao_alta"", ""genero_crime"", ""genero_drama"", ""periodo_1990_1999"", ""popularidade_alta""]";5
3148;Cider House Rules, The (1999);"[""avaliacao_media"", ""genero_drama"", ""periodo_1990_1999"", ""popularidade_media""]";4
3152;Last Picture Show, The (1971);"[""avaliacao_alta"", ""genero_drama"", ""periodo_1970_1989"", ""popularidade_baixa""]";4
3153;7th Voyage of Sinbad, The (1958);"[""avaliacao_alta"", ""genero_acao"", ""genero_aventura"", ""genero_fantasia"", ""periodo_1950_1969"", ""popularidade_baixa""]";6
3155;Anna and the King (1999);"[""avaliacao_media"", ""genero_drama"", ""genero_romance"", ""periodo_1990_1999"", ""popularidade_baixa""]";5
3156;Bicentennial Man (1999);"[""avaliacao_baixa"", ""genero_drama"", ""genero_ficcao_cientifica"", ""genero_romance"", ""periodo_1990_1999"", ""popularidade_media""]";6
3157;Stuart Little (1999);"[""avaliacao_baixa"", ""genero_comedia"", ""genero_fantasia"", ""genero_infantil"", ""periodo_1990_1999"", ""popularidade_media""]";6
3159;Fantasia 2000 (1999);"[""avaliacao_media"", ""genero_animacao"", ""genero_imax"", ""genero_infantil"", ""genero_musical"", ""periodo_1990_1999"", ""popularidade_media""]";7
3160;Magnolia (1999);"[""avaliacao_media"", ""genero_drama"", ""periodo_1990_1999"", ""popularidade_alta""]";4
3168;Easy Rider (1969);"[""avaliacao_media"", ""genero_aventura"", ""genero_drama"", ""periodo_1950_1969"", ""popularidade_media""]";5
3169;The Falcon and the Snowman (1985);"[""avaliacao_media"", ""genero_crime"", ""genero_drama"", ""genero_suspense"", ""periodo_1970_1989"", ""popularidade_baixa""]";6
3173;Any Given Sunday (1999);"[""avaliacao_media"", ""genero_drama"", ""periodo_1990_1999"", ""popularidade_media""]";4
3174;Man on the Moon (1999);"[""avaliacao_media"", ""genero_comedia"", ""genero_drama"", ""periodo_1990_1999"", ""popularidade_media""]";5
3175;Galaxy Quest (1999);"[""avaliacao_media"", ""genero_aventura"", ""genero_comedia"", ""genero_ficcao_cientifica"", ""periodo_1990_1999"", ""popularidade_alta""]";6
3176;Talented Mr. Ripley, The (1999);"[""avaliacao_media"", ""genero_drama"", ""genero_misterio"", ""genero_suspense"", ""periodo_1990_1999"", ""popularidade_media""]";6
3177;Next Friday (2000);"[""avaliacao_media"", ""genero_comedia"", ""periodo_2000_2009"", ""popularidade_baixa""]";4
3178;Hurricane, The (1999);"[""avaliacao_media"", ""genero_drama"", ""periodo_1990_1999"", ""popularidade_media""]";4
3181;Titus (1999);"[""avaliacao_media"", ""genero_drama"", ""periodo_1990_1999"", ""popularidade_baixa""]";4
3182;Mr. Death: The Rise and Fall of Fred A. Leuchter, Jr. (1999);"[""avaliacao_alta"", ""genero_documentario"", ""periodo_1990_1999"", ""popularidade_baixa""]";4
3186;Girl, Interrupted (1999);"[""avaliacao_media"", ""genero_drama"", ""periodo_1990_1999"", ""popularidade_media""]";4
3189;My Dog Skip (1999);"[""avaliacao_media"", ""genero_drama"", ""genero_infantil"", ""periodo_1990_1999"", ""popularidade_media""]";5
3196;Stalag 17 (1953);"[""avaliacao_media"", ""genero_drama"", ""genero_guerra"", ""periodo_1950_1969"", ""popularidade_baixa""]";5
3197;Presidio, The (1988);"[""avaliacao_baixa"", ""genero_acao"", ""genero_crime"", ""genero_romance"", ""genero_suspense"", ""periodo_1970_1989"", ""popularidade_baixa""]";7
3198;Papillon (1973);"[""avaliacao_media"", ""genero_crime"", ""genero_drama"", ""periodo_1970_1989"", ""popularidade_media""]";5
3200;Last Detail, The (1973);"[""avaliacao_alta"", ""genero_comedia"", ""genero_drama"", ""periodo_1970_1989"", ""popularidade_baixa""]";5
3201;Five Easy Pieces (1970);"[""avaliacao_alta"", ""genero_drama"", ""periodo_1970_1989"", ""popularidade_baixa""]";4
3203;Dead Calm (1989);"[""avaliacao_media"", ""genero_suspense"", ""periodo_1970_1989"", ""popularidade_media""]";4
3204;Boys from Brazil, The (1978);"[""avaliacao_media"", ""genero_acao"", ""genero_misterio"", ""genero_suspense"", ""periodo_1970_1989"", ""popularidade_baixa""]";6
3208;Loaded Weapon 1 (National Lampoon's Loaded Weapon 1) (1993);"[""avaliacao_baixa"", ""genero_acao"", ""genero_comedia"", ""periodo_1990_1999"", ""popularidade_baixa""]";5
3210;Fast Times at Ridgemont High (1982);"[""avaliacao_media"", ""genero_comedia"", ""genero_drama"", ""genero_romance"", ""periodo_1970_1989"", ""popularidade_media""]";6
3213;Batman: Mask of the Phantasm (1993);"[""avaliacao_alta"", ""genero_animacao"", ""genero_infantil"", ""periodo_1990_1999"", ""popularidade_media""]";5
3219;Pacific Heights (1990);"[""avaliacao_media"", ""genero_misterio"", ""genero_suspense"", ""periodo_1990_1999"", ""popularidade_media""]";5
3221;Draughtsman's Contract, The (1982);"[""avaliacao_media"", ""genero_drama"", ""periodo_1970_1989"", ""popularidade_baixa""]";4
3238;Eye of the Beholder (1999);"[""avaliacao_baixa"", ""genero_suspense"", ""periodo_1990_1999"", ""popularidade_baixa""]";4
3243;Encino Man (1992);"[""avaliacao_baixa"", ""genero_comedia"", ""periodo_1990_1999"", ""popularidade_media""]";4
3244;Goodbye Girl, The (1977);"[""avaliacao_media"", ""genero_comedia"", ""genero_romance"", ""periodo_1970_1989"", ""popularidade_media""]";5
3246;Malcolm X (1992);"[""avaliacao_alta"", ""genero_drama"", ""periodo_1990_1999"", ""popularidade_media""]";4
3247;Sister Act (1992);"[""avaliacao_media"", ""genero_comedia"", ""genero_crime"", ""periodo_1990_1999"", ""popularidade_media""]";5
3248;Sister Act 2: Back in the Habit (1993);"[""avaliacao_baixa"", ""genero_comedia"", ""periodo_1990_1999"", ""popularidade_media""]";4
3249;Hand That Rocks the Cradle, The (1992);"[""avaliacao_media"", ""genero_drama"", ""genero_suspense"", ""periodo_1990_1999"", ""popularidade_baixa""]";5
3250;Alive (1993);"[""avaliacao_media"", ""genero_drama"", ""periodo_1990_1999"", ""popularidade_baixa""]";4
3251;Agnes of God (1985);"[""avaliacao_media"", ""genero_drama"", ""genero_misterio"", ""periodo_1970_1989"", ""popularidade_baixa""]";5
3252;Scent of a Woman (1992);"[""avaliacao_media"", ""genero_drama"", ""periodo_1990_1999"", ""popularidade_media""]";4
3253;Wayne's World (1992);"[""avaliacao_media"", ""genero_comedia"", ""periodo_1990_1999"", ""popularidade_alta""]";4
3254;Wayne's World 2 (1993);"[""avaliacao_media"", ""genero_comedia"", ""periodo_1990_1999"", ""popularidade_media""]";4
3255;League of Their Own, A (1992);"[""avaliacao_media"", ""genero_comedia"", ""genero_drama"", ""periodo_1990_1999"", ""popularidade_media""]";5
3256;Patriot Games (1992);"[""avaliacao_media"", ""genero_acao"", ""genero_crime"", ""genero_drama"", ""genero_suspense"", ""periodo_1990_1999"", ""popularidade_media""]";7
3257;Bodyguard, The (1992);"[""avaliacao_baixa"", ""genero_drama"", ""genero_romance"", ""genero_suspense"", ""periodo_1990_1999"", ""popularidade_media""]";6
3258;Death Becomes Her (1992);"[""avaliacao_baixa"", ""genero_comedia"", ""genero_fantasia"", ""periodo_1990_1999"", ""popularidade_media""]";5
3259;Far and Away (1992);"[""avaliacao_media"", ""genero_aventura"", ""genero_drama"", ""genero_romance"", ""periodo_1990_1999"", ""popularidade_media""]";6
3260;Howards End (1992);"[""avaliacao_alta"", ""genero_drama"", ""periodo_1990_1999"", ""popularidade_media""]";4
3261;Singles (1992);"[""avaliacao_media"", ""genero_comedia"", ""genero_drama"", ""genero_romance"", ""periodo_1990_1999"", ""popularidade_media""]";6
3262;Twin Peaks: Fire Walk with Me (1992);"[""avaliacao_media"", ""genero_crime"", ""genero_drama"", ""genero_misterio"", ""genero_suspense"", ""periodo_1990_1999"", ""popularidade_media""]";7
3263;White Men Can't Jump (1992);"[""avaliacao_media"", ""genero_comedia"", ""genero_drama"", ""periodo_1990_1999"", ""popularidade_media""]";5
3264;Buffy the Vampire Slayer (1992);"[""avaliacao_baixa"", ""genero_acao"", ""genero_comedia"", ""genero_terror"", ""periodo_1990_1999"", ""popularidade_media""]";6
3265;Hard-Boiled (Lat sau san taam) (1992);"[""avaliacao_alta"", ""genero_acao"", ""genero_crime"", ""genero_drama"", ""genero_suspense"", ""periodo_1990_1999"", ""popularidade_baixa""]";7
3266;Man Bites Dog (C'est arrivé près de chez vous) (1992);"[""avaliacao_alta"", ""genero_comedia"", ""genero_crime"", ""genero_drama"", ""genero_suspense"", ""periodo_1990_1999"", ""popularidade_baixa""]";7
3267;Mariachi, El (1992);"[""avaliacao_media"", ""genero_acao"", ""genero_crime"", ""genero_faroeste"", ""genero_suspense"", ""periodo_1990_1999"", ""popularidade_media""]";7
3268;Stop! Or My Mom Will Shoot (1992);"[""avaliacao_baixa"", ""genero_acao"", ""genero_comedia"", ""periodo_1990_1999"", ""popularidade_media""]";5
3269;Forever Young (1992);"[""avaliacao_baixa"", ""genero_drama"", ""genero_ficcao_cientifica"", ""genero_romance"", ""periodo_1990_1999"", ""popularidade_media""]";6
3270;Cutting Edge, The (1992);"[""avaliacao_baixa"", ""genero_comedia"", ""genero_drama"", ""genero_romance"", ""periodo_1990_1999"", ""popularidade_media""]";6
3271;Of Mice and Men (1992);"[""avaliacao_media"", ""genero_drama"", ""periodo_1990_1999"", ""popularidade_media""]";4
3272;Bad Lieutenant (1992);"[""avaliacao_media"", ""genero_crime"", ""genero_drama"", ""periodo_1990_1999"", ""popularidade_baixa""]";5
3273;Scream 3 (2000);"[""avaliacao_baixa"", ""genero_comedia"", ""genero_misterio"", ""genero_suspense"", ""genero_terror"", ""periodo_2000_2009"", ""popularidade_media""]";7
3274;Single White Female (1992);"[""avaliacao_media"", ""genero_drama"", ""genero_suspense"", ""periodo_1990_1999"", ""popularidade_media""]";5
3275;Boondock Saints, The (2000);"[""avaliacao_alta"", ""genero_acao"", ""genero_crime"", ""genero_drama"", ""genero_suspense"", ""periodo_2000_2009"", ""popularidade_media""]";7
3285;Beach, The (2000);"[""avaliacao_media"", ""genero_aventura"", ""genero_drama"", ""periodo_2000_2009"", ""popularidade_media""]";5
3286;Snow Day (2000);"[""avaliacao_baixa"", ""genero_comedia"", ""periodo_2000_2009"", ""popularidade_baixa""]";4
3296;To Sir with Love (1967);"[""avaliacao_alta"", ""genero_drama"", ""periodo_1950_1969"", ""popularidade_baixa""]";4
3298;Boiler Room (2000);"[""avaliacao_media"", ""genero_crime"", ""genero_drama"", ""genero_suspense"", ""periodo_2000_2009"", ""popularidade_media""]";6
3300;Pitch Black (2000);"[""avaliacao_media"", ""genero_ficcao_cientifica"", ""genero_suspense"", ""genero_terror"", ""periodo_2000_2009"", ""popularidade_media""]";6
3301;Whole Nine Yards, The (2000);"[""avaliacao_media"", ""genero_comedia"", ""genero_crime"", ""periodo_2000_2009"", ""popularidade_media""]";5
3307;City Lights (1931);"[""avaliacao_media"", ""genero_comedia"", ""genero_drama"", ""genero_romance"", ""periodo_antes_1950"", ""popularidade_media""]";6
3308;Flamingo Kid, The (1984);"[""avaliacao_baixa"", ""genero_comedia"", ""genero_drama"", ""periodo_1970_1989"", ""popularidade_baixa""]";5
3310;Kid, The (1921);"[""avaliacao_alta"", ""genero_comedia"", ""genero_drama"", ""periodo_antes_1950"", ""popularidade_baixa""]";5
3316;Reindeer Games (2000);"[""avaliacao_baixa"", ""genero_acao"", ""genero_suspense"", ""periodo_2000_2009"", ""popularidade_media""]";5
3317;Wonder Boys (2000);"[""avaliacao_media"", ""genero_comedia"", ""genero_drama"", ""periodo_2000_2009"", ""popularidade_media""]";5
3327;Beyond the Mat (1999);"[""avaliacao_media"", ""genero_documentario"", ""periodo_1990_1999"", ""popularidade_baixa""]";4
3328;Ghost Dog: The Way of the Samurai (1999);"[""avaliacao_alta"", ""genero_crime"", ""genero_drama"", ""periodo_1990_1999"", ""popularidade_media""]";5
3334;Key Largo (1948);"[""avaliacao_alta"", ""genero_crime"", ""genero_drama"", ""genero_film_noir"", ""genero_suspense"", ""periodo_antes_1950"", ""popularidade_media""]";7
3341;Born Yesterday (1950);"[""avaliacao_alta"", ""genero_comedia"", ""periodo_1950_1969"", ""popularidade_baixa""]";4
3342;Birdy (1984);"[""avaliacao_media"", ""genero_drama"", ""genero_guerra"", ""periodo_1970_1989"", ""popularidade_baixa""]";5
3347;Never Cry Wolf (1983);"[""avaliacao_alta"", ""genero_aventura"", ""genero_drama"", ""periodo_1970_1989"", ""popularidade_baixa""]";5
3354;Mission to Mars (2000);"[""avaliacao_baixa"", ""genero_ficcao_cientifica"", ""periodo_2000_2009"", ""popularidade_media""]";4
3355;Ninth Gate, The (1999);"[""avaliacao_media"", ""genero_fantasia"", ""genero_misterio"", ""genero_suspense"", ""genero_terror"", ""periodo_1990_1999"", ""popularidade_media""]";7
3358;Defending Your Life (1991);"[""avaliacao_media"", ""genero_comedia"", ""genero_drama"", ""genero_fantasia"", ""genero_romance"", ""periodo_1990_1999"", ""popularidade_media""]";7
3359;Breaking Away (1979);"[""avaliacao_alta"", ""genero_comedia"", ""genero_drama"", ""periodo_1970_1989"", ""popularidade_media""]";5
3360;Hoosiers (a.k.a. Best Shot) (1986);"[""avaliacao_media"", ""genero_drama"", ""genero_romance"", ""periodo_1970_1989"", ""popularidade_media""]";5
3361;Bull Durham (1988);"[""avaliacao_media"", ""genero_comedia"", ""genero_drama"", ""genero_romance"", ""periodo_1970_1989"", ""popularidade_media""]";6
3362;Dog Day Afternoon (1975);"[""avaliacao_media"", ""genero_crime"", ""genero_drama"", ""periodo_1970_1989"", ""popularidade_media""]";5
3363;American Graffiti (1973);"[""avaliacao_media"", ""genero_comedia"", ""genero_drama"", ""periodo_1970_1989"", ""popularidade_media""]";5
3365;Searchers, The (1956);"[""avaliacao_alta"", ""genero_drama"", ""genero_faroeste"", ""periodo_1950_1969"", ""popularidade_baixa""]";5
3385;Volunteers (1985);"[""avaliacao_baixa"", ""genero_comedia"", ""periodo_1970_1989"", ""popularidade_baixa""]";4
3386;JFK (1991);"[""avaliacao_media"", ""genero_drama"", ""genero_misterio"", ""genero_suspense"", ""periodo_1990_1999"", ""popularidade_media""]";6
3387;Who's Harry Crumb? (1989);"[""avaliacao_baixa"", ""genero_comedia"", ""genero_misterio"", ""periodo_1970_1989"", ""popularidade_baixa""]";5
3388;Harry and the Hendersons (1987);"[""avaliacao_baixa"", ""genero_comedia"", ""genero_infantil"", ""periodo_1970_1989"", ""popularidade_media""]";5
3392;She-Devil (1989);"[""avaliacao_baixa"", ""genero_comedia"", ""periodo_1970_1989"", ""popularidade_baixa""]";4
3394;Blind Date (1987);"[""avaliacao_baixa"", ""genero_comedia"", ""genero_romance"", ""periodo_1970_1989"", ""popularidade_baixa""]";5
3396;Muppet Movie, The (1979);"[""avaliacao_media"", ""genero_aventura"", ""genero_comedia"", ""genero_infantil"", ""genero_musical"", ""periodo_1970_1989"", ""popularidade_media""]";7
3397;Great Muppet Caper, The (1981);"[""avaliacao_media"", ""genero_comedia"", ""genero_infantil"", ""periodo_1970_1989"", ""popularidade_media""]";5
3398;Muppets Take Manhattan, The (1984);"[""avaliacao_media"", ""genero_comedia"", ""genero_infantil"", ""genero_musical"", ""periodo_1970_1989"", ""popularidade_media""]";6
3401;Baby... Secret of the Lost Legend (1985);"[""avaliacao_baixa"", ""genero_aventura"", ""genero_ficcao_cientifica"", ""periodo_1970_1989"", ""popularidade_baixa""]";5
3404;Titanic (1953);"[""avaliacao_media"", ""genero_acao"", ""genero_drama"", ""periodo_1950_1969"", ""popularidade_baixa""]";5
3408;Erin Brockovich (2000);"[""avaliacao_media"", ""genero_drama"", ""periodo_2000_2009"", ""popularidade_alta""]";4
3409;Final Destination (2000);"[""avaliacao_baixa"", ""genero_drama"", ""genero_suspense"", ""periodo_2000_2009"", ""popularidade_media""]";5
3412;Bear, The (Ours, L') (1988);"[""avaliacao_media"", ""genero_aventura"", ""genero_drama"", ""genero_infantil"", ""periodo_1970_1989"", ""popularidade_baixa""]";6
3418;Thelma & Louise (1991);"[""avaliacao_media"", ""genero_aventura"", ""genero_crime"", ""genero_drama"", ""periodo_1990_1999"", ""popularidade_media""]";6
3421;Animal House (1978);"[""avaliacao_media"", ""genero_comedia"", ""periodo_1970_1989"", ""popularidade_alta""]";4
3422;She's Gotta Have It (1986);"[""avaliacao_media"", ""genero_comedia"", ""genero_romance"", ""periodo_1970_1989"", ""popularidade_baixa""]";5
3424;Do the Right Thing (1989);"[""avaliacao_alta"", ""genero_drama"", ""periodo_1970_1989"", ""popularidade_media""]";4
3425;Mo' Better Blues (1990);"[""avaliacao_media"", ""genero_drama"", ""genero_musical"", ""periodo_1990_1999"", ""popularidade_baixa""]";5
3426;Jungle Fever (1991);"[""avaliacao_media"", ""genero_drama"", ""genero_romance"", ""periodo_1990_1999"", ""popularidade_baixa""]";5
3429;Creature Comforts (1989);"[""avaliacao_alta"", ""genero_animacao"", ""genero_comedia"", ""periodo_1970_1989"", ""popularidade_media""]";5
3435;Double Indemnity (1944);"[""avaliacao_alta"", ""genero_crime"", ""genero_drama"", ""genero_film_noir"", ""periodo_antes_1950"", ""popularidade_media""]";6
3438;Teenage Mutant Ninja Turtles (1990);"[""avaliacao_media"", ""genero_acao"", ""genero_comedia"", ""genero_fantasia"", ""genero_ficcao_cientifica"", ""genero_infantil"", ""periodo_1990_1999"", ""popularidade_media""]";8
3439;Teenage Mutant Ninja Turtles II: The Secret of the Ooze (1991);"[""avaliacao_baixa"", ""genero_acao"", ""genero_fantasia"", ""genero_infantil"", ""periodo_1990_1999"", ""popularidade_media""]";6
3440;Teenage Mutant Ninja Turtles III (1993);"[""avaliacao_baixa"", ""genero_acao"", ""genero_aventura"", ""genero_comedia"", ""genero_fantasia"", ""genero_infantil"", ""periodo_1990_1999"", ""popularidade_media""]";8
3441;Red Dawn (1984);"[""avaliacao_media"", ""genero_acao"", ""genero_drama"", ""genero_guerra"", ""periodo_1970_1989"", ""popularidade_media""]";6
3444;Bloodsport (1988);"[""avaliacao_baixa"", ""genero_acao"", ""periodo_1970_1989"", ""popularidade_baixa""]";4
3448;Good Morning, Vietnam (1987);"[""avaliacao_media"", ""genero_comedia"", ""genero_drama"", ""genero_guerra"", ""periodo_1970_1989"", ""popularidade_media""]";6
3450;Grumpy Old Men (1993);"[""avaliacao_media"", ""genero_comedia"", ""periodo_1990_1999"", ""popularidade_media""]";4
3451;Guess Who's Coming to Dinner (1967);"[""avaliacao_alta"", ""genero_drama"", ""periodo_1950_1969"", ""popularidade_media""]";4
3452;Romeo Must Die (2000);"[""avaliacao_media"", ""genero_acao"", ""genero_crime"", ""genero_romance"", ""genero_suspense"", ""periodo_2000_2009"", ""popularidade_media""]";7
3461;Lord of the Flies (1963);"[""avaliacao_media"", ""genero_aventura"", ""genero_drama"", ""genero_suspense"", ""periodo_1950_1969"", ""popularidade_media""]";6
3462;Modern Times (1936);"[""avaliacao_media"", ""genero_comedia"", ""genero_drama"", ""genero_romance"", ""periodo_antes_1950"", ""popularidade_media""]";6
3466;Heart and Souls (1993);"[""avaliacao_media"", ""genero_comedia"", ""genero_fantasia"", ""periodo_1990_1999"", ""popularidade_baixa""]";5
3468;Hustler, The (1961);"[""avaliacao_alta"", ""genero_drama"", ""periodo_1950_1969"", ""popularidade_media""]";4
3469;Inherit the Wind (1960);"[""avaliacao_alta"", ""genero_drama"", ""periodo_1950_1969"", ""popularidade_baixa""]";4
3470;Dersu Uzala (1975);"[""avaliacao_alta"", ""genero_aventura"", ""genero_drama"", ""periodo_1970_1989"", ""popularidade_baixa""]";5
3471;Close Encounters of the Third Kind (1977);"[""avaliacao_media"", ""genero_aventura"", ""genero_drama"", ""genero_ficcao_cientifica"", ""periodo_1970_1989"", ""popularidade_alta""]";6
3476;Jacob's Ladder (1990);"[""avaliacao_media"", ""genero_misterio"", ""genero_terror"", ""periodo_1990_1999"", ""popularidade_media""]";5
3477;Empire Records (1995);"[""avaliacao_media"", ""genero_comedia"", ""genero_drama"", ""periodo_1990_1999"", ""popularidade_media""]";5
3478;Bamba, La (1987);"[""avaliacao_baixa"", ""genero_drama"", ""periodo_1970_1989"", ""popularidade_baixa""]";4
3479;Ladyhawke (1985);"[""avaliacao_media"", ""genero_aventura"", ""genero_fantasia"", ""genero_romance"", ""periodo_1970_1989"", ""popularidade_media""]";6
3481;High Fidelity (2000);"[""avaliacao_media"", ""genero_comedia"", ""genero_drama"", ""genero_romance"", ""periodo_2000_2009"", ""popularidade_alta""]";6
3483;Road to El Dorado, The (2000);"[""avaliacao_media"", ""genero_animacao"", ""genero_infantil"", ""periodo_2000_2009"", ""popularidade_media""]";5
3484;Skulls, The (2000);"[""avaliacao_baixa"", ""genero_suspense"", ""periodo_2000_2009"", ""popularidade_media""]";4
3489;Hook (1991);"[""avaliacao_media"", ""genero_aventura"", ""genero_comedia"", ""genero_fantasia"", ""periodo_1990_1999"", ""popularidade_alta""]";6
3494;True Grit (1969);"[""avaliacao_alta"", ""genero_aventura"", ""genero_drama"", ""genero_faroeste"", ""periodo_1950_1969"", ""popularidade_baixa""]";6
3498;Midnight Express (1978);"[""avaliacao_alta"", ""genero_drama"", ""periodo_1970_1989"", ""popularidade_baixa""]";4
3499;Misery (1990);"[""avaliacao_media"", ""genero_drama"", ""genero_suspense"", ""genero_terror"", ""periodo_1990_1999"", ""popularidade_media""]";6
3501;Murphy's Romance (1985);"[""avaliacao_baixa"", ""genero_comedia"", ""genero_romance"", ""periodo_1970_1989"", ""popularidade_baixa""]";5
3503;Solaris (Solyaris) (1972);"[""avaliacao_alta"", ""genero_drama"", ""genero_ficcao_cientifica"", ""genero_misterio"", ""periodo_1970_1989"", ""popularidade_media""]";6
3504;Network (1976);"[""avaliacao_alta"", ""genero_comedia"", ""genero_drama"", ""periodo_1970_1989"", ""popularidade_media""]";5
3505;No Way Out (1987);"[""avaliacao_media"", ""genero_drama"", ""genero_misterio"", ""genero_suspense"", ""periodo_1970_1989"", ""popularidade_baixa""]";6
3506;North Dallas Forty (1979);"[""avaliacao_media"", ""genero_comedia"", ""genero_drama"", ""periodo_1970_1989"", ""popularidade_baixa""]";5
3507;Odd Couple, The (1968);"[""avaliacao_alta"", ""genero_comedia"", ""periodo_1950_1969"", ""popularidade_media""]";4
3508;Outlaw Josey Wales, The (1976);"[""avaliacao_alta"", ""genero_acao"", ""genero_aventura"", ""genero_drama"", ""genero_faroeste"", ""genero_suspense"", ""periodo_1970_1989"", ""popularidade_media""]";8
3510;Frequency (2000);"[""avaliacao_media"", ""genero_drama"", ""genero_suspense"", ""periodo_2000_2009"", ""popularidade_media""]";5
3511;Ready to Rumble (2000);"[""avaliacao_baixa"", ""genero_comedia"", ""periodo_2000_2009"", ""popularidade_baixa""]";4
3512;Return to Me (2000);"[""avaliacao_media"", ""genero_drama"", ""genero_romance"", ""periodo_2000_2009"", ""popularidade_baixa""]";5
3513;Rules of Engagement (2000);"[""avaliacao_media"", ""genero_drama"", ""genero_suspense"", ""periodo_2000_2009"", ""popularidade_baixa""]";5
3515;Me Myself I (2000);"[""avaliacao_media"", ""genero_comedia"", ""genero_romance"", ""periodo_2000_2009"", ""popularidade_baixa""]";5
3519;Force 10 from Navarone (1978);"[""avaliacao_baixa"", ""genero_acao"", ""genero_drama"", ""genero_guerra"", ""periodo_1970_1989"", ""popularidade_baixa""]";6
3521;Mystery Train (1989);"[""avaliacao_media"", ""genero_comedia"", ""genero_drama"", ""periodo_1970_1989"", ""popularidade_baixa""]";5
3524;Arthur (1981);"[""avaliacao_baixa"", ""genero_comedia"", ""genero_romance"", ""periodo_1970_1989"", ""popularidade_media""]";5
3525;Bachelor Party (1984);"[""avaliacao_baixa"", ""genero_comedia"", ""periodo_1970_1989"", ""popularidade_baixa""]";4
3526;Parenthood (1989);"[""avaliacao_media"", ""genero_comedia"", ""genero_drama"", ""periodo_1970_1989"", ""popularidade_media""]";5
3527;Predator (1987);"[""avaliacao_media"", ""genero_acao"", ""genero_ficcao_cientifica"", ""genero_suspense"", ""periodo_1970_1989"", ""popularidade_alta""]";6
3528;Prince of Tides, The (1991);"[""avaliacao_media"", ""genero_drama"", ""genero_romance"", ""periodo_1990_1999"", ""popularidade_baixa""]";5
3529;Postman Always Rings Twice, The (1981);"[""avaliacao_media"", ""genero_crime"", ""genero_suspense"", ""periodo_1970_1989"", ""popularidade_baixa""]";5
3534;28 Days (2000);"[""avaliacao_media"", ""genero_drama"", ""periodo_2000_2009"", ""popularidade_media""]";4
3535;American Psycho (2000);"[""avaliacao_media"", ""genero_crime"", ""genero_misterio"", ""genero_suspense"", ""genero_terror"", ""periodo_2000_2009"", ""popularidade_alta""]";7
3536;Keeping the Faith (2000);"[""avaliacao_media"", ""genero_comedia"", ""genero_drama"", ""genero_romance"", ""periodo_2000_2009"", ""popularidade_media""]";6
3538;East is East (1999);"[""avaliacao_media"", ""genero_comedia"", ""periodo_1990_1999"", ""popularidade_baixa""]";4
3543;Diner (1982);"[""avaliacao_media"", ""genero_comedia"", ""genero_drama"", ""periodo_1970_1989"", ""popularidade_media""]";5
3545;Cabaret (1972);"[""avaliacao_media"", ""genero_drama"", ""genero_musical"", ""periodo_1970_1989"", ""popularidade_baixa""]";5
3548;Auntie Mame (1958);"[""avaliacao_media"", ""genero_comedia"", ""genero_drama"", ""periodo_1950_1969"", ""popularidade_baixa""]";5
3549;Guys and Dolls (1955);"[""avaliacao_media"", ""genero_comedia"", ""genero_musical"", ""genero_romance"", ""periodo_1950_1969"", ""popularidade_baixa""]";6
3550;The Hunger (1983);"[""avaliacao_media"", ""genero_terror"", ""periodo_1970_1989"", ""popularidade_baixa""]";4
3551;Marathon Man (1976);"[""avaliacao_media"", ""genero_crime"", ""genero_drama"", ""genero_suspense"", ""periodo_1970_1989"", ""popularidade_media""]";6
3552;Caddyshack (1980);"[""avaliacao_media"", ""genero_comedia"", ""periodo_1970_1989"", ""popularidade_alta""]";4
3553;Gossip (2000);"[""avaliacao_baixa"", ""genero_drama"", ""genero_suspense"", ""periodo_2000_2009"", ""popularidade_baixa""]";5
3555;U-571 (2000);"[""avaliacao_media"", ""genero_acao"", ""genero_guerra"", ""genero_suspense"", ""periodo_2000_2009"", ""popularidade_media""]";6
3556;Virgin Suicides, The (1999);"[""avaliacao_media"", ""genero_drama"", ""genero_romance"", ""periodo_1990_1999"", ""popularidade_media""]";5
3557;Jennifer 8 (1992);"[""avaliacao_baixa"", ""genero_misterio"", ""genero_suspense"", ""periodo_1990_1999"", ""popularidade_baixa""]";5
3564;Flintstones in Viva Rock Vegas, The (2000);"[""avaliacao_baixa"", ""genero_comedia"", ""genero_infantil"", ""periodo_2000_2009"", ""popularidade_media""]";5
3565;Where the Heart Is (2000);"[""avaliacao_media"", ""genero_comedia"", ""genero_drama"", ""periodo_2000_2009"", ""popularidade_baixa""]";5
3566;Big Kahuna, The (2000);"[""avaliacao_baixa"", ""genero_comedia"", ""genero_drama"", ""periodo_2000_2009"", ""popularidade_baixa""]";5
3578;Gladiator (2000);"[""avaliacao_media"", ""genero_acao"", ""genero_aventura"", ""genero_drama"", ""periodo_2000_2009"", ""popularidade_alta""]";6
3591;Mr. Mom (1983);"[""avaliacao_baixa"", ""genero_comedia"", ""genero_drama"", ""periodo_1970_1989"", ""popularidade_media""]";5
3593;Battlefield Earth (2000);"[""avaliacao_baixa"", ""genero_acao"", ""genero_ficcao_cientifica"", ""periodo_2000_2009"", ""popularidade_media""]";5
3594;Center Stage (2000);"[""avaliacao_media"", ""genero_drama"", ""genero_musical"", ""periodo_2000_2009"", ""popularidade_baixa""]";5
3599;Anchors Aweigh (1945);"[""avaliacao_media"", ""genero_comedia"", ""genero_musical"", ""periodo_antes_1950"", ""popularidade_baixa""]";5
3608;Pee-wee's Big Adventure (1985);"[""avaliacao_baixa"", ""genero_aventura"", ""genero_comedia"", ""periodo_1970_1989"", ""popularidade_media""]";5
3614;Honeymoon in Vegas (1992);"[""avaliacao_baixa"", ""genero_comedia"", ""genero_romance"", ""periodo_1990_1999"", ""popularidade_baixa""]";5
3615;Dinosaur (2000);"[""avaliacao_media"", ""genero_animacao"", ""genero_aventura"", ""genero_infantil"", ""periodo_2000_2009"", ""popularidade_media""]";6
3616;Loser (2000);"[""avaliacao_media"", ""genero_comedia"", ""genero_romance"", ""periodo_2000_2009"", ""popularidade_media""]";5
3617;Road Trip (2000);"[""avaliacao_media"", ""genero_comedia"", ""periodo_2000_2009"", ""popularidade_media""]";4
3618;Small Time Crooks (2000);"[""avaliacao_media"", ""genero_comedia"", ""genero_crime"", ""periodo_2000_2009"", ""popularidade_media""]";5
3623;Mission: Impossible II (2000);"[""avaliacao_baixa"", ""genero_acao"", ""genero_aventura"", ""genero_suspense"", ""periodo_2000_2009"", ""popularidade_alta""]";6
3624;Shanghai Noon (2000);"[""avaliacao_media"", ""genero_acao"", ""genero_aventura"", ""genero_comedia"", ""genero_faroeste"", ""periodo_2000_2009"", ""popularidade_media""]";7
3629;Gold Rush, The (1925);"[""avaliacao_alta"", ""genero_aventura"", ""genero_comedia"", ""genero_romance"", ""periodo_antes_1950"", ""popularidade_baixa""]";6
3632;Monsieur Verdoux (1947);"[""avaliacao_alta"", ""genero_comedia"", ""genero_crime"", ""periodo_antes_1950"", ""popularidade_baixa""]";5
3633;On Her Majesty's Secret Service (1969);"[""avaliacao_media"", ""genero_acao"", ""genero_aventura"", ""genero_romance"", ""genero_suspense"", ""periodo_1950_1969"", ""popularidade_media""]";7
3635;Spy Who Loved Me, The (1977);"[""avaliacao_media"", ""genero_acao"", ""genero_aventura"", ""genero_suspense"", ""periodo_1970_1989"", ""popularidade_media""]";6
3638;Moonraker (1979);"[""avaliacao_media"", ""genero_acao"", ""genero_aventura"", ""genero_ficcao_cientifica"", ""genero_suspense"", ""periodo_1970_1989"", ""popularidade_media""]";7
3639;Man with the Golden Gun, The (1974);"[""avaliacao_media"", ""genero_acao"", ""genero_aventura"", ""genero_suspense"", ""periodo_1970_1989"", ""popularidade_media""]";6
3646;Big Momma's House (2000);"[""avaliacao_baixa"", ""genero_comedia"", ""periodo_2000_2009"", ""popularidade_media""]";4
3649;American Gigolo (1980);"[""avaliacao_baixa"", ""genero_drama"", ""periodo_1970_1989"", ""popularidade_baixa""]";4
3654;Guns of Navarone, The (1961);"[""avaliacao_media"", ""genero_acao"", ""genero_aventura"", ""genero_drama"", ""genero_guerra"", ""periodo_1950_1969"", ""popularidade_media""]";7
3668;Romeo and Juliet (1968);"[""avaliacao_media"", ""genero_drama"", ""genero_romance"", ""periodo_1950_1969"", ""popularidade_media""]";5
3671;Blazing Saddles (1974);"[""avaliacao_media"", ""genero_comedia"", ""genero_faroeste"", ""periodo_1970_1989"", ""popularidade_alta""]";5
3672;Benji (1974);"[""avaliacao_media"", ""genero_aventura"", ""genero_infantil"", ""periodo_1970_1989"", ""popularidade_baixa""]";5
3675;White Christmas (1954);"[""avaliacao_alta"", ""genero_comedia"", ""genero_musical"", ""genero_romance"", ""periodo_1950_1969"", ""popularidade_baixa""]";6
3676;Eraserhead (1977);"[""avaliacao_media"", ""genero_drama"", ""genero_terror"", ""periodo_1970_1989"", ""popularidade_media""]";5
3681;For a Few Dollars More (Per qualche dollaro in più) (1965);"[""avaliacao_alta"", ""genero_acao"", ""genero_drama"", ""genero_faroeste"", ""genero_suspense"", ""periodo_1950_1969"", ""popularidade_media""]";7
3682;Magnum Force (1973);"[""avaliacao_media"", ""genero_acao"", ""genero_crime"", ""genero_drama"", ""genero_suspense"", ""periodo_1970_1989"", ""popularidade_baixa""]";7
3683;Blood Simple (1984);"[""avaliacao_alta"", ""genero_crime"", ""genero_drama"", ""genero_film_noir"", ""periodo_1970_1989"", ""popularidade_media""]";6
3684;Fabulous Baker Boys, The (1989);"[""avaliacao_media"", ""genero_drama"", ""genero_romance"", ""periodo_1970_1989"", ""popularidade_baixa""]";5
3685;Prizzi's Honor (1985);"[""avaliacao_media"", ""genero_comedia"", ""genero_drama"", ""genero_romance"", ""periodo_1970_1989"", ""popularidade_baixa""]";6
3686;Flatliners (1990);"[""avaliacao_baixa"", ""genero_ficcao_cientifica"", ""genero_suspense"", ""genero_terror"", ""periodo_1990_1999"", ""popularidade_media""]";6
3688;Porky's (1982);"[""avaliacao_baixa"", ""genero_comedia"", ""periodo_1970_1989"", ""popularidade_media""]";4
3690;Porky's Revenge (1985);"[""avaliacao_baixa"", ""genero_comedia"", ""periodo_1970_1989"", ""popularidade_baixa""]";4
3693;Toxic Avenger, The (1985);"[""avaliacao_baixa"", ""genero_comedia"", ""genero_terror"", ""periodo_1970_1989"", ""popularidade_baixa""]";5
3697;Predator 2 (1990);"[""avaliacao_baixa"", ""genero_acao"", ""genero_ficcao_cientifica"", ""genero_suspense"", ""periodo_1990_1999"", ""popularidade_media""]";6
3698;Running Man, The (1987);"[""avaliacao_media"", ""genero_acao"", ""genero_ficcao_cientifica"", ""periodo_1970_1989"", ""popularidade_media""]";5
3699;Starman (1984);"[""avaliacao_media"", ""genero_aventura"", ""genero_drama"", ""genero_ficcao_cientifica"", ""genero_romance"", ""periodo_1970_1989"", ""popularidade_media""]";7
3701;Alien Nation (1988);"[""avaliacao_media"", ""genero_crime"", ""genero_drama"", ""genero_ficcao_cientifica"", ""genero_suspense"", ""periodo_1970_1989"", ""popularidade_media""]";7
3702;Mad Max (1979);"[""avaliacao_media"", ""genero_acao"", ""genero_aventura"", ""genero_ficcao_cientifica"", ""periodo_1970_1989"", ""popularidade_media""]";6
3703;Road Warrior, The (Mad Max 2) (1981);"[""avaliacao_alta"", ""genero_acao"", ""genero_aventura"", ""genero_ficcao_cientifica"", ""genero_suspense"", ""periodo_1970_1989"", ""popularidade_media""]";7
3704;Mad Max Beyond Thunderdome (1985);"[""avaliacao_media"", ""genero_acao"", ""genero_aventura"", ""genero_ficcao_cientifica"", ""periodo_1970_1989"", ""popularidade_media""]";6
3705;Bird on a Wire (1990);"[""avaliacao_baixa"", ""genero_acao"", ""genero_comedia"", ""genero_romance"", ""periodo_1990_1999"", ""popularidade_baixa""]";6
3706;Angel Heart (1987);"[""avaliacao_media"", ""genero_film_noir"", ""genero_misterio"", ""genero_suspense"", ""genero_terror"", ""periodo_1970_1989"", ""popularidade_baixa""]";7
3707;9 1/2 Weeks (Nine 1/2 Weeks) (1986);"[""avaliacao_baixa"", ""genero_drama"", ""genero_romance"", ""periodo_1970_1989"", ""popularidade_media""]";5
3708;Firestarter (1984);"[""avaliacao_media"", ""genero_suspense"", ""genero_terror"", ""periodo_1970_1989"", ""popularidade_media""]";5
3717;Gone in 60 Seconds (2000);"[""avaliacao_media"", ""genero_acao"", ""genero_crime"", ""periodo_2000_2009"", ""popularidade_alta""]";5
3723;Hamlet (1990);"[""avaliacao_media"", ""genero_drama"", ""periodo_1990_1999"", ""popularidade_baixa""]";4
3724;Coming Home (1978);"[""avaliacao_media"", ""genero_drama"", ""genero_guerra"", ""periodo_1970_1989"", ""popularidade_baixa""]";5
3726;Assault on Precinct 13 (1976);"[""avaliacao_media"", ""genero_acao"", ""genero_suspense"", ""periodo_1970_1989"", ""popularidade_baixa""]";5
3727;Near Dark (1987);"[""avaliacao_alta"", ""genero_faroeste"", ""genero_terror"", ""periodo_1970_1989"", ""popularidade_baixa""]";5
3730;Conversation, The (1974);"[""avaliacao_alta"", ""genero_drama"", ""genero_misterio"", ""periodo_1970_1989"", ""popularidade_media""]";5
3735;Serpico (1973);"[""avaliacao_media"", ""genero_crime"", ""genero_drama"", ""periodo_1970_1989"", ""popularidade_media""]";5
3740;Big Trouble in Little China (1986);"[""avaliacao_media"", ""genero_acao"", ""genero_aventura"", ""genero_comedia"", ""genero_fantasia"", ""periodo_1970_1989"", ""popularidade_media""]";7
3741;Badlands (1973);"[""avaliacao_alta"", ""genero_crime"", ""genero_drama"", ""genero_suspense"", ""periodo_1970_1989"", ""popularidade_media""]";6
3742;Battleship Potemkin (1925);"[""avaliacao_media"", ""genero_drama"", ""genero_guerra"", ""periodo_antes_1950"", ""popularidade_media""]";5
3744;Shaft (2000);"[""avaliacao_baixa"", ""genero_acao"", ""genero_crime"", ""genero_suspense"", ""periodo_2000_2009"", ""popularidade_media""]";6
3745;Titan A.E. (2000);"[""avaliacao_media"", ""genero_acao"", ""genero_animacao"", ""genero_aventura"", ""genero_ficcao_cientifica"", ""genero_infantil"", ""periodo_2000_2009"", ""popularidade_media""]";8
3751;Chicken Run (2000);"[""avaliacao_media"", ""genero_animacao"", ""genero_comedia"", ""genero_infantil"", ""periodo_2000_2009"", ""popularidade_alta""]";6
3752;Me, Myself & Irene (2000);"[""avaliacao_media"", ""genero_aventura"", ""genero_comedia"", ""periodo_2000_2009"", ""popularidade_media""]";5
3753;Patriot, The (2000);"[""avaliacao_media"", ""genero_acao"", ""genero_drama"", ""genero_guerra"", ""periodo_2000_2009"", ""popularidade_alta""]";6
3754;Adventures of Rocky and Bullwinkle, The (2000);"[""avaliacao_baixa"", ""genero_animacao"", ""genero_aventura"", ""genero_comedia"", ""genero_fantasia"", ""genero_infantil"", ""periodo_2000_2009"", ""popularidade_baixa""]";8
3755;Perfect Storm, The (2000);"[""avaliacao_media"", ""genero_drama"", ""genero_suspense"", ""periodo_2000_2009"", ""popularidade_media""]";5
3763;F/X (1986);"[""avaliacao_media"", ""genero_acao"", ""genero_crime"", ""genero_suspense"", ""periodo_1970_1989"", ""popularidade_media""]";6
3764;F/X2 (a.k.a. F/X 2 - The Deadly Art of Illusion) (1991);"[""avaliacao_baixa"", ""genero_acao"", ""genero_crime"", ""genero_suspense"", ""periodo_1990_1999"", ""popularidade_baixa""]";6
3766;Missing in Action (1984);"[""avaliacao_baixa"", ""genero_acao"", ""genero_guerra"", ""periodo_1970_1989"", ""popularidade_baixa""]";5
3770;Dreamscape (1984);"[""avaliacao_baixa"", ""genero_ficcao_cientifica"", ""genero_suspense"", ""genero_terror"", ""periodo_1970_1989"", ""popularidade_baixa""]";6
3783;Croupier (1998);"[""avaliacao_media"", ""genero_crime"", ""genero_drama"", ""periodo_1990_1999"", ""popularidade_media""]";5
3784;Kid, The (2000);"[""avaliacao_baixa"", ""genero_comedia"", ""genero_fantasia"", ""periodo_2000_2009"", ""popularidade_media""]";5
3785;Scary Movie (2000);"[""avaliacao_baixa"", ""genero_comedia"", ""genero_terror"", ""periodo_2000_2009"", ""popularidade_alta""]";5
3788;Blow-Up (Blowup) (1966);"[""avaliacao_media"", ""genero_drama"", ""genero_misterio"", ""periodo_1950_1969"", ""popularidade_baixa""]";5
3791;Footloose (1984);"[""avaliacao_media"", ""genero_drama"", ""periodo_1970_1989"", ""popularidade_media""]";4
3793;X-Men (2000);"[""avaliacao_media"", ""genero_acao"", ""genero_aventura"", ""genero_ficcao_cientifica"", ""periodo_2000_2009"", ""popularidade_alta""]";6
3798;What Lies Beneath (2000);"[""avaliacao_media"", ""genero_drama"", ""genero_misterio"", ""genero_terror"", ""periodo_2000_2009"", ""popularidade_media""]";6
3799;Pokémon the Movie 2000 (2000);"[""avaliacao_baixa"", ""genero_animacao"", ""genero_infantil"", ""periodo_2000_2009"", ""popularidade_baixa""]";5
3809;What About Bob? (1991);"[""avaliacao_media"", ""genero_comedia"", ""periodo_1990_1999"", ""popularidade_media""]";4
3811;Breaker Morant (1980);"[""avaliacao_media"", ""genero_drama"", ""genero_guerra"", ""periodo_1970_1989"", ""popularidade_baixa""]";5
3812;Everything You Always Wanted to Know About Sex * But Were Afraid to Ask (1972);"[""avaliacao_media"", ""genero_comedia"", ""periodo_1970_1989"", ""popularidade_media""]";4
3814;Love and Death (1975);"[""avaliacao_alta"", ""genero_comedia"", ""periodo_1970_1989"", ""popularidade_baixa""]";4
3821;Nutty Professor II: The Klumps (2000);"[""avaliacao_baixa"", ""genero_comedia"", ""periodo_2000_2009"", ""popularidade_media""]";4
3824;Autumn in New York (2000);"[""avaliacao_baixa"", ""genero_drama"", ""genero_romance"", ""periodo_2000_2009"", ""popularidade_media""]";5
3825;Coyote Ugly (2000);"[""avaliacao_baixa"", ""genero_comedia"", ""genero_drama"", ""genero_romance"", ""periodo_2000_2009"", ""popularidade_media""]";6
3826;Hollow Man (2000);"[""avaliacao_baixa"", ""genero_ficcao_cientifica"", ""genero_suspense"", ""genero_terror"", ""periodo_2000_2009"", ""popularidade_media""]";6
3827;Space Cowboys (2000);"[""avaliacao_baixa"", ""genero_acao"", ""genero_aventura"", ""genero_comedia"", ""genero_ficcao_cientifica"", ""periodo_2000_2009"", ""popularidade_media""]";7
3831;Saving Grace (2000);"[""avaliacao_media"", ""genero_comedia"", ""periodo_2000_2009"", ""popularidade_media""]";4
3835;Crush, The (1993);"[""avaliacao_baixa"", ""genero_suspense"", ""periodo_1990_1999"", ""popularidade_baixa""]";4
3836;Kelly's Heroes (1970);"[""avaliacao_alta"", ""genero_acao"", ""genero_comedia"", ""genero_guerra"", ""periodo_1970_1989"", ""popularidade_media""]";6
3840;Pumpkinhead (1988);"[""avaliacao_baixa"", ""genero_terror"", ""periodo_1970_1989"", ""popularidade_baixa""]";4
3841;Air America (1990);"[""avaliacao_baixa"", ""genero_acao"", ""genero_comedia"", ""periodo_1990_1999"", ""popularidade_baixa""]";5
3844;Steel Magnolias (1989);"[""avaliacao_media"", ""genero_drama"", ""periodo_1970_1989"", ""popularidade_baixa""]";4
3852;Tao of Steve, The (2000);"[""avaliacao_media"", ""genero_comedia"", ""periodo_2000_2009"", ""popularidade_media""]";4
3858;Cecil B. DeMented (2000);"[""avaliacao_media"", ""genero_comedia"", ""periodo_2000_2009"", ""popularidade_baixa""]";4
3861;Replacements, The (2000);"[""avaliacao_baixa"", ""genero_comedia"", ""periodo_2000_2009"", ""popularidade_media""]";4
3863;Cell, The (2000);"[""avaliacao_media"", ""genero_drama"", ""genero_suspense"", ""genero_terror"", ""periodo_2000_2009"", ""popularidade_media""]";6
3864;Godzilla 2000 (Gojira ni-sen mireniamu) (1999);"[""avaliacao_baixa"", ""genero_acao"", ""genero_aventura"", ""genero_ficcao_cientifica"", ""periodo_1990_1999"", ""popularidade_baixa""]";6
3868;Naked Gun: From the Files of Police Squad!, The (1988);"[""avaliacao_media"", ""genero_acao"", ""genero_comedia"", ""genero_crime"", ""genero_romance"", ""periodo_1970_1989"", ""popularidade_media""]";7
3869;Naked Gun 2 1/2: The Smell of Fear, The (1991);"[""avaliacao_media"", ""genero_comedia"", ""periodo_1990_1999"", ""popularidade_media""]";4
3871;Shane (1953);"[""avaliacao_media"", ""genero_drama"", ""genero_faroeste"", ""periodo_1950_1969"", ""popularidade_baixa""]";5
3873;Cat Ballou (1965);"[""avaliacao_media"", ""genero_comedia"", ""genero_faroeste"", ""periodo_1950_1969"", ""popularidade_baixa""]";5
3877;Supergirl (1984);"[""avaliacao_baixa"", ""genero_acao"", ""genero_aventura"", ""genero_fantasia"", ""periodo_1970_1989"", ""popularidade_baixa""]";6
3882;Bring It On (2000);"[""avaliacao_baixa"", ""genero_comedia"", ""periodo_2000_2009"", ""popularidade_media""]";4
3889;Highlander: Endgame (Highlander IV) (2000);"[""avaliacao_baixa"", ""genero_acao"", ""genero_aventura"", ""genero_fantasia"", ""periodo_2000_2009"", ""popularidade_baixa""]";6
3893;Nurse Betty (2000);"[""avaliacao_media"", ""genero_comedia"", ""genero_crime"", ""genero_drama"", ""genero_romance"", ""genero_suspense"", ""periodo_2000_2009"", ""popularidade_media""]";8
3896;Way of the Gun, The (2000);"[""avaliacao_media"", ""genero_crime"", ""genero_suspense"", ""periodo_2000_2009"", ""popularidade_baixa""]";5
3897;Almost Famous (2000);"[""avaliacao_media"", ""genero_drama"", ""periodo_2000_2009"", ""popularidade_alta""]";4
3910;Dancer in the Dark (2000);"[""avaliacao_media"", ""genero_drama"", ""genero_musical"", ""periodo_2000_2009"", ""popularidade_media""]";5
3911;Best in Show (2000);"[""avaliacao_media"", ""genero_comedia"", ""periodo_2000_2009"", ""popularidade_alta""]";4
3915;Girlfight (2000);"[""avaliacao_media"", ""genero_drama"", ""periodo_2000_2009"", ""popularidade_baixa""]";4
3916;Remember the Titans (2000);"[""avaliacao_media"", ""genero_drama"", ""periodo_2000_2009"", ""popularidade_media""]";4
3917;Hellraiser (1987);"[""avaliacao_media"", ""genero_terror"", ""periodo_1970_1989"", ""popularidade_media""]";4
3918;Hellbound: Hellraiser II (1988);"[""avaliacao_media"", ""genero_terror"", ""periodo_1970_1989"", ""popularidade_baixa""]";4
3925;Stranger Than Paradise (1984);"[""avaliacao_media"", ""genero_comedia"", ""genero_drama"", ""periodo_1970_1989"", ""popularidade_baixa""]";5
3927;Fantastic Voyage (1966);"[""avaliacao_baixa"", ""genero_aventura"", ""genero_ficcao_cientifica"", ""periodo_1950_1969"", ""popularidade_baixa""]";5
3943;Bamboozled (2000);"[""avaliacao_baixa"", ""genero_comedia"", ""periodo_2000_2009"", ""popularidade_baixa""]";4
3946;Get Carter (2000);"[""avaliacao_baixa"", ""genero_acao"", ""genero_drama"", ""genero_suspense"", ""periodo_2000_2009"", ""popularidade_baixa""]";6
3948;Meet the Parents (2000);"[""avaliacao_media"", ""genero_comedia"", ""periodo_2000_2009"", ""popularidade_alta""]";4
3949;Requiem for a Dream (2000);"[""avaliacao_media"", ""genero_drama"", ""periodo_2000_2009"", ""popularidade_alta""]";4
3950;Tigerland (2000);"[""avaliacao_media"", ""genero_drama"", ""periodo_2000_2009"", ""popularidade_baixa""]";4
3952;Contender, The (2000);"[""avaliacao_media"", ""genero_drama"", ""genero_suspense"", ""periodo_2000_2009"", ""popularidade_baixa""]";5
3955;Ladies Man, The (2000);"[""avaliacao_baixa"", ""genero_comedia"", ""periodo_2000_2009"", ""popularidade_baixa""]";4
3959;Time Machine, The (1960);"[""avaliacao_media"", ""genero_acao"", ""genero_aventura"", ""genero_ficcao_cientifica"", ""periodo_1950_1969"", ""popularidade_baixa""]";6
3967;Billy Elliot (2000);"[""avaliacao_media"", ""genero_drama"", ""periodo_2000_2009"", ""popularidade_media""]";4
3968;Bedazzled (2000);"[""avaliacao_media"", ""genero_comedia"", ""periodo_2000_2009"", ""popularidade_media""]";4
3969;Pay It Forward (2000);"[""avaliacao_media"", ""genero_drama"", ""periodo_2000_2009"", ""popularidade_media""]";4
3972;Legend of Drunken Master, The (Jui kuen II) (1994);"[""avaliacao_alta"", ""genero_acao"", ""genero_comedia"", ""periodo_1990_1999"", ""popularidade_media""]";5
3977;Charlie's Angels (2000);"[""avaliacao_baixa"", ""genero_acao"", ""genero_comedia"", ""periodo_2000_2009"", ""popularidade_alta""]";5
3978;Legend of Bagger Vance, The (2000);"[""avaliacao_media"", ""genero_drama"", ""genero_romance"", ""periodo_2000_2009"", ""popularidade_media""]";5
3979;Little Nicky (2000);"[""avaliacao_baixa"", ""genero_comedia"", ""periodo_2000_2009"", ""popularidade_media""]";4
3980;Men of Honor (2000);"[""avaliacao_media"", ""genero_drama"", ""periodo_2000_2009"", ""popularidade_media""]";4
3981;Red Planet (2000);"[""avaliacao_baixa"", ""genero_acao"", ""genero_ficcao_cientifica"", ""genero_suspense"", ""periodo_2000_2009"", ""popularidade_media""]";6
3983;You Can Count on Me (2000);"[""avaliacao_alta"", ""genero_drama"", ""genero_romance"", ""periodo_2000_2009"", ""popularidade_baixa""]";5
3984;Diamonds Are Forever (1971);"[""avaliacao_media"", ""genero_acao"", ""genero_aventura"", ""genero_suspense"", ""periodo_1970_1989"", ""popularidade_media""]";6
3985;Eagle Has Landed, The (1976);"[""avaliacao_media"", ""genero_drama"", ""genero_guerra"", ""periodo_1970_1989"", ""popularidade_baixa""]";5
3986;6th Day, The (2000);"[""avaliacao_baixa"", ""genero_acao"", ""genero_ficcao_cientifica"", ""genero_suspense"", ""periodo_2000_2009"", ""popularidade_media""]";6
3987;Bounce (2000);"[""avaliacao_baixa"", ""genero_drama"", ""genero_romance"", ""periodo_2000_2009"", ""popularidade_baixa""]";5
3988;How the Grinch Stole Christmas (a.k.a. The Grinch) (2000);"[""avaliacao_media"", ""genero_comedia"", ""genero_fantasia"", ""genero_infantil"", ""periodo_2000_2009"", ""popularidade_media""]";6
3991;102 Dalmatians (2000);"[""avaliacao_baixa"", ""genero_comedia"", ""genero_infantil"", ""periodo_2000_2009"", ""popularidade_baixa""]";5
3992;Malèna (2000);"[""avaliacao_media"", ""genero_drama"", ""genero_guerra"", ""genero_romance"", ""periodo_2000_2009"", ""popularidade_baixa""]";6
3993;Quills (2000);"[""avaliacao_media"", ""genero_drama"", ""genero_romance"", ""periodo_2000_2009"", ""popularidade_baixa""]";5
3994;Unbreakable (2000);"[""avaliacao_media"", ""genero_drama"", ""genero_ficcao_cientifica"", ""periodo_2000_2009"", ""popularidade_alta""]";5
3996;Crouching Tiger, Hidden Dragon (Wo hu cang long) (2000);"[""avaliacao_media"", ""genero_acao"", ""genero_drama"", ""genero_romance"", ""periodo_2000_2009"", ""popularidade_alta""]";6
3997;Dungeons & Dragons (2000);"[""avaliacao_baixa"", ""genero_acao"", ""genero_aventura"", ""genero_comedia"", ""genero_fantasia"", ""periodo_2000_2009"", ""popularidade_media""]";7
3998;Proof of Life (2000);"[""avaliacao_media"", ""genero_drama"", ""periodo_2000_2009"", ""popularidade_media""]";4
3999;Vertical Limit (2000);"[""avaliacao_baixa"", ""genero_acao"", ""genero_aventura"", ""periodo_2000_2009"", ""popularidade_media""]";5
4002;Planes, Trains & Automobiles (1987);"[""avaliacao_media"", ""genero_comedia"", ""periodo_1970_1989"", ""popularidade_media""]";4
4005;Living Daylights, The (1987);"[""avaliacao_media"", ""genero_acao"", ""genero_aventura"", ""genero_suspense"", ""periodo_1970_1989"", ""popularidade_media""]";6
4006;Transformers: The Movie (1986);"[""avaliacao_media"", ""genero_animacao"", ""genero_aventura"", ""genero_ficcao_cientifica"", ""genero_infantil"", ""periodo_1970_1989"", ""popularidade_baixa""]";7
4007;Wall Street (1987);"[""avaliacao_media"", ""genero_drama"", ""periodo_1970_1989"", ""popularidade_media""]";4
4008;Born on the Fourth of July (1989);"[""avaliacao_media"", ""genero_drama"", ""genero_guerra"", ""periodo_1970_1989"", ""popularidade_media""]";5
4010;Brewster's Millions (1985);"[""avaliacao_baixa"", ""genero_comedia"", ""periodo_1970_1989"", ""popularidade_baixa""]";4
4011;Snatch (2000);"[""avaliacao_alta"", ""genero_comedia"", ""genero_crime"", ""genero_suspense"", ""periodo_2000_2009"", ""popularidade_alta""]";6
4014;Chocolat (2000);"[""avaliacao_media"", ""genero_drama"", ""genero_romance"", ""periodo_2000_2009"", ""popularidade_media""]";5
4015;Dude, Where's My Car? (2000);"[""avaliacao_baixa"", ""genero_comedia"", ""genero_ficcao_cientifica"", ""periodo_2000_2009"", ""popularidade_media""]";5
4016;Emperor's New Groove, The (2000);"[""avaliacao_media"", ""genero_animacao"", ""genero_aventura"", ""genero_comedia"", ""genero_fantasia"", ""genero_infantil"", ""periodo_2000_2009"", ""popularidade_media""]";8
4017;Pollock (2000);"[""avaliacao_media"", ""genero_drama"", ""periodo_2000_2009"", ""popularidade_media""]";4
4018;What Women Want (2000);"[""avaliacao_media"", ""genero_comedia"", ""genero_romance"", ""periodo_2000_2009"", ""popularidade_alta""]";5
4019;Finding Forrester (2000);"[""avaliacao_media"", ""genero_drama"", ""periodo_2000_2009"", ""popularidade_media""]";4
4020;Gift, The (2000);"[""avaliacao_baixa"", ""genero_suspense"", ""periodo_2000_2009"", ""popularidade_media""]";4
4021;Before Night Falls (2000);"[""avaliacao_alta"", ""genero_drama"", ""periodo_2000_2009"", ""popularidade_baixa""]";4
4022;Cast Away (2000);"[""avaliacao_media"", ""genero_drama"", ""periodo_2000_2009"", ""popularidade_alta""]";4
4023;Family Man, The (2000);"[""avaliacao_media"", ""genero_comedia"", ""genero_drama"", ""genero_romance"", ""periodo_2000_2009"", ""popularidade_media""]";6
4025;Miss Congeniality (2000);"[""avaliacao_media"", ""genero_comedia"", ""genero_crime"", ""periodo_2000_2009"", ""popularidade_alta""]";5
4027;O Brother, Where Art Thou? (2000);"[""avaliacao_media"", ""genero_aventura"", ""genero_comedia"", ""genero_crime"", ""periodo_2000_2009"", ""popularidade_alta""]";6
4029;State and Main (2000);"[""avaliacao_media"", ""genero_comedia"", ""genero_drama"", ""periodo_2000_2009"", ""popularidade_media""]";5
4030;Dracula 2000 (2000);"[""avaliacao_baixa"", ""genero_terror"", ""periodo_2000_2009"", ""popularidade_baixa""]";4
4033;Thirteen Days (2000);"[""avaliacao_media"", ""genero_drama"", ""genero_guerra"", ""genero_suspense"", ""periodo_2000_2009"", ""popularidade_media""]";6
4034;Traffic (2000);"[""avaliacao_media"", ""genero_crime"", ""genero_drama"", ""genero_suspense"", ""periodo_2000_2009"", ""popularidade_alta""]";6
4036;Shadow of the Vampire (2000);"[""avaliacao_media"", ""genero_drama"", ""genero_terror"", ""periodo_2000_2009"", ""popularidade_media""]";5
4037;House of Games (1987);"[""avaliacao_media"", ""genero_crime"", ""genero_film_noir"", ""genero_misterio"", ""genero_suspense"", ""periodo_1970_1989"", ""popularidade_baixa""]";7
4039;Annie (1982);"[""avaliacao_media"", ""genero_infantil"", ""genero_musical"", ""periodo_1970_1989"", ""popularidade_media""]";5
4040;Don't Tell Mom the Babysitter's Dead (1991);"[""avaliacao_baixa"", ""genero_comedia"", ""periodo_1990_1999"", ""popularidade_media""]";4
4041;Officer and a Gentleman, An (1982);"[""avaliacao_media"", ""genero_drama"", ""genero_romance"", ""periodo_1970_1989"", ""popularidade_media""]";5
4047;Gettysburg (1993);"[""avaliacao_media"", ""genero_drama"", ""genero_guerra"", ""periodo_1990_1999"", ""popularidade_baixa""]";5
4052;Antitrust (2001);"[""avaliacao_media"", ""genero_crime"", ""genero_drama"", ""genero_suspense"", ""periodo_2000_2009"", ""popularidade_baixa""]";6
4054;Save the Last Dance (2001);"[""avaliacao_baixa"", ""genero_drama"", ""genero_romance"", ""periodo_2000_2009"", ""popularidade_media""]";5
4056;Pledge, The (2001);"[""avaliacao_media"", ""genero_crime"", ""genero_drama"", ""genero_misterio"", ""genero_suspense"", ""periodo_2000_2009"", ""popularidade_baixa""]";7
4062;Mystic Pizza (1988);"[""avaliacao_media"", ""genero_comedia"", ""genero_drama"", ""genero_romance"", ""periodo_1970_1989"", ""popularidade_baixa""]";6
4068;Sugar & Spice (2001);"[""avaliacao_baixa"", ""genero_comedia"", ""periodo_2000_2009"", ""popularidade_baixa""]";4
4069;Wedding Planner, The (2001);"[""avaliacao_baixa"", ""genero_comedia"", ""genero_romance"", ""periodo_2000_2009"", ""popularidade_media""]";5
4084;Beverly Hills Cop II (1987);"[""avaliacao_baixa"", ""genero_acao"", ""genero_comedia"", ""genero_crime"", ""genero_suspense"", ""periodo_1970_1989"", ""popularidade_media""]";7
4085;Beverly Hills Cop (1984);"[""avaliacao_media"", ""genero_acao"", ""genero_comedia"", ""genero_crime"", ""genero_drama"", ""periodo_1970_1989"", ""popularidade_media""]";7
4086;Big Easy, The (1987);"[""avaliacao_media"", ""genero_acao"", ""genero_crime"", ""genero_misterio"", ""genero_romance"", ""genero_suspense"", ""periodo_1970_1989"", ""popularidade_baixa""]";8
4090;Brave Little Toaster, The (1987);"[""avaliacao_media"", ""genero_animacao"", ""genero_infantil"", ""periodo_1970_1989"", ""popularidade_baixa""]";5
4102;Eddie Murphy Raw (1987);"[""avaliacao_media"", ""genero_comedia"", ""genero_documentario"", ""periodo_1970_1989"", ""popularidade_baixa""]";5
4103;Empire of the Sun (1987);"[""avaliacao_media"", ""genero_acao"", ""genero_aventura"", ""genero_drama"", ""genero_guerra"", ""periodo_1970_1989"", ""popularidade_media""]";7
4104;Ernest Goes to Camp (1987);"[""avaliacao_baixa"", ""genero_comedia"", ""periodo_1970_1989"", ""popularidade_baixa""]";4
4105;Evil Dead, The (1981);"[""avaliacao_media"", ""genero_fantasia"", ""genero_suspense"", ""genero_terror"", ""periodo_1970_1989"", ""popularidade_media""]";6
4109;Flowers in the Attic (1987);"[""avaliacao_baixa"", ""genero_drama"", ""genero_suspense"", ""periodo_1970_1989"", ""popularidade_baixa""]";5
4121;Innerspace (1987);"[""avaliacao_media"", ""genero_acao"", ""genero_aventura"", ""genero_comedia"", ""genero_ficcao_cientifica"", ""periodo_1970_1989"", ""popularidade_media""]";7
4128;Lost Boys, The (1987);"[""avaliacao_media"", ""genero_comedia"", ""genero_suspense"", ""genero_terror"", ""periodo_1970_1989"", ""popularidade_media""]";6
4132;Mannequin (1987);"[""avaliacao_baixa"", ""genero_comedia"", ""genero_romance"", ""periodo_1970_1989"", ""popularidade_baixa""]";5
4133;Masters of the Universe (1987);"[""avaliacao_baixa"", ""genero_acao"", ""genero_aventura"", ""genero_fantasia"", ""genero_ficcao_cientifica"", ""periodo_1970_1989"", ""popularidade_baixa""]";7
4144;In the Mood For Love (Fa yeung nin wa) (2000);"[""avaliacao_alta"", ""genero_drama"", ""genero_romance"", ""periodo_2000_2009"", ""popularidade_media""]";5
4148;Hannibal (2001);"[""avaliacao_baixa"", ""genero_suspense"", ""genero_terror"", ""periodo_2000_2009"", ""popularidade_media""]";5
4149;Saving Silverman (Evil Woman) (2001);"[""avaliacao_baixa"", ""genero_comedia"", ""genero_romance"", ""periodo_2000_2009"", ""popularidade_media""]";5
4153;Down to Earth (2001);"[""avaliacao_baixa"", ""genero_comedia"", ""genero_fantasia"", ""genero_romance"", ""periodo_2000_2009"", ""popularidade_media""]";6
4155;Sweet November (2001);"[""avaliacao_media"", ""genero_drama"", ""genero_romance"", ""periodo_2000_2009"", ""popularidade_baixa""]";5
4158;Monkeybone (2001);"[""avaliacao_baixa"", ""genero_animacao"", ""genero_comedia"", ""genero_fantasia"", ""periodo_2000_2009"", ""popularidade_baixa""]";6
4159;3000 Miles to Graceland (2001);"[""avaliacao_baixa"", ""genero_acao"", ""genero_suspense"", ""periodo_2000_2009"", ""popularidade_baixa""]";5
4161;Mexican, The (2001);"[""avaliacao_media"", ""genero_acao"", ""genero_comedia"", ""periodo_2000_2009"", ""popularidade_media""]";5
4167;15 Minutes (2001);"[""avaliacao_media"", ""genero_suspense"", ""periodo_2000_2009"", ""popularidade_media""]";4
4178;Of Mice and Men (1939);"[""avaliacao_media"", ""genero_drama"", ""periodo_antes_1950"", ""popularidade_baixa""]";4
4203;Harley Davidson and the Marlboro Man (1991);"[""avaliacao_media"", ""genero_acao"", ""genero_crime"", ""genero_drama"", ""periodo_1990_1999"", ""popularidade_baixa""]";6
4205;Mermaids (1990);"[""avaliacao_media"", ""genero_comedia"", ""genero_drama"", ""genero_romance"", ""periodo_1990_1999"", ""popularidade_baixa""]";6
4210;Manhunter (1986);"[""avaliacao_media"", ""genero_acao"", ""genero_crime"", ""genero_drama"", ""genero_suspense"", ""genero_terror"", ""periodo_1970_1989"", ""popularidade_baixa""]";8
4211;Reversal of Fortune (1990);"[""avaliacao_media"", ""genero_drama"", ""periodo_1990_1999"", ""popularidade_baixa""]";4
4214;Revenge of the Nerds (1984);"[""avaliacao_baixa"", ""genero_comedia"", ""periodo_1970_1989"", ""popularidade_media""]";4
4215;Revenge of the Nerds II: Nerds in Paradise (1987);"[""avaliacao_baixa"", ""genero_comedia"", ""periodo_1970_1989"", ""popularidade_baixa""]";4
4220;Longest Yard, The (1974);"[""avaliacao_media"", ""genero_comedia"", ""periodo_1970_1989"", ""popularidade_baixa""]";4
4223;Enemy at the Gates (2001);"[""avaliacao_media"", ""genero_drama"", ""genero_guerra"", ""periodo_2000_2009"", ""popularidade_media""]";5
4225;Dish, The (2001);"[""avaliacao_alta"", ""genero_comedia"", ""periodo_2000_2009"", ""popularidade_baixa""]";4
4226;Memento (2000);"[""avaliacao_alta"", ""genero_misterio"", ""genero_suspense"", ""periodo_2000_2009"", ""popularidade_alta""]";5
4228;Heartbreakers (2001);"[""avaliacao_baixa"", ""genero_comedia"", ""genero_crime"", ""genero_romance"", ""periodo_2000_2009"", ""popularidade_media""]";6
4231;Someone Like You (2001);"[""avaliacao_media"", ""genero_comedia"", ""genero_romance"", ""periodo_2000_2009"", ""popularidade_baixa""]";5
4232;Spy Kids (2001);"[""avaliacao_baixa"", ""genero_acao"", ""genero_aventura"", ""genero_comedia"", ""genero_infantil"", ""periodo_2000_2009"", ""popularidade_media""]";7
4233;Tomcats (2001);"[""avaliacao_baixa"", ""genero_comedia"", ""periodo_2000_2009"", ""popularidade_baixa""]";4
4234;Tailor of Panama, The (2001);"[""avaliacao_media"", ""genero_drama"", ""genero_suspense"", ""periodo_2000_2009"", ""popularidade_baixa""]";5
4235;Amores Perros (Love's a Bitch) (2000);"[""avaliacao_media"", ""genero_drama"", ""genero_suspense"", ""periodo_2000_2009"", ""popularidade_media""]";5
4238;Along Came a Spider (2001);"[""avaliacao_media"", ""genero_acao"", ""genero_crime"", ""genero_misterio"", ""genero_suspense"", ""periodo_2000_2009"", ""popularidade_media""]";7
4239;Blow (2001);"[""avaliacao_media"", ""genero_crime"", ""genero_drama"", ""periodo_2000_2009"", ""popularidade_alta""]";5
4241;Pokémon 3: The Movie (2001);"[""avaliacao_baixa"", ""genero_animacao"", ""genero_infantil"", ""periodo_2000_2009"", ""popularidade_baixa""]";5
4246;Bridget Jones's Diary (2001);"[""avaliacao_media"", ""genero_comedia"", ""genero_drama"", ""genero_romance"", ""periodo_2000_2009"", ""popularidade_alta""]";6
4247;Joe Dirt (2001);"[""avaliacao_baixa"", ""genero_aventura"", ""genero_comedia"", ""genero_misterio"", ""genero_romance"", ""periodo_2000_2009"", ""popularidade_media""]";7
4248;Josie and the Pussycats (2001);"[""avaliacao_baixa"", ""genero_comedia"", ""periodo_2000_2009"", ""popularidade_baixa""]";4
4254;Crocodile Dundee in Los Angeles (2001);"[""avaliacao_baixa"", ""genero_comedia"", ""genero_drama"", ""periodo_2000_2009"", ""popularidade_media""]";5
4255;Freddy Got Fingered (2001);"[""avaliacao_baixa"", ""genero_comedia"", ""periodo_2000_2009"", ""popularidade_media""]";4
4262;Scarface (1983);"[""avaliacao_media"", ""genero_acao"", ""genero_crime"", ""genero_drama"", ""periodo_1970_1989"", ""popularidade_alta""]";6
4265;Driven (2001);"[""avaliacao_media"", ""genero_acao"", ""genero_suspense"", ""periodo_2000_2009"", ""popularidade_baixa""]";5
4267;One Night at McCool's (2001);"[""avaliacao_media"", ""genero_comedia"", ""periodo_2000_2009"", ""popularidade_baixa""]";4
4270;Mummy Returns, The (2001);"[""avaliacao_media"", ""genero_acao"", ""genero_aventura"", ""genero_comedia"", ""genero_suspense"", ""periodo_2000_2009"", ""popularidade_media""]";7
4275;Krull (1983);"[""avaliacao_baixa"", ""genero_acao"", ""genero_aventura"", ""genero_fantasia"", ""genero_ficcao_cientifica"", ""periodo_1970_1989"", ""popularidade_baixa""]";7
4280;World According to Garp, The (1982);"[""avaliacao_media"", ""genero_comedia"", ""genero_drama"", ""genero_romance"", ""periodo_1970_1989"", ""popularidade_baixa""]";6
4291;Nine to Five (a.k.a. 9 to 5) (1980);"[""avaliacao_baixa"", ""genero_comedia"", ""genero_crime"", ""periodo_1970_1989"", ""popularidade_media""]";5
4299;Knight's Tale, A (2001);"[""avaliacao_media"", ""genero_acao"", ""genero_comedia"", ""genero_romance"", ""periodo_2000_2009"", ""popularidade_media""]";6
4304;Startup.com (2001);"[""avaliacao_media"", ""genero_documentario"", ""periodo_2000_2009"", ""popularidade_baixa""]";4
4306;Shrek (2001);"[""avaliacao_media"", ""genero_animacao"", ""genero_aventura"", ""genero_comedia"", ""genero_fantasia"", ""genero_infantil"", ""genero_romance"", ""periodo_2000_2009"", ""popularidade_alta""]";9
4308;Moulin Rouge (2001);"[""avaliacao_media"", ""genero_drama"", ""genero_musical"", ""genero_romance"", ""periodo_2000_2009"", ""popularidade_alta""]";6
4310;Pearl Harbor (2001);"[""avaliacao_baixa"", ""genero_acao"", ""genero_drama"", ""genero_guerra"", ""genero_romance"", ""periodo_2000_2009"", ""popularidade_media""]";7
4321;City Slickers (1991);"[""avaliacao_media"", ""genero_comedia"", ""genero_faroeste"", ""periodo_1990_1999"", ""popularidade_media""]";5
4322;Eight Men Out (1988);"[""avaliacao_media"", ""genero_drama"", ""periodo_1970_1989"", ""popularidade_media""]";4
4326;Mississippi Burning (1988);"[""avaliacao_media"", ""genero_crime"", ""genero_drama"", ""genero_suspense"", ""periodo_1970_1989"", ""popularidade_media""]";6
4327;Magnificent Seven, The (1960);"[""avaliacao_media"", ""genero_aventura"", ""genero_faroeste"", ""periodo_1950_1969"", ""popularidade_media""]";5
4333;Throw Momma from the Train (1987);"[""avaliacao_media"", ""genero_comedia"", ""genero_crime"", ""periodo_1970_1989"", ""popularidade_media""]";5
4334;Yi Yi (2000);"[""avaliacao_alta"", ""genero_drama"", ""periodo_2000_2009"", ""popularidade_baixa""]";4
4340;Animal, The (2001);"[""avaliacao_baixa"", ""genero_comedia"", ""periodo_2000_2009"", ""popularidade_media""]";4
4343;Evolution (2001);"[""avaliacao_media"", ""genero_comedia"", ""genero_ficcao_cientifica"", ""periodo_2000_2009"", ""popularidade_media""]";5
4344;Swordfish (2001);"[""avaliacao_media"", ""genero_acao"", ""genero_crime"", ""genero_drama"", ""periodo_2000_2009"", ""popularidade_media""]";6
4349;Catch-22 (1970);"[""avaliacao_media"", ""genero_comedia"", ""genero_guerra"", ""periodo_1970_1989"", ""popularidade_baixa""]";5
4351;Point Break (1991);"[""avaliacao_media"", ""genero_acao"", ""genero_crime"", ""genero_suspense"", ""periodo_1990_1999"", ""popularidade_media""]";6
4356;Gentlemen Prefer Blondes (1953);"[""avaliacao_media"", ""genero_comedia"", ""genero_musical"", ""genero_romance"", ""periodo_1950_1969"", ""popularidade_baixa""]";6
4359;Seven Year Itch, The (1955);"[""avaliacao_media"", ""genero_comedia"", ""periodo_1950_1969"", ""popularidade_baixa""]";4
4361;Tootsie (1982);"[""avaliacao_media"", ""genero_comedia"", ""genero_romance"", ""periodo_1970_1989"", ""popularidade_media""]";5
4366;Atlantis: The Lost Empire (2001);"[""avaliacao_media"", ""genero_animacao"", ""genero_aventura"", ""genero_fantasia"", ""genero_infantil"", ""periodo_2000_2009"", ""popularidade_media""]";7
4367;Lara Croft: Tomb Raider (2001);"[""avaliacao_baixa"", ""genero_acao"", ""genero_aventura"", ""periodo_2000_2009"", ""popularidade_media""]";5
4368;Dr. Dolittle 2 (2001);"[""avaliacao_baixa"", ""genero_comedia"", ""periodo_2000_2009"", ""popularidade_media""]";4
4369;Fast and the Furious, The (2001);"[""avaliacao_media"", ""genero_acao"", ""genero_crime"", ""genero_suspense"", ""periodo_2000_2009"", ""popularidade_media""]";6
4370;A.I. Artificial Intelligence (2001);"[""avaliacao_media"", ""genero_aventura"", ""genero_drama"", ""genero_ficcao_cientifica"", ""periodo_2000_2009"", ""popularidade_alta""]";6
4372;Crazy/Beautiful (2001);"[""avaliacao_media"", ""genero_drama"", ""genero_romance"", ""periodo_2000_2009"", ""popularidade_baixa""]";5
4378;Sexy Beast (2000);"[""avaliacao_media"", ""genero_crime"", ""genero_drama"", ""periodo_2000_2009"", ""popularidade_media""]";5
4380;Princess and the Warrior, The (Krieger und die Kaiserin, Der) (2000);"[""avaliacao_media"", ""genero_drama"", ""genero_romance"", ""periodo_2000_2009"", ""popularidade_baixa""]";5
4383;Crimson Rivers, The (Rivières pourpres, Les) (2000);"[""avaliacao_media"", ""genero_crime"", ""genero_drama"", ""genero_misterio"", ""genero_suspense"", ""periodo_2000_2009"", ""popularidade_baixa""]";7
4386;Cats & Dogs (2001);"[""avaliacao_baixa"", ""genero_comedia"", ""genero_infantil"", ""periodo_2000_2009"", ""popularidade_media""]";5
4387;Kiss of the Dragon (2001);"[""avaliacao_media"", ""genero_acao"", ""periodo_2000_2009"", ""popularidade_baixa""]";4
4388;Scary Movie 2 (2001);"[""avaliacao_baixa"", ""genero_comedia"", ""periodo_2000_2009"", ""popularidade_media""]";4
4396;Cannonball Run, The (1981);"[""avaliacao_baixa"", ""genero_acao"", ""genero_comedia"", ""periodo_1970_1989"", ""popularidade_media""]";5
4406;Man Who Shot Liberty Valance, The (1962);"[""avaliacao_alta"", ""genero_crime"", ""genero_drama"", ""genero_faroeste"", ""periodo_1950_1969"", ""popularidade_baixa""]";6
4427;Lion in Winter, The (1968);"[""avaliacao_media"", ""genero_drama"", ""periodo_1950_1969"", ""popularidade_baixa""]";4
4437;Suspiria (1977);"[""avaliacao_media"", ""genero_terror"", ""periodo_1970_1989"", ""popularidade_baixa""]";4
4446;Final Fantasy: The Spirits Within (2001);"[""avaliacao_media"", ""genero_animacao"", ""genero_aventura"", ""genero_fantasia"", ""genero_ficcao_cientifica"", ""periodo_2000_2009"", ""popularidade_media""]";7
4447;Legally Blonde (2001);"[""avaliacao_media"", ""genero_comedia"", ""genero_romance"", ""periodo_2000_2009"", ""popularidade_alta""]";5
4448;Score, The (2001);"[""avaliacao_media"", ""genero_acao"", ""genero_drama"", ""periodo_2000_2009"", ""popularidade_media""]";5
4450;Bully (2001);"[""avaliacao_media"", ""genero_crime"", ""genero_drama"", ""genero_suspense"", ""periodo_2000_2009"", ""popularidade_baixa""]";6
4452;Made (2001);"[""avaliacao_baixa"", ""genero_comedia"", ""periodo_2000_2009"", ""popularidade_baixa""]";4
4464;Accidental Tourist, The (1988);"[""avaliacao_media"", ""genero_comedia"", ""genero_drama"", ""genero_romance"", ""periodo_1970_1989"", ""popularidade_baixa""]";6
4465;Accused, The (1988);"[""avaliacao_media"", ""genero_drama"", ""periodo_1970_1989"", ""popularidade_baixa""]";4
4467;Adventures of Baron Munchausen, The (1988);"[""avaliacao_media"", ""genero_aventura"", ""genero_comedia"", ""genero_fantasia"", ""periodo_1970_1989"", ""popularidade_media""]";6
4474;Beaches (1988);"[""avaliacao_baixa"", ""genero_comedia"", ""genero_drama"", ""genero_musical"", ""periodo_1970_1989"", ""popularidade_baixa""]";6
4477;Big Top Pee-Wee (1988);"[""avaliacao_baixa"", ""genero_aventura"", ""genero_comedia"", ""genero_infantil"", ""periodo_1970_1989"", ""popularidade_baixa""]";6
4487;Cocktail (1988);"[""avaliacao_baixa"", ""genero_drama"", ""genero_romance"", ""periodo_1970_1989"", ""popularidade_media""]";5
4489;Coming to America (1988);"[""avaliacao_media"", ""genero_comedia"", ""genero_romance"", ""periodo_1970_1989"", ""popularidade_media""]";5
4498;Dead Pool, The (1988);"[""avaliacao_media"", ""genero_acao"", ""genero_crime"", ""genero_suspense"", ""periodo_1970_1989"", ""popularidade_baixa""]";6
4499;Dirty Rotten Scoundrels (1988);"[""avaliacao_alta"", ""genero_comedia"", ""periodo_1970_1989"", ""popularidade_media""]";4
4508;Gorillas in the Mist (1988);"[""avaliacao_media"", ""genero_drama"", ""periodo_1970_1989"", ""popularidade_baixa""]";4
4509;Great Outdoors, The (1988);"[""avaliacao_baixa"", ""genero_comedia"", ""periodo_1970_1989"", ""popularidade_baixa""]";4
4519;Land Before Time, The (1988);"[""avaliacao_media"", ""genero_animacao"", ""genero_aventura"", ""genero_fantasia"", ""genero_infantil"", ""periodo_1970_1989"", ""popularidade_baixa""]";7
4526;My Stepmother Is an Alien (1988);"[""avaliacao_media"", ""genero_comedia"", ""genero_ficcao_cientifica"", ""genero_romance"", ""periodo_1970_1989"", ""popularidade_baixa""]";6
4544;Short Circuit 2 (1988);"[""avaliacao_baixa"", ""genero_comedia"", ""genero_ficcao_cientifica"", ""periodo_1970_1989"", ""popularidade_baixa""]";5
4545;Short Circuit (1986);"[""avaliacao_media"", ""genero_comedia"", ""genero_ficcao_cientifica"", ""periodo_1970_1989"", ""popularidade_media""]";5
4546;Vanishing, The (Spoorloos) (1988);"[""avaliacao_media"", ""genero_drama"", ""genero_suspense"", ""periodo_1970_1989"", ""popularidade_baixa""]";5
4553;They Live (1988);"[""avaliacao_media"", ""genero_acao"", ""genero_ficcao_cientifica"", ""genero_suspense"", ""periodo_1970_1989"", ""popularidade_baixa""]";6
4558;Twins (1988);"[""avaliacao_baixa"", ""genero_comedia"", ""periodo_1970_1989"", ""popularidade_media""]";4
4564;Always (1989);"[""avaliacao_baixa"", ""genero_drama"", ""genero_fantasia"", ""genero_romance"", ""periodo_1970_1989"", ""popularidade_baixa""]";6
4571;Bill & Ted's Excellent Adventure (1989);"[""avaliacao_media"", ""genero_aventura"", ""genero_comedia"", ""genero_ficcao_cientifica"", ""periodo_1970_1989"", ""popularidade_media""]";6
4587;Earth Girls Are Easy (1988);"[""avaliacao_baixa"", ""genero_comedia"", ""genero_ficcao_cientifica"", ""genero_musical"", ""periodo_1970_1989"", ""popularidade_baixa""]";6
4591;Erik the Viking (1989);"[""avaliacao_media"", ""genero_aventura"", ""genero_comedia"", ""genero_fantasia"", ""periodo_1970_1989"", ""popularidade_baixa""]";6
4616;Lean on Me (1989);"[""avaliacao_media"", ""genero_drama"", ""periodo_1970_1989"", ""popularidade_baixa""]";4
4621;Look Who's Talking (1989);"[""avaliacao_baixa"", ""genero_comedia"", ""genero_romance"", ""periodo_1970_1989"", ""popularidade_media""]";5
4623;Major League (1989);"[""avaliacao_media"", ""genero_comedia"", ""periodo_1970_1989"", ""popularidade_media""]";4
4638;Jurassic Park III (2001);"[""avaliacao_baixa"", ""genero_acao"", ""genero_aventura"", ""genero_ficcao_cientifica"", ""genero_suspense"", ""periodo_2000_2009"", ""popularidade_media""]";7
4639;America's Sweethearts (2001);"[""avaliacao_baixa"", ""genero_comedia"", ""genero_romance"", ""periodo_2000_2009"", ""popularidade_media""]";5
4641;Ghost World (2001);"[""avaliacao_media"", ""genero_comedia"", ""genero_drama"", ""periodo_2000_2009"", ""popularidade_media""]";5
4642;Hedwig and the Angry Inch (2000);"[""avaliacao_alta"", ""genero_comedia"", ""genero_drama"", ""genero_musical"", ""periodo_2000_2009"", ""popularidade_media""]";6
4643;Planet of the Apes (2001);"[""avaliacao_baixa"", ""genero_acao"", ""genero_aventura"", ""genero_drama"", ""genero_ficcao_cientifica"", ""periodo_2000_2009"", ""popularidade_media""]";7
4649;Wet Hot American Summer (2001);"[""avaliacao_media"", ""genero_comedia"", ""periodo_2000_2009"", ""popularidade_baixa""]";4
4654;Road House (1989);"[""avaliacao_baixa"", ""genero_acao"", ""genero_drama"", ""periodo_1970_1989"", ""popularidade_baixa""]";5
4676;Troop Beverly Hills (1989);"[""avaliacao_baixa"", ""genero_comedia"", ""periodo_1970_1989"", ""popularidade_baixa""]";4
4677;Turner & Hooch (1989);"[""avaliacao_media"", ""genero_comedia"", ""genero_crime"", ""periodo_1970_1989"", ""popularidade_media""]";5
4678;UHF (1989);"[""avaliacao_media"", ""genero_comedia"", ""periodo_1970_1989"", ""popularidade_baixa""]";4
4679;Uncle Buck (1989);"[""avaliacao_baixa"", ""genero_comedia"", ""periodo_1970_1989"", ""popularidade_media""]";4
4681;War of the Roses, The (1989);"[""avaliacao_media"", ""genero_comedia"", ""genero_drama"", ""periodo_1970_1989"", ""popularidade_baixa""]";5
4700;Princess Diaries, The (2001);"[""avaliacao_media"", ""genero_comedia"", ""genero_infantil"", ""genero_romance"", ""periodo_2000_2009"", ""popularidade_media""]";6
4701;Rush Hour 2 (2001);"[""avaliacao_media"", ""genero_acao"", ""genero_comedia"", ""periodo_2000_2009"", ""popularidade_media""]";5
4713;Altered States (1980);"[""avaliacao_media"", ""genero_drama"", ""genero_ficcao_cientifica"", ""periodo_1970_1989"", ""popularidade_baixa""]";5
4718;American Pie 2 (2001);"[""avaliacao_media"", ""genero_comedia"", ""periodo_2000_2009"", ""popularidade_media""]";4
4719;Osmosis Jones (2001);"[""avaliacao_baixa"", ""genero_acao"", ""genero_animacao"", ""genero_comedia"", ""genero_crime"", ""genero_drama"", ""genero_romance"", ""genero_suspense"", ""periodo_2000_2009"", ""popularidade_baixa""]";10
4720;Others, The (2001);"[""avaliacao_media"", ""genero_drama"", ""genero_misterio"", ""genero_suspense"", ""genero_terror"", ""periodo_2000_2009"", ""popularidade_alta""]";7
4728;Rat Race (2001);"[""avaliacao_media"", ""genero_comedia"", ""periodo_2000_2009"", ""popularidade_media""]";4
4732;Bubble Boy (2001);"[""avaliacao_baixa"", ""genero_comedia"", ""periodo_2000_2009"", ""popularidade_baixa""]";4
4734;Jay and Silent Bob Strike Back (2001);"[""avaliacao_media"", ""genero_aventura"", ""genero_comedia"", ""periodo_2000_2009"", ""popularidade_media""]";5
4735;Ghosts of Mars (2001);"[""avaliacao_baixa"", ""genero_ficcao_cientifica"", ""genero_suspense"", ""genero_terror"", ""periodo_2000_2009"", ""popularidade_baixa""]";6
4741;Together (Tillsammans) (2000);"[""avaliacao_media"", ""genero_comedia"", ""genero_drama"", ""genero_romance"", ""periodo_2000_2009"", ""popularidade_baixa""]";6
4744;Jeepers Creepers (2001);"[""avaliacao_baixa"", ""genero_terror"", ""periodo_2000_2009"", ""popularidade_baixa""]";4
4748;3 Ninjas (1992);"[""avaliacao_baixa"", ""genero_acao"", ""genero_comedia"", ""genero_infantil"", ""periodo_1990_1999"", ""popularidade_baixa""]";6
4754;Wicker Man, The (1973);"[""avaliacao_media"", ""genero_drama"", ""genero_misterio"", ""genero_suspense"", ""genero_terror"", ""periodo_1970_1989"", ""popularidade_baixa""]";7
4774;Big Trouble (2002);"[""avaliacao_baixa"", ""genero_comedia"", ""genero_crime"", ""periodo_2000_2009"", ""popularidade_baixa""]";5
4776;Training Day (2001);"[""avaliacao_media"", ""genero_crime"", ""genero_drama"", ""genero_suspense"", ""periodo_2000_2009"", ""popularidade_alta""]";6
4787;Little Man Tate (1991);"[""avaliacao_media"", ""genero_drama"", ""periodo_1990_1999"", ""popularidade_media""]";4
4799;It's a Mad, Mad, Mad, Mad World (1963);"[""avaliacao_media"", ""genero_acao"", ""genero_aventura"", ""genero_comedia"", ""genero_crime"", ""periodo_1950_1969"", ""popularidade_media""]";7
4812;SpaceCamp (1986);"[""avaliacao_baixa"", ""genero_aventura"", ""genero_ficcao_cientifica"", ""periodo_1970_1989"", ""popularidade_baixa""]";5
4814;Don't Say a Word (2001);"[""avaliacao_baixa"", ""genero_suspense"", ""periodo_2000_2009"", ""popularidade_baixa""]";4
4815;Hearts in Atlantis (2001);"[""avaliacao_baixa"", ""genero_drama"", ""periodo_2000_2009"", ""popularidade_baixa""]";4
4816;Zoolander (2001);"[""avaliacao_media"", ""genero_comedia"", ""periodo_2000_2009"", ""popularidade_alta""]";4
4821;Joy Ride (2001);"[""avaliacao_media"", ""genero_aventura"", ""genero_suspense"", ""periodo_2000_2009"", ""popularidade_baixa""]";5
4823;Serendipity (2001);"[""avaliacao_media"", ""genero_comedia"", ""genero_romance"", ""periodo_2000_2009"", ""popularidade_media""]";5
4844;Bandits (2001);"[""avaliacao_baixa"", ""genero_comedia"", ""genero_crime"", ""genero_romance"", ""periodo_2000_2009"", ""popularidade_baixa""]";6
4846;Iron Monkey (Siu nin Wong Fei-hung ji: Tit Ma Lau) (1993);"[""avaliacao_media"", ""genero_acao"", ""genero_comedia"", ""periodo_1990_1999"", ""popularidade_baixa""]";5
4848;Mulholland Drive (2001);"[""avaliacao_media"", ""genero_crime"", ""genero_drama"", ""genero_film_noir"", ""genero_misterio"", ""genero_suspense"", ""periodo_2000_2009"", ""popularidade_alta""]";8
4855;Dirty Harry (1971);"[""avaliacao_media"", ""genero_acao"", ""genero_crime"", ""genero_suspense"", ""periodo_1970_1989"", ""popularidade_media""]";6
4857;Fiddler on the Roof (1971);"[""avaliacao_media"", ""genero_drama"", ""genero_musical"", ""periodo_1970_1989"", ""popularidade_baixa""]";5
4865;From Hell (2001);"[""avaliacao_media"", ""genero_crime"", ""genero_misterio"", ""genero_suspense"", ""genero_terror"", ""periodo_2000_2009"", ""popularidade_media""]";7
4866;Last Castle, The (2001);"[""avaliacao_baixa"", ""genero_acao"", ""periodo_2000_2009"", ""popularidade_baixa""]";4
4867;Riding in Cars with Boys (2001);"[""avaliacao_media"", ""genero_comedia"", ""genero_drama"", ""periodo_2000_2009"", ""popularidade_baixa""]";5
4873;Waking Life (2001);"[""avaliacao_media"", ""genero_animacao"", ""genero_drama"", ""genero_fantasia"", ""periodo_2000_2009"", ""popularidade_media""]";6
4874;K-PAX (2001);"[""avaliacao_media"", ""genero_drama"", ""genero_fantasia"", ""genero_ficcao_cientifica"", ""genero_misterio"", ""periodo_2000_2009"", ""popularidade_media""]";7
4876;Thirteen Ghosts (a.k.a. Thir13en Ghosts) (2001);"[""avaliacao_baixa"", ""genero_suspense"", ""genero_terror"", ""periodo_2000_2009"", ""popularidade_media""]";5
4878;Donnie Darko (2001);"[""avaliacao_media"", ""genero_drama"", ""genero_ficcao_cientifica"", ""genero_misterio"", ""genero_suspense"", ""periodo_2000_2009"", ""popularidade_alta""]";7
4880;Life as a House (2001);"[""avaliacao_media"", ""genero_drama"", ""periodo_2000_2009"", ""popularidade_baixa""]";4
4881;Man Who Wasn't There, The (2001);"[""avaliacao_media"", ""genero_crime"", ""genero_drama"", ""periodo_2000_2009"", ""popularidade_media""]";5
4886;Monsters, Inc. (2001);"[""avaliacao_media"", ""genero_animacao"", ""genero_aventura"", ""genero_comedia"", ""genero_fantasia"", ""genero_infantil"", ""periodo_2000_2009"", ""popularidade_alta""]";8
4887;One, The (2001);"[""avaliacao_baixa"", ""genero_acao"", ""genero_ficcao_cientifica"", ""genero_suspense"", ""periodo_2000_2009"", ""popularidade_media""]";6
4889;Heist (2001);"[""avaliacao_media"", ""genero_crime"", ""genero_drama"", ""periodo_2000_2009"", ""popularidade_baixa""]";5
4890;Shallow Hal (2001);"[""avaliacao_media"", ""genero_comedia"", ""genero_fantasia"", ""genero_romance"", ""periodo_2000_2009"", ""popularidade_media""]";6
4896;Harry Potter and the Sorcerer's Stone (a.k.a. Harry Potter and the Philosopher's Stone) (2001);"[""avaliacao_media"", ""genero_aventura"", ""genero_fantasia"", ""genero_infantil"", ""periodo_2000_2009"", ""popularidade_alta""]";6
4899;Black Knight (2001);"[""avaliacao_baixa"", ""genero_aventura"", ""genero_comedia"", ""genero_fantasia"", ""periodo_2000_2009"", ""popularidade_baixa""]";6
4900;Out Cold (2001);"[""avaliacao_media"", ""genero_comedia"", ""periodo_2000_2009"", ""popularidade_baixa""]";4
4901;Spy Game (2001);"[""avaliacao_media"", ""genero_acao"", ""genero_crime"", ""genero_drama"", ""genero_suspense"", ""periodo_2000_2009"", ""popularidade_media""]";7
4902;Devil's Backbone, The (Espinazo del diablo, El) (2001);"[""avaliacao_media"", ""genero_drama"", ""genero_fantasia"", ""genero_guerra"", ""genero_suspense"", ""genero_terror"", ""periodo_2000_2009"", ""popularidade_media""]";8
4903;In the Bedroom (2001);"[""avaliacao_media"", ""genero_drama"", ""periodo_2000_2009"", ""popularidade_media""]";4
4914;Breathless (À bout de souffle) (1960);"[""avaliacao_media"", ""genero_crime"", ""genero_drama"", ""genero_romance"", ""periodo_1950_1969"", ""popularidade_baixa""]";6
4915;Beastmaster, The (1982);"[""avaliacao_baixa"", ""genero_acao"", ""genero_aventura"", ""genero_fantasia"", ""periodo_1970_1989"", ""popularidade_baixa""]";6
4921;Little Women (1933);"[""avaliacao_alta"", ""genero_drama"", ""genero_romance"", ""periodo_antes_1950"", ""popularidade_baixa""]";5
4936;Fame (1980);"[""avaliacao_media"", ""genero_drama"", ""genero_musical"", ""periodo_1970_1989"", ""popularidade_baixa""]";5
4941;Flash Gordon (1980);"[""avaliacao_media"", ""genero_acao"", ""genero_aventura"", ""genero_ficcao_cientifica"", ""periodo_1970_1989"", ""popularidade_baixa""]";6
4951;Lord of the Flies (1990);"[""avaliacao_media"", ""genero_aventura"", ""genero_drama"", ""genero_suspense"", ""periodo_1990_1999"", ""popularidade_baixa""]";6
4954;Ocean's Eleven (a.k.a. Ocean's 11) (1960);"[""avaliacao_media"", ""genero_comedia"", ""genero_crime"", ""periodo_1950_1969"", ""popularidade_media""]";5
4958;Behind Enemy Lines (2001);"[""avaliacao_media"", ""genero_acao"", ""genero_drama"", ""genero_guerra"", ""periodo_2000_2009"", ""popularidade_media""]";6
4963;Ocean's Eleven (2001);"[""avaliacao_media"", ""genero_crime"", ""genero_suspense"", ""periodo_2000_2009"", ""popularidade_alta""]";5
4967;No Man's Land (2001);"[""avaliacao_alta"", ""genero_drama"", ""genero_guerra"", ""periodo_2000_2009"", ""popularidade_media""]";5
4971;Moscow on the Hudson (1984);"[""avaliacao_media"", ""genero_comedia"", ""genero_drama"", ""periodo_1970_1989"", ""popularidade_baixa""]";5
4973;Amelie (Fabuleux destin d'Amélie Poulain, Le) (2001);"[""avaliacao_alta"", ""genero_comedia"", ""genero_romance"", ""periodo_2000_2009"", ""popularidade_alta""]";5
4974;Not Another Teen Movie (2001);"[""avaliacao_baixa"", ""genero_comedia"", ""periodo_2000_2009"", ""popularidade_media""]";4
4975;Vanilla Sky (2001);"[""avaliacao_media"", ""genero_ficcao_cientifica"", ""genero_misterio"", ""genero_romance"", ""genero_suspense"", ""periodo_2000_2009"", ""popularidade_media""]";7
4978;Lantana (2001);"[""avaliacao_media"", ""genero_drama"", ""genero_misterio"", ""genero_suspense"", ""periodo_2000_2009"", ""popularidade_baixa""]";6
4979;Royal Tenenbaums, The (2001);"[""avaliacao_media"", ""genero_comedia"", ""genero_drama"", ""periodo_2000_2009"", ""popularidade_alta""]";5
4980;Bill & Ted's Bogus Journey (1991);"[""avaliacao_media"", ""genero_aventura"", ""genero_comedia"", ""genero_fantasia"", ""genero_ficcao_cientifica"", ""periodo_1990_1999"", ""popularidade_media""]";7
4989;How High (2001);"[""avaliacao_baixa"", ""genero_comedia"", ""periodo_2000_2009"", ""popularidade_baixa""]";4
4990;Jimmy Neutron: Boy Genius (2001);"[""avaliacao_media"", ""genero_animacao"", ""genero_aventura"", ""genero_comedia"", ""genero_infantil"", ""periodo_2000_2009"", ""popularidade_baixa""]";7
4992;Kate & Leopold (2001);"[""avaliacao_media"", ""genero_comedia"", ""genero_romance"", ""periodo_2000_2009"", ""popularidade_media""]";5
4993;Lord of the Rings: The Fellowship of the Ring, The (2001);"[""avaliacao_alta"", ""genero_aventura"", ""genero_fantasia"", ""periodo_2000_2009"", ""popularidade_alta""]";5
4994;Majestic, The (2001);"[""avaliacao_media"", ""genero_comedia"", ""genero_drama"", ""genero_romance"", ""periodo_2000_2009"", ""popularidade_media""]";6
4995;Beautiful Mind, A (2001);"[""avaliacao_alta"", ""genero_drama"", ""genero_romance"", ""periodo_2000_2009"", ""popularidade_alta""]";5
5004;Party, The (1968);"[""avaliacao_media"", ""genero_comedia"", ""periodo_1950_1969"", ""popularidade_baixa""]";4
5008;Witness for the Prosecution (1957);"[""avaliacao_alta"", ""genero_drama"", ""genero_misterio"", ""genero_suspense"", ""periodo_1950_1969"", ""popularidade_baixa""]";6
5009;Ali (2001);"[""avaliacao_media"", ""genero_drama"", ""periodo_2000_2009"", ""popularidade_baixa""]";4
5010;Black Hawk Down (2001);"[""avaliacao_media"", ""genero_acao"", ""genero_drama"", ""genero_guerra"", ""periodo_2000_2009"", ""popularidade_alta""]";6
5013;Gosford Park (2001);"[""avaliacao_media"", ""genero_comedia"", ""genero_drama"", ""genero_misterio"", ""periodo_2000_2009"", ""popularidade_media""]";6
5014;I Am Sam (2001);"[""avaliacao_media"", ""genero_drama"", ""periodo_2000_2009"", ""popularidade_media""]";4
5015;Monster's Ball (2001);"[""avaliacao_media"", ""genero_drama"", ""genero_romance"", ""periodo_2000_2009"", ""popularidade_media""]";5
5016;Shipping News, The (2001);"[""avaliacao_media"", ""genero_drama"", ""periodo_2000_2009"", ""popularidade_baixa""]";4
5025;Orange County (2002);"[""avaliacao_baixa"", ""genero_comedia"", ""periodo_2000_2009"", ""popularidade_media""]";4
5026;Brotherhood of the Wolf (Pacte des loups, Le) (2001);"[""avaliacao_media"", ""genero_acao"", ""genero_misterio"", ""genero_suspense"", ""periodo_2000_2009"", ""popularidade_media""]";6
5027;Another 48 Hrs. (1990);"[""avaliacao_media"", ""genero_acao"", ""genero_comedia"", ""genero_crime"", ""genero_drama"", ""genero_suspense"", ""periodo_1990_1999"", ""popularidade_baixa""]";8
5039;Dragonslayer (1981);"[""avaliacao_alta"", ""genero_acao"", ""genero_aventura"", ""genero_fantasia"", ""periodo_1970_1989"", ""popularidade_baixa""]";6
5040;Conan the Destroyer (1984);"[""avaliacao_media"", ""genero_acao"", ""genero_aventura"", ""genero_fantasia"", ""periodo_1970_1989"", ""popularidade_baixa""]";6
5047;Kung Pow: Enter the Fist (2002);"[""avaliacao_media"", ""genero_acao"", ""genero_comedia"", ""periodo_2000_2009"", ""popularidade_baixa""]";5
5048;Snow Dogs (2002);"[""avaliacao_baixa"", ""genero_aventura"", ""genero_comedia"", ""genero_infantil"", ""periodo_2000_2009"", ""popularidade_baixa""]";6
5049;48 Hrs. (1982);"[""avaliacao_media"", ""genero_acao"", ""genero_comedia"", ""genero_crime"", ""genero_drama"", ""periodo_1970_1989"", ""popularidade_media""]";7
5055;Dragon: The Bruce Lee Story (1993);"[""avaliacao_baixa"", ""genero_acao"", ""genero_drama"", ""periodo_1990_1999"", ""popularidade_baixa""]";5
5060;M*A*S*H (a.k.a. MASH) (1970);"[""avaliacao_media"", ""genero_comedia"", ""genero_drama"", ""genero_guerra"", ""periodo_1970_1989"", ""popularidade_media""]";6
5064;The Count of Monte Cristo (2002);"[""avaliacao_media"", ""genero_acao"", ""genero_aventura"", ""genero_drama"", ""genero_suspense"", ""periodo_2000_2009"", ""popularidade_media""]";7
5065;Mothman Prophecies, The (2002);"[""avaliacao_media"", ""genero_drama"", ""genero_fantasia"", ""genero_misterio"", ""genero_suspense"", ""genero_terror"", ""periodo_2000_2009"", ""popularidade_media""]";8
5066;Walk to Remember, A (2002);"[""avaliacao_media"", ""genero_drama"", ""genero_romance"", ""periodo_2000_2009"", ""popularidade_media""]";5
5072;Metropolis (2001);"[""avaliacao_media"", ""genero_animacao"", ""genero_ficcao_cientifica"", ""periodo_2000_2009"", ""popularidade_media""]";5
5080;Slackers (2002);"[""avaliacao_baixa"", ""genero_comedia"", ""periodo_2000_2009"", ""popularidade_baixa""]";4
5081;Birthday Girl (2001);"[""avaliacao_baixa"", ""genero_drama"", ""genero_romance"", ""periodo_2000_2009"", ""popularidade_baixa""]";5
5092;Big Fat Liar (2002);"[""avaliacao_media"", ""genero_comedia"", ""genero_infantil"", ""periodo_2000_2009"", ""popularidade_baixa""]";5
5093;Collateral Damage (2002);"[""avaliacao_baixa"", ""genero_acao"", ""genero_suspense"", ""periodo_2000_2009"", ""popularidade_baixa""]";5
5094;Rollerball (2002);"[""avaliacao_baixa"", ""genero_acao"", ""genero_ficcao_cientifica"", ""periodo_2000_2009"", ""popularidade_baixa""]";5
5103;Sandlot, The (1993);"[""avaliacao_media"", ""genero_comedia"", ""genero_drama"", ""genero_infantil"", ""periodo_1990_1999"", ""popularidade_media""]";6
5106;Crossroads (2002);"[""avaliacao_baixa"", ""genero_comedia"", ""genero_musical"", ""genero_romance"", ""periodo_2000_2009"", ""popularidade_baixa""]";6
5107;Hart's War (2002);"[""avaliacao_media"", ""genero_drama"", ""genero_guerra"", ""periodo_2000_2009"", ""popularidade_baixa""]";5
5108;John Q (2002);"[""avaliacao_baixa"", ""genero_crime"", ""genero_drama"", ""genero_suspense"", ""periodo_2000_2009"", ""popularidade_media""]";6
5110;Super Troopers (2001);"[""avaliacao_media"", ""genero_comedia"", ""genero_crime"", ""genero_misterio"", ""periodo_2000_2009"", ""popularidade_media""]";6
5128;Queen of the Damned (2002);"[""avaliacao_baixa"", ""genero_fantasia"", ""genero_terror"", ""periodo_2000_2009"", ""popularidade_media""]";5
5135;Monsoon Wedding (2001);"[""avaliacao_media"", ""genero_comedia"", ""genero_romance"", ""periodo_2000_2009"", ""popularidade_media""]";5
5139;Bad News Bears, The (1976);"[""avaliacao_media"", ""genero_comedia"", ""periodo_1970_1989"", ""popularidade_baixa""]";4
5146;Vampire Hunter D: Bloodlust (Banpaia hantâ D) (2000);"[""avaliacao_media"", ""genero_animacao"", ""genero_fantasia"", ""genero_ficcao_cientifica"", ""genero_terror"", ""periodo_2000_2009"", ""popularidade_baixa""]";7
5151;40 Days and 40 Nights (2002);"[""avaliacao_media"", ""genero_comedia"", ""genero_romance"", ""periodo_2000_2009"", ""popularidade_media""]";5
5152;We Were Soldiers (2002);"[""avaliacao_media"", ""genero_acao"", ""genero_drama"", ""genero_guerra"", ""periodo_2000_2009"", ""popularidade_media""]";6
5159;Ferngully: The Last Rainforest (1992);"[""avaliacao_media"", ""genero_animacao"", ""genero_comedia"", ""genero_infantil"", ""genero_musical"", ""periodo_1990_1999"", ""popularidade_baixa""]";7
5171;Time Machine, The (2002);"[""avaliacao_baixa"", ""genero_acao"", ""genero_aventura"", ""genero_ficcao_cientifica"", ""periodo_2000_2009"", ""popularidade_media""]";6
5218;Ice Age (2002);"[""avaliacao_media"", ""genero_animacao"", ""genero_aventura"", ""genero_comedia"", ""genero_infantil"", ""periodo_2000_2009"", ""popularidade_alta""]";7
5219;Resident Evil (2002);"[""avaliacao_media"", ""genero_acao"", ""genero_ficcao_cientifica"", ""genero_suspense"", ""genero_terror"", ""periodo_2000_2009"", ""popularidade_media""]";7
5220;Showtime (2002);"[""avaliacao_baixa"", ""genero_acao"", ""genero_comedia"", ""periodo_2000_2009"", ""popularidade_media""]";5
5225;And Your Mother Too (Y tu mamá también) (2001);"[""avaliacao_media"", ""genero_drama"", ""genero_romance"", ""periodo_2000_2009"", ""popularidade_media""]";5
5247;Smokey and the Bandit (1977);"[""avaliacao_baixa"", ""genero_acao"", ""genero_comedia"", ""periodo_1970_1989"", ""popularidade_baixa""]";5
5254;Blade II (2002);"[""avaliacao_media"", ""genero_acao"", ""genero_suspense"", ""genero_terror"", ""periodo_2000_2009"", ""popularidade_media""]";6
5265;Death to Smoochy (2002);"[""avaliacao_media"", ""genero_comedia"", ""genero_crime"", ""genero_drama"", ""periodo_2000_2009"", ""popularidade_media""]";6
5266;Panic Room (2002);"[""avaliacao_media"", ""genero_suspense"", ""periodo_2000_2009"", ""popularidade_media""]";4
5267;Rookie, The (2002);"[""avaliacao_media"", ""genero_drama"", ""periodo_2000_2009"", ""popularidade_media""]";4
5283;National Lampoon's Van Wilder (2002);"[""avaliacao_baixa"", ""genero_comedia"", ""periodo_2000_2009"", ""popularidade_media""]";4
5291;Rashomon (Rashômon) (1950);"[""avaliacao_media"", ""genero_crime"", ""genero_drama"", ""genero_misterio"", ""periodo_1950_1969"", ""popularidade_media""]";6
5292;Slap Shot (1977);"[""avaliacao_media"", ""genero_comedia"", ""periodo_1970_1989"", ""popularidade_baixa""]";4
5293;Changing Lanes (2002);"[""avaliacao_media"", ""genero_drama"", ""genero_suspense"", ""periodo_2000_2009"", ""popularidade_baixa""]";5
5294;Frailty (2001);"[""avaliacao_media"", ""genero_crime"", ""genero_drama"", ""genero_suspense"", ""periodo_2000_2009"", ""popularidade_media""]";6
5296;Sweetest Thing, The (2002);"[""avaliacao_baixa"", ""genero_comedia"", ""genero_romance"", ""periodo_2000_2009"", ""popularidade_media""]";5
5298;Human Nature (2001);"[""avaliacao_media"", ""genero_comedia"", ""genero_romance"", ""periodo_2000_2009"", ""popularidade_baixa""]";5
5299;My Big Fat Greek Wedding (2002);"[""avaliacao_media"", ""genero_comedia"", ""genero_romance"", ""periodo_2000_2009"", ""popularidade_alta""]";5
5303;Joe Versus the Volcano (1990);"[""avaliacao_media"", ""genero_comedia"", ""genero_romance"", ""periodo_1990_1999"", ""popularidade_baixa""]";5
5308;Three Men and a Baby (1987);"[""avaliacao_baixa"", ""genero_comedia"", ""periodo_1970_1989"", ""popularidade_media""]";4
5309;Three Men and a Little Lady (1990);"[""avaliacao_baixa"", ""genero_comedia"", ""genero_romance"", ""periodo_1990_1999"", ""popularidade_baixa""]";5
5312;Murder by Numbers (2002);"[""avaliacao_baixa"", ""genero_crime"", ""genero_suspense"", ""periodo_2000_2009"", ""popularidade_baixa""]";5
5313;The Scorpion King (2002);"[""avaliacao_baixa"", ""genero_acao"", ""genero_aventura"", ""genero_fantasia"", ""genero_suspense"", ""periodo_2000_2009"", ""popularidade_media""]";7
5316;Enigma (2001);"[""avaliacao_media"", ""genero_romance"", ""genero_suspense"", ""periodo_2000_2009"", ""popularidade_baixa""]";5
5319;Nine Queens (Nueve reinas) (2000);"[""avaliacao_media"", ""genero_crime"", ""genero_suspense"", ""periodo_2000_2009"", ""popularidade_baixa""]";5
5323;Jason X (2002);"[""avaliacao_baixa"", ""genero_ficcao_cientifica"", ""genero_suspense"", ""genero_terror"", ""periodo_2000_2009"", ""popularidade_baixa""]";6
5325;Dogtown and Z-Boyz (2001);"[""avaliacao_media"", ""genero_documentario"", ""periodo_2000_2009"", ""popularidade_baixa""]";4
5329;Salton Sea, The (2002);"[""avaliacao_media"", ""genero_crime"", ""genero_drama"", ""genero_suspense"", ""periodo_2000_2009"", ""popularidade_media""]";6
5339;Husbands and Wives (1992);"[""avaliacao_media"", ""genero_comedia"", ""genero_drama"", ""periodo_1990_1999"", ""popularidade_baixa""]";5
5349;Spider-Man (2002);"[""avaliacao_media"", ""genero_acao"", ""genero_aventura"", ""genero_ficcao_cientifica"", ""genero_suspense"", ""periodo_2000_2009"", ""popularidade_alta""]";7
5363;New Guy, The (2002);"[""avaliacao_baixa"", ""genero_comedia"", ""periodo_2000_2009"", ""popularidade_baixa""]";4
5364;Unfaithful (2002);"[""avaliacao_media"", ""genero_drama"", ""genero_suspense"", ""periodo_2000_2009"", ""popularidade_baixa""]";5
5377;About a Boy (2002);"[""avaliacao_media"", ""genero_comedia"", ""genero_drama"", ""genero_romance"", ""periodo_2000_2009"", ""popularidade_media""]";6
5378;Star Wars: Episode II - Attack of the Clones (2002);"[""avaliacao_media"", ""genero_acao"", ""genero_aventura"", ""genero_ficcao_cientifica"", ""genero_imax"", ""periodo_2000_2009"", ""popularidade_alta""]";7
5379;Believer, The (2001);"[""avaliacao_alta"", ""genero_drama"", ""periodo_2000_2009"", ""popularidade_baixa""]";4
5380;Importance of Being Earnest, The (2002);"[""avaliacao_media"", ""genero_comedia"", ""genero_drama"", ""genero_romance"", ""periodo_2000_2009"", ""popularidade_media""]";6
5388;Insomnia (2002);"[""avaliacao_media"", ""genero_acao"", ""genero_crime"", ""genero_drama"", ""genero_misterio"", ""genero_suspense"", ""periodo_2000_2009"", ""popularidade_media""]";8
5400;Sum of All Fears, The (2002);"[""avaliacao_baixa"", ""genero_drama"", ""genero_suspense"", ""periodo_2000_2009"", ""popularidade_media""]";5
5401;Undercover Brother (2002);"[""avaliacao_baixa"", ""genero_comedia"", ""periodo_2000_2009"", ""popularidade_baixa""]";4
5418;Bourne Identity, The (2002);"[""avaliacao_media"", ""genero_acao"", ""genero_misterio"", ""genero_suspense"", ""periodo_2000_2009"", ""popularidade_alta""]";6
5419;Scooby-Doo (2002);"[""avaliacao_baixa"", ""genero_aventura"", ""genero_comedia"", ""genero_fantasia"", ""genero_infantil"", ""genero_misterio"", ""periodo_2000_2009"", ""popularidade_media""]";8
5420;Windtalkers (2002);"[""avaliacao_baixa"", ""genero_acao"", ""genero_drama"", ""genero_guerra"", ""periodo_2000_2009"", ""popularidade_baixa""]";6
5421;Dangerous Lives of Altar Boys, The (2002);"[""avaliacao_media"", ""genero_drama"", ""periodo_2000_2009"", ""popularidade_baixa""]";4
5434;Sorry, Wrong Number (1948);"[""avaliacao_media"", ""genero_drama"", ""genero_film_noir"", ""genero_suspense"", ""periodo_antes_1950"", ""popularidade_baixa""]";6
5444;Lilo & Stitch (2002);"[""avaliacao_media"", ""genero_animacao"", ""genero_aventura"", ""genero_ficcao_cientifica"", ""genero_infantil"", ""periodo_2000_2009"", ""popularidade_media""]";7
5445;Minority Report (2002);"[""avaliacao_media"", ""genero_acao"", ""genero_crime"", ""genero_ficcao_cientifica"", ""genero_misterio"", ""genero_suspense"", ""periodo_2000_2009"", ""popularidade_alta""]";8
5446;Rabbit-Proof Fence (2002);"[""avaliacao_media"", ""genero_aventura"", ""genero_drama"", ""periodo_2000_2009"", ""popularidade_baixa""]";5
5449;Mr. Deeds (2002);"[""avaliacao_baixa"", ""genero_comedia"", ""genero_romance"", ""periodo_2000_2009"", ""popularidade_media""]";5
5450;Lovely & Amazing (2001);"[""avaliacao_media"", ""genero_comedia"", ""genero_drama"", ""genero_romance"", ""periodo_2000_2009"", ""popularidade_baixa""]";6
5451;Pumpkin (2002);"[""avaliacao_media"", ""genero_comedia"", ""genero_drama"", ""genero_romance"", ""periodo_2000_2009"", ""popularidade_baixa""]";6
5452;Look Who's Talking Now (1993);"[""avaliacao_baixa"", ""genero_comedia"", ""genero_infantil"", ""genero_romance"", ""periodo_1990_1999"", ""popularidade_baixa""]";6
5459;Men in Black II (a.k.a. MIIB) (a.k.a. MIB 2) (2002);"[""avaliacao_baixa"", ""genero_acao"", ""genero_comedia"", ""genero_ficcao_cientifica"", ""periodo_2000_2009"", ""popularidade_alta""]";6
5463;Reign of Fire (2002);"[""avaliacao_baixa"", ""genero_acao"", ""genero_aventura"", ""genero_fantasia"", ""periodo_2000_2009"", ""popularidade_media""]";6
5464;Road to Perdition (2002);"[""avaliacao_media"", ""genero_crime"", ""genero_drama"", ""periodo_2000_2009"", ""popularidade_media""]";5
5478;Eight Legged Freaks (2002);"[""avaliacao_baixa"", ""genero_acao"", ""genero_comedia"", ""genero_ficcao_cientifica"", ""genero_terror"", ""periodo_2000_2009"", ""popularidade_baixa""]";7
5479;K-19: The Widowmaker (2002);"[""avaliacao_media"", ""genero_acao"", ""genero_aventura"", ""genero_drama"", ""genero_suspense"", ""periodo_2000_2009"", ""popularidade_baixa""]";7
5480;Stuart Little 2 (2002);"[""avaliacao_baixa"", ""genero_comedia"", ""genero_infantil"", ""periodo_2000_2009"", ""popularidade_baixa""]";5
5481;Austin Powers in Goldmember (2002);"[""avaliacao_baixa"", ""genero_comedia"", ""periodo_2000_2009"", ""popularidade_alta""]";4
5500;Top Secret! (1984);"[""avaliacao_alta"", ""genero_comedia"", ""periodo_1970_1989"", ""popularidade_media""]";4
5501;Master of Disguise, The (2002);"[""avaliacao_baixa"", ""genero_comedia"", ""genero_misterio"", ""periodo_2000_2009"", ""popularidade_baixa""]";5
5502;Signs (2002);"[""avaliacao_media"", ""genero_ficcao_cientifica"", ""genero_suspense"", ""genero_terror"", ""periodo_2000_2009"", ""popularidade_alta""]";6
5504;Spy Kids 2: The Island of Lost Dreams (2002);"[""avaliacao_baixa"", ""genero_aventura"", ""genero_infantil"", ""periodo_2000_2009"", ""popularidade_baixa""]";5
5505;Good Girl, The (2002);"[""avaliacao_media"", ""genero_comedia"", ""genero_drama"", ""periodo_2000_2009"", ""popularidade_media""]";5
5507;xXx (2002);"[""avaliacao_baixa"", ""genero_acao"", ""genero_crime"", ""genero_suspense"", ""periodo_2000_2009"", ""popularidade_media""]";6
5508;24 Hour Party People (2002);"[""avaliacao_media"", ""genero_comedia"", ""genero_drama"", ""genero_musical"", ""periodo_2000_2009"", ""popularidade_baixa""]";6
5524;Blue Crush (2002);"[""avaliacao_baixa"", ""genero_aventura"", ""genero_drama"", ""genero_romance"", ""periodo_2000_2009"", ""popularidade_baixa""]";6
5528;One Hour Photo (2002);"[""avaliacao_media"", ""genero_drama"", ""genero_suspense"", ""periodo_2000_2009"", ""popularidade_media""]";5
5530;Simone (S1m0ne) (2002);"[""avaliacao_baixa"", ""genero_comedia"", ""genero_drama"", ""genero_fantasia"", ""genero_ficcao_cientifica"", ""periodo_2000_2009"", ""popularidade_baixa""]";7
5540;Clash of the Titans (1981);"[""avaliacao_media"", ""genero_acao"", ""genero_aventura"", ""genero_fantasia"", ""genero_romance"", ""periodo_1970_1989"", ""popularidade_baixa""]";7
5541;Hot Shots! (1991);"[""avaliacao_media"", ""genero_acao"", ""genero_comedia"", ""genero_guerra"", ""genero_romance"", ""periodo_1990_1999"", ""popularidade_media""]";7
5548;Down and Out in Beverly Hills (1986);"[""avaliacao_media"", ""genero_comedia"", ""periodo_1970_1989"", ""popularidade_baixa""]";4
5553;Stakeout (1987);"[""avaliacao_media"", ""genero_comedia"", ""genero_crime"", ""genero_romance"", ""genero_suspense"", ""periodo_1970_1989"", ""popularidade_baixa""]";7
5568;Johnny Dangerously (1984);"[""avaliacao_baixa"", ""genero_comedia"", ""periodo_1970_1989"", ""popularidade_baixa""]";4
5570;Thesis (Tesis) (1996);"[""avaliacao_media"", ""genero_drama"", ""genero_suspense"", ""genero_terror"", ""periodo_1990_1999"", ""popularidade_baixa""]";6
5572;Barbershop (2002);"[""avaliacao_baixa"", ""genero_comedia"", ""periodo_2000_2009"", ""popularidade_baixa""]";4
5573;Stealing Harvard (2002);"[""avaliacao_baixa"", ""genero_comedia"", ""genero_crime"", ""periodo_2000_2009"", ""popularidade_baixa""]";5
5574;Transporter, The (2002);"[""avaliacao_media"", ""genero_acao"", ""genero_crime"", ""periodo_2000_2009"", ""popularidade_media""]";5
5577;Igby Goes Down (2002);"[""avaliacao_media"", ""genero_comedia"", ""genero_drama"", ""periodo_2000_2009"", ""popularidade_media""]";5
5582;Captain Ron (1992);"[""avaliacao_baixa"", ""genero_aventura"", ""genero_comedia"", ""periodo_1990_1999"", ""popularidade_baixa""]";5
5585;Ernest Scared Stupid (1991);"[""avaliacao_baixa"", ""genero_comedia"", ""periodo_1990_1999"", ""popularidade_baixa""]";4
5608;Das Experiment (Experiment, The) (2001);"[""avaliacao_media"", ""genero_drama"", ""genero_suspense"", ""periodo_2000_2009"", ""popularidade_media""]";5
5617;Secretary (2002);"[""avaliacao_media"", ""genero_comedia"", ""genero_drama"", ""genero_romance"", ""periodo_2000_2009"", ""popularidade_media""]";6
5618;Spirited Away (Sen to Chihiro no kamikakushi) (2001);"[""avaliacao_alta"", ""genero_animacao"", ""genero_aventura"", ""genero_fantasia"", ""periodo_2000_2009"", ""popularidade_alta""]";6
5620;Sweet Home Alabama (2002);"[""avaliacao_media"", ""genero_comedia"", ""genero_romance"", ""periodo_2000_2009"", ""popularidade_media""]";5
5621;Tuxedo, The (2002);"[""avaliacao_baixa"", ""genero_acao"", ""genero_comedia"", ""periodo_2000_2009"", ""popularidade_media""]";5
5628;Wasabi (2001);"[""avaliacao_media"", ""genero_acao"", ""genero_comedia"", ""genero_crime"", ""genero_drama"", ""genero_suspense"", ""periodo_2000_2009"", ""popularidade_baixa""]";8
5630;Red Dragon (2002);"[""avaliacao_media"", ""genero_crime"", ""genero_misterio"", ""genero_suspense"", ""periodo_2000_2009"", ""popularidade_media""]";6
5632;Bloody Sunday (2002);"[""avaliacao_media"", ""genero_drama"", ""periodo_2000_2009"", ""popularidade_baixa""]";4
5650;Strange Brew (1983);"[""avaliacao_media"", ""genero_comedia"", ""periodo_1970_1989"", ""popularidade_media""]";4
5665;Knockaround Guys (2002);"[""avaliacao_baixa"", ""genero_acao"", ""genero_comedia"", ""genero_crime"", ""periodo_2000_2009"", ""popularidade_baixa""]";6
5666;Rules of Attraction, The (2002);"[""avaliacao_media"", ""genero_comedia"", ""genero_drama"", ""genero_romance"", ""genero_suspense"", ""periodo_2000_2009"", ""popularidade_baixa""]";7
5669;Bowling for Columbine (2002);"[""avaliacao_media"", ""genero_documentario"", ""periodo_2000_2009"", ""popularidade_alta""]";4
5673;Punch-Drunk Love (2002);"[""avaliacao_media"", ""genero_comedia"", ""genero_drama"", ""genero_romance"", ""periodo_2000_2009"", ""popularidade_media""]";6
5679;Ring, The (2002);"[""avaliacao_media"", ""genero_misterio"", ""genero_suspense"", ""genero_terror"", ""periodo_2000_2009"", ""popularidade_media""]";6
5690;Grave of the Fireflies (Hotaru no haka) (1988);"[""avaliacao_alta"", ""genero_animacao"", ""genero_drama"", ""genero_guerra"", ""periodo_1970_1989"", ""popularidade_media""]";6
5693;Saturday Night Fever (1977);"[""avaliacao_media"", ""genero_comedia"", ""genero_drama"", ""genero_romance"", ""periodo_1970_1989"", ""popularidade_media""]";6
5747;Gallipoli (1981);"[""avaliacao_alta"", ""genero_drama"", ""genero_guerra"", ""periodo_1970_1989"", ""popularidade_baixa""]";5
5782;Professional, The (Le professionnel) (1981);"[""avaliacao_media"", ""genero_acao"", ""genero_drama"", ""genero_suspense"", ""periodo_1970_1989"", ""popularidade_media""]";6
5784;Ghost Ship (2002);"[""avaliacao_baixa"", ""genero_terror"", ""periodo_2000_2009"", ""popularidade_baixa""]";4
5785;Jackass: The Movie (2002);"[""avaliacao_media"", ""genero_acao"", ""genero_comedia"", ""genero_documentario"", ""periodo_2000_2009"", ""popularidade_media""]";6
5791;Frida (2002);"[""avaliacao_media"", ""genero_drama"", ""genero_romance"", ""periodo_2000_2009"", ""popularidade_media""]";5
5792;Roger Dodger (2002);"[""avaliacao_media"", ""genero_comedia"", ""genero_drama"", ""periodo_2000_2009"", ""popularidade_baixa""]";5
5796;Casino Royale (1967);"[""avaliacao_baixa"", ""genero_acao"", ""genero_aventura"", ""genero_comedia"", ""periodo_1950_1969"", ""popularidade_baixa""]";6
5803;I Spy (2002);"[""avaliacao_baixa"", ""genero_acao"", ""genero_aventura"", ""genero_comedia"", ""genero_crime"", ""periodo_2000_2009"", ""popularidade_baixa""]";7
5804;Santa Clause 2, The (2002);"[""avaliacao_baixa"", ""genero_comedia"", ""genero_fantasia"", ""genero_infantil"", ""genero_romance"", ""periodo_2000_2009"", ""popularidade_baixa""]";7
5810;8 Mile (2002);"[""avaliacao_media"", ""genero_drama"", ""periodo_2000_2009"", ""popularidade_media""]";4
5812;Far from Heaven (2002);"[""avaliacao_media"", ""genero_drama"", ""genero_romance"", ""periodo_2000_2009"", ""popularidade_media""]";5
5816;Harry Potter and the Chamber of Secrets (2002);"[""avaliacao_media"", ""genero_aventura"", ""genero_fantasia"", ""periodo_2000_2009"", ""popularidade_alta""]";5
5872;Die Another Day (2002);"[""avaliacao_baixa"", ""genero_acao"", ""genero_aventura"", ""genero_suspense"", ""periodo_2000_2009"", ""popularidade_media""]";6
5874;Friday After Next (2002);"[""avaliacao_baixa"", ""genero_comedia"", ""periodo_2000_2009"", ""popularidade_baixa""]";4
5876;Quiet American, The (2002);"[""avaliacao_media"", ""genero_drama"", ""genero_guerra"", ""genero_suspense"", ""periodo_2000_2009"", ""popularidade_baixa""]";6
5878;Talk to Her (Hable con Ella) (2002);"[""avaliacao_alta"", ""genero_drama"", ""genero_romance"", ""periodo_2000_2009"", ""popularidade_media""]";5
5881;Solaris (2002);"[""avaliacao_media"", ""genero_drama"", ""genero_ficcao_cientifica"", ""genero_romance"", ""periodo_2000_2009"", ""popularidade_media""]";6
5882;Treasure Planet (2002);"[""avaliacao_media"", ""genero_animacao"", ""genero_aventura"", ""genero_ficcao_cientifica"", ""genero_imax"", ""genero_infantil"", ""periodo_2000_2009"", ""popularidade_baixa""]";8
5900;Analyze That (2002);"[""avaliacao_baixa"", ""genero_comedia"", ""genero_crime"", ""periodo_2000_2009"", ""popularidade_baixa""]";5
5902;Adaptation (2002);"[""avaliacao_media"", ""genero_comedia"", ""genero_drama"", ""genero_romance"", ""periodo_2000_2009"", ""popularidade_media""]";6
5903;Equilibrium (2002);"[""avaliacao_media"", ""genero_acao"", ""genero_ficcao_cientifica"", ""genero_suspense"", ""periodo_2000_2009"", ""popularidade_media""]";6
5909;Visitor Q (Bizita Q) (2001);"[""avaliacao_media"", ""genero_comedia"", ""genero_drama"", ""genero_terror"", ""periodo_2000_2009"", ""popularidade_baixa""]";6
5941;Drumline (2002);"[""avaliacao_baixa"", ""genero_comedia"", ""genero_drama"", ""genero_musical"", ""genero_romance"", ""periodo_2000_2009"", ""popularidade_baixa""]";7
5942;Hot Chick, The (2002);"[""avaliacao_baixa"", ""genero_comedia"", ""periodo_2000_2009"", ""popularidade_baixa""]";4
5943;Maid in Manhattan (2002);"[""avaliacao_baixa"", ""genero_comedia"", ""genero_romance"", ""periodo_2000_2009"", ""popularidade_media""]";5
5944;Star Trek: Nemesis (2002);"[""avaliacao_media"", ""genero_acao"", ""genero_drama"", ""genero_ficcao_cientifica"", ""genero_suspense"", ""periodo_2000_2009"", ""popularidade_media""]";7
5945;About Schmidt (2002);"[""avaliacao_media"", ""genero_comedia"", ""genero_drama"", ""periodo_2000_2009"", ""popularidade_media""]";5
5952;Lord of the Rings: The Two Towers, The (2002);"[""avaliacao_alta"", ""genero_aventura"", ""genero_fantasia"", ""periodo_2000_2009"", ""popularidade_alta""]";5
5954;25th Hour (2002);"[""avaliacao_media"", ""genero_crime"", ""genero_drama"", ""periodo_2000_2009"", ""popularidade_media""]";5
5955;Antwone Fisher (2002);"[""avaliacao_media"", ""genero_drama"", ""periodo_2000_2009"", ""popularidade_baixa""]";4
5956;Gangs of New York (2002);"[""avaliacao_media"", ""genero_crime"", ""genero_drama"", ""periodo_2000_2009"", ""popularidade_alta""]";5
5957;Two Weeks Notice (2002);"[""avaliacao_media"", ""genero_comedia"", ""genero_romance"", ""periodo_2000_2009"", ""popularidade_media""]";5
5959;Narc (2002);"[""avaliacao_media"", ""genero_crime"", ""genero_drama"", ""genero_suspense"", ""periodo_2000_2009"", ""popularidade_baixa""]";6
5970;My Girl (1991);"[""avaliacao_media"", ""genero_comedia"", ""genero_drama"", ""genero_romance"", ""periodo_1990_1999"", ""popularidade_media""]";6
5971;My Neighbor Totoro (Tonari no Totoro) (1988);"[""avaliacao_media"", ""genero_animacao"", ""genero_drama"", ""genero_fantasia"", ""genero_infantil"", ""periodo_1970_1989"", ""popularidade_media""]";7
5989;Catch Me If You Can (2002);"[""avaliacao_media"", ""genero_crime"", ""genero_drama"", ""periodo_2000_2009"", ""popularidade_alta""]";5
5991;Chicago (2002);"[""avaliacao_media"", ""genero_comedia"", ""genero_crime"", ""genero_drama"", ""genero_musical"", ""periodo_2000_2009"", ""popularidade_media""]";7
5992;Hours, The (2002);"[""avaliacao_media"", ""genero_drama"", ""genero_romance"", ""periodo_2000_2009"", ""popularidade_media""]";5
5993;Max (2002);"[""avaliacao_baixa"", ""genero_drama"", ""periodo_2000_2009"", ""popularidade_baixa""]";4
5995;Pianist, The (2002);"[""avaliacao_alta"", ""genero_drama"", ""genero_guerra"", ""periodo_2000_2009"", ""popularidade_media""]";5
6001;King of Comedy, The (1983);"[""avaliacao_alta"", ""genero_comedia"", ""genero_drama"", ""periodo_1970_1989"", ""popularidade_baixa""]";5
6003;Confessions of a Dangerous Mind (2002);"[""avaliacao_media"", ""genero_comedia"", ""genero_crime"", ""genero_drama"", ""genero_suspense"", ""periodo_2000_2009"", ""popularidade_media""]";7
6006;Just Married (2003);"[""avaliacao_baixa"", ""genero_comedia"", ""genero_romance"", ""periodo_2000_2009"", ""popularidade_baixa""]";5
6014;National Security (2003);"[""avaliacao_baixa"", ""genero_acao"", ""genero_comedia"", ""periodo_2000_2009"", ""popularidade_baixa""]";5
6016;City of God (Cidade de Deus) (2002);"[""avaliacao_alta"", ""genero_acao"", ""genero_aventura"", ""genero_crime"", ""genero_drama"", ""genero_suspense"", ""periodo_2000_2009"", ""popularidade_alta""]";8
6025;CB4 - The Movie (1993);"[""avaliacao_baixa"", ""genero_comedia"", ""periodo_1990_1999"", ""popularidade_baixa""]";4
6058;Final Destination 2 (2003);"[""avaliacao_media"", ""genero_suspense"", ""genero_terror"", ""periodo_2000_2009"", ""popularidade_media""]";5
6059;Recruit, The (2003);"[""avaliacao_media"", ""genero_acao"", ""genero_suspense"", ""periodo_2000_2009"", ""popularidade_media""]";5
6062;Lost in La Mancha (2002);"[""avaliacao_media"", ""genero_documentario"", ""periodo_2000_2009"", ""popularidade_baixa""]";4
6104;Monty Python Live at the Hollywood Bowl (1982);"[""avaliacao_alta"", ""genero_comedia"", ""periodo_1970_1989"", ""popularidade_baixa""]";4
6155;How to Lose a Guy in 10 Days (2003);"[""avaliacao_media"", ""genero_comedia"", ""genero_romance"", ""periodo_2000_2009"", ""popularidade_media""]";5
6156;Shanghai Knights (2003);"[""avaliacao_media"", ""genero_acao"", ""genero_aventura"", ""genero_comedia"", ""periodo_2000_2009"", ""popularidade_media""]";6
6157;Daredevil (2003);"[""avaliacao_baixa"", ""genero_acao"", ""genero_crime"", ""periodo_2000_2009"", ""popularidade_media""]";5
6166;Dennis the Menace (1993);"[""avaliacao_baixa"", ""genero_comedia"", ""periodo_1990_1999"", ""popularidade_baixa""]";4
6187;Life of David Gale, The (2003);"[""avaliacao_media"", ""genero_crime"", ""genero_drama"", ""genero_suspense"", ""periodo_2000_2009"", ""popularidade_baixa""]";6
6188;Old School (2003);"[""avaliacao_media"", ""genero_comedia"", ""periodo_2000_2009"", ""popularidade_media""]";4
6212;Bringing Down the House (2003);"[""avaliacao_baixa"", ""genero_comedia"", ""periodo_2000_2009"", ""popularidade_baixa""]";4
6213;Tears of the Sun (2003);"[""avaliacao_baixa"", ""genero_acao"", ""genero_drama"", ""genero_suspense"", ""periodo_2000_2009"", ""popularidade_baixa""]";6
6214;Irreversible (Irréversible) (2002);"[""avaliacao_media"", ""genero_crime"", ""genero_drama"", ""genero_misterio"", ""genero_suspense"", ""periodo_2000_2009"", ""popularidade_baixa""]";7
6218;Bend It Like Beckham (2002);"[""avaliacao_media"", ""genero_comedia"", ""genero_drama"", ""genero_romance"", ""periodo_2000_2009"", ""popularidade_media""]";6
6238;Green Card (1990);"[""avaliacao_baixa"", ""genero_comedia"", ""genero_drama"", ""genero_romance"", ""periodo_1990_1999"", ""popularidade_baixa""]";6
6242;Ringu (Ring) (1998);"[""avaliacao_media"", ""genero_misterio"", ""genero_suspense"", ""genero_terror"", ""periodo_1990_1999"", ""popularidade_media""]";6
6250;Dreamcatcher (2003);"[""avaliacao_baixa"", ""genero_drama"", ""genero_ficcao_cientifica"", ""genero_suspense"", ""genero_terror"", ""periodo_2000_2009"", ""popularidade_baixa""]";7
6264;Core, The (2003);"[""avaliacao_baixa"", ""genero_acao"", ""genero_drama"", ""genero_ficcao_cientifica"", ""genero_suspense"", ""periodo_2000_2009"", ""popularidade_baixa""]";7
6266;What a Girl Wants (2003);"[""avaliacao_media"", ""genero_comedia"", ""genero_drama"", ""genero_romance"", ""periodo_2000_2009"", ""popularidade_baixa""]";6
6281;Phone Booth (2002);"[""avaliacao_media"", ""genero_drama"", ""genero_suspense"", ""periodo_2000_2009"", ""popularidade_media""]";5
6283;Cowboy Bebop: The Movie (Cowboy Bebop: Tengoku no Tobira) (2001);"[""avaliacao_media"", ""genero_acao"", ""genero_animacao"", ""genero_ficcao_cientifica"", ""genero_suspense"", ""periodo_2000_2009"", ""popularidade_media""]";7
6287;Anger Management (2003);"[""avaliacao_media"", ""genero_comedia"", ""periodo_2000_2009"", ""popularidade_media""]";4
6290;House of 1000 Corpses (2003);"[""avaliacao_baixa"", ""genero_terror"", ""periodo_2000_2009"", ""popularidade_baixa""]";4
6294;Bulletproof Monk (2003);"[""avaliacao_baixa"", ""genero_acao"", ""genero_aventura"", ""genero_ficcao_cientifica"", ""periodo_2000_2009"", ""popularidade_media""]";6
6296;Mighty Wind, A (2003);"[""avaliacao_media"", ""genero_comedia"", ""genero_musical"", ""periodo_2000_2009"", ""popularidade_media""]";5
6297;Holes (2003);"[""avaliacao_media"", ""genero_aventura"", ""genero_comedia"", ""genero_infantil"", ""genero_misterio"", ""periodo_2000_2009"", ""popularidade_media""]";7
6299;Winged Migration (Peuple migrateur, Le) (2001);"[""avaliacao_media"", ""genero_documentario"", ""periodo_2000_2009"", ""popularidade_baixa""]";4
6301;Straw Dogs (1971);"[""avaliacao_alta"", ""genero_drama"", ""genero_suspense"", ""periodo_1970_1989"", ""popularidade_baixa""]";5
6303;Andromeda Strain, The (1971);"[""avaliacao_media"", ""genero_ficcao_cientifica"", ""genero_misterio"", ""periodo_1970_1989"", ""popularidade_baixa""]";5
6305;Fahrenheit 451 (1966);"[""avaliacao_media"", ""genero_drama"", ""genero_ficcao_cientifica"", ""periodo_1950_1969"", ""popularidade_media""]";5
6322;Confidence (2003);"[""avaliacao_baixa"", ""genero_crime"", ""genero_suspense"", ""periodo_2000_2009"", ""popularidade_baixa""]";5
6323;Identity (2003);"[""avaliacao_media"", ""genero_crime"", ""genero_misterio"", ""genero_suspense"", ""genero_terror"", ""periodo_2000_2009"", ""popularidade_media""]";7
6331;Spellbound (2002);"[""avaliacao_media"", ""genero_documentario"", ""periodo_2000_2009"", ""popularidade_media""]";4
6333;X2: X-Men United (2003);"[""avaliacao_media"", ""genero_acao"", ""genero_aventura"", ""genero_ficcao_cientifica"", ""genero_suspense"", ""periodo_2000_2009"", ""popularidade_alta""]";7
6338;Daddy Day Care (2003);"[""avaliacao_baixa"", ""genero_comedia"", ""genero_infantil"", ""periodo_2000_2009"", ""popularidade_baixa""]";5
6350;Laputa: Castle in the Sky (Tenkû no shiro Rapyuta) (1986);"[""avaliacao_alta"", ""genero_acao"", ""genero_animacao"", ""genero_aventura"", ""genero_fantasia"", ""genero_ficcao_cientifica"", ""genero_infantil"", ""periodo_1970_1989"", ""popularidade_media""]";9
6365;Matrix Reloaded, The (2003);"[""avaliacao_media"", ""genero_acao"", ""genero_aventura"", ""genero_ficcao_cientifica"", ""genero_imax"", ""genero_suspense"", ""periodo_2000_2009"", ""popularidade_alta""]";8
6367;Down with Love (2003);"[""avaliacao_baixa"", ""genero_comedia"", ""genero_romance"", ""periodo_2000_2009"", ""popularidade_media""]";5
6370;Spanish Apartment, The (L'auberge espagnole) (2002);"[""avaliacao_alta"", ""genero_comedia"", ""genero_drama"", ""genero_romance"", ""periodo_2000_2009"", ""popularidade_baixa""]";6
6373;Bruce Almighty (2003);"[""avaliacao_media"", ""genero_comedia"", ""genero_drama"", ""genero_fantasia"", ""genero_romance"", ""periodo_2000_2009"", ""popularidade_alta""]";7
6377;Finding Nemo (2003);"[""avaliacao_media"", ""genero_animacao"", ""genero_aventura"", ""genero_comedia"", ""genero_infantil"", ""periodo_2000_2009"", ""popularidade_alta""]";7
6378;Italian Job, The (2003);"[""avaliacao_media"", ""genero_acao"", ""genero_crime"", ""periodo_2000_2009"", ""popularidade_alta""]";5
6380;Capturing the Friedmans (2003);"[""avaliacao_media"", ""genero_documentario"", ""periodo_2000_2009"", ""popularidade_baixa""]";4
6383;2 Fast 2 Furious (Fast and the Furious 2, The) (2003);"[""avaliacao_baixa"", ""genero_acao"", ""genero_crime"", ""genero_suspense"", ""periodo_2000_2009"", ""popularidade_media""]";6
6385;Whale Rider (2002);"[""avaliacao_media"", ""genero_drama"", ""periodo_2000_2009"", ""popularidade_media""]";4
6440;Barton Fink (1991);"[""avaliacao_alta"", ""genero_drama"", ""genero_suspense"", ""periodo_1990_1999"", ""popularidade_media""]";5
6460;Trial, The (Procès, Le) (1962);"[""avaliacao_alta"", ""genero_drama"", ""periodo_1950_1969"", ""popularidade_baixa""]";4
6461;Unforgiven, The (1960);"[""avaliacao_media"", ""genero_drama"", ""genero_faroeste"", ""periodo_1950_1969"", ""popularidade_baixa""]";5
6482;Dumb and Dumberer: When Harry Met Lloyd (2003);"[""avaliacao_baixa"", ""genero_comedia"", ""periodo_2000_2009"", ""popularidade_media""]";4
6484;Hollywood Homicide (2003);"[""avaliacao_baixa"", ""genero_acao"", ""genero_crime"", ""genero_drama"", ""periodo_2000_2009"", ""popularidade_baixa""]";6
6502;28 Days Later (2002);"[""avaliacao_media"", ""genero_acao"", ""genero_ficcao_cientifica"", ""genero_terror"", ""periodo_2000_2009"", ""popularidade_alta""]";6
6503;Charlie's Angels: Full Throttle (2003);"[""avaliacao_baixa"", ""genero_acao"", ""genero_aventura"", ""genero_comedia"", ""genero_crime"", ""genero_suspense"", ""periodo_2000_2009"", ""popularidade_media""]";8
6534;Hulk (2003);"[""avaliacao_baixa"", ""genero_acao"", ""genero_aventura"", ""genero_ficcao_cientifica"", ""periodo_2000_2009"", ""popularidade_media""]";6
6535;Legally Blonde 2: Red, White & Blonde (2003);"[""avaliacao_baixa"", ""genero_comedia"", ""periodo_2000_2009"", ""popularidade_media""]";4
6536;Sinbad: Legend of the Seven Seas (2003);"[""avaliacao_media"", ""genero_animacao"", ""genero_aventura"", ""genero_fantasia"", ""genero_infantil"", ""periodo_2000_2009"", ""popularidade_baixa""]";7
6537;Terminator 3: Rise of the Machines (2003);"[""avaliacao_media"", ""genero_acao"", ""genero_aventura"", ""genero_ficcao_cientifica"", ""periodo_2000_2009"", ""popularidade_media""]";6
6538;Swimming Pool (2003);"[""avaliacao_media"", ""genero_drama"", ""genero_misterio"", ""genero_suspense"", ""periodo_2000_2009"", ""popularidade_baixa""]";6
6539;Pirates of the Caribbean: The Curse of the Black Pearl (2003);"[""avaliacao_media"", ""genero_acao"", ""genero_aventura"", ""genero_comedia"", ""genero_fantasia"", ""periodo_2000_2009"", ""popularidade_alta""]";7
6541;League of Extraordinary Gentlemen, The (a.k.a. LXG) (2003);"[""avaliacao_baixa"", ""genero_acao"", ""genero_fantasia"", ""genero_ficcao_cientifica"", ""periodo_2000_2009"", ""popularidade_media""]";6
6548;Bad Boys II (2003);"[""avaliacao_baixa"", ""genero_acao"", ""genero_comedia"", ""genero_crime"", ""genero_suspense"", ""periodo_2000_2009"", ""popularidade_media""]";7
6550;Johnny English (2003);"[""avaliacao_baixa"", ""genero_acao"", ""genero_comedia"", ""genero_suspense"", ""periodo_2000_2009"", ""popularidade_media""]";6
6552;Dirty Pretty Things (2002);"[""avaliacao_media"", ""genero_crime"", ""genero_drama"", ""genero_suspense"", ""periodo_2000_2009"", ""popularidade_media""]";6
6564;Lara Croft Tomb Raider: The Cradle of Life (2003);"[""avaliacao_baixa"", ""genero_acao"", ""genero_aventura"", ""genero_comedia"", ""genero_romance"", ""genero_suspense"", ""periodo_2000_2009"", ""popularidade_media""]";8
6565;Seabiscuit (2003);"[""avaliacao_media"", ""genero_drama"", ""periodo_2000_2009"", ""popularidade_media""]";4
6586;American Wedding (American Pie 3) (2003);"[""avaliacao_media"", ""genero_comedia"", ""periodo_2000_2009"", ""popularidade_media""]";4
6591;Magdalene Sisters, The (2002);"[""avaliacao_alta"", ""genero_drama"", ""periodo_2000_2009"", ""popularidade_baixa""]";4
6593;Freaky Friday (2003);"[""avaliacao_media"", ""genero_comedia"", ""genero_fantasia"", ""genero_infantil"", ""periodo_2000_2009"", ""popularidade_media""]";6
6595;S.W.A.T. (2003);"[""avaliacao_media"", ""genero_acao"", ""genero_suspense"", ""periodo_2000_2009"", ""popularidade_media""]";5
6615;Freddy vs. Jason (2003);"[""avaliacao_baixa"", ""genero_acao"", ""genero_suspense"", ""genero_terror"", ""periodo_2000_2009"", ""popularidade_baixa""]";6
6617;Open Range (2003);"[""avaliacao_media"", ""genero_faroeste"", ""periodo_2000_2009"", ""popularidade_baixa""]";4
6618;Shaolin Soccer (Siu lam juk kau) (2001);"[""avaliacao_media"", ""genero_acao"", ""genero_comedia"", ""periodo_2000_2009"", ""popularidade_media""]";5
6619;Uptown Girls (2003);"[""avaliacao_baixa"", ""genero_comedia"", ""periodo_2000_2009"", ""popularidade_baixa""]";4
6620;American Splendor (2003);"[""avaliacao_media"", ""genero_comedia"", ""genero_drama"", ""periodo_2000_2009"", ""popularidade_media""]";5
6624;Agent Cody Banks (2003);"[""avaliacao_baixa"", ""genero_acao"", ""genero_aventura"", ""genero_fantasia"", ""genero_infantil"", ""periodo_2000_2009"", ""popularidade_baixa""]";7
6639;Wait Until Dark (1967);"[""avaliacao_media"", ""genero_drama"", ""genero_suspense"", ""periodo_1950_1969"", ""popularidade_baixa""]";5
6645;THX 1138 (1971);"[""avaliacao_media"", ""genero_acao"", ""genero_aventura"", ""genero_drama"", ""genero_ficcao_cientifica"", ""periodo_1970_1989"", ""popularidade_baixa""]";7
6659;Tremors (1990);"[""avaliacao_media"", ""genero_comedia"", ""genero_ficcao_cientifica"", ""genero_terror"", ""periodo_1990_1999"", ""popularidade_media""]";6
6662;Pink Panther, The (1963);"[""avaliacao_media"", ""genero_comedia"", ""genero_crime"", ""periodo_1950_1969"", ""popularidade_media""]";5
6663;Pink Panther Strikes Again, The (1976);"[""avaliacao_media"", ""genero_comedia"", ""genero_crime"", ""periodo_1970_1989"", ""popularidade_baixa""]";5
6664;Commando (1985);"[""avaliacao_media"", ""genero_acao"", ""genero_aventura"", ""periodo_1970_1989"", ""popularidade_baixa""]";5
6666;Discreet Charm of the Bourgeoisie, The (Charme discret de la bourgeoisie, Le) (1972);"[""avaliacao_alta"", ""genero_comedia"", ""genero_drama"", ""genero_fantasia"", ""periodo_1970_1989"", ""popularidade_baixa""]";6
6669;Ikiru (1952);"[""avaliacao_media"", ""genero_drama"", ""periodo_1950_1969"", ""popularidade_baixa""]";4
6686;Medallion, The (2003);"[""avaliacao_baixa"", ""genero_acao"", ""genero_comedia"", ""genero_crime"", ""genero_fantasia"", ""periodo_2000_2009"", ""popularidade_baixa""]";7
6702;Dickie Roberts: Former Child Star (2003);"[""avaliacao_baixa"", ""genero_comedia"", ""periodo_2000_2009"", ""popularidade_baixa""]";4
6707;Cabin Fever (2002);"[""avaliacao_baixa"", ""genero_suspense"", ""genero_terror"", ""periodo_2000_2009"", ""popularidade_baixa""]";5
6708;Matchstick Men (2003);"[""avaliacao_media"", ""genero_comedia"", ""genero_crime"", ""genero_drama"", ""periodo_2000_2009"", ""popularidade_media""]";6
6709;Once Upon a Time in Mexico (2003);"[""avaliacao_media"", ""genero_acao"", ""genero_aventura"", ""genero_crime"", ""genero_suspense"", ""periodo_2000_2009"", ""popularidade_media""]";7
6711;Lost in Translation (2003);"[""avaliacao_alta"", ""genero_comedia"", ""genero_drama"", ""genero_romance"", ""periodo_2000_2009"", ""popularidade_alta""]";6
6713;Millennium Actress (Sennen joyû) (2001);"[""avaliacao_media"", ""genero_animacao"", ""genero_drama"", ""genero_romance"", ""periodo_2000_2009"", ""popularidade_baixa""]";6
6721;Once Upon a Time in China (Wong Fei Hung) (1991);"[""avaliacao_media"", ""genero_acao"", ""genero_aventura"", ""genero_drama"", ""periodo_1990_1999"", ""popularidade_baixa""]";6
6724;Paper Moon (1973);"[""avaliacao_media"", ""genero_comedia"", ""genero_crime"", ""genero_drama"", ""periodo_1970_1989"", ""popularidade_baixa""]";6
6731;Day of the Dead (1985);"[""avaliacao_media"", ""genero_ficcao_cientifica"", ""genero_suspense"", ""genero_terror"", ""periodo_1970_1989"", ""popularidade_baixa""]";6
6753;Secondhand Lions (2003);"[""avaliacao_media"", ""genero_comedia"", ""genero_drama"", ""genero_infantil"", ""periodo_2000_2009"", ""popularidade_media""]";6
6754;Underworld (2003);"[""avaliacao_media"", ""genero_acao"", ""genero_fantasia"", ""genero_terror"", ""periodo_2000_2009"", ""popularidade_media""]";6
6755;Bubba Ho-tep (2002);"[""avaliacao_media"", ""genero_comedia"", ""genero_terror"", ""periodo_2000_2009"", ""popularidade_media""]";5
6763;Duplex (2003);"[""avaliacao_baixa"", ""genero_comedia"", ""genero_crime"", ""periodo_2000_2009"", ""popularidade_baixa""]";5
6764;Rundown, The (2003);"[""avaliacao_media"", ""genero_acao"", ""genero_aventura"", ""genero_comedia"", ""periodo_2000_2009"", ""popularidade_media""]";6
6765;Under the Tuscan Sun (2003);"[""avaliacao_media"", ""genero_comedia"", ""genero_drama"", ""genero_romance"", ""periodo_2000_2009"", ""popularidade_baixa""]";6
6773;Triplets of Belleville, The (Les triplettes de Belleville) (2003);"[""avaliacao_media"", ""genero_animacao"", ""genero_comedia"", ""genero_fantasia"", ""periodo_2000_2009"", ""popularidade_media""]";6
6774;Videodrome (1983);"[""avaliacao_media"", ""genero_fantasia"", ""genero_ficcao_cientifica"", ""genero_suspense"", ""genero_terror"", ""periodo_1970_1989"", ""popularidade_baixa""]";7
6777;Judgment at Nuremberg (1961);"[""avaliacao_media"", ""genero_drama"", ""periodo_1950_1969"", ""popularidade_baixa""]";4
6787;All the President's Men (1976);"[""avaliacao_alta"", ""genero_drama"", ""genero_suspense"", ""periodo_1970_1989"", ""popularidade_media""]";5
6791;Babette's Feast (Babettes gæstebud) (1987);"[""avaliacao_alta"", ""genero_drama"", ""periodo_1970_1989"", ""popularidade_baixa""]";4
6793;Beethoven (1992);"[""avaliacao_baixa"", ""genero_comedia"", ""genero_drama"", ""genero_infantil"", ""periodo_1990_1999"", ""popularidade_media""]";6
6794;Beethoven's 2nd (1993);"[""avaliacao_baixa"", ""genero_comedia"", ""genero_infantil"", ""periodo_1990_1999"", ""popularidade_baixa""]";5
6796;Boyz N the Hood (1991);"[""avaliacao_media"", ""genero_crime"", ""genero_drama"", ""periodo_1990_1999"", ""popularidade_media""]";5
6807;Monty Python's The Meaning of Life (1983);"[""avaliacao_media"", ""genero_comedia"", ""periodo_1970_1989"", ""popularidade_media""]";4
6810;Sleeping with the Enemy (1991);"[""avaliacao_baixa"", ""genero_drama"", ""genero_suspense"", ""periodo_1990_1999"", ""popularidade_baixa""]";5
6811;PCU (1994);"[""avaliacao_baixa"", ""genero_comedia"", ""periodo_1990_1999"", ""popularidade_baixa""]";4
6820;Ginger Snaps (2000);"[""avaliacao_alta"", ""genero_drama"", ""genero_suspense"", ""genero_terror"", ""periodo_2000_2009"", ""popularidade_baixa""]";6
6832;Regarding Henry (1991);"[""avaliacao_media"", ""genero_drama"", ""periodo_1990_1999"", ""popularidade_baixa""]";4
6857;Ninja Scroll (Jûbei ninpûchô) (1995);"[""avaliacao_media"", ""genero_acao"", ""genero_animacao"", ""genero_aventura"", ""genero_fantasia"", ""periodo_1990_1999"", ""popularidade_media""]";7
6863;School of Rock (2003);"[""avaliacao_media"", ""genero_comedia"", ""genero_musical"", ""periodo_2000_2009"", ""popularidade_alta""]";5
6867;Station Agent, The (2003);"[""avaliacao_media"", ""genero_comedia"", ""genero_drama"", ""periodo_2000_2009"", ""popularidade_media""]";5
6868;Wonderland (2003);"[""avaliacao_media"", ""genero_crime"", ""genero_drama"", ""genero_misterio"", ""genero_suspense"", ""periodo_2000_2009"", ""popularidade_baixa""]";7
6870;Mystic River (2003);"[""avaliacao_media"", ""genero_crime"", ""genero_drama"", ""genero_misterio"", ""periodo_2000_2009"", ""popularidade_alta""]";6
6873;Intolerable Cruelty (2003);"[""avaliacao_media"", ""genero_comedia"", ""genero_romance"", ""periodo_2000_2009"", ""popularidade_media""]";5
6874;Kill Bill: Vol. 1 (2003);"[""avaliacao_media"", ""genero_acao"", ""genero_crime"", ""genero_suspense"", ""periodo_2000_2009"", ""popularidade_alta""]";6
6879;Runaway Jury (2003);"[""avaliacao_media"", ""genero_drama"", ""genero_suspense"", ""periodo_2000_2009"", ""popularidade_media""]";5
6880;Texas Chainsaw Massacre, The (2003);"[""avaliacao_baixa"", ""genero_terror"", ""periodo_2000_2009"", ""popularidade_baixa""]";4
6881;Pieces of April (2003);"[""avaliacao_media"", ""genero_comedia"", ""genero_drama"", ""periodo_2000_2009"", ""popularidade_baixa""]";5
6887;Radio (2003);"[""avaliacao_alta"", ""genero_drama"", ""periodo_2000_2009"", ""popularidade_baixa""]";4
6888;Scary Movie 3 (2003);"[""avaliacao_baixa"", ""genero_comedia"", ""genero_terror"", ""periodo_2000_2009"", ""popularidade_media""]";5
6890;Elephant (2003);"[""avaliacao_media"", ""genero_drama"", ""periodo_2000_2009"", ""popularidade_baixa""]";4
6893;Italian Job, The (1969);"[""avaliacao_media"", ""genero_acao"", ""genero_comedia"", ""genero_crime"", ""periodo_1950_1969"", ""popularidade_media""]";6
6932;Shattered Glass (2003);"[""avaliacao_media"", ""genero_crime"", ""genero_drama"", ""periodo_2000_2009"", ""popularidade_baixa""]";5
6934;Matrix Revolutions, The (2003);"[""avaliacao_media"", ""genero_acao"", ""genero_aventura"", ""genero_ficcao_cientifica"", ""genero_imax"", ""genero_suspense"", ""periodo_2000_2009"", ""popularidade_alta""]";8
6936;Elf (2003);"[""avaliacao_media"", ""genero_comedia"", ""genero_fantasia"", ""genero_infantil"", ""periodo_2000_2009"", ""popularidade_media""]";6
6942;Love Actually (2003);"[""avaliacao_media"", ""genero_comedia"", ""genero_drama"", ""genero_romance"", ""periodo_2000_2009"", ""popularidade_alta""]";6
6944;Father of the Bride (1991);"[""avaliacao_media"", ""genero_comedia"", ""periodo_1990_1999"", ""popularidade_media""]";4
6947;Master and Commander: The Far Side of the World (2003);"[""avaliacao_media"", ""genero_aventura"", ""genero_drama"", ""genero_guerra"", ""periodo_2000_2009"", ""popularidade_media""]";6
6951;Cat in the Hat, The (2003);"[""avaliacao_baixa"", ""genero_comedia"", ""genero_infantil"", ""periodo_2000_2009"", ""popularidade_baixa""]";5
6952;Gothika (2003);"[""avaliacao_media"", ""genero_suspense"", ""genero_terror"", ""periodo_2000_2009"", ""popularidade_baixa""]";5
6953;21 Grams (2003);"[""avaliacao_media"", ""genero_crime"", ""genero_drama"", ""genero_misterio"", ""genero_romance"", ""genero_suspense"", ""periodo_2000_2009"", ""popularidade_media""]";8
6957;Bad Santa (2003);"[""avaliacao_media"", ""genero_comedia"", ""genero_crime"", ""periodo_2000_2009"", ""popularidade_media""]";5
6958;Haunted Mansion, The (2003);"[""avaliacao_baixa"", ""genero_comedia"", ""genero_fantasia"", ""genero_infantil"", ""genero_terror"", ""periodo_2000_2009"", ""popularidade_media""]";7
6974;Freshman, The (1990);"[""avaliacao_media"", ""genero_comedia"", ""genero_crime"", ""periodo_1990_1999"", ""popularidade_baixa""]";5
6975;Funny Games (1997);"[""avaliacao_media"", ""genero_drama"", ""genero_suspense"", ""genero_terror"", ""periodo_1990_1999"", ""popularidade_baixa""]";6
6979;WarGames (1983);"[""avaliacao_media"", ""genero_drama"", ""genero_ficcao_cientifica"", ""genero_suspense"", ""periodo_1970_1989"", ""popularidade_media""]";6
6985;Passion of Joan of Arc, The (Passion de Jeanne d'Arc, La) (1928);"[""avaliacao_media"", ""genero_drama"", ""periodo_antes_1950"", ""popularidade_baixa""]";4
6987;Cabinet of Dr. Caligari, The (Cabinet des Dr. Caligari., Das) (1920);"[""avaliacao_media"", ""genero_crime"", ""genero_fantasia"", ""genero_terror"", ""periodo_antes_1950"", ""popularidade_baixa""]";6
6993;Hannah and Her Sisters (1986);"[""avaliacao_media"", ""genero_comedia"", ""genero_drama"", ""genero_romance"", ""periodo_1970_1989"", ""popularidade_media""]";6
6996;Highlander II: The Quickening (1991);"[""avaliacao_baixa"", ""genero_acao"", ""genero_ficcao_cientifica"", ""periodo_1990_1999"", ""popularidade_baixa""]";5
7001;Invasion of the Body Snatchers (1978);"[""avaliacao_media"", ""genero_ficcao_cientifica"", ""genero_misterio"", ""genero_suspense"", ""genero_terror"", ""periodo_1970_1989"", ""popularidade_baixa""]";7
7004;Kindergarten Cop (1990);"[""avaliacao_baixa"", ""genero_acao"", ""genero_comedia"", ""genero_crime"", ""genero_suspense"", ""periodo_1990_1999"", ""popularidade_media""]";7
7007;Last Boy Scout, The (1991);"[""avaliacao_media"", ""genero_acao"", ""genero_comedia"", ""genero_crime"", ""genero_drama"", ""genero_suspense"", ""periodo_1990_1999"", ""popularidade_baixa""]";8
7008;Last Tango in Paris (Ultimo tango a Parigi) (1972);"[""avaliacao_alta"", ""genero_drama"", ""genero_romance"", ""periodo_1970_1989"", ""popularidade_baixa""]";5
7013;Night of the Hunter, The (1955);"[""avaliacao_alta"", ""genero_drama"", ""genero_film_noir"", ""genero_suspense"", ""periodo_1950_1969"", ""popularidade_baixa""]";6
7018;Presumed Innocent (1990);"[""avaliacao_media"", ""genero_crime"", ""genero_drama"", ""genero_suspense"", ""periodo_1990_1999"", ""popularidade_baixa""]";6
7022;Battle Royale (Batoru rowaiaru) (2000);"[""avaliacao_media"", ""genero_acao"", ""genero_drama"", ""genero_suspense"", ""genero_terror"", ""periodo_2000_2009"", ""popularidade_media""]";7
7027;Silverado (1985);"[""avaliacao_media"", ""genero_acao"", ""genero_faroeste"", ""periodo_1970_1989"", ""popularidade_baixa""]";5
7028;Quick Change (1990);"[""avaliacao_media"", ""genero_comedia"", ""genero_crime"", ""periodo_1990_1999"", ""popularidade_baixa""]";5
7034;Show Me Love (Fucking Åmål) (1998);"[""avaliacao_media"", ""genero_drama"", ""genero_romance"", ""periodo_1990_1999"", ""popularidade_baixa""]";5
7036;Teen Wolf (1985);"[""avaliacao_media"", ""genero_comedia"", ""genero_fantasia"", ""periodo_1970_1989"", ""popularidade_baixa""]";5
7044;Wild at Heart (1990);"[""avaliacao_media"", ""genero_crime"", ""genero_drama"", ""genero_misterio"", ""genero_romance"", ""genero_suspense"", ""periodo_1990_1999"", ""popularidade_baixa""]";8
7046;Witches of Eastwick, The (1987);"[""avaliacao_baixa"", ""genero_comedia"", ""genero_fantasia"", ""genero_suspense"", ""genero_terror"", ""periodo_1970_1989"", ""popularidade_media""]";7
7063;Aguirre: The Wrath of God (Aguirre, der Zorn Gottes) (1972);"[""avaliacao_alta"", ""genero_aventura"", ""genero_drama"", ""periodo_1970_1989"", ""popularidade_baixa""]";5
7064;Beauty and the Beast (La belle et la bête) (1946);"[""avaliacao_media"", ""genero_drama"", ""genero_fantasia"", ""periodo_antes_1950"", ""popularidade_baixa""]";5
7076;Bullitt (1968);"[""avaliacao_media"", ""genero_acao"", ""genero_crime"", ""genero_drama"", ""genero_suspense"", ""periodo_1950_1969"", ""popularidade_baixa""]";7
7090;Hero (Ying xiong) (2002);"[""avaliacao_media"", ""genero_acao"", ""genero_aventura"", ""genero_drama"", ""periodo_2000_2009"", ""popularidade_media""]";6
7099;Nausicaä of the Valley of the Wind (Kaze no tani no Naushika) (1984);"[""avaliacao_alta"", ""genero_animacao"", ""genero_aventura"", ""genero_drama"", ""genero_fantasia"", ""genero_ficcao_cientifica"", ""periodo_1970_1989"", ""popularidade_media""]";8
7101;Doc Hollywood (1991);"[""avaliacao_media"", ""genero_comedia"", ""genero_romance"", ""periodo_1990_1999"", ""popularidade_baixa""]";5
7115;Deep Red (Profondo rosso) (1975);"[""avaliacao_baixa"", ""genero_misterio"", ""genero_suspense"", ""genero_terror"", ""periodo_1970_1989"", ""popularidade_baixa""]";6
7117;Leprechaun (1993);"[""avaliacao_baixa"", ""genero_comedia"", ""genero_terror"", ""periodo_1990_1999"", ""popularidade_baixa""]";5
7123;Naked Lunch (1991);"[""avaliacao_media"", ""genero_drama"", ""genero_fantasia"", ""genero_ficcao_cientifica"", ""genero_misterio"", ""periodo_1990_1999"", ""popularidade_baixa""]";7
7132;Night at the Opera, A (1935);"[""avaliacao_alta"", ""genero_comedia"", ""genero_musical"", ""genero_romance"", ""periodo_antes_1950"", ""popularidade_baixa""]";6
7137;Cooler, The (2003);"[""avaliacao_media"", ""genero_comedia"", ""genero_drama"", ""genero_romance"", ""periodo_2000_2009"", ""popularidade_media""]";6
7139;In America (2002);"[""avaliacao_media"", ""genero_drama"", ""genero_romance"", ""periodo_2000_2009"", ""popularidade_baixa""]";5
7143;Last Samurai, The (2003);"[""avaliacao_media"", ""genero_acao"", ""genero_aventura"", ""genero_drama"", ""genero_guerra"", ""periodo_2000_2009"", ""popularidade_alta""]";7
7147;Big Fish (2003);"[""avaliacao_media"", ""genero_drama"", ""genero_fantasia"", ""genero_romance"", ""periodo_2000_2009"", ""popularidade_alta""]";6
7149;Something's Gotta Give (2003);"[""avaliacao_media"", ""genero_comedia"", ""genero_drama"", ""genero_romance"", ""periodo_2000_2009"", ""popularidade_media""]";6
7150;Stuck on You (2003);"[""avaliacao_baixa"", ""genero_comedia"", ""periodo_2000_2009"", ""popularidade_media""]";4
7151;Girl with a Pearl Earring (2003);"[""avaliacao_media"", ""genero_drama"", ""genero_romance"", ""periodo_2000_2009"", ""popularidade_media""]";5
7153;Lord of the Rings: The Return of the King, The (2003);"[""avaliacao_alta"", ""genero_acao"", ""genero_aventura"", ""genero_drama"", ""genero_fantasia"", ""periodo_2000_2009"", ""popularidade_alta""]";7
7154;Mona Lisa Smile (2003);"[""avaliacao_baixa"", ""genero_drama"", ""genero_romance"", ""periodo_2000_2009"", ""popularidade_media""]";5
7155;Calendar Girls (2003);"[""avaliacao_baixa"", ""genero_comedia"", ""periodo_2000_2009"", ""popularidade_baixa""]";4
7156;Fog of War: Eleven Lessons from the Life of Robert S. McNamara, The (2003);"[""avaliacao_alta"", ""genero_documentario"", ""genero_guerra"", ""periodo_2000_2009"", ""popularidade_media""]";5
7158;House of Sand and Fog (2003);"[""avaliacao_media"", ""genero_drama"", ""periodo_2000_2009"", ""popularidade_baixa""]";4
7160;Monster (2003);"[""avaliacao_media"", ""genero_crime"", ""genero_drama"", ""periodo_2000_2009"", ""popularidade_media""]";5
7161;Cheaper by the Dozen (2003);"[""avaliacao_baixa"", ""genero_comedia"", ""genero_infantil"", ""periodo_2000_2009"", ""popularidade_baixa""]";5
7162;Cold Mountain (2003);"[""avaliacao_media"", ""genero_drama"", ""genero_guerra"", ""genero_romance"", ""periodo_2000_2009"", ""popularidade_media""]";6
7163;Paycheck (2003);"[""avaliacao_baixa"", ""genero_acao"", ""genero_ficcao_cientifica"", ""genero_suspense"", ""periodo_2000_2009"", ""popularidade_media""]";6
7164;Peter Pan (2003);"[""avaliacao_media"", ""genero_acao"", ""genero_aventura"", ""genero_fantasia"", ""genero_infantil"", ""periodo_2000_2009"", ""popularidade_baixa""]";7
7169;Chasing Liberty (2004);"[""avaliacao_media"", ""genero_comedia"", ""genero_romance"", ""periodo_2000_2009"", ""popularidade_baixa""]";5
7173;Along Came Polly (2004);"[""avaliacao_media"", ""genero_comedia"", ""genero_romance"", ""periodo_2000_2009"", ""popularidade_media""]";5
7234;Strada, La (1954);"[""avaliacao_alta"", ""genero_drama"", ""periodo_1950_1969"", ""popularidade_baixa""]";4
7235;Ichi the Killer (Koroshiya 1) (2001);"[""avaliacao_media"", ""genero_acao"", ""genero_comedia"", ""genero_crime"", ""genero_drama"", ""genero_suspense"", ""genero_terror"", ""periodo_2000_2009"", ""popularidade_baixa""]";9
7247;Chitty Chitty Bang Bang (1968);"[""avaliacao_media"", ""genero_aventura"", ""genero_comedia"", ""genero_fantasia"", ""genero_infantil"", ""genero_musical"", ""periodo_1950_1969"", ""popularidade_media""]";8
7254;The Butterfly Effect (2004);"[""avaliacao_media"", ""genero_drama"", ""genero_ficcao_cientifica"", ""genero_suspense"", ""periodo_2000_2009"", ""popularidade_media""]";6
7255;Win a Date with Tad Hamilton! (2004);"[""avaliacao_baixa"", ""genero_comedia"", ""genero_romance"", ""periodo_2000_2009"", ""popularidade_baixa""]";5
7256;Touching the Void (2003);"[""avaliacao_alta"", ""genero_aventura"", ""genero_documentario"", ""periodo_2000_2009"", ""popularidade_baixa""]";5
7263;Miracle (2004);"[""avaliacao_media"", ""genero_drama"", ""periodo_2000_2009"", ""popularidade_media""]";4
7265;Dreamers, The (2003);"[""avaliacao_media"", ""genero_drama"", ""periodo_2000_2009"", ""popularidade_media""]";4
7285;Thirteen (2003);"[""avaliacao_media"", ""genero_drama"", ""periodo_2000_2009"", ""popularidade_baixa""]";4
7293;50 First Dates (2004);"[""avaliacao_media"", ""genero_comedia"", ""genero_romance"", ""periodo_2000_2009"", ""popularidade_media""]";5
7317;EuroTrip (2004);"[""avaliacao_media"", ""genero_aventura"", ""genero_comedia"", ""periodo_2000_2009"", ""popularidade_media""]";5
7318;Passion of the Christ, The (2004);"[""avaliacao_baixa"", ""genero_drama"", ""periodo_2000_2009"", ""popularidade_media""]";4
7319;Club Dread (2004);"[""avaliacao_baixa"", ""genero_comedia"", ""genero_terror"", ""periodo_2000_2009"", ""popularidade_baixa""]";5
7320;Dirty Dancing: Havana Nights (2004);"[""avaliacao_media"", ""genero_romance"", ""periodo_2000_2009"", ""popularidade_baixa""]";4
7323;Good bye, Lenin! (2003);"[""avaliacao_media"", ""genero_comedia"", ""genero_drama"", ""periodo_2000_2009"", ""popularidade_media""]";5
7324;Hidalgo (2004);"[""avaliacao_media"", ""genero_aventura"", ""genero_drama"", ""periodo_2000_2009"", ""popularidade_media""]";5
7325;Starsky & Hutch (2004);"[""avaliacao_media"", ""genero_acao"", ""genero_comedia"", ""genero_crime"", ""genero_suspense"", ""periodo_2000_2009"", ""popularidade_media""]";7
7327;Persona (1966);"[""avaliacao_media"", ""genero_drama"", ""periodo_1950_1969"", ""popularidade_baixa""]";4
7346;Girl Next Door, The (2004);"[""avaliacao_media"", ""genero_comedia"", ""genero_romance"", ""periodo_2000_2009"", ""popularidade_media""]";5
7347;Secret Window (2004);"[""avaliacao_media"", ""genero_misterio"", ""genero_suspense"", ""periodo_2000_2009"", ""popularidade_media""]";5
7360;Dawn of the Dead (2004);"[""avaliacao_media"", ""genero_acao"", ""genero_drama"", ""genero_suspense"", ""genero_terror"", ""periodo_2000_2009"", ""popularidade_media""]";7
7361;Eternal Sunshine of the Spotless Mind (2004);"[""avaliacao_alta"", ""genero_drama"", ""genero_ficcao_cientifica"", ""genero_romance"", ""periodo_2000_2009"", ""popularidade_alta""]";6
7366;Jersey Girl (2004);"[""avaliacao_baixa"", ""genero_comedia"", ""genero_drama"", ""genero_romance"", ""periodo_2000_2009"", ""popularidade_baixa""]";6
7367;Ladykillers, The (2004);"[""avaliacao_baixa"", ""genero_comedia"", ""genero_crime"", ""periodo_2000_2009"", ""popularidade_media""]";5
7371;Dogville (2003);"[""avaliacao_alta"", ""genero_drama"", ""genero_misterio"", ""genero_suspense"", ""periodo_2000_2009"", ""popularidade_media""]";6
7373;Hellboy (2004);"[""avaliacao_media"", ""genero_acao"", ""genero_aventura"", ""genero_fantasia"", ""genero_terror"", ""periodo_2000_2009"", ""popularidade_media""]";7
7375;Prince & Me, The (2004);"[""avaliacao_media"", ""genero_comedia"", ""genero_romance"", ""periodo_2000_2009"", ""popularidade_baixa""]";5
7376;Walking Tall (2004);"[""avaliacao_media"", ""genero_acao"", ""periodo_2000_2009"", ""popularidade_baixa""]";4
7379;The Alamo (2004);"[""avaliacao_media"", ""genero_drama"", ""genero_faroeste"", ""genero_guerra"", ""periodo_2000_2009"", ""popularidade_baixa""]";6
7380;Ella Enchanted (2004);"[""avaliacao_media"", ""genero_comedia"", ""genero_fantasia"", ""genero_romance"", ""periodo_2000_2009"", ""popularidade_baixa""]";6
7381;Whole Ten Yards, The (2004);"[""avaliacao_media"", ""genero_acao"", ""genero_comedia"", ""genero_crime"", ""periodo_2000_2009"", ""popularidade_baixa""]";6
7387;Dawn of the Dead (1978);"[""avaliacao_media"", ""genero_acao"", ""genero_drama"", ""genero_terror"", ""periodo_1970_1989"", ""popularidade_media""]";6
7396;Scenes From a Marriage (Scener ur ett äktenskap) (1973);"[""avaliacao_alta"", ""genero_drama"", ""periodo_1970_1989"", ""popularidade_baixa""]";4
7419;After Hours (1985);"[""avaliacao_media"", ""genero_comedia"", ""genero_suspense"", ""periodo_1970_1989"", ""popularidade_baixa""]";5
7438;Kill Bill: Vol. 2 (2004);"[""avaliacao_media"", ""genero_acao"", ""genero_drama"", ""genero_suspense"", ""periodo_2000_2009"", ""popularidade_alta""]";6
7439;Punisher, The (2004);"[""avaliacao_media"", ""genero_acao"", ""genero_crime"", ""genero_suspense"", ""periodo_2000_2009"", ""popularidade_media""]";6
7444;13 Going on 30 (2004);"[""avaliacao_media"", ""genero_comedia"", ""genero_fantasia"", ""genero_romance"", ""periodo_2000_2009"", ""popularidade_media""]";6
7445;Man on Fire (2004);"[""avaliacao_media"", ""genero_acao"", ""genero_crime"", ""genero_drama"", ""genero_misterio"", ""genero_suspense"", ""periodo_2000_2009"", ""popularidade_media""]";8
7451;Mean Girls (2004);"[""avaliacao_media"", ""genero_comedia"", ""periodo_2000_2009"", ""popularidade_media""]";4
7454;Van Helsing (2004);"[""avaliacao_baixa"", ""genero_acao"", ""genero_aventura"", ""genero_fantasia"", ""genero_terror"", ""periodo_2000_2009"", ""popularidade_media""]";7
7458;Troy (2004);"[""avaliacao_media"", ""genero_acao"", ""genero_aventura"", ""genero_drama"", ""genero_guerra"", ""periodo_2000_2009"", ""popularidade_media""]";7
7460;Coffee and Cigarettes (2003);"[""avaliacao_media"", ""genero_comedia"", ""genero_drama"", ""periodo_2000_2009"", ""popularidade_baixa""]";5
7482;Enter the Dragon (1973);"[""avaliacao_alta"", ""genero_acao"", ""genero_crime"", ""periodo_1970_1989"", ""popularidade_media""]";5
7569;You Only Live Twice (1967);"[""avaliacao_media"", ""genero_acao"", ""genero_aventura"", ""genero_ficcao_cientifica"", ""genero_suspense"", ""periodo_1950_1969"", ""popularidade_media""]";7
7570;Octopussy (1983);"[""avaliacao_media"", ""genero_acao"", ""genero_aventura"", ""genero_suspense"", ""periodo_1970_1989"", ""popularidade_baixa""]";6
7573;Never Say Never Again (1983);"[""avaliacao_media"", ""genero_acao"", ""genero_aventura"", ""genero_suspense"", ""periodo_1970_1989"", ""popularidade_baixa""]";6
7624;School Ties (1992);"[""avaliacao_baixa"", ""genero_drama"", ""periodo_1990_1999"", ""popularidade_baixa""]";4
7649;Babylon 5: In the Beginning (1998);"[""avaliacao_baixa"", ""genero_aventura"", ""genero_ficcao_cientifica"", ""periodo_1990_1999"", ""popularidade_baixa""]";5
7669;Pride and Prejudice (1995);"[""avaliacao_media"", ""genero_drama"", ""genero_romance"", ""periodo_1990_1999"", ""popularidade_baixa""]";5
7698;China Syndrome, The (1979);"[""avaliacao_media"", ""genero_drama"", ""genero_suspense"", ""periodo_1970_1989"", ""popularidade_baixa""]";5
7700;Wages of Fear, The (Salaire de la peur, Le) (1953);"[""avaliacao_media"", ""genero_acao"", ""genero_aventura"", ""genero_drama"", ""genero_suspense"", ""periodo_1950_1969"", ""popularidade_baixa""]";7
7701;Look Who's Talking Too (1990);"[""avaliacao_baixa"", ""genero_comedia"", ""genero_romance"", ""periodo_1990_1999"", ""popularidade_baixa""]";5
7757;Jason and the Argonauts (1963);"[""avaliacao_media"", ""genero_acao"", ""genero_aventura"", ""genero_fantasia"", ""periodo_1950_1969"", ""popularidade_baixa""]";6
7802;Warriors, The (1979);"[""avaliacao_media"", ""genero_acao"", ""genero_aventura"", ""genero_crime"", ""genero_suspense"", ""periodo_1970_1989"", ""popularidade_baixa""]";7
7845;Tremors II: Aftershocks (1996);"[""avaliacao_baixa"", ""genero_comedia"", ""genero_ficcao_cientifica"", ""genero_terror"", ""periodo_1990_1999"", ""popularidade_baixa""]";6
7934;Zelig (1983);"[""avaliacao_alta"", ""genero_comedia"", ""periodo_1970_1989"", ""popularidade_baixa""]";4
7980;Bridge Too Far, A (1977);"[""avaliacao_media"", ""genero_acao"", ""genero_drama"", ""genero_guerra"", ""periodo_1970_1989"", ""popularidade_baixa""]";6
7981;Infernal Affairs (Mou gaan dou) (2002);"[""avaliacao_alta"", ""genero_crime"", ""genero_drama"", ""genero_suspense"", ""periodo_2000_2009"", ""popularidade_baixa""]";6
7983;Broadway Danny Rose (1984);"[""avaliacao_alta"", ""genero_comedia"", ""periodo_1970_1989"", ""popularidade_baixa""]";4
8014;Spring, Summer, Fall, Winter... and Spring (Bom yeoreum gaeul gyeoul geurigo bom) (2003);"[""avaliacao_alta"", ""genero_drama"", ""periodo_2000_2009"", ""popularidade_media""]";4
8042;Mean Streets (1973);"[""avaliacao_alta"", ""genero_crime"", ""genero_drama"", ""periodo_1970_1989"", ""popularidade_baixa""]";5
8128;Au revoir les enfants (1987);"[""avaliacao_alta"", ""genero_drama"", ""periodo_1970_1989"", ""popularidade_baixa""]";4
8132;Gladiator (1992);"[""avaliacao_alta"", ""genero_acao"", ""genero_drama"", ""periodo_1990_1999"", ""popularidade_baixa""]";5
8154;Dolce Vita, La (1960);"[""avaliacao_media"", ""genero_drama"", ""periodo_1950_1969"", ""popularidade_baixa""]";4
8157;Jin Roh: The Wolf Brigade (Jin-Rô) (1998);"[""avaliacao_media"", ""genero_animacao"", ""genero_fantasia"", ""genero_suspense"", ""periodo_1990_1999"", ""popularidade_baixa""]";6
8169;*batteries not included (1987);"[""avaliacao_media"", ""genero_comedia"", ""genero_fantasia"", ""genero_ficcao_cientifica"", ""genero_infantil"", ""periodo_1970_1989"", ""popularidade_baixa""]";7
8207;Day of the Jackal, The (1973);"[""avaliacao_alta"", ""genero_crime"", ""genero_suspense"", ""periodo_1970_1989"", ""popularidade_baixa""]";5
8228;Maltese Falcon, The (a.k.a. Dangerous Female) (1931);"[""avaliacao_media"", ""genero_misterio"", ""periodo_antes_1950"", ""popularidade_media""]";4
8253;Lupin III: The Castle Of Cagliostro (Rupan sansei: Kariosutoro no shiro) (1979);"[""avaliacao_media"", ""genero_acao"", ""genero_animacao"", ""genero_aventura"", ""genero_comedia"", ""genero_crime"", ""genero_misterio"", ""periodo_1970_1989"", ""popularidade_baixa""]";9
8254;Arizona Dream (1993);"[""avaliacao_alta"", ""genero_comedia"", ""genero_drama"", ""genero_fantasia"", ""genero_romance"", ""periodo_1990_1999"", ""popularidade_baixa""]";7
8266;Purple Rain (1984);"[""avaliacao_baixa"", ""genero_drama"", ""genero_musical"", ""periodo_1970_1989"", ""popularidade_baixa""]";5
8340;Escape from Alcatraz (1979);"[""avaliacao_media"", ""genero_drama"", ""genero_suspense"", ""periodo_1970_1989"", ""popularidade_baixa""]";5
8360;Shrek 2 (2004);"[""avaliacao_media"", ""genero_animacao"", ""genero_aventura"", ""genero_comedia"", ""genero_infantil"", ""genero_musical"", ""genero_romance"", ""periodo_2000_2009"", ""popularidade_alta""]";9
8361;Day After Tomorrow, The (2004);"[""avaliacao_media"", ""genero_acao"", ""genero_aventura"", ""genero_drama"", ""genero_ficcao_cientifica"", ""genero_suspense"", ""periodo_2000_2009"", ""popularidade_alta""]";8
8366;Saved! (2004);"[""avaliacao_media"", ""genero_comedia"", ""genero_drama"", ""periodo_2000_2009"", ""popularidade_media""]";5
8368;Harry Potter and the Prisoner of Azkaban (2004);"[""avaliacao_media"", ""genero_aventura"", ""genero_fantasia"", ""genero_imax"", ""periodo_2000_2009"", ""popularidade_alta""]";6
8370;Blind Swordsman: Zatoichi, The (Zatôichi) (2003);"[""avaliacao_media"", ""genero_acao"", ""genero_comedia"", ""genero_crime"", ""genero_drama"", ""periodo_2000_2009"", ""popularidade_media""]";7
8371;Chronicles of Riddick, The (2004);"[""avaliacao_media"", ""genero_acao"", ""genero_ficcao_cientifica"", ""genero_suspense"", ""periodo_2000_2009"", ""popularidade_media""]";6
8372;Garfield: The Movie (2004);"[""avaliacao_baixa"", ""genero_animacao"", ""genero_comedia"", ""genero_infantil"", ""periodo_2000_2009"", ""popularidade_baixa""]";6
8373;Stepford Wives, The (2004);"[""avaliacao_baixa"", ""genero_comedia"", ""genero_fantasia"", ""genero_suspense"", ""periodo_2000_2009"", ""popularidade_media""]";6
8376;Napoleon Dynamite (2004);"[""avaliacao_media"", ""genero_comedia"", ""periodo_2000_2009"", ""popularidade_media""]";4
8387;Police Academy: Mission to Moscow (1994);"[""avaliacao_baixa"", ""genero_comedia"", ""genero_crime"", ""periodo_1990_1999"", ""popularidade_baixa""]";5
8464;Super Size Me (2004);"[""avaliacao_media"", ""genero_comedia"", ""genero_documentario"", ""genero_drama"", ""periodo_2000_2009"", ""popularidade_alta""]";6
8493;Memphis Belle (1990);"[""avaliacao_media"", ""genero_acao"", ""genero_drama"", ""genero_guerra"", ""periodo_1990_1999"", ""popularidade_baixa""]";6
8507;Freaks (1932);"[""avaliacao_media"", ""genero_crime"", ""genero_drama"", ""genero_terror"", ""periodo_antes_1950"", ""popularidade_baixa""]";6
8528;Dodgeball: A True Underdog Story (2004);"[""avaliacao_media"", ""genero_comedia"", ""periodo_2000_2009"", ""popularidade_media""]";4
8529;Terminal, The (2004);"[""avaliacao_media"", ""genero_comedia"", ""genero_drama"", ""genero_romance"", ""periodo_2000_2009"", ""popularidade_media""]";6
8531;White Chicks (2004);"[""avaliacao_baixa"", ""genero_acao"", ""genero_comedia"", ""genero_crime"", ""periodo_2000_2009"", ""popularidade_baixa""]";6
8533;Notebook, The (2004);"[""avaliacao_media"", ""genero_drama"", ""genero_romance"", ""periodo_2000_2009"", ""popularidade_media""]";5
8604;Taxi (1998);"[""avaliacao_media"", ""genero_acao"", ""genero_comedia"", ""periodo_1990_1999"", ""popularidade_baixa""]";5
8607;Tokyo Godfathers (2003);"[""avaliacao_media"", ""genero_animacao"", ""genero_aventura"", ""genero_drama"", ""periodo_2000_2009"", ""popularidade_baixa""]";6
8614;Overboard (1987);"[""avaliacao_media"", ""genero_comedia"", ""genero_romance"", ""periodo_1970_1989"", ""popularidade_baixa""]";5
8622;Fahrenheit 9/11 (2004);"[""avaliacao_media"", ""genero_documentario"", ""periodo_2000_2009"", ""popularidade_media""]";4
8623;Roxanne (1987);"[""avaliacao_media"", ""genero_comedia"", ""genero_romance"", ""periodo_1970_1989"", ""popularidade_media""]";5
8633;Last Starfighter, The (1984);"[""avaliacao_media"", ""genero_acao"", ""genero_aventura"", ""genero_comedia"", ""genero_ficcao_cientifica"", ""periodo_1970_1989"", ""popularidade_baixa""]";7
8636;Spider-Man 2 (2004);"[""avaliacao_media"", ""genero_acao"", ""genero_aventura"", ""genero_ficcao_cientifica"", ""genero_imax"", ""periodo_2000_2009"", ""popularidade_alta""]";7
8638;Before Sunset (2004);"[""avaliacao_media"", ""genero_drama"", ""genero_romance"", ""periodo_2000_2009"", ""popularidade_media""]";5
8640;King Arthur (2004);"[""avaliacao_baixa"", ""genero_acao"", ""genero_aventura"", ""genero_drama"", ""genero_guerra"", ""periodo_2000_2009"", ""popularidade_media""]";7
8641;Anchorman: The Legend of Ron Burgundy (2004);"[""avaliacao_media"", ""genero_comedia"", ""periodo_2000_2009"", ""popularidade_alta""]";4
8643;Cinderella Story, A (2004);"[""avaliacao_media"", ""genero_comedia"", ""genero_romance"", ""periodo_2000_2009"", ""popularidade_baixa""]";5
8644;I, Robot (2004);"[""avaliacao_media"", ""genero_acao"", ""genero_aventura"", ""genero_ficcao_cientifica"", ""genero_suspense"", ""periodo_2000_2009"", ""popularidade_alta""]";7
8645;Maria Full of Grace (Maria, Llena eres de gracia) (2004);"[""avaliacao_media"", ""genero_crime"", ""genero_drama"", ""periodo_2000_2009"", ""popularidade_baixa""]";5
8665;Bourne Supremacy, The (2004);"[""avaliacao_media"", ""genero_acao"", ""genero_crime"", ""genero_suspense"", ""periodo_2000_2009"", ""popularidade_alta""]";6
8666;Catwoman (2004);"[""avaliacao_baixa"", ""genero_acao"", ""genero_crime"", ""genero_fantasia"", ""periodo_2000_2009"", ""popularidade_baixa""]";6
8781;Manchurian Candidate, The (2004);"[""avaliacao_media"", ""genero_suspense"", ""periodo_2000_2009"", ""popularidade_media""]";4
8783;Village, The (2004);"[""avaliacao_media"", ""genero_drama"", ""genero_misterio"", ""genero_suspense"", ""periodo_2000_2009"", ""popularidade_media""]";6
8784;Garden State (2004);"[""avaliacao_media"", ""genero_comedia"", ""genero_drama"", ""genero_romance"", ""periodo_2000_2009"", ""popularidade_media""]";6
8796;Funny Thing Happened on the Way to the Forum, A (1966);"[""avaliacao_media"", ""genero_comedia"", ""genero_musical"", ""periodo_1950_1969"", ""popularidade_baixa""]";5
8798;Collateral (2004);"[""avaliacao_media"", ""genero_acao"", ""genero_crime"", ""genero_drama"", ""genero_suspense"", ""periodo_2000_2009"", ""popularidade_media""]";7
8807;Harold and Kumar Go to White Castle (2004);"[""avaliacao_media"", ""genero_aventura"", ""genero_comedia"", ""periodo_2000_2009"", ""popularidade_media""]";5
8808;Princess Diaries 2: Royal Engagement, The (2004);"[""avaliacao_baixa"", ""genero_comedia"", ""genero_romance"", ""periodo_2000_2009"", ""popularidade_baixa""]";5
8810;AVP: Alien vs. Predator (2004);"[""avaliacao_baixa"", ""genero_acao"", ""genero_ficcao_cientifica"", ""genero_suspense"", ""genero_terror"", ""periodo_2000_2009"", ""popularidade_media""]";7
8814;Without a Paddle (2004);"[""avaliacao_baixa"", ""genero_comedia"", ""periodo_2000_2009"", ""popularidade_baixa""]";4
8827;Bill Cosby, Himself (1983);"[""avaliacao_alta"", ""genero_comedia"", ""genero_documentario"", ""periodo_1970_1989"", ""popularidade_baixa""]";5
8860;Cellular (2004);"[""avaliacao_baixa"", ""genero_acao"", ""genero_crime"", ""genero_drama"", ""genero_misterio"", ""genero_suspense"", ""periodo_2000_2009"", ""popularidade_baixa""]";8
8861;Resident Evil: Apocalypse (2004);"[""avaliacao_baixa"", ""genero_acao"", ""genero_ficcao_cientifica"", ""genero_suspense"", ""genero_terror"", ""periodo_2000_2009"", ""popularidade_media""]";7
8865;Sky Captain and the World of Tomorrow (2004);"[""avaliacao_baixa"", ""genero_acao"", ""genero_aventura"", ""genero_ficcao_cientifica"", ""periodo_2000_2009"", ""popularidade_media""]";6
8866;Wimbledon (2004);"[""avaliacao_media"", ""genero_comedia"", ""genero_romance"", ""periodo_2000_2009"", ""popularidade_baixa""]";5
8869;First Daughter (2004);"[""avaliacao_media"", ""genero_comedia"", ""genero_romance"", ""periodo_2000_2009"", ""popularidade_baixa""]";5
8870;Forgotten, The (2004);"[""avaliacao_baixa"", ""genero_drama"", ""genero_ficcao_cientifica"", ""genero_misterio"", ""genero_suspense"", ""periodo_2000_2009"", ""popularidade_baixa""]";7
8873;Motorcycle Diaries, The (Diarios de motocicleta) (2004);"[""avaliacao_media"", ""genero_aventura"", ""genero_drama"", ""periodo_2000_2009"", ""popularidade_media""]";5
8874;Shaun of the Dead (2004);"[""avaliacao_alta"", ""genero_comedia"", ""genero_terror"", ""periodo_2000_2009"", ""popularidade_alta""]";5
8879;Murder on the Orient Express (1974);"[""avaliacao_media"", ""genero_crime"", ""genero_misterio"", ""genero_suspense"", ""periodo_1970_1989"", ""popularidade_baixa""]";6
8880;Mask (1985);"[""avaliacao_media"", ""genero_drama"", ""periodo_1970_1989"", ""popularidade_baixa""]";4
8907;Shark Tale (2004);"[""avaliacao_baixa"", ""genero_animacao"", ""genero_comedia"", ""genero_infantil"", ""periodo_2000_2009"", ""popularidade_media""]";6
8908;Ladder 49 (2004);"[""avaliacao_media"", ""genero_acao"", ""genero_drama"", ""genero_suspense"", ""periodo_2000_2009"", ""popularidade_baixa""]";6
8910;I Heart Huckabees (2004);"[""avaliacao_media"", ""genero_comedia"", ""periodo_2000_2009"", ""popularidade_media""]";4
8914;Primer (2004);"[""avaliacao_media"", ""genero_drama"", ""genero_ficcao_cientifica"", ""periodo_2000_2009"", ""popularidade_media""]";5
8917;Team America: World Police (2004);"[""avaliacao_media"", ""genero_acao"", ""genero_animacao"", ""genero_aventura"", ""genero_comedia"", ""periodo_2000_2009"", ""popularidade_media""]";7
8937;Friday Night Lights (2004);"[""avaliacao_media"", ""genero_acao"", ""genero_drama"", ""periodo_2000_2009"", ""popularidade_baixa""]";5
8947;Grudge, The (2004);"[""avaliacao_baixa"", ""genero_misterio"", ""genero_suspense"", ""genero_terror"", ""periodo_2000_2009"", ""popularidade_media""]";6
8949;Sideways (2004);"[""avaliacao_media"", ""genero_comedia"", ""genero_drama"", ""genero_romance"", ""periodo_2000_2009"", ""popularidade_media""]";6
8950;The Machinist (2004);"[""avaliacao_media"", ""genero_drama"", ""genero_misterio"", ""genero_suspense"", ""periodo_2000_2009"", ""popularidade_media""]";6
8957;Saw (2004);"[""avaliacao_media"", ""genero_misterio"", ""genero_suspense"", ""genero_terror"", ""periodo_2000_2009"", ""popularidade_media""]";6
8958;Ray (2004);"[""avaliacao_media"", ""genero_drama"", ""periodo_2000_2009"", ""popularidade_media""]";4
8961;Incredibles, The (2004);"[""avaliacao_media"", ""genero_acao"", ""genero_animacao"", ""genero_aventura"", ""genero_comedia"", ""genero_infantil"", ""periodo_2000_2009"", ""popularidade_alta""]";8
8965;Polar Express, The (2004);"[""avaliacao_media"", ""genero_animacao"", ""genero_aventura"", ""genero_fantasia"", ""genero_imax"", ""genero_infantil"", ""periodo_2000_2009"", ""popularidade_media""]";8
8966;Kinsey (2004);"[""avaliacao_media"", ""genero_drama"", ""periodo_2000_2009"", ""popularidade_baixa""]";4
8968;After the Sunset (2004);"[""avaliacao_media"", ""genero_acao"", ""genero_aventura"", ""genero_comedia"", ""genero_crime"", ""genero_suspense"", ""periodo_2000_2009"", ""popularidade_baixa""]";8
8969;Bridget Jones: The Edge of Reason (2004);"[""avaliacao_media"", ""genero_comedia"", ""genero_drama"", ""genero_romance"", ""periodo_2000_2009"", ""popularidade_media""]";6
8970;Finding Neverland (2004);"[""avaliacao_media"", ""genero_drama"", ""periodo_2000_2009"", ""popularidade_media""]";4
8972;National Treasure (2004);"[""avaliacao_media"", ""genero_acao"", ""genero_aventura"", ""genero_drama"", ""genero_misterio"", ""genero_suspense"", ""periodo_2000_2009"", ""popularidade_media""]";8
8973;Bad Education (La mala educación) (2004);"[""avaliacao_media"", ""genero_drama"", ""genero_suspense"", ""periodo_2000_2009"", ""popularidade_baixa""]";5
8977;Alexander (2004);"[""avaliacao_baixa"", ""genero_acao"", ""genero_aventura"", ""genero_drama"", ""genero_guerra"", ""periodo_2000_2009"", ""popularidade_media""]";7
8981;Closer (2004);"[""avaliacao_media"", ""genero_drama"", ""genero_romance"", ""periodo_2000_2009"", ""popularidade_media""]";5
8983;House of Flying Daggers (Shi mian mai fu) (2004);"[""avaliacao_media"", ""genero_acao"", ""genero_drama"", ""genero_romance"", ""periodo_2000_2009"", ""popularidade_media""]";6
8984;Ocean's Twelve (2004);"[""avaliacao_media"", ""genero_acao"", ""genero_comedia"", ""genero_crime"", ""genero_suspense"", ""periodo_2000_2009"", ""popularidade_media""]";7
8985;Blade: Trinity (2004);"[""avaliacao_baixa"", ""genero_acao"", ""genero_fantasia"", ""genero_suspense"", ""genero_terror"", ""periodo_2000_2009"", ""popularidade_media""]";7
9010;Love Me If You Dare (Jeux d'enfants) (2003);"[""avaliacao_alta"", ""genero_drama"", ""genero_romance"", ""periodo_2000_2009"", ""popularidade_baixa""]";5
26084;Music Man, The (1962);"[""avaliacao_media"", ""genero_comedia"", ""genero_infantil"", ""genero_musical"", ""genero_romance"", ""periodo_1950_1969"", ""popularidade_baixa""]";7
26131;Battle of Algiers, The (La battaglia di Algeri) (1966);"[""avaliacao_alta"", ""genero_drama"", ""genero_guerra"", ""periodo_1950_1969"", ""popularidade_baixa""]";5
26133;Charlie Brown Christmas, A (1965);"[""avaliacao_alta"", ""genero_animacao"", ""genero_comedia"", ""genero_infantil"", ""periodo_1950_1969"", ""popularidade_baixa""]";6
26152;Batman (1966);"[""avaliacao_media"", ""genero_acao"", ""genero_aventura"", ""genero_comedia"", ""periodo_1950_1969"", ""popularidade_baixa""]";6
26242;Duel (1971);"[""avaliacao_media"", ""genero_acao"", ""genero_misterio"", ""genero_suspense"", ""periodo_1970_1989"", ""popularidade_baixa""]";6
26258;Topo, El (1970);"[""avaliacao_media"", ""genero_fantasia"", ""genero_faroeste"", ""periodo_1970_1989"", ""popularidade_baixa""]";5
26614;Bourne Identity, The (1988);"[""avaliacao_media"", ""genero_acao"", ""genero_aventura"", ""genero_drama"", ""genero_misterio"", ""genero_suspense"", ""periodo_1970_1989"", ""popularidade_baixa""]";8
26662;Kiki's Delivery Service (Majo no takkyûbin) (1989);"[""avaliacao_alta"", ""genero_animacao"", ""genero_aventura"", ""genero_drama"", ""genero_fantasia"", ""genero_infantil"", ""periodo_1970_1989"", ""popularidade_media""]";8
26680;Cry-Baby (1990);"[""avaliacao_media"", ""genero_comedia"", ""genero_musical"", ""genero_romance"", ""periodo_1990_1999"", ""popularidade_baixa""]";6
26729;Hearts of Darkness: A Filmmakers Apocalypse (1991);"[""avaliacao_media"", ""genero_documentario"", ""periodo_1990_1999"", ""popularidade_baixa""]";4
26776;Porco Rosso (Crimson Pig) (Kurenai no buta) (1992);"[""avaliacao_media"", ""genero_animacao"", ""genero_aventura"", ""genero_comedia"", ""genero_fantasia"", ""genero_romance"", ""periodo_1990_1999"", ""popularidade_media""]";8
26903;Whisper of the Heart (Mimi wo sumaseba) (1995);"[""avaliacao_media"", ""genero_animacao"", ""genero_drama"", ""genero_romance"", ""periodo_1990_1999"", ""popularidade_baixa""]";6
27020;Gia (1998);"[""avaliacao_media"", ""genero_drama"", ""genero_romance"", ""periodo_1990_1999"", ""popularidade_baixa""]";5
27156;Neon Genesis Evangelion: The End of Evangelion (Shin seiki Evangelion Gekijô-ban: Air/Magokoro wo, kimi ni) (1997);"[""avaliacao_alta"", ""genero_acao"", ""genero_animacao"", ""genero_drama"", ""genero_fantasia"", ""genero_ficcao_cientifica"", ""periodo_1990_1999"", ""popularidade_baixa""]";8
27266;2046 (2004);"[""avaliacao_alta"", ""genero_drama"", ""genero_fantasia"", ""genero_ficcao_cientifica"", ""genero_romance"", ""periodo_2000_2009"", ""popularidade_baixa""]";7
27317;Audition (Ôdishon) (1999);"[""avaliacao_media"", ""genero_drama"", ""genero_misterio"", ""genero_romance"", ""genero_suspense"", ""genero_terror"", ""periodo_1990_1999"", ""popularidade_baixa""]";8
27592;Sympathy for Mr. Vengeance (Boksuneun naui geot) (2002);"[""avaliacao_media"", ""genero_crime"", ""genero_drama"", ""periodo_2000_2009"", ""popularidade_baixa""]";5
27611;Battlestar Galactica (2003);"[""avaliacao_media"", ""genero_drama"", ""genero_ficcao_cientifica"", ""genero_guerra"", ""periodo_2000_2009"", ""popularidade_media""]";6
27660;Animatrix, The (2003);"[""avaliacao_media"", ""genero_acao"", ""genero_animacao"", ""genero_drama"", ""genero_ficcao_cientifica"", ""periodo_2000_2009"", ""popularidade_media""]";7
27706;Lemony Snicket's A Series of Unfortunate Events (2004);"[""avaliacao_media"", ""genero_aventura"", ""genero_comedia"", ""genero_fantasia"", ""genero_infantil"", ""periodo_2000_2009"", ""popularidade_media""]";7
27721;Very Long Engagement, A (Un long dimanche de fiançailles) (2004);"[""avaliacao_media"", ""genero_drama"", ""genero_guerra"", ""genero_misterio"", ""genero_romance"", ""periodo_2000_2009"", ""popularidade_baixa""]";7
27731;Cat Returns, The (Neko no ongaeshi) (2002);"[""avaliacao_media"", ""genero_animacao"", ""genero_aventura"", ""genero_fantasia"", ""genero_infantil"", ""periodo_2000_2009"", ""popularidade_baixa""]";7
27741;Twilight Samurai, The (Tasogare Seibei) (2002);"[""avaliacao_media"", ""genero_drama"", ""genero_romance"", ""periodo_2000_2009"", ""popularidade_baixa""]";5
27772;Ju-on: The Grudge (2002);"[""avaliacao_baixa"", ""genero_terror"", ""periodo_2000_2009"", ""popularidade_baixa""]";4
27773;Old Boy (2003);"[""avaliacao_alta"", ""genero_misterio"", ""genero_suspense"", ""periodo_2000_2009"", ""popularidade_media""]";5
27788;Jacket, The (2005);"[""avaliacao_media"", ""genero_drama"", ""genero_ficcao_cientifica"", ""genero_misterio"", ""genero_suspense"", ""periodo_2000_2009"", ""popularidade_baixa""]";7
27801;Ong-Bak: The Thai Warrior (Ong Bak) (2003);"[""avaliacao_alta"", ""genero_acao"", ""genero_suspense"", ""periodo_2000_2009"", ""popularidade_media""]";5
27803;Sea Inside, The (Mar adentro) (2004);"[""avaliacao_alta"", ""genero_drama"", ""periodo_2000_2009"", ""popularidade_baixa""]";4
27808;Spanglish (2004);"[""avaliacao_media"", ""genero_comedia"", ""genero_drama"", ""genero_romance"", ""periodo_2000_2009"", ""popularidade_media""]";6
27815;Chorus, The (Choristes, Les) (2004);"[""avaliacao_media"", ""genero_drama"", ""periodo_2000_2009"", ""popularidade_media""]";4
27821;Interpreter, The (2005);"[""avaliacao_media"", ""genero_drama"", ""genero_suspense"", ""periodo_2000_2009"", ""popularidade_baixa""]";5
27822;Open Water (2003);"[""avaliacao_baixa"", ""genero_drama"", ""genero_suspense"", ""periodo_2000_2009"", ""popularidade_baixa""]";5
27831;Layer Cake (2004);"[""avaliacao_media"", ""genero_crime"", ""genero_drama"", ""genero_suspense"", ""periodo_2000_2009"", ""popularidade_media""]";6
27839;Ring Two, The (2005);"[""avaliacao_baixa"", ""genero_drama"", ""genero_misterio"", ""genero_suspense"", ""genero_terror"", ""periodo_2000_2009"", ""popularidade_baixa""]";7
27846;Corporation, The (2003);"[""avaliacao_media"", ""genero_documentario"", ""periodo_2000_2009"", ""popularidade_media""]";4
27904;Scanner Darkly, A (2006);"[""avaliacao_media"", ""genero_animacao"", ""genero_drama"", ""genero_ficcao_cientifica"", ""genero_misterio"", ""genero_suspense"", ""periodo_2000_2009"", ""popularidade_media""]";8
27912;Outfoxed: Rupert Murdoch's War on Journalism (2004);"[""avaliacao_media"", ""genero_documentario"", ""periodo_2000_2009"", ""popularidade_baixa""]";4
30707;Million Dollar Baby (2004);"[""avaliacao_media"", ""genero_drama"", ""periodo_2000_2009"", ""popularidade_alta""]";4
30749;Hotel Rwanda (2004);"[""avaliacao_media"", ""genero_drama"", ""genero_guerra"", ""periodo_2000_2009"", ""popularidade_media""]";5
30793;Charlie and the Chocolate Factory (2005);"[""avaliacao_media"", ""genero_aventura"", ""genero_comedia"", ""genero_fantasia"", ""genero_imax"", ""genero_infantil"", ""periodo_2000_2009"", ""popularidade_alta""]";8
30810;Life Aquatic with Steve Zissou, The (2004);"[""avaliacao_media"", ""genero_aventura"", ""genero_comedia"", ""genero_fantasia"", ""periodo_2000_2009"", ""popularidade_media""]";6
30812;Aviator, The (2004);"[""avaliacao_media"", ""genero_drama"", ""periodo_2000_2009"", ""popularidade_media""]";4
30816;Phantom of the Opera, The (2004);"[""avaliacao_media"", ""genero_drama"", ""genero_musical"", ""genero_romance"", ""periodo_2000_2009"", ""popularidade_media""]";6
30822;In Good Company (2004);"[""avaliacao_media"", ""genero_comedia"", ""genero_drama"", ""periodo_2000_2009"", ""popularidade_media""]";5
30825;Meet the Fockers (2004);"[""avaliacao_media"", ""genero_comedia"", ""periodo_2000_2009"", ""popularidade_media""]";4
30894;White Noise (2005);"[""avaliacao_baixa"", ""genero_drama"", ""genero_ficcao_cientifica"", ""genero_misterio"", ""genero_suspense"", ""genero_terror"", ""periodo_2000_2009"", ""popularidade_baixa""]";8
31221;Elektra (2005);"[""avaliacao_baixa"", ""genero_acao"", ""genero_aventura"", ""genero_crime"", ""genero_drama"", ""periodo_2000_2009"", ""popularidade_media""]";7
31225;Coach Carter (2005);"[""avaliacao_media"", ""genero_drama"", ""periodo_2000_2009"", ""popularidade_baixa""]";4
31364;Memories of Murder (Salinui chueok) (2003);"[""avaliacao_alta"", ""genero_crime"", ""genero_drama"", ""genero_misterio"", ""genero_suspense"", ""periodo_2000_2009"", ""popularidade_baixa""]";7
31410;Downfall (Untergang, Der) (2004);"[""avaliacao_media"", ""genero_drama"", ""genero_guerra"", ""periodo_2000_2009"", ""popularidade_media""]";5
31420;Assault on Precinct 13 (2005);"[""avaliacao_media"", ""genero_acao"", ""genero_crime"", ""genero_drama"", ""genero_suspense"", ""periodo_2000_2009"", ""popularidade_baixa""]";7
31427;Hide and Seek (2005);"[""avaliacao_baixa"", ""genero_misterio"", ""genero_suspense"", ""genero_terror"", ""periodo_2000_2009"", ""popularidade_baixa""]";6
31433;Wedding Date, The (2005);"[""avaliacao_media"", ""genero_comedia"", ""genero_romance"", ""periodo_2000_2009"", ""popularidade_media""]";5
31658;Howl's Moving Castle (Hauru no ugoku shiro) (2004);"[""avaliacao_alta"", ""genero_animacao"", ""genero_aventura"", ""genero_fantasia"", ""genero_romance"", ""periodo_2000_2009"", ""popularidade_media""]";7
31685;Hitch (2005);"[""avaliacao_media"", ""genero_comedia"", ""genero_romance"", ""periodo_2000_2009"", ""popularidade_media""]";5
31696;Constantine (2005);"[""avaliacao_media"", ""genero_acao"", ""genero_fantasia"", ""genero_suspense"", ""genero_terror"", ""periodo_2000_2009"", ""popularidade_media""]";7
31878;Kung Fu Hustle (Gong fu) (2004);"[""avaliacao_media"", ""genero_acao"", ""genero_comedia"", ""periodo_2000_2009"", ""popularidade_media""]";5
32011;Cursed (2005);"[""avaliacao_baixa"", ""genero_suspense"", ""genero_terror"", ""periodo_2000_2009"", ""popularidade_baixa""]";5
32017;Pacifier, The (2005);"[""avaliacao_baixa"", ""genero_acao"", ""genero_comedia"", ""periodo_2000_2009"", ""popularidade_baixa""]";5
32019;Be Cool (2005);"[""avaliacao_baixa"", ""genero_comedia"", ""genero_crime"", ""genero_musical"", ""periodo_2000_2009"", ""popularidade_baixa""]";6
32029;Hostage (2005);"[""avaliacao_media"", ""genero_acao"", ""genero_crime"", ""genero_drama"", ""genero_suspense"", ""periodo_2000_2009"", ""popularidade_media""]";7
32031;Robots (2005);"[""avaliacao_media"", ""genero_animacao"", ""genero_aventura"", ""genero_comedia"", ""genero_fantasia"", ""genero_ficcao_cientifica"", ""genero_imax"", ""genero_infantil"", ""periodo_2000_2009"", ""popularidade_media""]";10
32291;Melinda and Melinda (2004);"[""avaliacao_media"", ""genero_comedia"", ""genero_drama"", ""periodo_2000_2009"", ""popularidade_baixa""]";5
32296;Miss Congeniality 2: Armed and Fabulous (2005);"[""avaliacao_baixa"", ""genero_aventura"", ""genero_comedia"", ""genero_crime"", ""periodo_2000_2009"", ""popularidade_baixa""]";6
32587;Sin City (2005);"[""avaliacao_media"", ""genero_acao"", ""genero_crime"", ""genero_film_noir"", ""genero_misterio"", ""genero_suspense"", ""periodo_2000_2009"", ""popularidade_alta""]";8
32596;Sahara (2005);"[""avaliacao_media"", ""genero_acao"", ""genero_aventura"", ""genero_comedia"", ""periodo_2000_2009"", ""popularidade_baixa""]";6
32598;Fever Pitch (2005);"[""avaliacao_baixa"", ""genero_comedia"", ""genero_romance"", ""periodo_2000_2009"", ""popularidade_baixa""]";5
32898;Trip to the Moon, A (Voyage dans la lune, Le) (1902);"[""avaliacao_media"", ""genero_acao"", ""genero_aventura"", ""genero_fantasia"", ""genero_ficcao_cientifica"", ""periodo_antes_1950"", ""popularidade_baixa""]";7
33004;Hitchhiker's Guide to the Galaxy, The (2005);"[""avaliacao_media"", ""genero_aventura"", ""genero_comedia"", ""genero_ficcao_cientifica"", ""periodo_2000_2009"", ""popularidade_media""]";6
33085;Amityville Horror, The (2005);"[""avaliacao_baixa"", ""genero_suspense"", ""genero_terror"", ""periodo_2000_2009"", ""popularidade_baixa""]";5
33145;Lot Like Love, A (2005);"[""avaliacao_media"", ""genero_comedia"", ""genero_drama"", ""genero_romance"", ""periodo_2000_2009"", ""popularidade_baixa""]";6
33154;Enron: The Smartest Guys in the Room (2005);"[""avaliacao_alta"", ""genero_documentario"", ""periodo_2000_2009"", ""popularidade_baixa""]";4
33158;xXx: State of the Union (2005);"[""avaliacao_baixa"", ""genero_acao"", ""genero_crime"", ""genero_suspense"", ""periodo_2000_2009"", ""popularidade_baixa""]";6
33162;Kingdom of Heaven (2005);"[""avaliacao_media"", ""genero_acao"", ""genero_drama"", ""genero_guerra"", ""genero_romance"", ""periodo_2000_2009"", ""popularidade_media""]";7
33164;House of Wax (2005);"[""avaliacao_baixa"", ""genero_suspense"", ""genero_terror"", ""periodo_2000_2009"", ""popularidade_baixa""]";5
33166;Crash (2004);"[""avaliacao_media"", ""genero_crime"", ""genero_drama"", ""periodo_2000_2009"", ""popularidade_alta""]";5
33437;Unleashed (Danny the Dog) (2005);"[""avaliacao_media"", ""genero_acao"", ""genero_crime"", ""genero_drama"", ""genero_suspense"", ""periodo_2000_2009"", ""popularidade_baixa""]";7
33493;Star Wars: Episode III - Revenge of the Sith (2005);"[""avaliacao_media"", ""genero_acao"", ""genero_aventura"", ""genero_ficcao_cientifica"", ""periodo_2000_2009"", ""popularidade_alta""]";6
33495;Kicking & Screaming (2005);"[""avaliacao_baixa"", ""genero_comedia"", ""periodo_2000_2009"", ""popularidade_baixa""]";4
33615;Madagascar (2005);"[""avaliacao_media"", ""genero_animacao"", ""genero_aventura"", ""genero_comedia"", ""genero_infantil"", ""periodo_2000_2009"", ""popularidade_media""]";7
33646;Longest Yard, The (2005);"[""avaliacao_media"", ""genero_comedia"", ""genero_drama"", ""periodo_2000_2009"", ""popularidade_baixa""]";5
33660;Cinderella Man (2005);"[""avaliacao_alta"", ""genero_drama"", ""genero_romance"", ""periodo_2000_2009"", ""popularidade_media""]";5
33669;Sisterhood of the Traveling Pants, The (2005);"[""avaliacao_media"", ""genero_aventura"", ""genero_comedia"", ""genero_drama"", ""periodo_2000_2009"", ""popularidade_baixa""]";6
33672;Lords of Dogtown (2005);"[""avaliacao_media"", ""genero_acao"", ""genero_comedia"", ""genero_drama"", ""periodo_2000_2009"", ""popularidade_baixa""]";6
33679;Mr. & Mrs. Smith (2005);"[""avaliacao_media"", ""genero_acao"", ""genero_aventura"", ""genero_comedia"", ""genero_romance"", ""periodo_2000_2009"", ""popularidade_alta""]";7
33794;Batman Begins (2005);"[""avaliacao_media"", ""genero_acao"", ""genero_crime"", ""genero_imax"", ""periodo_2000_2009"", ""popularidade_alta""]";6
33836;Bewitched (2005);"[""avaliacao_baixa"", ""genero_comedia"", ""genero_fantasia"", ""genero_romance"", ""periodo_2000_2009"", ""popularidade_media""]";6
33903;Edukators, The (Die Fetten Jahre sind vorbei) (2004);"[""avaliacao_alta"", ""genero_comedia"", ""genero_crime"", ""genero_drama"", ""genero_romance"", ""periodo_2000_2009"", ""popularidade_baixa""]";7
34048;War of the Worlds (2005);"[""avaliacao_media"", ""genero_acao"", ""genero_aventura"", ""genero_ficcao_cientifica"", ""genero_suspense"", ""periodo_2000_2009"", ""popularidade_alta""]";7
34072;March of the Penguins (Marche de l'empereur, La) (2005);"[""avaliacao_media"", ""genero_documentario"", ""periodo_2000_2009"", ""popularidade_media""]";4
34150;Fantastic Four (2005);"[""avaliacao_baixa"", ""genero_acao"", ""genero_aventura"", ""genero_ficcao_cientifica"", ""periodo_2000_2009"", ""popularidade_media""]";6
34162;Wedding Crashers (2005);"[""avaliacao_media"", ""genero_comedia"", ""genero_romance"", ""periodo_2000_2009"", ""popularidade_alta""]";5
34319;Island, The (2005);"[""avaliacao_media"", ""genero_acao"", ""genero_ficcao_cientifica"", ""genero_suspense"", ""periodo_2000_2009"", ""popularidade_media""]";6
34323;Devil's Rejects, The (2005);"[""avaliacao_media"", ""genero_acao"", ""genero_crime"", ""genero_terror"", ""periodo_2000_2009"", ""popularidade_baixa""]";6
34332;Sky High (2005);"[""avaliacao_baixa"", ""genero_acao"", ""genero_aventura"", ""genero_comedia"", ""genero_infantil"", ""periodo_2000_2009"", ""popularidade_baixa""]";7
34334;Stealth (2005);"[""avaliacao_baixa"", ""genero_acao"", ""genero_aventura"", ""genero_ficcao_cientifica"", ""genero_suspense"", ""periodo_2000_2009"", ""popularidade_baixa""]";7
34338;Aristocrats, The (2005);"[""avaliacao_media"", ""genero_comedia"", ""genero_documentario"", ""periodo_2000_2009"", ""popularidade_media""]";5
34405;Serenity (2005);"[""avaliacao_media"", ""genero_acao"", ""genero_aventura"", ""genero_ficcao_cientifica"", ""periodo_2000_2009"", ""popularidade_alta""]";6
34437;Broken Flowers (2005);"[""avaliacao_media"", ""genero_comedia"", ""genero_drama"", ""periodo_2000_2009"", ""popularidade_media""]";5
34520;Dukes of Hazzard, The (2005);"[""avaliacao_baixa"", ""genero_acao"", ""genero_aventura"", ""genero_comedia"", ""periodo_2000_2009"", ""popularidade_media""]";6
34534;Four Brothers (2005);"[""avaliacao_media"", ""genero_acao"", ""genero_crime"", ""genero_drama"", ""periodo_2000_2009"", ""popularidade_baixa""]";6
34542;Grizzly Man (2005);"[""avaliacao_media"", ""genero_documentario"", ""periodo_2000_2009"", ""popularidade_baixa""]";4
35836;40-Year-Old Virgin, The (2005);"[""avaliacao_media"", ""genero_comedia"", ""genero_romance"", ""periodo_2000_2009"", ""popularidade_alta""]";5
35957;Red Eye (2005);"[""avaliacao_media"", ""genero_suspense"", ""genero_terror"", ""periodo_2000_2009"", ""popularidade_baixa""]";5
36401;Brothers Grimm, The (2005);"[""avaliacao_baixa"", ""genero_comedia"", ""genero_fantasia"", ""genero_suspense"", ""genero_terror"", ""periodo_2000_2009"", ""popularidade_media""]";7
36517;Constant Gardener, The (2005);"[""avaliacao_media"", ""genero_drama"", ""genero_suspense"", ""periodo_2000_2009"", ""popularidade_media""]";5
36519;Transporter 2 (2005);"[""avaliacao_media"", ""genero_acao"", ""genero_crime"", ""genero_suspense"", ""periodo_2000_2009"", ""popularidade_media""]";6
36525;Just Like Heaven (2005);"[""avaliacao_baixa"", ""genero_comedia"", ""genero_fantasia"", ""genero_romance"", ""periodo_2000_2009"", ""popularidade_baixa""]";6
36527;Proof (2005);"[""avaliacao_media"", ""genero_drama"", ""periodo_2000_2009"", ""popularidade_baixa""]";4
36529;Lord of War (2005);"[""avaliacao_media"", ""genero_acao"", ""genero_crime"", ""genero_drama"", ""genero_guerra"", ""genero_suspense"", ""periodo_2000_2009"", ""popularidade_media""]";8
36535;Everything Is Illuminated (2005);"[""avaliacao_media"", ""genero_comedia"", ""genero_drama"", ""periodo_2000_2009"", ""popularidade_baixa""]";5
36708;Family Guy Presents Stewie Griffin: The Untold Story (2005);"[""avaliacao_media"", ""genero_animacao"", ""genero_aventura"", ""genero_comedia"", ""periodo_2000_2009"", ""popularidade_media""]";6
37380;Doom (2005);"[""avaliacao_baixa"", ""genero_acao"", ""genero_ficcao_cientifica"", ""genero_terror"", ""periodo_2000_2009"", ""popularidade_media""]";6
37382;Domino (2005);"[""avaliacao_baixa"", ""genero_crime"", ""genero_drama"", ""genero_suspense"", ""periodo_2000_2009"", ""popularidade_baixa""]";6
37384;Waiting... (2005);"[""avaliacao_media"", ""genero_comedia"", ""periodo_2000_2009"", ""popularidade_media""]";4
37386;Aeon Flux (2005);"[""avaliacao_baixa"", ""genero_acao"", ""genero_ficcao_cientifica"", ""periodo_2000_2009"", ""popularidade_media""]";5
37720;Exorcism of Emily Rose, The (2005);"[""avaliacao_baixa"", ""genero_crime"", ""genero_drama"", ""genero_suspense"", ""genero_terror"", ""periodo_2000_2009"", ""popularidade_baixa""]";7
37727;Flightplan (2005);"[""avaliacao_baixa"", ""genero_acao"", ""genero_drama"", ""genero_suspense"", ""periodo_2000_2009"", ""popularidade_media""]";6
37729;Corpse Bride (2005);"[""avaliacao_media"", ""genero_animacao"", ""genero_comedia"", ""genero_fantasia"", ""genero_musical"", ""genero_romance"", ""periodo_2000_2009"", ""popularidade_media""]";8
37731;Green Street Hooligans (a.k.a. Hooligans) (2005);"[""avaliacao_media"", ""genero_crime"", ""genero_drama"", ""periodo_2000_2009"", ""popularidade_baixa""]";5
37733;History of Violence, A (2005);"[""avaliacao_media"", ""genero_acao"", ""genero_crime"", ""genero_drama"", ""genero_suspense"", ""periodo_2000_2009"", ""popularidade_media""]";7
37739;Greatest Game Ever Played, The (2005);"[""avaliacao_media"", ""genero_drama"", ""periodo_2000_2009"", ""popularidade_baixa""]";4
37741;Capote (2005);"[""avaliacao_media"", ""genero_crime"", ""genero_drama"", ""periodo_2000_2009"", ""popularidade_media""]";5
37830;Final Fantasy VII: Advent Children (2004);"[""avaliacao_media"", ""genero_acao"", ""genero_animacao"", ""genero_aventura"", ""genero_fantasia"", ""genero_ficcao_cientifica"", ""periodo_2000_2009"", ""popularidade_media""]";8
37857;MirrorMask (2005);"[""avaliacao_media"", ""genero_aventura"", ""genero_drama"", ""genero_fantasia"", ""genero_infantil"", ""periodo_2000_2009"", ""popularidade_baixa""]";7
38038;Wallace & Gromit in The Curse of the Were-Rabbit (2005);"[""avaliacao_media"", ""genero_animacao"", ""genero_aventura"", ""genero_comedia"", ""genero_infantil"", ""periodo_2000_2009"", ""popularidade_media""]";7
38061;Kiss Kiss Bang Bang (2005);"[""avaliacao_alta"", ""genero_comedia"", ""genero_crime"", ""genero_misterio"", ""genero_suspense"", ""periodo_2000_2009"", ""popularidade_media""]";7
38886;Squid and the Whale, The (2005);"[""avaliacao_media"", ""genero_comedia"", ""genero_drama"", ""periodo_2000_2009"", ""popularidade_baixa""]";5
39183;Brokeback Mountain (2005);"[""avaliacao_media"", ""genero_drama"", ""genero_romance"", ""periodo_2000_2009"", ""popularidade_media""]";5
39292;Good Night, and Good Luck. (2005);"[""avaliacao_media"", ""genero_crime"", ""genero_drama"", ""periodo_2000_2009"", ""popularidade_media""]";5
39381;Proposition, The (2005);"[""avaliacao_media"", ""genero_crime"", ""genero_drama"", ""genero_faroeste"", ""periodo_2000_2009"", ""popularidade_baixa""]";6
39400;Fog, The (2005);"[""avaliacao_baixa"", ""genero_acao"", ""genero_misterio"", ""genero_suspense"", ""genero_terror"", ""periodo_2000_2009"", ""popularidade_baixa""]";7
39414;Shopgirl (2005);"[""avaliacao_media"", ""genero_comedia"", ""genero_drama"", ""genero_romance"", ""periodo_2000_2009"", ""popularidade_baixa""]";6
39435;Legend of Zorro, The (2005);"[""avaliacao_baixa"", ""genero_acao"", ""genero_aventura"", ""genero_drama"", ""genero_faroeste"", ""periodo_2000_2009"", ""popularidade_baixa""]";7
39444;Weather Man, The (2005);"[""avaliacao_media"", ""genero_comedia"", ""genero_drama"", ""periodo_2000_2009"", ""popularidade_baixa""]";5
39446;Saw II (2005);"[""avaliacao_baixa"", ""genero_suspense"", ""genero_terror"", ""periodo_2000_2009"", ""popularidade_media""]";5
39449;Prime (2005);"[""avaliacao_baixa"", ""genero_comedia"", ""genero_drama"", ""genero_romance"", ""periodo_2000_2009"", ""popularidade_baixa""]";6
39715;American Pie Presents: Band Camp (American Pie 4: Band Camp) (2005);"[""avaliacao_baixa"", ""genero_comedia"", ""periodo_2000_2009"", ""popularidade_baixa""]";4
40148;Revolver (2005);"[""avaliacao_media"", ""genero_crime"", ""genero_drama"", ""genero_suspense"", ""periodo_2000_2009"", ""popularidade_baixa""]";6
40278;Jarhead (2005);"[""avaliacao_media"", ""genero_acao"", ""genero_drama"", ""genero_guerra"", ""periodo_2000_2009"", ""popularidade_media""]";6
40339;Chicken Little (2005);"[""avaliacao_baixa"", ""genero_acao"", ""genero_animacao"", ""genero_aventura"", ""genero_comedia"", ""genero_ficcao_cientifica"", ""genero_infantil"", ""periodo_2000_2009"", ""popularidade_baixa""]";9
40414;Joyeux Noël (Merry Christmas) (2005);"[""avaliacao_media"", ""genero_drama"", ""genero_guerra"", ""periodo_2000_2009"", ""popularidade_baixa""]";5
40581;Just Friends (2005);"[""avaliacao_baixa"", ""genero_comedia"", ""genero_romance"", ""periodo_2000_2009"", ""popularidade_baixa""]";5
40583;Syriana (2005);"[""avaliacao_media"", ""genero_drama"", ""genero_suspense"", ""periodo_2000_2009"", ""popularidade_media""]";5
40629;Pride & Prejudice (2005);"[""avaliacao_media"", ""genero_drama"", ""genero_romance"", ""periodo_2000_2009"", ""popularidade_media""]";5
40732;Descent, The (2005);"[""avaliacao_media"", ""genero_aventura"", ""genero_drama"", ""genero_suspense"", ""genero_terror"", ""periodo_2000_2009"", ""popularidade_media""]";7
40815;Harry Potter and the Goblet of Fire (2005);"[""avaliacao_media"", ""genero_aventura"", ""genero_fantasia"", ""genero_imax"", ""genero_suspense"", ""periodo_2000_2009"", ""popularidade_alta""]";7
40819;Walk the Line (2005);"[""avaliacao_media"", ""genero_drama"", ""genero_musical"", ""genero_romance"", ""periodo_2000_2009"", ""popularidade_media""]";6
40826;Rent (2005);"[""avaliacao_media"", ""genero_drama"", ""genero_musical"", ""genero_romance"", ""periodo_2000_2009"", ""popularidade_media""]";6
41285;Match Point (2005);"[""avaliacao_media"", ""genero_crime"", ""genero_drama"", ""genero_romance"", ""periodo_2000_2009"", ""popularidade_media""]";6
41566;Chronicles of Narnia: The Lion, the Witch and the Wardrobe, The (2005);"[""avaliacao_media"", ""genero_aventura"", ""genero_fantasia"", ""genero_infantil"", ""periodo_2000_2009"", ""popularidade_alta""]";6
41569;King Kong (2005);"[""avaliacao_media"", ""genero_acao"", ""genero_aventura"", ""genero_drama"", ""genero_fantasia"", ""genero_suspense"", ""periodo_2000_2009"", ""popularidade_media""]";8
41571;Memoirs of a Geisha (2005);"[""avaliacao_media"", ""genero_drama"", ""genero_romance"", ""periodo_2000_2009"", ""popularidade_media""]";5
41573;Family Stone, The (2005);"[""avaliacao_baixa"", ""genero_comedia"", ""genero_drama"", ""genero_romance"", ""periodo_2000_2009"", ""popularidade_baixa""]";6
41716;Matador, The (2005);"[""avaliacao_media"", ""genero_comedia"", ""genero_drama"", ""genero_suspense"", ""periodo_2000_2009"", ""popularidade_baixa""]";6
41863;Three Burials of Melquiades Estrada, The (2006);"[""avaliacao_alta"", ""genero_aventura"", ""genero_crime"", ""genero_drama"", ""periodo_2000_2009"", ""popularidade_baixa""]";6
41997;Munich (2005);"[""avaliacao_media"", ""genero_acao"", ""genero_crime"", ""genero_drama"", ""genero_suspense"", ""periodo_2000_2009"", ""popularidade_media""]";7
42002;Producers, The (2005);"[""avaliacao_media"", ""genero_comedia"", ""genero_musical"", ""periodo_2000_2009"", ""popularidade_baixa""]";5
42004;Transamerica (2005);"[""avaliacao_media"", ""genero_aventura"", ""genero_comedia"", ""genero_drama"", ""periodo_2000_2009"", ""popularidade_baixa""]";6
42011;Fun with Dick and Jane (2005);"[""avaliacao_baixa"", ""genero_comedia"", ""genero_crime"", ""periodo_2000_2009"", ""popularidade_media""]";5
42418;New World, The (2005);"[""avaliacao_media"", ""genero_aventura"", ""genero_drama"", ""genero_romance"", ""periodo_2000_2009"", ""popularidade_baixa""]";6
42632;Lady Vengeance (Sympathy for Lady Vengeance) (Chinjeolhan geumjassi) (2005);"[""avaliacao_alta"", ""genero_crime"", ""genero_drama"", ""genero_misterio"", ""genero_suspense"", ""periodo_2000_2009"", ""popularidade_baixa""]";7
42718;District 13 (Banlieue 13) (2004);"[""avaliacao_media"", ""genero_acao"", ""genero_crime"", ""genero_ficcao_cientifica"", ""periodo_2000_2009"", ""popularidade_baixa""]";6
42723;Hostel (2005);"[""avaliacao_baixa"", ""genero_terror"", ""periodo_2000_2009"", ""popularidade_media""]";4
42725;Grandma's Boy (2006);"[""avaliacao_baixa"", ""genero_comedia"", ""periodo_2000_2009"", ""popularidade_baixa""]";4
42728;Tristan & Isolde (2006);"[""avaliacao_media"", ""genero_drama"", ""genero_romance"", ""periodo_2000_2009"", ""popularidade_baixa""]";5
42738;Underworld: Evolution (2006);"[""avaliacao_media"", ""genero_acao"", ""genero_fantasia"", ""genero_terror"", ""periodo_2000_2009"", ""popularidade_media""]";6
43396;World's Fastest Indian, The (2005);"[""avaliacao_media"", ""genero_drama"", ""periodo_2000_2009"", ""popularidade_baixa""]";4
43560;Nanny McPhee (2005);"[""avaliacao_media"", ""genero_comedia"", ""genero_fantasia"", ""genero_infantil"", ""periodo_2000_2009"", ""popularidade_baixa""]";6
43679;Final Destination 3 (2006);"[""avaliacao_baixa"", ""genero_misterio"", ""genero_suspense"", ""genero_terror"", ""periodo_2000_2009"", ""popularidade_baixa""]";6
43836;Pink Panther, The (2006);"[""avaliacao_baixa"", ""genero_aventura"", ""genero_comedia"", ""genero_crime"", ""periodo_2000_2009"", ""popularidade_baixa""]";6
43871;Firewall (2006);"[""avaliacao_baixa"", ""genero_crime"", ""genero_drama"", ""genero_suspense"", ""periodo_2000_2009"", ""popularidade_baixa""]";6
43904;When a Stranger Calls (2006);"[""avaliacao_baixa"", ""genero_suspense"", ""genero_terror"", ""periodo_2000_2009"", ""popularidade_baixa""]";5
43921;Running Scared (2006);"[""avaliacao_media"", ""genero_acao"", ""genero_crime"", ""genero_suspense"", ""periodo_2000_2009"", ""popularidade_baixa""]";6
43928;Ultraviolet (2006);"[""avaliacao_baixa"", ""genero_acao"", ""genero_fantasia"", ""genero_ficcao_cientifica"", ""genero_suspense"", ""periodo_2000_2009"", ""popularidade_media""]";7
43936;16 Blocks (2006);"[""avaliacao_media"", ""genero_crime"", ""genero_suspense"", ""periodo_2000_2009"", ""popularidade_baixa""]";5
44004;Failure to Launch (2006);"[""avaliacao_media"", ""genero_comedia"", ""genero_romance"", ""periodo_2000_2009"", ""popularidade_baixa""]";5
44022;Ice Age 2: The Meltdown (2006);"[""avaliacao_media"", ""genero_animacao"", ""genero_aventura"", ""genero_comedia"", ""genero_infantil"", ""periodo_2000_2009"", ""popularidade_media""]";7
44191;V for Vendetta (2006);"[""avaliacao_media"", ""genero_acao"", ""genero_ficcao_cientifica"", ""genero_imax"", ""genero_suspense"", ""periodo_2000_2009"", ""popularidade_alta""]";7
44193;She's the Man (2006);"[""avaliacao_media"", ""genero_comedia"", ""genero_romance"", ""periodo_2000_2009"", ""popularidade_baixa""]";5
44195;Thank You for Smoking (2006);"[""avaliacao_alta"", ""genero_comedia"", ""genero_drama"", ""periodo_2000_2009"", ""popularidade_media""]";5
44199;Inside Man (2006);"[""avaliacao_media"", ""genero_crime"", ""genero_drama"", ""genero_suspense"", ""periodo_2000_2009"", ""popularidade_media""]";6
44397;Hills Have Eyes, The (2006);"[""avaliacao_media"", ""genero_drama"", ""genero_suspense"", ""genero_terror"", ""periodo_2000_2009"", ""popularidade_baixa""]";6
44555;Lives of Others, The (Das leben der Anderen) (2006);"[""avaliacao_alta"", ""genero_drama"", ""genero_romance"", ""genero_suspense"", ""periodo_2000_2009"", ""popularidade_media""]";6
44665;Lucky Number Slevin (2006);"[""avaliacao_media"", ""genero_crime"", ""genero_drama"", ""genero_misterio"", ""periodo_2000_2009"", ""popularidade_media""]";6
44694;Volver (2006);"[""avaliacao_media"", ""genero_comedia"", ""genero_drama"", ""periodo_2000_2009"", ""popularidade_baixa""]";5
44709;Akeelah and the Bee (2006);"[""avaliacao_media"", ""genero_drama"", ""periodo_2000_2009"", ""popularidade_baixa""]";4
44761;Brick (2005);"[""avaliacao_media"", ""genero_crime"", ""genero_drama"", ""genero_film_noir"", ""genero_misterio"", ""periodo_2000_2009"", ""popularidade_media""]";7
44788;This Film Is Not Yet Rated (2006);"[""avaliacao_media"", ""genero_documentario"", ""periodo_2000_2009"", ""popularidade_baixa""]";4
44828;Slither (2006);"[""avaliacao_media"", ""genero_comedia"", ""genero_ficcao_cientifica"", ""genero_terror"", ""periodo_2000_2009"", ""popularidade_baixa""]";6
44840;Benchwarmers, The (2006);"[""avaliacao_baixa"", ""genero_comedia"", ""periodo_2000_2009"", ""popularidade_media""]";4
44972;Scary Movie 4 (2006);"[""avaliacao_baixa"", ""genero_comedia"", ""genero_terror"", ""periodo_2000_2009"", ""popularidade_media""]";5
44974;Hard Candy (2005);"[""avaliacao_media"", ""genero_drama"", ""genero_suspense"", ""periodo_2000_2009"", ""popularidade_media""]";5
45028;Prairie Home Companion, A (2006);"[""avaliacao_media"", ""genero_comedia"", ""genero_drama"", ""genero_musical"", ""periodo_2000_2009"", ""popularidade_baixa""]";6
45081;Silent Hill (2006);"[""avaliacao_baixa"", ""genero_fantasia"", ""genero_suspense"", ""genero_terror"", ""periodo_2000_2009"", ""popularidade_media""]";6
45186;Mission: Impossible III (2006);"[""avaliacao_media"", ""genero_acao"", ""genero_aventura"", ""genero_suspense"", ""periodo_2000_2009"", ""popularidade_media""]";6
45210;United 93 (2006);"[""avaliacao_alta"", ""genero_crime"", ""genero_drama"", ""periodo_2000_2009"", ""popularidade_baixa""]";5
45221;Stick It (2006);"[""avaliacao_baixa"", ""genero_comedia"", ""periodo_2000_2009"", ""popularidade_baixa""]";4
45431;Over the Hedge (2006);"[""avaliacao_media"", ""genero_animacao"", ""genero_aventura"", ""genero_comedia"", ""genero_infantil"", ""periodo_2000_2009"", ""popularidade_media""]";7
45440;Art School Confidential (2006);"[""avaliacao_media"", ""genero_comedia"", ""genero_drama"", ""periodo_2000_2009"", ""popularidade_baixa""]";5
45447;Da Vinci Code, The (2006);"[""avaliacao_media"", ""genero_drama"", ""genero_misterio"", ""genero_suspense"", ""periodo_2000_2009"", ""popularidade_media""]";6
45499;X-Men: The Last Stand (2006);"[""avaliacao_media"", ""genero_acao"", ""genero_ficcao_cientifica"", ""genero_suspense"", ""periodo_2000_2009"", ""popularidade_alta""]";6
45501;Break-Up, The (2006);"[""avaliacao_baixa"", ""genero_comedia"", ""genero_drama"", ""genero_romance"", ""periodo_2000_2009"", ""popularidade_media""]";6
45517;Cars (2006);"[""avaliacao_media"", ""genero_animacao"", ""genero_comedia"", ""genero_infantil"", ""periodo_2000_2009"", ""popularidade_media""]";6
45662;Omen, The (2006);"[""avaliacao_baixa"", ""genero_suspense"", ""genero_terror"", ""periodo_2000_2009"", ""popularidade_baixa""]";5
45666;Nacho Libre (2006);"[""avaliacao_baixa"", ""genero_comedia"", ""periodo_2000_2009"", ""popularidade_media""]";4
45668;Lake House, The (2006);"[""avaliacao_media"", ""genero_drama"", ""genero_fantasia"", ""genero_romance"", ""periodo_2000_2009"", ""popularidade_media""]";6
45672;Click (2006);"[""avaliacao_baixa"", ""genero_aventura"", ""genero_comedia"", ""genero_drama"", ""genero_fantasia"", ""genero_romance"", ""periodo_2000_2009"", ""popularidade_media""]";8
45720;Devil Wears Prada, The (2006);"[""avaliacao_media"", ""genero_comedia"", ""genero_drama"", ""periodo_2000_2009"", ""popularidade_media""]";5
45722;Pirates of the Caribbean: Dead Man's Chest (2006);"[""avaliacao_media"", ""genero_acao"", ""genero_aventura"", ""genero_fantasia"", ""periodo_2000_2009"", ""popularidade_alta""]";6
45726;You, Me and Dupree (2006);"[""avaliacao_baixa"", ""genero_comedia"", ""periodo_2000_2009"", ""popularidade_baixa""]";4
45728;Clerks II (2006);"[""avaliacao_media"", ""genero_comedia"", ""periodo_2000_2009"", ""popularidade_media""]";4
45730;Lady in the Water (2006);"[""avaliacao_baixa"", ""genero_drama"", ""genero_fantasia"", ""genero_misterio"", ""periodo_2000_2009"", ""popularidade_baixa""]";6
45732;My Super Ex-Girlfriend (2006);"[""avaliacao_baixa"", ""genero_comedia"", ""genero_fantasia"", ""genero_romance"", ""periodo_2000_2009"", ""popularidade_baixa""]";6
45880;Marie Antoinette (2006);"[""avaliacao_media"", ""genero_drama"", ""genero_romance"", ""periodo_2000_2009"", ""popularidade_media""]";5
45928;Who Killed the Electric Car? (2006);"[""avaliacao_media"", ""genero_documentario"", ""periodo_2000_2009"", ""popularidade_baixa""]";4
45950;Inconvenient Truth, An (2006);"[""avaliacao_media"", ""genero_documentario"", ""periodo_2000_2009"", ""popularidade_media""]";4
46322;Jet Li's Fearless (Huo Yuan Jia) (2006);"[""avaliacao_media"", ""genero_acao"", ""genero_drama"", ""periodo_2000_2009"", ""popularidade_baixa""]";5
46335;Fast and the Furious: Tokyo Drift, The (Fast and the Furious 3, The) (2006);"[""avaliacao_baixa"", ""genero_acao"", ""genero_crime"", ""genero_drama"", ""genero_suspense"", ""periodo_2000_2009"", ""popularidade_media""]";7
46530;Superman Returns (2006);"[""avaliacao_media"", ""genero_acao"", ""genero_aventura"", ""genero_ficcao_cientifica"", ""genero_imax"", ""periodo_2000_2009"", ""popularidade_media""]";7
46578;Little Miss Sunshine (2006);"[""avaliacao_media"", ""genero_aventura"", ""genero_comedia"", ""genero_drama"", ""periodo_2000_2009"", ""popularidade_alta""]";6
46723;Babel (2006);"[""avaliacao_media"", ""genero_drama"", ""genero_suspense"", ""periodo_2000_2009"", ""popularidade_media""]";5
46948;Monster House (2006);"[""avaliacao_media"", ""genero_animacao"", ""genero_fantasia"", ""genero_infantil"", ""genero_misterio"", ""periodo_2000_2009"", ""popularidade_baixa""]";7
46965;Snakes on a Plane (2006);"[""avaliacao_baixa"", ""genero_acao"", ""genero_comedia"", ""genero_suspense"", ""genero_terror"", ""periodo_2000_2009"", ""popularidade_media""]";7
46970;Talladega Nights: The Ballad of Ricky Bobby (2006);"[""avaliacao_media"", ""genero_acao"", ""genero_comedia"", ""periodo_2000_2009"", ""popularidade_media""]";5
46972;Night at the Museum (2006);"[""avaliacao_media"", ""genero_acao"", ""genero_comedia"", ""genero_fantasia"", ""genero_imax"", ""periodo_2000_2009"", ""popularidade_media""]";7
46974;World Trade Center (2006);"[""avaliacao_baixa"", ""genero_drama"", ""periodo_2000_2009"", ""popularidade_baixa""]";4
46976;Stranger than Fiction (2006);"[""avaliacao_media"", ""genero_comedia"", ""genero_drama"", ""genero_fantasia"", ""genero_romance"", ""periodo_2000_2009"", ""popularidade_media""]";7
47044;Miami Vice (2006);"[""avaliacao_baixa"", ""genero_acao"", ""genero_crime"", ""genero_drama"", ""genero_suspense"", ""periodo_2000_2009"", ""popularidade_media""]";7
47099;Pursuit of Happyness, The (2006);"[""avaliacao_media"", ""genero_drama"", ""periodo_2000_2009"", ""popularidade_media""]";4
47122;John Tucker Must Die (2006);"[""avaliacao_baixa"", ""genero_comedia"", ""genero_romance"", ""periodo_2000_2009"", ""popularidade_baixa""]";5
47200;Crank (2006);"[""avaliacao_media"", ""genero_acao"", ""genero_suspense"", ""periodo_2000_2009"", ""popularidade_media""]";5
47423;Half Nelson (2006);"[""avaliacao_alta"", ""genero_drama"", ""periodo_2000_2009"", ""popularidade_baixa""]";4
47518;Accepted (2006);"[""avaliacao_baixa"", ""genero_comedia"", ""periodo_2000_2009"", ""popularidade_media""]";4
47610;Illusionist, The (2006);"[""avaliacao_media"", ""genero_drama"", ""genero_fantasia"", ""genero_misterio"", ""genero_romance"", ""periodo_2000_2009"", ""popularidade_media""]";7
47629;The Queen (2006);"[""avaliacao_media"", ""genero_drama"", ""periodo_2000_2009"", ""popularidade_media""]";4
47640;Beerfest (2006);"[""avaliacao_media"", ""genero_comedia"", ""periodo_2000_2009"", ""popularidade_baixa""]";4
47644;Invincible (2006);"[""avaliacao_media"", ""genero_drama"", ""periodo_2000_2009"", ""popularidade_baixa""]";4
47950;Hollywoodland (2006);"[""avaliacao_media"", ""genero_crime"", ""genero_drama"", ""genero_misterio"", ""genero_suspense"", ""periodo_2000_2009"", ""popularidade_baixa""]";7
47997;Idiocracy (2006);"[""avaliacao_media"", ""genero_aventura"", ""genero_comedia"", ""genero_ficcao_cientifica"", ""genero_suspense"", ""periodo_2000_2009"", ""popularidade_media""]";7
47999;Jesus Camp (2006);"[""avaliacao_alta"", ""genero_documentario"", ""genero_drama"", ""periodo_2000_2009"", ""popularidade_baixa""]";5
48043;Fountain, The (2006);"[""avaliacao_media"", ""genero_drama"", ""genero_fantasia"", ""genero_romance"", ""periodo_2000_2009"", ""popularidade_media""]";6
48082;Science of Sleep, The (La science des rêves) (2006);"[""avaliacao_media"", ""genero_comedia"", ""genero_drama"", ""genero_fantasia"", ""genero_romance"", ""periodo_2000_2009"", ""popularidade_media""]";7
48142;Black Dahlia, The (2006);"[""avaliacao_media"", ""genero_crime"", ""genero_drama"", ""genero_misterio"", ""genero_suspense"", ""periodo_2000_2009"", ""popularidade_baixa""]";7
48304;Apocalypto (2006);"[""avaliacao_media"", ""genero_aventura"", ""genero_drama"", ""genero_suspense"", ""periodo_2000_2009"", ""popularidade_media""]";6
48322;Jackass Number Two (2006);"[""avaliacao_media"", ""genero_comedia"", ""genero_documentario"", ""periodo_2000_2009"", ""popularidade_baixa""]";5
48385;Borat: Cultural Learnings of America for Make Benefit Glorious Nation of Kazakhstan (2006);"[""avaliacao_media"", ""genero_comedia"", ""periodo_2000_2009"", ""popularidade_alta""]";4
48394;Pan's Labyrinth (Laberinto del fauno, El) (2006);"[""avaliacao_media"", ""genero_drama"", ""genero_fantasia"", ""genero_suspense"", ""periodo_2000_2009"", ""popularidade_alta""]";6
48516;Departed, The (2006);"[""avaliacao_alta"", ""genero_crime"", ""genero_drama"", ""genero_suspense"", ""periodo_2000_2009"", ""popularidade_alta""]";6
48520;Employee of the Month (2006);"[""avaliacao_baixa"", ""genero_comedia"", ""periodo_2000_2009"", ""popularidade_baixa""]";4
48738;Last King of Scotland, The (2006);"[""avaliacao_media"", ""genero_drama"", ""genero_suspense"", ""periodo_2000_2009"", ""popularidade_media""]";5
48774;Children of Men (2006);"[""avaliacao_media"", ""genero_acao"", ""genero_aventura"", ""genero_drama"", ""genero_ficcao_cientifica"", ""genero_suspense"", ""periodo_2000_2009"", ""popularidade_alta""]";8
48780;Prestige, The (2006);"[""avaliacao_alta"", ""genero_drama"", ""genero_ficcao_cientifica"", ""genero_misterio"", ""genero_suspense"", ""periodo_2000_2009"", ""popularidade_alta""]";7
48783;Flags of Our Fathers (2006);"[""avaliacao_media"", ""genero_drama"", ""genero_guerra"", ""periodo_2000_2009"", ""popularidade_media""]";5
48877;Saw III (2006);"[""avaliacao_media"", ""genero_crime"", ""genero_suspense"", ""genero_terror"", ""periodo_2000_2009"", ""popularidade_media""]";6
48982;Flushed Away (2006);"[""avaliacao_media"", ""genero_animacao"", ""genero_comedia"", ""periodo_2000_2009"", ""popularidade_baixa""]";5
48997;Perfume: The Story of a Murderer (2006);"[""avaliacao_media"", ""genero_crime"", ""genero_drama"", ""genero_suspense"", ""periodo_2000_2009"", ""popularidade_baixa""]";6
49272;Casino Royale (2006);"[""avaliacao_media"", ""genero_acao"", ""genero_aventura"", ""genero_suspense"", ""periodo_2000_2009"", ""popularidade_alta""]";6
49274;Happy Feet (2006);"[""avaliacao_baixa"", ""genero_animacao"", ""genero_aventura"", ""genero_comedia"", ""genero_imax"", ""genero_infantil"", ""periodo_2000_2009"", ""popularidade_media""]";8
49278;Déjà Vu (Deja Vu) (2006);"[""avaliacao_media"", ""genero_acao"", ""genero_ficcao_cientifica"", ""genero_suspense"", ""periodo_2000_2009"", ""popularidade_media""]";6
49286;Holiday, The (2006);"[""avaliacao_media"", ""genero_comedia"", ""genero_romance"", ""periodo_2000_2009"", ""popularidade_media""]";5
49396;Tenacious D in The Pick of Destiny (2006);"[""avaliacao_media"", ""genero_aventura"", ""genero_comedia"", ""genero_musical"", ""periodo_2000_2009"", ""popularidade_baixa""]";6
49530;Blood Diamond (2006);"[""avaliacao_media"", ""genero_acao"", ""genero_aventura"", ""genero_crime"", ""genero_drama"", ""genero_guerra"", ""genero_suspense"", ""periodo_2000_2009"", ""popularidade_alta""]";9
49649;Eragon (2006);"[""avaliacao_baixa"", ""genero_acao"", ""genero_aventura"", ""genero_fantasia"", ""periodo_2000_2009"", ""popularidade_media""]";6
49651;Rocky Balboa (2006);"[""avaliacao_media"", ""genero_acao"", ""genero_drama"", ""periodo_2000_2009"", ""popularidade_media""]";5
49822;Good Shepherd, The (2006);"[""avaliacao_media"", ""genero_drama"", ""genero_suspense"", ""periodo_2000_2009"", ""popularidade_baixa""]";5
49824;Dreamgirls (2006);"[""avaliacao_media"", ""genero_drama"", ""genero_musical"", ""periodo_2000_2009"", ""popularidade_baixa""]";5
49932;Inland Empire (2006);"[""avaliacao_media"", ""genero_drama"", ""genero_misterio"", ""genero_suspense"", ""periodo_2000_2009"", ""popularidade_baixa""]";6
50068;Letters from Iwo Jima (2006);"[""avaliacao_media"", ""genero_drama"", ""genero_guerra"", ""periodo_2000_2009"", ""popularidade_media""]";5
50442;Alpha Dog (2007);"[""avaliacao_media"", ""genero_crime"", ""genero_drama"", ""periodo_2000_2009"", ""popularidade_baixa""]";5
50601;Bridge to Terabithia (2007);"[""avaliacao_baixa"", ""genero_aventura"", ""genero_fantasia"", ""genero_infantil"", ""periodo_2000_2009"", ""popularidade_baixa""]";6
50685;Waitress (2007);"[""avaliacao_media"", ""genero_comedia"", ""genero_drama"", ""genero_romance"", ""periodo_2000_2009"", ""popularidade_baixa""]";6
50794;Smokin' Aces (2006);"[""avaliacao_media"", ""genero_acao"", ""genero_crime"", ""genero_drama"", ""genero_suspense"", ""periodo_2000_2009"", ""popularidade_media""]";7
50872;Ratatouille (2007);"[""avaliacao_media"", ""genero_animacao"", ""genero_drama"", ""genero_infantil"", ""periodo_2000_2009"", ""popularidade_alta""]";6
50912;Paris, I Love You (Paris, je t'aime) (2006);"[""avaliacao_baixa"", ""genero_romance"", ""periodo_2000_2009"", ""popularidade_baixa""]";4
51077;Ghost Rider (2007);"[""avaliacao_baixa"", ""genero_acao"", ""genero_fantasia"", ""genero_suspense"", ""periodo_2000_2009"", ""popularidade_media""]";6
51080;Breach (2007);"[""avaliacao_media"", ""genero_drama"", ""genero_suspense"", ""periodo_2000_2009"", ""popularidade_baixa""]";5
51084;Music and Lyrics (2007);"[""avaliacao_media"", ""genero_comedia"", ""genero_romance"", ""periodo_2000_2009"", ""popularidade_media""]";5
51086;Number 23, The (2007);"[""avaliacao_baixa"", ""genero_drama"", ""genero_misterio"", ""genero_suspense"", ""periodo_2000_2009"", ""popularidade_media""]";6
51255;Hot Fuzz (2007);"[""avaliacao_alta"", ""genero_acao"", ""genero_comedia"", ""genero_crime"", ""genero_misterio"", ""periodo_2000_2009"", ""popularidade_alta""]";7
51412;Next (2007);"[""avaliacao_baixa"", ""genero_acao"", ""genero_ficcao_cientifica"", ""genero_suspense"", ""periodo_2000_2009"", ""popularidade_media""]";6
51540;Zodiac (2007);"[""avaliacao_media"", ""genero_crime"", ""genero_drama"", ""genero_suspense"", ""periodo_2000_2009"", ""popularidade_media""]";6
51575;Wild Hogs (2007);"[""avaliacao_baixa"", ""genero_aventura"", ""genero_comedia"", ""periodo_2000_2009"", ""popularidade_baixa""]";5
51662;300 (2007);"[""avaliacao_media"", ""genero_acao"", ""genero_fantasia"", ""genero_guerra"", ""genero_imax"", ""periodo_2000_2009"", ""popularidade_alta""]";7
51709;Host, The (Gwoemul) (2006);"[""avaliacao_alta"", ""genero_comedia"", ""genero_drama"", ""genero_ficcao_cientifica"", ""genero_suspense"", ""genero_terror"", ""periodo_2000_2009"", ""popularidade_baixa""]";8
51834;Becoming Jane (2007);"[""avaliacao_baixa"", ""genero_drama"", ""genero_romance"", ""periodo_2000_2009"", ""popularidade_baixa""]";5
51931;Reign Over Me (2007);"[""avaliacao_alta"", ""genero_drama"", ""periodo_2000_2009"", ""popularidade_baixa""]";4
51935;Shooter (2007);"[""avaliacao_media"", ""genero_acao"", ""genero_drama"", ""genero_suspense"", ""periodo_2000_2009"", ""popularidade_media""]";6
51939;TMNT (Teenage Mutant Ninja Turtles) (2007);"[""avaliacao_media"", ""genero_acao"", ""genero_animacao"", ""genero_aventura"", ""genero_comedia"", ""genero_fantasia"", ""genero_infantil"", ""periodo_2000_2009"", ""popularidade_baixa""]";9
52241;Lookout, The (2007);"[""avaliacao_media"", ""genero_crime"", ""genero_drama"", ""genero_suspense"", ""periodo_2000_2009"", ""popularidade_baixa""]";6
52245;Blades of Glory (2007);"[""avaliacao_media"", ""genero_comedia"", ""genero_romance"", ""periodo_2000_2009"", ""popularidade_media""]";5
52281;Grindhouse (2007);"[""avaliacao_media"", ""genero_acao"", ""genero_crime"", ""genero_ficcao_cientifica"", ""genero_suspense"", ""genero_terror"", ""periodo_2000_2009"", ""popularidade_media""]";8
52287;Meet the Robinsons (2007);"[""avaliacao_media"", ""genero_acao"", ""genero_animacao"", ""genero_aventura"", ""genero_comedia"", ""genero_ficcao_cientifica"", ""genero_infantil"", ""periodo_2000_2009"", ""popularidade_media""]";9
52319;Inglorious Bastards (Quel maledetto treno blindato) (1978);"[""avaliacao_media"", ""genero_acao"", ""genero_aventura"", ""genero_drama"", ""genero_guerra"", ""periodo_1970_1989"", ""popularidade_baixa""]";7
52328;Sunshine (2007);"[""avaliacao_media"", ""genero_aventura"", ""genero_drama"", ""genero_ficcao_cientifica"", ""genero_suspense"", ""periodo_2000_2009"", ""popularidade_media""]";7
52435;How the Grinch Stole Christmas! (1966);"[""avaliacao_media"", ""genero_animacao"", ""genero_comedia"", ""genero_fantasia"", ""genero_musical"", ""periodo_1950_1969"", ""popularidade_media""]";7
52458;Disturbia (2007);"[""avaliacao_media"", ""genero_drama"", ""genero_suspense"", ""periodo_2000_2009"", ""popularidade_media""]";5
52604;Fracture (2007);"[""avaliacao_media"", ""genero_crime"", ""genero_drama"", ""genero_misterio"", ""genero_suspense"", ""periodo_2000_2009"", ""popularidade_media""]";7
52722;Spider-Man 3 (2007);"[""avaliacao_media"", ""genero_acao"", ""genero_aventura"", ""genero_ficcao_cientifica"", ""genero_imax"", ""genero_suspense"", ""periodo_2000_2009"", ""popularidade_media""]";8
52885;Paprika (Papurika) (2006);"[""avaliacao_media"", ""genero_animacao"", ""genero_ficcao_cientifica"", ""genero_misterio"", ""periodo_2000_2009"", ""popularidade_baixa""]";6
52952;This Is England (2006);"[""avaliacao_alta"", ""genero_drama"", ""periodo_2000_2009"", ""popularidade_baixa""]";4
52973;Knocked Up (2007);"[""avaliacao_media"", ""genero_comedia"", ""genero_drama"", ""genero_romance"", ""periodo_2000_2009"", ""popularidade_alta""]";6
52975;Hairspray (2007);"[""avaliacao_media"", ""genero_comedia"", ""genero_drama"", ""genero_musical"", ""periodo_2000_2009"", ""popularidade_media""]";6
53000;28 Weeks Later (2007);"[""avaliacao_media"", ""genero_ficcao_cientifica"", ""genero_suspense"", ""genero_terror"", ""periodo_2000_2009"", ""popularidade_media""]";6
53121;Shrek the Third (2007);"[""avaliacao_media"", ""genero_animacao"", ""genero_aventura"", ""genero_comedia"", ""genero_fantasia"", ""genero_infantil"", ""periodo_2000_2009"", ""popularidade_media""]";8
53123;Once (2006);"[""avaliacao_media"", ""genero_drama"", ""genero_musical"", ""genero_romance"", ""periodo_2000_2009"", ""popularidade_baixa""]";6
53125;Pirates of the Caribbean: At World's End (2007);"[""avaliacao_media"", ""genero_acao"", ""genero_aventura"", ""genero_comedia"", ""genero_fantasia"", ""periodo_2000_2009"", ""popularidade_alta""]";7
53129;Mr. Brooks (2007);"[""avaliacao_alta"", ""genero_crime"", ""genero_drama"", ""genero_suspense"", ""periodo_2000_2009"", ""popularidade_baixa""]";6
53322;Ocean's Thirteen (2007);"[""avaliacao_media"", ""genero_crime"", ""genero_suspense"", ""periodo_2000_2009"", ""popularidade_media""]";5
53460;Surf's Up (2007);"[""avaliacao_media"", ""genero_animacao"", ""genero_comedia"", ""genero_infantil"", ""periodo_2000_2009"", ""popularidade_baixa""]";6
53464;Fantastic Four: Rise of the Silver Surfer (2007);"[""avaliacao_baixa"", ""genero_acao"", ""genero_aventura"", ""genero_ficcao_cientifica"", ""periodo_2000_2009"", ""popularidade_media""]";6
53468;Fido (2006);"[""avaliacao_media"", ""genero_comedia"", ""genero_suspense"", ""genero_terror"", ""periodo_2000_2009"", ""popularidade_baixa""]";6
53519;Death Proof (2007);"[""avaliacao_media"", ""genero_acao"", ""genero_aventura"", ""genero_crime"", ""genero_suspense"", ""genero_terror"", ""periodo_2000_2009"", ""popularidade_media""]";8
53894;Sicko (2007);"[""avaliacao_media"", ""genero_documentario"", ""genero_drama"", ""periodo_2000_2009"", ""popularidade_media""]";5
53953;1408 (2007);"[""avaliacao_media"", ""genero_drama"", ""genero_suspense"", ""genero_terror"", ""periodo_2000_2009"", ""popularidade_media""]";6
53972;Live Free or Die Hard (2007);"[""avaliacao_media"", ""genero_acao"", ""genero_aventura"", ""genero_crime"", ""genero_suspense"", ""periodo_2000_2009"", ""popularidade_media""]";7
53993;Evan Almighty (2007);"[""avaliacao_baixa"", ""genero_comedia"", ""genero_fantasia"", ""periodo_2000_2009"", ""popularidade_media""]";5
53996;Transformers (2007);"[""avaliacao_media"", ""genero_acao"", ""genero_ficcao_cientifica"", ""genero_imax"", ""genero_suspense"", ""periodo_2000_2009"", ""popularidade_media""]";7
54001;Harry Potter and the Order of the Phoenix (2007);"[""avaliacao_media"", ""genero_aventura"", ""genero_drama"", ""genero_fantasia"", ""genero_imax"", ""periodo_2000_2009"", ""popularidade_alta""]";7
54004;I Now Pronounce You Chuck and Larry (2007);"[""avaliacao_media"", ""genero_comedia"", ""genero_romance"", ""periodo_2000_2009"", ""popularidade_media""]";5
54190;Across the Universe (2007);"[""avaliacao_alta"", ""genero_drama"", ""genero_fantasia"", ""genero_musical"", ""genero_romance"", ""periodo_2000_2009"", ""popularidade_media""]";7
54256;Hot Rod (2007);"[""avaliacao_media"", ""genero_comedia"", ""periodo_2000_2009"", ""popularidade_baixa""]";4
54259;Stardust (2007);"[""avaliacao_media"", ""genero_aventura"", ""genero_comedia"", ""genero_fantasia"", ""genero_romance"", ""periodo_2000_2009"", ""popularidade_media""]";7
54272;Simpsons Movie, The (2007);"[""avaliacao_media"", ""genero_animacao"", ""genero_comedia"", ""periodo_2000_2009"", ""popularidade_media""]";5
54281;Charlie Bartlett (2007);"[""avaliacao_media"", ""genero_comedia"", ""genero_drama"", ""periodo_2000_2009"", ""popularidade_baixa""]";5
54286;Bourne Ultimatum, The (2007);"[""avaliacao_media"", ""genero_acao"", ""genero_crime"", ""genero_suspense"", ""periodo_2000_2009"", ""popularidade_alta""]";6
54503;Superbad (2007);"[""avaliacao_media"", ""genero_comedia"", ""periodo_2000_2009"", ""popularidade_alta""]";4
54648;Rush Hour 3 (2007);"[""avaliacao_baixa"", ""genero_acao"", ""genero_comedia"", ""genero_crime"", ""genero_suspense"", ""periodo_2000_2009"", ""popularidade_baixa""]";7
54736;Kingdom, The (2007);"[""avaliacao_media"", ""genero_acao"", ""genero_drama"", ""genero_suspense"", ""periodo_2000_2009"", ""popularidade_baixa""]";6
54881;King of Kong, The (2007);"[""avaliacao_media"", ""genero_documentario"", ""periodo_2000_2009"", ""popularidade_media""]";4
54995;Planet Terror (2007);"[""avaliacao_media"", ""genero_acao"", ""genero_ficcao_cientifica"", ""genero_terror"", ""periodo_2000_2009"", ""popularidade_media""]";6
54997;3:10 to Yuma (2007);"[""avaliacao_alta"", ""genero_acao"", ""genero_crime"", ""genero_drama"", ""genero_faroeste"", ""periodo_2000_2009"", ""popularidade_media""]";7
54999;Shoot 'Em Up (2007);"[""avaliacao_media"", ""genero_acao"", ""genero_comedia"", ""genero_crime"", ""periodo_2000_2009"", ""popularidade_media""]";6
55052;Atonement (2007);"[""avaliacao_media"", ""genero_drama"", ""genero_guerra"", ""genero_romance"", ""periodo_2000_2009"", ""popularidade_media""]";6
55118;Eastern Promises (2007);"[""avaliacao_alta"", ""genero_crime"", ""genero_drama"", ""genero_suspense"", ""periodo_2000_2009"", ""popularidade_media""]";6
55232;Resident Evil: Extinction (2007);"[""avaliacao_baixa"", ""genero_acao"", ""genero_ficcao_cientifica"", ""genero_suspense"", ""genero_terror"", ""periodo_2000_2009"", ""popularidade_media""]";7
55247;Into the Wild (2007);"[""avaliacao_media"", ""genero_acao"", ""genero_aventura"", ""genero_drama"", ""periodo_2000_2009"", ""popularidade_media""]";6
55261;Heartbreak Kid, The (2007);"[""avaliacao_baixa"", ""genero_comedia"", ""genero_drama"", ""genero_romance"", ""periodo_2000_2009"", ""popularidade_baixa""]";6
55267;Dan in Real Life (2007);"[""avaliacao_media"", ""genero_comedia"", ""genero_drama"", ""genero_romance"", ""periodo_2000_2009"", ""popularidade_baixa""]";6
55269;Darjeeling Limited, The (2007);"[""avaliacao_media"", ""genero_aventura"", ""genero_comedia"", ""genero_drama"", ""periodo_2000_2009"", ""popularidade_media""]";6
55276;Michael Clayton (2007);"[""avaliacao_media"", ""genero_drama"", ""genero_suspense"", ""periodo_2000_2009"", ""popularidade_media""]";5
55280;Lars and the Real Girl (2007);"[""avaliacao_media"", ""genero_comedia"", ""genero_drama"", ""periodo_2000_2009"", ""popularidade_baixa""]";5
55282;30 Days of Night (2007);"[""avaliacao_media"", ""genero_suspense"", ""genero_terror"", ""periodo_2000_2009"", ""popularidade_media""]";5
55290;Gone Baby Gone (2007);"[""avaliacao_media"", ""genero_crime"", ""genero_drama"", ""genero_misterio"", ""periodo_2000_2009"", ""popularidade_media""]";6
55363;Assassination of Jesse James by the Coward Robert Ford, The (2007);"[""avaliacao_alta"", ""genero_crime"", ""genero_drama"", ""genero_faroeste"", ""periodo_2000_2009"", ""popularidade_media""]";6
55442;Persepolis (2007);"[""avaliacao_alta"", ""genero_animacao"", ""genero_drama"", ""periodo_2000_2009"", ""popularidade_media""]";5
55577;Saw IV (2007);"[""avaliacao_media"", ""genero_crime"", ""genero_suspense"", ""genero_terror"", ""periodo_2000_2009"", ""popularidade_baixa""]";6
55721;Elite Squad (Tropa de Elite) (2007);"[""avaliacao_alta"", ""genero_acao"", ""genero_crime"", ""genero_drama"", ""genero_suspense"", ""periodo_2000_2009"", ""popularidade_media""]";7
55765;American Gangster (2007);"[""avaliacao_media"", ""genero_crime"", ""genero_drama"", ""genero_suspense"", ""periodo_2000_2009"", ""popularidade_media""]";6
55768;Bee Movie (2007);"[""avaliacao_media"", ""genero_animacao"", ""genero_comedia"", ""periodo_2000_2009"", ""popularidade_media""]";5
55814;Diving Bell and the Butterfly, The (Scaphandre et le papillon, Le) (2007);"[""avaliacao_alta"", ""genero_drama"", ""periodo_2000_2009"", ""popularidade_baixa""]";4
55820;No Country for Old Men (2007);"[""avaliacao_media"", ""genero_crime"", ""genero_drama"", ""periodo_2000_2009"", ""popularidade_alta""]";5
55830;Be Kind Rewind (2008);"[""avaliacao_media"", ""genero_comedia"", ""periodo_2000_2009"", ""popularidade_media""]";4
55872;August Rush (2007);"[""avaliacao_media"", ""genero_drama"", ""genero_musical"", ""periodo_2000_2009"", ""popularidade_baixa""]";5
55908;Man from Earth, The (2007);"[""avaliacao_alta"", ""genero_drama"", ""genero_ficcao_cientifica"", ""periodo_2000_2009"", ""popularidade_baixa""]";5
55995;Beowulf (2007);"[""avaliacao_baixa"", ""genero_acao"", ""genero_animacao"", ""genero_aventura"", ""genero_fantasia"", ""genero_imax"", ""periodo_2000_2009"", ""popularidade_baixa""]";8
56145;Mist, The (2007);"[""avaliacao_media"", ""genero_ficcao_cientifica"", ""genero_terror"", ""periodo_2000_2009"", ""popularidade_media""]";5
56152;Enchanted (2007);"[""avaliacao_media"", ""genero_animacao"", ""genero_aventura"", ""genero_comedia"", ""genero_fantasia"", ""genero_infantil"", ""genero_musical"", ""genero_romance"", ""periodo_2000_2009"", ""popularidade_media""]";10
56156;Hitman (2007);"[""avaliacao_media"", ""genero_acao"", ""genero_crime"", ""genero_suspense"", ""periodo_2000_2009"", ""popularidade_baixa""]";6
56171;Golden Compass, The (2007);"[""avaliacao_media"", ""genero_aventura"", ""genero_fantasia"", ""genero_infantil"", ""periodo_2000_2009"", ""popularidade_media""]";6
56174;I Am Legend (2007);"[""avaliacao_media"", ""genero_acao"", ""genero_ficcao_cientifica"", ""genero_imax"", ""genero_suspense"", ""genero_terror"", ""periodo_2000_2009"", ""popularidade_alta""]";8
56251;Futurama: Bender's Big Score (2007);"[""avaliacao_media"", ""genero_animacao"", ""genero_comedia"", ""genero_ficcao_cientifica"", ""periodo_2000_2009"", ""popularidade_media""]";6
56339;Orphanage, The (Orfanato, El) (2007);"[""avaliacao_media"", ""genero_drama"", ""genero_misterio"", ""genero_suspense"", ""genero_terror"", ""periodo_2000_2009"", ""popularidade_baixa""]";7
56367;Juno (2007);"[""avaliacao_media"", ""genero_comedia"", ""genero_drama"", ""genero_romance"", ""periodo_2000_2009"", ""popularidade_alta""]";6
56587;Bucket List, The (2007);"[""avaliacao_media"", ""genero_comedia"", ""genero_drama"", ""periodo_2000_2009"", ""popularidade_media""]";5
56715;Wristcutters: A Love Story (2006);"[""avaliacao_alta"", ""genero_drama"", ""genero_fantasia"", ""genero_romance"", ""periodo_2000_2009"", ""popularidade_baixa""]";6
56757;Sweeney Todd: The Demon Barber of Fleet Street (2007);"[""avaliacao_media"", ""genero_drama"", ""genero_musical"", ""genero_suspense"", ""genero_terror"", ""periodo_2000_2009"", ""popularidade_media""]";7
56775;National Treasure: Book of Secrets (2007);"[""avaliacao_media"", ""genero_acao"", ""genero_aventura"", ""periodo_2000_2009"", ""popularidade_media""]";5
56782;There Will Be Blood (2007);"[""avaliacao_alta"", ""genero_drama"", ""genero_faroeste"", ""periodo_2000_2009"", ""popularidade_media""]";5
56788;Charlie Wilson's War (2007);"[""avaliacao_media"", ""genero_comedia"", ""genero_drama"", ""genero_guerra"", ""periodo_2000_2009"", ""popularidade_baixa""]";6
56801;AVPR: Aliens vs. Predator - Requiem (2007);"[""avaliacao_baixa"", ""genero_acao"", ""genero_ficcao_cientifica"", ""genero_terror"", ""periodo_2000_2009"", ""popularidade_baixa""]";6
56805;Walk Hard: The Dewey Cox Story (2007);"[""avaliacao_media"", ""genero_comedia"", ""genero_musical"", ""periodo_2000_2009"", ""popularidade_baixa""]";5
56921;Battlestar Galactica: Razor (2007);"[""avaliacao_media"", ""genero_acao"", ""genero_drama"", ""genero_ficcao_cientifica"", ""genero_suspense"", ""periodo_2000_2009"", ""popularidade_baixa""]";7
56941;P.S. I Love You (2007);"[""avaliacao_media"", ""genero_comedia"", ""genero_drama"", ""genero_romance"", ""periodo_2000_2009"", ""popularidade_media""]";6
56949;27 Dresses (2008);"[""avaliacao_media"", ""genero_comedia"", ""genero_romance"", ""periodo_2000_2009"", ""popularidade_media""]";5
57274;[REC] (2007);"[""avaliacao_alta"", ""genero_drama"", ""genero_suspense"", ""genero_terror"", ""periodo_2000_2009"", ""popularidade_baixa""]";6
57368;Cloverfield (2008);"[""avaliacao_media"", ""genero_acao"", ""genero_ficcao_cientifica"", ""genero_misterio"", ""genero_suspense"", ""periodo_2000_2009"", ""popularidade_media""]";7
57504;Girl Who Leapt Through Time, The (Toki o kakeru shôjo) (2006);"[""avaliacao_alta"", ""genero_animacao"", ""genero_comedia"", ""genero_drama"", ""genero_ficcao_cientifica"", ""genero_romance"", ""periodo_2000_2009"", ""popularidade_media""]";8
57528;Rambo (Rambo 4) (2008);"[""avaliacao_media"", ""genero_acao"", ""genero_drama"", ""genero_guerra"", ""genero_suspense"", ""periodo_2000_2009"", ""popularidade_baixa""]";7
57640;Hellboy II: The Golden Army (2008);"[""avaliacao_media"", ""genero_acao"", ""genero_aventura"", ""genero_fantasia"", ""genero_ficcao_cientifica"", ""periodo_2000_2009"", ""popularidade_media""]";7
57669;In Bruges (2008);"[""avaliacao_alta"", ""genero_comedia"", ""genero_crime"", ""genero_drama"", ""genero_suspense"", ""periodo_2000_2009"", ""popularidade_media""]";7
58025;Jumper (2008);"[""avaliacao_media"", ""genero_acao"", ""genero_aventura"", ""genero_drama"", ""genero_ficcao_cientifica"", ""genero_suspense"", ""periodo_2000_2009"", ""popularidade_media""]";8
58047;Definitely, Maybe (2008);"[""avaliacao_media"", ""genero_comedia"", ""genero_drama"", ""genero_romance"", ""periodo_2000_2009"", ""popularidade_media""]";6
58103;Vantage Point (2008);"[""avaliacao_media"", ""genero_acao"", ""genero_drama"", ""genero_suspense"", ""periodo_2000_2009"", ""popularidade_baixa""]";6
58105;Spiderwick Chronicles, The (2008);"[""avaliacao_media"", ""genero_aventura"", ""genero_drama"", ""genero_fantasia"", ""genero_imax"", ""genero_infantil"", ""periodo_2000_2009"", ""popularidade_baixa""]";8
58154;Other Boleyn Girl, The (2008);"[""avaliacao_media"", ""genero_drama"", ""genero_romance"", ""periodo_2000_2009"", ""popularidade_baixa""]";5
58156;Semi-Pro (2008);"[""avaliacao_baixa"", ""genero_comedia"", ""periodo_2000_2009"", ""popularidade_media""]";4
58162;Run Fatboy Run (2007);"[""avaliacao_media"", ""genero_comedia"", ""genero_romance"", ""periodo_2000_2009"", ""popularidade_baixa""]";5
58293;10,000 BC (2008);"[""avaliacao_baixa"", ""genero_aventura"", ""genero_romance"", ""genero_suspense"", ""periodo_2000_2009"", ""popularidade_media""]";6
58295;Bank Job, The (2008);"[""avaliacao_media"", ""genero_acao"", ""genero_crime"", ""genero_suspense"", ""periodo_2000_2009"", ""popularidade_media""]";6
58299;Horton Hears a Who! (2008);"[""avaliacao_media"", ""genero_animacao"", ""genero_aventura"", ""genero_comedia"", ""genero_infantil"", ""periodo_2000_2009"", ""popularidade_baixa""]";7
58559;Dark Knight, The (2008);"[""avaliacao_alta"", ""genero_acao"", ""genero_crime"", ""genero_drama"", ""genero_imax"", ""periodo_2000_2009"", ""popularidade_alta""]";7
58803;21 (2008);"[""avaliacao_media"", ""genero_crime"", ""genero_drama"", ""genero_romance"", ""genero_suspense"", ""periodo_2000_2009"", ""popularidade_media""]";7
58998;Forgetting Sarah Marshall (2008);"[""avaliacao_media"", ""genero_comedia"", ""genero_romance"", ""periodo_2000_2009"", ""popularidade_media""]";5
59022;Harold & Kumar Escape from Guantanamo Bay (2008);"[""avaliacao_media"", ""genero_aventura"", ""genero_comedia"", ""periodo_2000_2009"", ""popularidade_media""]";5
59126;Religulous (2008);"[""avaliacao_media"", ""genero_comedia"", ""genero_documentario"", ""periodo_2000_2009"", ""popularidade_baixa""]";5
59258;Baby Mama (2008);"[""avaliacao_media"", ""genero_comedia"", ""periodo_2000_2009"", ""popularidade_media""]";4
59315;Iron Man (2008);"[""avaliacao_media"", ""genero_acao"", ""genero_aventura"", ""genero_ficcao_cientifica"", ""periodo_2000_2009"", ""popularidade_alta""]";6
59369;Taken (2008);"[""avaliacao_media"", ""genero_acao"", ""genero_crime"", ""genero_drama"", ""genero_suspense"", ""periodo_2000_2009"", ""popularidade_media""]";7
59387;Fall, The (2006);"[""avaliacao_media"", ""genero_aventura"", ""genero_drama"", ""genero_fantasia"", ""periodo_2000_2009"", ""popularidade_media""]";6
59421;What Happens in Vegas... (2008);"[""avaliacao_baixa"", ""genero_comedia"", ""genero_romance"", ""periodo_2000_2009"", ""popularidade_baixa""]";5
59501;Chronicles of Narnia: Prince Caspian, The (2008);"[""avaliacao_media"", ""genero_aventura"", ""genero_fantasia"", ""genero_infantil"", ""periodo_2000_2009"", ""popularidade_media""]";6
59615;Indiana Jones and the Kingdom of the Crystal Skull (2008);"[""avaliacao_baixa"", ""genero_acao"", ""genero_aventura"", ""genero_comedia"", ""genero_ficcao_cientifica"", ""periodo_2000_2009"", ""popularidade_media""]";7
59725;Sex and the City (2008);"[""avaliacao_baixa"", ""genero_comedia"", ""genero_romance"", ""periodo_2000_2009"", ""popularidade_media""]";5
59784;Kung Fu Panda (2008);"[""avaliacao_media"", ""genero_acao"", ""genero_animacao"", ""genero_comedia"", ""genero_imax"", ""genero_infantil"", ""periodo_2000_2009"", ""popularidade_alta""]";8
59900;You Don't Mess with the Zohan (2008);"[""avaliacao_baixa"", ""genero_comedia"", ""periodo_2000_2009"", ""popularidade_media""]";4
60037;Happening, The (2008);"[""avaliacao_media"", ""genero_drama"", ""genero_ficcao_cientifica"", ""genero_suspense"", ""periodo_2000_2009"", ""popularidade_baixa""]";6
60040;Incredible Hulk, The (2008);"[""avaliacao_media"", ""genero_acao"", ""genero_ficcao_cientifica"", ""periodo_2000_2009"", ""popularidade_media""]";5
60069;WALL·E (2008);"[""avaliacao_alta"", ""genero_animacao"", ""genero_aventura"", ""genero_ficcao_cientifica"", ""genero_infantil"", ""genero_romance"", ""periodo_2000_2009"", ""popularidade_alta""]";8
60072;Wanted (2008);"[""avaliacao_media"", ""genero_acao"", ""genero_suspense"", ""periodo_2000_2009"", ""popularidade_media""]";5
60074;Hancock (2008);"[""avaliacao_media"", ""genero_acao"", ""genero_aventura"", ""genero_comedia"", ""genero_crime"", ""genero_fantasia"", ""periodo_2000_2009"", ""popularidade_media""]";8
60126;Get Smart (2008);"[""avaliacao_media"", ""genero_acao"", ""genero_comedia"", ""periodo_2000_2009"", ""popularidade_media""]";5
60161;Futurama: The Beast with a Billion Backs (2008);"[""avaliacao_media"", ""genero_acao"", ""genero_animacao"", ""genero_comedia"", ""genero_ficcao_cientifica"", ""genero_romance"", ""periodo_2000_2009"", ""popularidade_baixa""]";8
60397;Mamma Mia! (2008);"[""avaliacao_baixa"", ""genero_comedia"", ""genero_musical"", ""genero_romance"", ""periodo_2000_2009"", ""popularidade_media""]";6
60487;It's the Great Pumpkin, Charlie Brown (1966);"[""avaliacao_media"", ""genero_animacao"", ""genero_comedia"", ""genero_infantil"", ""periodo_1950_1969"", ""popularidade_baixa""]";6
60514;Journey to the Center of the Earth (2008);"[""avaliacao_baixa"", ""genero_acao"", ""genero_aventura"", ""genero_ficcao_cientifica"", ""periodo_2000_2009"", ""popularidade_baixa""]";6
60684;Watchmen (2009);"[""avaliacao_media"", ""genero_acao"", ""genero_drama"", ""genero_ficcao_cientifica"", ""genero_imax"", ""genero_misterio"", ""genero_suspense"", ""periodo_2000_2009"", ""popularidade_media""]";9
60756;Step Brothers (2008);"[""avaliacao_media"", ""genero_comedia"", ""periodo_2000_2009"", ""popularidade_media""]";4
60766;Man on Wire (2008);"[""avaliacao_media"", ""genero_documentario"", ""periodo_2000_2009"", ""popularidade_baixa""]";4
60937;Mummy: Tomb of the Dragon Emperor, The (2008);"[""avaliacao_baixa"", ""genero_acao"", ""genero_aventura"", ""genero_fantasia"", ""genero_suspense"", ""periodo_2000_2009"", ""popularidade_baixa""]";7
60950;Vicky Cristina Barcelona (2008);"[""avaliacao_media"", ""genero_comedia"", ""genero_drama"", ""genero_romance"", ""periodo_2000_2009"", ""popularidade_media""]";6
61024;Pineapple Express (2008);"[""avaliacao_media"", ""genero_acao"", ""genero_comedia"", ""genero_crime"", ""periodo_2000_2009"", ""popularidade_media""]";6
61132;Tropic Thunder (2008);"[""avaliacao_media"", ""genero_acao"", ""genero_aventura"", ""genero_comedia"", ""genero_guerra"", ""periodo_2000_2009"", ""popularidade_media""]";7
61160;Star Wars: The Clone Wars (2008);"[""avaliacao_baixa"", ""genero_acao"", ""genero_animacao"", ""genero_aventura"", ""genero_ficcao_cientifica"", ""periodo_2000_2009"", ""popularidade_baixa""]";7
61236;Waltz with Bashir (Vals im Bashir) (2008);"[""avaliacao_media"", ""genero_animacao"", ""genero_documentario"", ""genero_drama"", ""genero_guerra"", ""periodo_2000_2009"", ""popularidade_baixa""]";7
61240;Let the Right One In (Låt den rätte komma in) (2008);"[""avaliacao_media"", ""genero_drama"", ""genero_fantasia"", ""genero_romance"", ""genero_terror"", ""periodo_2000_2009"", ""popularidade_media""]";7
61248;Death Race (2008);"[""avaliacao_media"", ""genero_acao"", ""genero_aventura"", ""genero_ficcao_cientifica"", ""genero_suspense"", ""periodo_2000_2009"", ""popularidade_baixa""]";7
61250;House Bunny, The (2008);"[""avaliacao_baixa"", ""genero_comedia"", ""periodo_2000_2009"", ""popularidade_media""]";4
61323;Burn After Reading (2008);"[""avaliacao_media"", ""genero_comedia"", ""genero_crime"", ""genero_drama"", ""periodo_2000_2009"", ""popularidade_media""]";6
62081;Eagle Eye (2008);"[""avaliacao_media"", ""genero_acao"", ""genero_crime"", ""genero_imax"", ""genero_suspense"", ""periodo_2000_2009"", ""popularidade_baixa""]";7
62113;How to Lose Friends & Alienate People (2008);"[""avaliacao_baixa"", ""genero_comedia"", ""periodo_2000_2009"", ""popularidade_baixa""]";4
62155;Nick and Norah's Infinite Playlist (2008);"[""avaliacao_media"", ""genero_comedia"", ""genero_drama"", ""genero_romance"", ""periodo_2000_2009"", ""popularidade_media""]";6
62250;Gomorrah (Gomorra) (2008);"[""avaliacao_media"", ""genero_crime"", ""genero_drama"", ""periodo_2000_2009"", ""popularidade_baixa""]";5
62336;FLCL (2000);"[""avaliacao_alta"", ""genero_animacao"", ""genero_comedia"", ""genero_fantasia"", ""genero_ficcao_cientifica"", ""periodo_2000_2009"", ""popularidade_baixa""]";7
62374;Body of Lies (2008);"[""avaliacao_media"", ""genero_acao"", ""genero_drama"", ""genero_suspense"", ""periodo_2000_2009"", ""popularidade_media""]";6
62434;Zack and Miri Make a Porno (2008);"[""avaliacao_media"", ""genero_comedia"", ""genero_drama"", ""genero_romance"", ""periodo_2000_2009"", ""popularidade_media""]";6
62644;Wave, The (Welle, Die) (2008);"[""avaliacao_media"", ""genero_drama"", ""periodo_2000_2009"", ""popularidade_baixa""]";4
62849;RocknRolla (2008);"[""avaliacao_media"", ""genero_acao"", ""genero_crime"", ""periodo_2000_2009"", ""popularidade_media""]";5
62956;Futurama: Bender's Game (2008);"[""avaliacao_media"", ""genero_acao"", ""genero_animacao"", ""genero_aventura"", ""genero_comedia"", ""genero_fantasia"", ""genero_ficcao_cientifica"", ""periodo_2000_2009"", ""popularidade_baixa""]";9
62999;Madagascar: Escape 2 Africa (2008);"[""avaliacao_media"", ""genero_acao"", ""genero_animacao"", ""genero_aventura"", ""genero_comedia"", ""genero_imax"", ""genero_infantil"", ""periodo_2000_2009"", ""popularidade_media""]";9
63062;Changeling (2008);"[""avaliacao_media"", ""genero_crime"", ""genero_drama"", ""genero_misterio"", ""periodo_2000_2009"", ""popularidade_baixa""]";6
63072;Road, The (2009);"[""avaliacao_media"", ""genero_aventura"", ""genero_drama"", ""genero_suspense"", ""periodo_2000_2009"", ""popularidade_baixa""]";6
63082;Slumdog Millionaire (2008);"[""avaliacao_media"", ""genero_crime"", ""genero_drama"", ""genero_romance"", ""periodo_2000_2009"", ""popularidade_alta""]";6
63113;Quantum of Solace (2008);"[""avaliacao_media"", ""genero_acao"", ""genero_aventura"", ""genero_suspense"", ""periodo_2000_2009"", ""popularidade_media""]";6
63131;Role Models (2008);"[""avaliacao_media"", ""genero_comedia"", ""periodo_2000_2009"", ""popularidade_media""]";4
63853;Australia (2008);"[""avaliacao_media"", ""genero_aventura"", ""genero_drama"", ""genero_faroeste"", ""genero_guerra"", ""periodo_2000_2009"", ""popularidade_baixa""]";7
63859;Bolt (2008);"[""avaliacao_media"", ""genero_acao"", ""genero_animacao"", ""genero_aventura"", ""genero_comedia"", ""genero_infantil"", ""periodo_2000_2009"", ""popularidade_media""]";8
63876;Milk (2008);"[""avaliacao_media"", ""genero_drama"", ""periodo_2000_2009"", ""popularidade_media""]";4
63992;Twilight (2008);"[""avaliacao_baixa"", ""genero_drama"", ""genero_fantasia"", ""genero_romance"", ""genero_suspense"", ""periodo_2000_2009"", ""popularidade_media""]";7
64030;Transporter 3 (2008);"[""avaliacao_baixa"", ""genero_acao"", ""genero_aventura"", ""genero_crime"", ""genero_suspense"", ""periodo_2000_2009"", ""popularidade_baixa""]";7
64034;Boy in the Striped Pajamas, The (Boy in the Striped Pyjamas, The) (2008);"[""avaliacao_media"", ""genero_drama"", ""genero_guerra"", ""periodo_2000_2009"", ""popularidade_baixa""]";5
64231;Punisher: War Zone (2008);"[""avaliacao_media"", ""genero_acao"", ""genero_crime"", ""genero_drama"", ""genero_suspense"", ""periodo_2000_2009"", ""popularidade_baixa""]";7
64285;Wallace and Gromit in 'A Matter of Loaf and Death' (2008);"[""avaliacao_media"", ""genero_animacao"", ""genero_comedia"", ""periodo_2000_2009"", ""popularidade_baixa""]";5
64497;Day the Earth Stood Still, The (2008);"[""avaliacao_baixa"", ""genero_drama"", ""genero_ficcao_cientifica"", ""genero_imax"", ""genero_suspense"", ""periodo_2000_2009"", ""popularidade_baixa""]";7
64575;Doubt (2008);"[""avaliacao_media"", ""genero_drama"", ""genero_misterio"", ""periodo_2000_2009"", ""popularidade_baixa""]";5
64614;Gran Torino (2008);"[""avaliacao_media"", ""genero_crime"", ""genero_drama"", ""periodo_2000_2009"", ""popularidade_media""]";5
64620;Frost/Nixon (2008);"[""avaliacao_media"", ""genero_drama"", ""periodo_2000_2009"", ""popularidade_baixa""]";4
64622;Reader, The (2008);"[""avaliacao_media"", ""genero_drama"", ""genero_romance"", ""periodo_2000_2009"", ""popularidade_baixa""]";5
64716;Seven Pounds (2008);"[""avaliacao_alta"", ""genero_drama"", ""periodo_2000_2009"", ""popularidade_media""]";4
64839;Wrestler, The (2008);"[""avaliacao_media"", ""genero_drama"", ""periodo_2000_2009"", ""popularidade_media""]";4
64957;Curious Case of Benjamin Button, The (2008);"[""avaliacao_media"", ""genero_drama"", ""genero_fantasia"", ""genero_misterio"", ""genero_romance"", ""periodo_2000_2009"", ""popularidade_media""]";7
64969;Yes Man (2008);"[""avaliacao_media"", ""genero_comedia"", ""periodo_2000_2009"", ""popularidade_media""]";4
64983;Valkyrie (2008);"[""avaliacao_media"", ""genero_drama"", ""genero_guerra"", ""genero_suspense"", ""periodo_2000_2009"", ""popularidade_media""]";6
65088;Bedtime Stories (2008);"[""avaliacao_media"", ""genero_aventura"", ""genero_comedia"", ""genero_infantil"", ""periodo_2000_2009"", ""popularidade_media""]";6
65130;Revolutionary Road (2008);"[""avaliacao_media"", ""genero_drama"", ""genero_romance"", ""periodo_2000_2009"", ""popularidade_baixa""]";5
65216;Defiance (2008);"[""avaliacao_media"", ""genero_drama"", ""genero_guerra"", ""genero_suspense"", ""periodo_2000_2009"", ""popularidade_baixa""]";6
65230;Marley & Me (2008);"[""avaliacao_media"", ""genero_comedia"", ""genero_drama"", ""periodo_2000_2009"", ""popularidade_media""]";5
65261;Ponyo (Gake no ue no Ponyo) (2008);"[""avaliacao_alta"", ""genero_animacao"", ""genero_aventura"", ""genero_fantasia"", ""genero_infantil"", ""periodo_2000_2009"", ""popularidade_media""]";7
65514;Ip Man (2008);"[""avaliacao_media"", ""genero_acao"", ""genero_drama"", ""genero_guerra"", ""periodo_2000_2009"", ""popularidade_media""]";6
65682;Underworld: Rise of the Lycans (2009);"[""avaliacao_media"", ""genero_acao"", ""genero_fantasia"", ""genero_suspense"", ""genero_terror"", ""periodo_2000_2009"", ""popularidade_baixa""]";7
65685;Inkheart (2008);"[""avaliacao_media"", ""genero_aventura"", ""genero_fantasia"", ""periodo_2000_2009"", ""popularidade_baixa""]";5
65802;Paul Blart: Mall Cop (2009);"[""avaliacao_baixa"", ""genero_acao"", ""genero_comedia"", ""genero_crime"", ""periodo_2000_2009"", ""popularidade_baixa""]";6
66097;Coraline (2009);"[""avaliacao_media"", ""genero_animacao"", ""genero_fantasia"", ""genero_suspense"", ""periodo_2000_2009"", ""popularidade_media""]";6
66203;He's Just Not That Into You (2009);"[""avaliacao_baixa"", ""genero_comedia"", ""genero_drama"", ""genero_romance"", ""periodo_2000_2009"", ""popularidade_media""]";6
66297;Futurama: Into the Wild Green Yonder (2009);"[""avaliacao_media"", ""genero_acao"", ""genero_animacao"", ""genero_comedia"", ""genero_ficcao_cientifica"", ""periodo_2000_2009"", ""popularidade_baixa""]";7
66371;Departures (Okuribito) (2008);"[""avaliacao_alta"", ""genero_drama"", ""periodo_2000_2009"", ""popularidade_baixa""]";4
66509;Funny People (2009);"[""avaliacao_media"", ""genero_comedia"", ""genero_drama"", ""periodo_2000_2009"", ""popularidade_baixa""]";5
66785;Good, the Bad, the Weird, The (Joheunnom nabbeunnom isanghannom) (2008);"[""avaliacao_media"", ""genero_acao"", ""genero_aventura"", ""genero_comedia"", ""genero_faroeste"", ""periodo_2000_2009"", ""popularidade_baixa""]";7
66934;Dr. Horrible's Sing-Along Blog (2008);"[""avaliacao_media"", ""genero_comedia"", ""genero_drama"", ""genero_ficcao_cientifica"", ""genero_musical"", ""periodo_2000_2009"", ""popularidade_media""]";7
67087;I Love You, Man (2009);"[""avaliacao_media"", ""genero_comedia"", ""periodo_2000_2009"", ""popularidade_media""]";4
67197;Knowing (2009);"[""avaliacao_baixa"", ""genero_acao"", ""genero_drama"", ""genero_ficcao_cientifica"", ""genero_misterio"", ""genero_suspense"", ""periodo_2000_2009"", ""popularidade_baixa""]";8
67255;Girl with the Dragon Tattoo, The (Män som hatar kvinnor) (2009);"[""avaliacao_media"", ""genero_crime"", ""genero_drama"", ""genero_misterio"", ""genero_suspense"", ""periodo_2000_2009"", ""popularidade_media""]";7
67408;Monsters vs. Aliens (2009);"[""avaliacao_media"", ""genero_animacao"", ""genero_ficcao_cientifica"", ""genero_imax"", ""periodo_2000_2009"", ""popularidade_baixa""]";6
67734;Adventureland (2009);"[""avaliacao_media"", ""genero_comedia"", ""genero_drama"", ""periodo_2000_2009"", ""popularidade_media""]";5
67923;Fast & Furious (Fast and the Furious 4, The) (2009);"[""avaliacao_media"", ""genero_acao"", ""genero_crime"", ""genero_drama"", ""genero_suspense"", ""periodo_2000_2009"", ""popularidade_media""]";7
67997;In the Loop (2009);"[""avaliacao_alta"", ""genero_comedia"", ""periodo_2000_2009"", ""popularidade_baixa""]";4
68073;Pirate Radio (2009);"[""avaliacao_media"", ""genero_comedia"", ""genero_drama"", ""periodo_2000_2009"", ""popularidade_baixa""]";5
68135;17 Again (2009);"[""avaliacao_media"", ""genero_comedia"", ""genero_drama"", ""periodo_2000_2009"", ""popularidade_media""]";5
68157;Inglourious Basterds (2009);"[""avaliacao_alta"", ""genero_acao"", ""genero_drama"", ""genero_guerra"", ""periodo_2000_2009"", ""popularidade_alta""]";6
68205;Crank: High Voltage (2009);"[""avaliacao_baixa"", ""genero_acao"", ""genero_comedia"", ""genero_crime"", ""periodo_2000_2009"", ""popularidade_baixa""]";6
68237;Moon (2009);"[""avaliacao_media"", ""genero_drama"", ""genero_ficcao_cientifica"", ""genero_misterio"", ""genero_suspense"", ""periodo_2000_2009"", ""popularidade_media""]";7
68319;X-Men Origins: Wolverine (2009);"[""avaliacao_baixa"", ""genero_acao"", ""genero_ficcao_cientifica"", ""genero_suspense"", ""periodo_2000_2009"", ""popularidade_media""]";6
68358;Star Trek (2009);"[""avaliacao_media"", ""genero_acao"", ""genero_aventura"", ""genero_ficcao_cientifica"", ""genero_imax"", ""periodo_2000_2009"", ""popularidade_alta""]";7
68554;Angels & Demons (2009);"[""avaliacao_media"", ""genero_crime"", ""genero_drama"", ""genero_misterio"", ""genero_suspense"", ""periodo_2000_2009"", ""popularidade_media""]";7
68659;Fanboys (2009);"[""avaliacao_baixa"", ""genero_aventura"", ""genero_comedia"", ""genero_drama"", ""periodo_2000_2009"", ""popularidade_baixa""]";6
68791;Terminator Salvation (2009);"[""avaliacao_media"", ""genero_acao"", ""genero_aventura"", ""genero_ficcao_cientifica"", ""genero_suspense"", ""periodo_2000_2009"", ""popularidade_media""]";7
68793;Night at the Museum: Battle of the Smithsonian (2009);"[""avaliacao_media"", ""genero_acao"", ""genero_comedia"", ""genero_imax"", ""periodo_2000_2009"", ""popularidade_media""]";6
68952;Drag Me to Hell (2009);"[""avaliacao_media"", ""genero_comedia"", ""genero_terror"", ""periodo_2000_2009"", ""popularidade_baixa""]";5
68954;Up (2009);"[""avaliacao_alta"", ""genero_animacao"", ""genero_aventura"", ""genero_drama"", ""genero_infantil"", ""periodo_2000_2009"", ""popularidade_alta""]";7
69069;Fired Up (2009);"[""avaliacao_media"", ""genero_comedia"", ""periodo_2000_2009"", ""popularidade_baixa""]";4
69122;Hangover, The (2009);"[""avaliacao_media"", ""genero_comedia"", ""genero_crime"", ""periodo_2000_2009"", ""popularidade_alta""]";5
69134;Antichrist (2009);"[""avaliacao_media"", ""genero_drama"", ""genero_fantasia"", ""periodo_2000_2009"", ""popularidade_baixa""]";5
69278;Land of the Lost (2009);"[""avaliacao_media"", ""genero_acao"", ""genero_aventura"", ""genero_comedia"", ""genero_ficcao_cientifica"", ""periodo_2000_2009"", ""popularidade_baixa""]";7
69306;Taking of Pelham 1 2 3, The (2009);"[""avaliacao_media"", ""genero_crime"", ""genero_drama"", ""genero_suspense"", ""periodo_2000_2009"", ""popularidade_baixa""]";6
69406;Proposal, The (2009);"[""avaliacao_media"", ""genero_comedia"", ""genero_romance"", ""periodo_2000_2009"", ""popularidade_media""]";5
69436;Year One (2009);"[""avaliacao_baixa"", ""genero_aventura"", ""genero_comedia"", ""periodo_2000_2009"", ""popularidade_baixa""]";5
69481;Hurt Locker, The (2008);"[""avaliacao_alta"", ""genero_acao"", ""genero_drama"", ""genero_guerra"", ""genero_suspense"", ""periodo_2000_2009"", ""popularidade_media""]";7
69526;Transformers: Revenge of the Fallen (2009);"[""avaliacao_baixa"", ""genero_acao"", ""genero_aventura"", ""genero_ficcao_cientifica"", ""genero_imax"", ""periodo_2000_2009"", ""popularidade_media""]";7
69640;Public Enemies (2009);"[""avaliacao_media"", ""genero_crime"", ""genero_drama"", ""genero_suspense"", ""periodo_2000_2009"", ""popularidade_baixa""]";6
69644;Ice Age: Dawn of the Dinosaurs (2009);"[""avaliacao_baixa"", ""genero_acao"", ""genero_animacao"", ""genero_aventura"", ""genero_comedia"", ""genero_infantil"", ""genero_romance"", ""periodo_2000_2009"", ""popularidade_media""]";9
69757;(500) Days of Summer (2009);"[""avaliacao_media"", ""genero_comedia"", ""genero_drama"", ""genero_romance"", ""periodo_2000_2009"", ""popularidade_media""]";6
69784;Brüno (Bruno) (2009);"[""avaliacao_media"", ""genero_comedia"", ""periodo_2000_2009"", ""popularidade_media""]";4
69844;Harry Potter and the Half-Blood Prince (2009);"[""avaliacao_media"", ""genero_aventura"", ""genero_fantasia"", ""genero_imax"", ""genero_misterio"", ""genero_romance"", ""periodo_2000_2009"", ""popularidade_alta""]";8
69951;Imaginarium of Doctor Parnassus, The (2009);"[""avaliacao_media"", ""genero_drama"", ""genero_fantasia"", ""periodo_2000_2009"", ""popularidade_media""]";5
70183;Ugly Truth, The (2009);"[""avaliacao_media"", ""genero_comedia"", ""genero_drama"", ""genero_romance"", ""periodo_2000_2009"", ""popularidade_media""]";6
70286;District 9 (2009);"[""avaliacao_media"", ""genero_ficcao_cientifica"", ""genero_misterio"", ""genero_suspense"", ""periodo_2000_2009"", ""popularidade_alta""]";6
70293;Julie & Julia (2009);"[""avaliacao_baixa"", ""genero_comedia"", ""genero_drama"", ""genero_romance"", ""periodo_2000_2009"", ""popularidade_media""]";6
70336;G.I. Joe: The Rise of Cobra (2009);"[""avaliacao_baixa"", ""genero_acao"", ""genero_aventura"", ""genero_ficcao_cientifica"", ""genero_suspense"", ""periodo_2000_2009"", ""popularidade_baixa""]";7
70599;Time Traveler's Wife, The (2009);"[""avaliacao_media"", ""genero_drama"", ""genero_ficcao_cientifica"", ""genero_romance"", ""periodo_2000_2009"", ""popularidade_baixa""]";6
71033;Secret in Their Eyes, The (El secreto de sus ojos) (2009);"[""avaliacao_media"", ""genero_crime"", ""genero_drama"", ""genero_misterio"", ""genero_romance"", ""genero_suspense"", ""periodo_2000_2009"", ""popularidade_baixa""]";8
71057;9 (2009);"[""avaliacao_media"", ""genero_animacao"", ""genero_aventura"", ""genero_ficcao_cientifica"", ""periodo_2000_2009"", ""popularidade_media""]";6
71106;Frequently Asked Questions About Time Travel (2009);"[""avaliacao_media"", ""genero_comedia"", ""genero_ficcao_cientifica"", ""periodo_2000_2009"", ""popularidade_baixa""]";5
71135;Pandorum (2009);"[""avaliacao_media"", ""genero_ficcao_cientifica"", ""genero_suspense"", ""genero_terror"", ""periodo_2000_2009"", ""popularidade_baixa""]";6
71156;Men Who Stare at Goats, The (2009);"[""avaliacao_media"", ""genero_acao"", ""genero_comedia"", ""genero_drama"", ""periodo_2000_2009"", ""popularidade_baixa""]";6
71254;Gamer (2009);"[""avaliacao_media"", ""genero_acao"", ""genero_ficcao_cientifica"", ""genero_suspense"", ""periodo_2000_2009"", ""popularidade_baixa""]";6
71264;Cloudy with a Chance of Meatballs (2009);"[""avaliacao_media"", ""genero_animacao"", ""genero_fantasia"", ""genero_imax"", ""genero_infantil"", ""periodo_2000_2009"", ""popularidade_media""]";7
71282;Food, Inc. (2008);"[""avaliacao_media"", ""genero_documentario"", ""periodo_2000_2009"", ""popularidade_baixa""]";4
71379;Paranormal Activity (2009);"[""avaliacao_media"", ""genero_suspense"", ""genero_terror"", ""periodo_2000_2009"", ""popularidade_baixa""]";5
71464;Serious Man, A (2009);"[""avaliacao_media"", ""genero_comedia"", ""genero_drama"", ""periodo_2000_2009"", ""popularidade_media""]";5
71518;Whip It (2009);"[""avaliacao_media"", ""genero_comedia"", ""genero_drama"", ""periodo_2000_2009"", ""popularidade_baixa""]";5
71520;Invention of Lying, The (2009);"[""avaliacao_baixa"", ""genero_comedia"", ""periodo_2000_2009"", ""popularidade_baixa""]";4
71530;Surrogates (2009);"[""avaliacao_media"", ""genero_acao"", ""genero_ficcao_cientifica"", ""genero_suspense"", ""periodo_2000_2009"", ""popularidade_media""]";6
71535;Zombieland (2009);"[""avaliacao_media"", ""genero_acao"", ""genero_comedia"", ""genero_terror"", ""periodo_2000_2009"", ""popularidade_alta""]";6
71579;Education, An (2009);"[""avaliacao_media"", ""genero_drama"", ""genero_romance"", ""periodo_2000_2009"", ""popularidade_baixa""]";5
71745;Where the Wild Things Are (2009);"[""avaliacao_baixa"", ""genero_aventura"", ""genero_drama"", ""genero_fantasia"", ""genero_imax"", ""genero_infantil"", ""periodo_2000_2009"", ""popularidade_media""]";8
71838;Law Abiding Citizen (2009);"[""avaliacao_media"", ""genero_drama"", ""genero_suspense"", ""periodo_2000_2009"", ""popularidade_baixa""]";5
71899;Mary and Max (2009);"[""avaliacao_alta"", ""genero_animacao"", ""genero_comedia"", ""genero_drama"", ""periodo_2000_2009"", ""popularidade_media""]";6
72011;Up in the Air (2009);"[""avaliacao_media"", ""genero_drama"", ""genero_romance"", ""periodo_2000_2009"", ""popularidade_media""]";5
72226;Fantastic Mr. Fox (2009);"[""avaliacao_alta"", ""genero_animacao"", ""genero_aventura"", ""genero_comedia"", ""genero_crime"", ""genero_infantil"", ""periodo_2000_2009"", ""popularidade_media""]";8
72378;2012 (2009);"[""avaliacao_baixa"", ""genero_acao"", ""genero_drama"", ""genero_ficcao_cientifica"", ""genero_suspense"", ""periodo_2000_2009"", ""popularidade_media""]";7
72407;Twilight Saga: New Moon, The (2009);"[""avaliacao_baixa"", ""genero_drama"", ""genero_fantasia"", ""genero_romance"", ""genero_suspense"", ""genero_terror"", ""periodo_2000_2009"", ""popularidade_baixa""]";8
72605;Brothers (2009);"[""avaliacao_media"", ""genero_drama"", ""genero_guerra"", ""genero_suspense"", ""periodo_2000_2009"", ""popularidade_baixa""]";6
72641;Blind Side, The (2009);"[""avaliacao_media"", ""genero_drama"", ""periodo_2000_2009"", ""popularidade_media""]";4
72733;Invictus (2009);"[""avaliacao_media"", ""genero_drama"", ""periodo_2000_2009"", ""popularidade_baixa""]";4
72737;Princess and the Frog, The (2009);"[""avaliacao_media"", ""genero_animacao"", ""genero_fantasia"", ""genero_infantil"", ""genero_musical"", ""genero_romance"", ""periodo_2000_2009"", ""popularidade_media""]";8
72998;Avatar (2009);"[""avaliacao_media"", ""genero_acao"", ""genero_aventura"", ""genero_ficcao_cientifica"", ""genero_imax"", ""periodo_2000_2009"", ""popularidade_alta""]";7
73017;Sherlock Holmes (2009);"[""avaliacao_media"", ""genero_acao"", ""genero_crime"", ""genero_misterio"", ""genero_suspense"", ""periodo_2000_2009"", ""popularidade_alta""]";7
73023;Crazy Heart (2009);"[""avaliacao_alta"", ""genero_drama"", ""genero_romance"", ""periodo_2000_2009"", ""popularidade_baixa""]";5
73266;Youth in Revolt (2009);"[""avaliacao_media"", ""genero_comedia"", ""genero_drama"", ""genero_romance"", ""periodo_2000_2009"", ""popularidade_baixa""]";6
73268;Daybreakers (2010);"[""avaliacao_media"", ""genero_acao"", ""genero_drama"", ""genero_suspense"", ""genero_terror"", ""periodo_2010_2018"", ""popularidade_baixa""]";7
73319;Leap Year (2010);"[""avaliacao_baixa"", ""genero_comedia"", ""genero_romance"", ""periodo_2010_2018"", ""popularidade_baixa""]";5
73321;Book of Eli, The (2010);"[""avaliacao_media"", ""genero_acao"", ""genero_aventura"", ""genero_drama"", ""periodo_2010_2018"", ""popularidade_media""]";6
73323;Girl Who Kicked the Hornet's Nest, The (Luftslottet som sprängdes) (2009);"[""avaliacao_alta"", ""genero_acao"", ""genero_crime"", ""genero_misterio"", ""periodo_2000_2009"", ""popularidade_baixa""]";6
74458;Shutter Island (2010);"[""avaliacao_alta"", ""genero_drama"", ""genero_misterio"", ""genero_suspense"", ""periodo_2010_2018"", ""popularidade_alta""]";6
74530;Percy Jackson & the Olympians: The Lightning Thief (2010);"[""avaliacao_baixa"", ""genero_aventura"", ""genero_fantasia"", ""periodo_2010_2018"", ""popularidade_baixa""]";5
74532;Cop Out (2010);"[""avaliacao_baixa"", ""genero_acao"", ""genero_comedia"", ""genero_crime"", ""periodo_2010_2018"", ""popularidade_baixa""]";6
74545;Ghost Writer, The (2010);"[""avaliacao_media"", ""genero_drama"", ""genero_misterio"", ""genero_suspense"", ""periodo_2010_2018"", ""popularidade_baixa""]";6
74789;Alice in Wonderland (2010);"[""avaliacao_baixa"", ""genero_aventura"", ""genero_fantasia"", ""genero_imax"", ""periodo_2010_2018"", ""popularidade_media""]";6
74795;Green Zone (2010);"[""avaliacao_media"", ""genero_acao"", ""genero_drama"", ""genero_guerra"", ""genero_suspense"", ""periodo_2010_2018"", ""popularidade_baixa""]";7
74868;Dorian Gray (2009);"[""avaliacao_media"", ""genero_drama"", ""genero_ficcao_cientifica"", ""genero_terror"", ""periodo_2000_2009"", ""popularidade_baixa""]";6
74946;She's Out of My League (2010);"[""avaliacao_media"", ""genero_comedia"", ""periodo_2010_2018"", ""popularidade_baixa""]";4
75805;Bounty Hunter, The (2010);"[""avaliacao_baixa"", ""genero_acao"", ""genero_comedia"", ""genero_romance"", ""periodo_2010_2018"", ""popularidade_baixa""]";6
75985;Repo Men (2010);"[""avaliacao_media"", ""genero_acao"", ""genero_ficcao_cientifica"", ""genero_suspense"", ""periodo_2010_2018"", ""popularidade_baixa""]";6
76077;Hot Tub Time Machine (2010);"[""avaliacao_media"", ""genero_comedia"", ""genero_ficcao_cientifica"", ""periodo_2010_2018"", ""popularidade_media""]";5
76093;How to Train Your Dragon (2010);"[""avaliacao_media"", ""genero_animacao"", ""genero_aventura"", ""genero_fantasia"", ""genero_imax"", ""genero_infantil"", ""periodo_2010_2018"", ""popularidade_alta""]";8
76175;Clash of the Titans (2010);"[""avaliacao_baixa"", ""genero_acao"", ""genero_aventura"", ""genero_drama"", ""genero_fantasia"", ""periodo_2010_2018"", ""popularidade_media""]";7
76251;Kick-Ass (2010);"[""avaliacao_media"", ""genero_acao"", ""genero_comedia"", ""periodo_2010_2018"", ""popularidade_media""]";5
76293;Date Night (2010);"[""avaliacao_media"", ""genero_acao"", ""genero_comedia"", ""genero_romance"", ""periodo_2010_2018"", ""popularidade_media""]";6
77455;Exit Through the Gift Shop (2010);"[""avaliacao_alta"", ""genero_comedia"", ""genero_documentario"", ""periodo_2010_2018"", ""popularidade_media""]";5
77561;Iron Man 2 (2010);"[""avaliacao_media"", ""genero_acao"", ""genero_aventura"", ""genero_ficcao_cientifica"", ""genero_imax"", ""genero_suspense"", ""periodo_2010_2018"", ""popularidade_media""]";8
77800;Four Lions (2010);"[""avaliacao_alta"", ""genero_comedia"", ""genero_drama"", ""periodo_2010_2018"", ""popularidade_baixa""]";5
77866;Robin Hood (2010);"[""avaliacao_media"", ""genero_acao"", ""genero_aventura"", ""genero_drama"", ""genero_guerra"", ""genero_romance"", ""periodo_2010_2018"", ""popularidade_baixa""]";8
78039;Blue Valentine (2010);"[""avaliacao_baixa"", ""genero_drama"", ""genero_romance"", ""periodo_2010_2018"", ""popularidade_baixa""]";5
78105;Prince of Persia: The Sands of Time (2010);"[""avaliacao_baixa"", ""genero_acao"", ""genero_aventura"", ""genero_fantasia"", ""genero_imax"", ""genero_romance"", ""periodo_2010_2018"", ""popularidade_media""]";8
78209;Get Him to the Greek (2010);"[""avaliacao_media"", ""genero_comedia"", ""periodo_2010_2018"", ""popularidade_media""]";4
78349;Exam (2009);"[""avaliacao_media"", ""genero_misterio"", ""genero_suspense"", ""periodo_2000_2009"", ""popularidade_baixa""]";5
78469;A-Team, The (2010);"[""avaliacao_media"", ""genero_acao"", ""genero_comedia"", ""genero_suspense"", ""periodo_2010_2018"", ""popularidade_media""]";6
78499;Toy Story 3 (2010);"[""avaliacao_alta"", ""genero_animacao"", ""genero_aventura"", ""genero_comedia"", ""genero_fantasia"", ""genero_imax"", ""genero_infantil"", ""periodo_2010_2018"", ""popularidade_alta""]";9
78574;Winter's Bone (2010);"[""avaliacao_media"", ""genero_drama"", ""genero_suspense"", ""periodo_2010_2018"", ""popularidade_baixa""]";5
78637;Shrek Forever After (a.k.a. Shrek: The Final Chapter) (2010);"[""avaliacao_media"", ""genero_animacao"", ""genero_aventura"", ""genero_comedia"", ""genero_fantasia"", ""genero_imax"", ""genero_infantil"", ""periodo_2010_2018"", ""popularidade_baixa""]";9
78772;Twilight Saga: Eclipse, The (2010);"[""avaliacao_baixa"", ""genero_fantasia"", ""genero_imax"", ""genero_romance"", ""genero_suspense"", ""periodo_2010_2018"", ""popularidade_media""]";7
78893;Last Airbender, The (2010);"[""avaliacao_baixa"", ""genero_acao"", ""genero_aventura"", ""genero_fantasia"", ""periodo_2010_2018"", ""popularidade_baixa""]";6
79008;South Park: Imaginationland (2008);"[""avaliacao_alta"", ""genero_animacao"", ""genero_comedia"", ""genero_fantasia"", ""periodo_2000_2009"", ""popularidade_baixa""]";6
79057;Predators (2010);"[""avaliacao_media"", ""genero_acao"", ""genero_ficcao_cientifica"", ""genero_suspense"", ""periodo_2010_2018"", ""popularidade_media""]";6
79091;Despicable Me (2010);"[""avaliacao_media"", ""genero_animacao"", ""genero_comedia"", ""genero_crime"", ""genero_infantil"", ""periodo_2010_2018"", ""popularidade_media""]";7
79132;Inception (2010);"[""avaliacao_alta"", ""genero_acao"", ""genero_crime"", ""genero_drama"", ""genero_ficcao_cientifica"", ""genero_imax"", ""genero_misterio"", ""genero_suspense"", ""periodo_2010_2018"", ""popularidade_alta""]";10
79134;Grown Ups (2010);"[""avaliacao_media"", ""genero_comedia"", ""periodo_2010_2018"", ""popularidade_media""]";4
79139;Sorcerer's Apprentice, The (2010);"[""avaliacao_media"", ""genero_acao"", ""genero_aventura"", ""genero_comedia"", ""genero_fantasia"", ""genero_infantil"", ""periodo_2010_2018"", ""popularidade_media""]";8
79185;Knight and Day (2010);"[""avaliacao_media"", ""genero_acao"", ""genero_comedia"", ""genero_romance"", ""periodo_2010_2018"", ""popularidade_baixa""]";6
79224;Karate Kid, The (2010);"[""avaliacao_baixa"", ""genero_acao"", ""genero_drama"", ""genero_infantil"", ""periodo_2010_2018"", ""popularidade_baixa""]";6
79242;Kids Are All Right, The (2010);"[""avaliacao_baixa"", ""genero_comedia"", ""genero_drama"", ""periodo_2010_2018"", ""popularidade_baixa""]";5
79293;Salt (2010);"[""avaliacao_baixa"", ""genero_acao"", ""genero_suspense"", ""periodo_2010_2018"", ""popularidade_media""]";5
79357;Mr. Nobody (2009);"[""avaliacao_alta"", ""genero_drama"", ""genero_fantasia"", ""genero_ficcao_cientifica"", ""genero_romance"", ""periodo_2000_2009"", ""popularidade_baixa""]";7
79428;Dinner for Schmucks (2010);"[""avaliacao_media"", ""genero_comedia"", ""periodo_2010_2018"", ""popularidade_baixa""]";4
79553;Ip Man 2 (2010);"[""avaliacao_media"", ""genero_acao"", ""periodo_2010_2018"", ""popularidade_baixa""]";4
79592;Other Guys, The (2010);"[""avaliacao_media"", ""genero_acao"", ""genero_comedia"", ""periodo_2010_2018"", ""popularidade_media""]";5
79695;Expendables, The (2010);"[""avaliacao_media"", ""genero_acao"", ""genero_aventura"", ""genero_suspense"", ""periodo_2010_2018"", ""popularidade_media""]";6
79702;Scott Pilgrim vs. the World (2010);"[""avaliacao_media"", ""genero_acao"", ""genero_comedia"", ""genero_fantasia"", ""genero_musical"", ""genero_romance"", ""periodo_2010_2018"", ""popularidade_media""]";8
80166;Switch, The (2010);"[""avaliacao_baixa"", ""genero_comedia"", ""genero_romance"", ""periodo_2010_2018"", ""popularidade_baixa""]";5
80219;Machete (2010);"[""avaliacao_media"", ""genero_acao"", ""genero_aventura"", ""genero_comedia"", ""genero_crime"", ""genero_suspense"", ""periodo_2010_2018"", ""popularidade_media""]";8
80363;Resident Evil: Afterlife (2010);"[""avaliacao_media"", ""genero_acao"", ""genero_ficcao_cientifica"", ""genero_imax"", ""genero_suspense"", ""genero_terror"", ""periodo_2010_2018"", ""popularidade_baixa""]";8
80463;Social Network, The (2010);"[""avaliacao_media"", ""genero_drama"", ""periodo_2010_2018"", ""popularidade_alta""]";4
80489;Town, The (2010);"[""avaliacao_media"", ""genero_crime"", ""genero_drama"", ""genero_suspense"", ""periodo_2010_2018"", ""popularidade_media""]";6
80549;Easy A (2010);"[""avaliacao_media"", ""genero_comedia"", ""genero_romance"", ""periodo_2010_2018"", ""popularidade_media""]";5
80693;It's Kind of a Funny Story (2010);"[""avaliacao_media"", ""genero_comedia"", ""genero_drama"", ""periodo_2010_2018"", ""popularidade_baixa""]";5
80831;Let Me In (2010);"[""avaliacao_media"", ""genero_drama"", ""genero_misterio"", ""genero_terror"", ""periodo_2010_2018"", ""popularidade_baixa""]";6
80860;Life as We Know It (2010);"[""avaliacao_media"", ""genero_comedia"", ""genero_romance"", ""periodo_2010_2018"", ""popularidade_baixa""]";5
80906;Inside Job (2010);"[""avaliacao_alta"", ""genero_documentario"", ""periodo_2010_2018"", ""popularidade_media""]";4
81156;Jackass 3D (2010);"[""avaliacao_media"", ""genero_acao"", ""genero_comedia"", ""genero_documentario"", ""periodo_2010_2018"", ""popularidade_baixa""]";6
81229;Red (2010);"[""avaliacao_media"", ""genero_acao"", ""genero_comedia"", ""periodo_2010_2018"", ""popularidade_media""]";5
81417;Paranormal Activity 2 (2010);"[""avaliacao_media"", ""genero_imax"", ""genero_terror"", ""periodo_2010_2018"", ""popularidade_baixa""]";5
81537;Due Date (2010);"[""avaliacao_media"", ""genero_comedia"", ""periodo_2010_2018"", ""popularidade_media""]";4
81562;127 Hours (2010);"[""avaliacao_media"", ""genero_aventura"", ""genero_drama"", ""genero_suspense"", ""periodo_2010_2018"", ""popularidade_media""]";6
81564;Megamind (2010);"[""avaliacao_media"", ""genero_acao"", ""genero_animacao"", ""genero_comedia"", ""genero_ficcao_cientifica"", ""genero_imax"", ""genero_infantil"", ""periodo_2010_2018"", ""popularidade_media""]";9
81591;Black Swan (2010);"[""avaliacao_media"", ""genero_drama"", ""genero_suspense"", ""periodo_2010_2018"", ""popularidade_media""]";5
81782;Unstoppable (2010);"[""avaliacao_media"", ""genero_acao"", ""genero_drama"", ""genero_suspense"", ""periodo_2010_2018"", ""popularidade_baixa""]";6
81784;Morning Glory (2010);"[""avaliacao_baixa"", ""genero_comedia"", ""genero_drama"", ""genero_romance"", ""periodo_2010_2018"", ""popularidade_baixa""]";6
81788;Next Three Days, The (2010);"[""avaliacao_media"", ""genero_crime"", ""genero_drama"", ""genero_romance"", ""genero_suspense"", ""periodo_2010_2018"", ""popularidade_baixa""]";7
81834;Harry Potter and the Deathly Hallows: Part 1 (2010);"[""avaliacao_media"", ""genero_acao"", ""genero_aventura"", ""genero_fantasia"", ""genero_imax"", ""periodo_2010_2018"", ""popularidade_media""]";7
81845;King's Speech, The (2010);"[""avaliacao_alta"", ""genero_drama"", ""periodo_2010_2018"", ""popularidade_alta""]";4
81847;Tangled (2010);"[""avaliacao_media"", ""genero_animacao"", ""genero_comedia"", ""genero_fantasia"", ""genero_imax"", ""genero_infantil"", ""genero_musical"", ""genero_romance"", ""periodo_2010_2018"", ""popularidade_media""]";10
81932;Fighter, The (2010);"[""avaliacao_media"", ""genero_drama"", ""periodo_2010_2018"", ""popularidade_media""]";4
82167;Love and Other Drugs (2010);"[""avaliacao_baixa"", ""genero_comedia"", ""genero_drama"", ""genero_romance"", ""periodo_2010_2018"", ""popularidade_baixa""]";6
82169;Chronicles of Narnia: The Voyage of the Dawn Treader, The (2010);"[""avaliacao_media"", ""genero_aventura"", ""genero_fantasia"", ""genero_infantil"", ""periodo_2010_2018"", ""popularidade_baixa""]";6
82202;Tourist, The (2010);"[""avaliacao_baixa"", ""genero_drama"", ""genero_suspense"", ""periodo_2010_2018"", ""popularidade_baixa""]";5
82459;True Grit (2010);"[""avaliacao_media"", ""genero_faroeste"", ""periodo_2010_2018"", ""popularidade_media""]";4
82461;Tron: Legacy (2010);"[""avaliacao_media"", ""genero_acao"", ""genero_aventura"", ""genero_ficcao_cientifica"", ""genero_imax"", ""periodo_2010_2018"", ""popularidade_media""]";7
82852;Little Fockers (2010);"[""avaliacao_baixa"", ""genero_comedia"", ""periodo_2010_2018"", ""popularidade_baixa""]";4
82854;Gulliver's Travels (2010);"[""avaliacao_baixa"", ""genero_aventura"", ""genero_comedia"", ""genero_fantasia"", ""periodo_2010_2018"", ""popularidade_baixa""]";6
83134;Tucker & Dale vs Evil (2010);"[""avaliacao_media"", ""genero_comedia"", ""genero_terror"", ""periodo_2010_2018"", ""popularidade_media""]";5
83349;Green Hornet, The (2011);"[""avaliacao_media"", ""genero_acao"", ""genero_comedia"", ""genero_crime"", ""genero_fantasia"", ""genero_imax"", ""genero_suspense"", ""periodo_2010_2018"", ""popularidade_media""]";9
83613;Cowboys & Aliens (2011);"[""avaliacao_media"", ""genero_acao"", ""genero_faroeste"", ""genero_ficcao_cientifica"", ""genero_imax"", ""genero_suspense"", ""periodo_2010_2018"", ""popularidade_baixa""]";8
83803;Day & Night (2010);"[""avaliacao_alta"", ""genero_animacao"", ""genero_infantil"", ""periodo_2010_2018"", ""popularidade_baixa""]";5
84152;Limitless (2011);"[""avaliacao_media"", ""genero_ficcao_cientifica"", ""genero_suspense"", ""periodo_2010_2018"", ""popularidade_media""]";5
84374;No Strings Attached (2011);"[""avaliacao_baixa"", ""genero_comedia"", ""genero_romance"", ""periodo_2010_2018"", ""popularidade_media""]";5
84392;Lincoln Lawyer, The (2011);"[""avaliacao_media"", ""genero_crime"", ""genero_drama"", ""genero_suspense"", ""periodo_2010_2018"", ""popularidade_media""]";6
84601;Unknown (2011);"[""avaliacao_media"", ""genero_drama"", ""genero_misterio"", ""genero_suspense"", ""periodo_2010_2018"", ""popularidade_baixa""]";6
84772;Paul (2011);"[""avaliacao_media"", ""genero_aventura"", ""genero_comedia"", ""genero_ficcao_cientifica"", ""periodo_2010_2018"", ""popularidade_media""]";6
84944;Rango (2011);"[""avaliacao_media"", ""genero_acao"", ""genero_animacao"", ""genero_aventura"", ""genero_comedia"", ""genero_faroeste"", ""genero_infantil"", ""periodo_2010_2018"", ""popularidade_media""]";9
84954;Adjustment Bureau, The (2011);"[""avaliacao_media"", ""genero_ficcao_cientifica"", ""genero_romance"", ""genero_suspense"", ""periodo_2010_2018"", ""popularidade_media""]";6
85056;I Am Number Four (2011);"[""avaliacao_media"", ""genero_acao"", ""genero_ficcao_cientifica"", ""genero_imax"", ""genero_suspense"", ""periodo_2010_2018"", ""popularidade_baixa""]";7
85342;Elite Squad: The Enemy Within (Tropa de Elite 2 - O Inimigo Agora É Outro) (2010);"[""avaliacao_alta"", ""genero_acao"", ""genero_crime"", ""genero_drama"", ""periodo_2010_2018"", ""popularidade_baixa""]";6
85367;Just Go with It (2011);"[""avaliacao_media"", ""genero_comedia"", ""genero_romance"", ""periodo_2010_2018"", ""popularidade_baixa""]";5
85401;Super (2010);"[""avaliacao_baixa"", ""genero_acao"", ""genero_comedia"", ""genero_drama"", ""periodo_2010_2018"", ""popularidade_baixa""]";6
85414;Source Code (2011);"[""avaliacao_media"", ""genero_acao"", ""genero_drama"", ""genero_ficcao_cientifica"", ""genero_misterio"", ""genero_suspense"", ""periodo_2010_2018"", ""popularidade_media""]";8
85510;Sucker Punch (2011);"[""avaliacao_media"", ""genero_acao"", ""genero_fantasia"", ""genero_imax"", ""genero_suspense"", ""periodo_2010_2018"", ""popularidade_media""]";7
85774;Senna (2010);"[""avaliacao_media"", ""genero_documentario"", ""periodo_2010_2018"", ""popularidade_baixa""]";4
85780;Family Guy Presents: It's a Trap (2010);"[""avaliacao_media"", ""genero_animacao"", ""genero_comedia"", ""genero_ficcao_cientifica"", ""periodo_2010_2018"", ""popularidade_baixa""]";6
85881;Win Win (2011);"[""avaliacao_media"", ""genero_comedia"", ""genero_drama"", ""periodo_2010_2018"", ""popularidade_baixa""]";5
86190;Hanna (2011);"[""avaliacao_media"", ""genero_acao"", ""genero_aventura"", ""genero_misterio"", ""genero_suspense"", ""periodo_2010_2018"", ""popularidade_media""]";7
86293;Arthur (2011);"[""avaliacao_media"", ""genero_comedia"", ""periodo_2010_2018"", ""popularidade_baixa""]";4
86298;Rio (2011);"[""avaliacao_media"", ""genero_animacao"", ""genero_aventura"", ""genero_comedia"", ""genero_infantil"", ""periodo_2010_2018"", ""popularidade_baixa""]";7
86320;Melancholia (2011);"[""avaliacao_media"", ""genero_drama"", ""genero_ficcao_cientifica"", ""periodo_2010_2018"", ""popularidade_baixa""]";5
86332;Thor (2011);"[""avaliacao_media"", ""genero_acao"", ""genero_aventura"", ""genero_drama"", ""genero_fantasia"", ""genero_imax"", ""periodo_2010_2018"", ""popularidade_media""]";8
86345;Louis C.K.: Hilarious (2010);"[""avaliacao_alta"", ""genero_comedia"", ""periodo_2010_2018"", ""popularidade_baixa""]";4
86347;Louis C.K.: Chewed Up (2008);"[""avaliacao_media"", ""genero_comedia"", ""periodo_2000_2009"", ""popularidade_baixa""]";4
86377;Louis C.K.: Shameless (2007);"[""avaliacao_alta"", ""genero_comedia"", ""periodo_2000_2009"", ""popularidade_baixa""]";4
86504;Voices from the List (2004);"[""avaliacao_alta"", ""genero_documentario"", ""periodo_2000_2009"", ""popularidade_baixa""]";4
86644;Fast Five (Fast and the Furious 5, The) (2011);"[""avaliacao_media"", ""genero_acao"", ""genero_crime"", ""genero_drama"", ""genero_imax"", ""genero_suspense"", ""periodo_2010_2018"", ""popularidade_media""]";8
86781;Incendies (2010);"[""avaliacao_alta"", ""genero_drama"", ""genero_guerra"", ""genero_misterio"", ""periodo_2010_2018"", ""popularidade_baixa""]";6
86833;Bridesmaids (2011);"[""avaliacao_media"", ""genero_comedia"", ""periodo_2010_2018"", ""popularidade_media""]";4
86880;Pirates of the Caribbean: On Stranger Tides (2011);"[""avaliacao_media"", ""genero_acao"", ""genero_aventura"", ""genero_fantasia"", ""genero_imax"", ""periodo_2010_2018"", ""popularidade_media""]";7
86882;Midnight in Paris (2011);"[""avaliacao_media"", ""genero_comedia"", ""genero_fantasia"", ""genero_romance"", ""periodo_2010_2018"", ""popularidade_media""]";6
86911;Hangover Part II, The (2011);"[""avaliacao_media"", ""genero_comedia"", ""periodo_2010_2018"", ""popularidade_media""]";4
87192;Attack the Block (2011);"[""avaliacao_media"", ""genero_acao"", ""genero_comedia"", ""genero_ficcao_cientifica"", ""periodo_2010_2018"", ""popularidade_baixa""]";6
87222;Kung Fu Panda 2 (2011);"[""avaliacao_media"", ""genero_acao"", ""genero_animacao"", ""genero_aventura"", ""genero_comedia"", ""genero_imax"", ""genero_infantil"", ""periodo_2010_2018"", ""popularidade_media""]";9
87232;X-Men: First Class (2011);"[""avaliacao_media"", ""genero_acao"", ""genero_aventura"", ""genero_ficcao_cientifica"", ""genero_guerra"", ""genero_suspense"", ""periodo_2010_2018"", ""popularidade_media""]";8
87306;Super 8 (2011);"[""avaliacao_media"", ""genero_ficcao_cientifica"", ""genero_imax"", ""genero_misterio"", ""genero_suspense"", ""periodo_2010_2018"", ""popularidade_media""]";7
87430;Green Lantern (2011);"[""avaliacao_baixa"", ""genero_acao"", ""genero_aventura"", ""genero_ficcao_cientifica"", ""periodo_2010_2018"", ""popularidade_media""]";6
87483;Mr. Popper's Penguins (2011);"[""avaliacao_baixa"", ""genero_comedia"", ""periodo_2010_2018"", ""popularidade_baixa""]";4
87485;Bad Teacher (2011);"[""avaliacao_baixa"", ""genero_comedia"", ""periodo_2010_2018"", ""popularidade_baixa""]";4
87520;Transformers: Dark of the Moon (2011);"[""avaliacao_baixa"", ""genero_acao"", ""genero_aventura"", ""genero_ficcao_cientifica"", ""genero_guerra"", ""genero_imax"", ""periodo_2010_2018"", ""popularidade_media""]";8
87529;Your Highness (2011);"[""avaliacao_media"", ""genero_acao"", ""genero_aventura"", ""genero_comedia"", ""genero_fantasia"", ""periodo_2010_2018"", ""popularidade_baixa""]";7
87869;Horrible Bosses (2011);"[""avaliacao_media"", ""genero_comedia"", ""genero_crime"", ""periodo_2010_2018"", ""popularidade_media""]";5
88125;Harry Potter and the Deathly Hallows: Part 2 (2011);"[""avaliacao_media"", ""genero_acao"", ""genero_aventura"", ""genero_drama"", ""genero_fantasia"", ""genero_imax"", ""genero_misterio"", ""periodo_2010_2018"", ""popularidade_alta""]";9
88129;Drive (2011);"[""avaliacao_media"", ""genero_crime"", ""genero_drama"", ""genero_film_noir"", ""genero_suspense"", ""periodo_2010_2018"", ""popularidade_media""]";7
88140;Captain America: The First Avenger (2011);"[""avaliacao_media"", ""genero_acao"", ""genero_aventura"", ""genero_ficcao_cientifica"", ""genero_guerra"", ""genero_suspense"", ""periodo_2010_2018"", ""popularidade_media""]";8
88163;Crazy, Stupid, Love. (2011);"[""avaliacao_media"", ""genero_comedia"", ""genero_drama"", ""genero_romance"", ""periodo_2010_2018"", ""popularidade_media""]";6
88405;Friends with Benefits (2011);"[""avaliacao_media"", ""genero_comedia"", ""genero_romance"", ""periodo_2010_2018"", ""popularidade_media""]";5
88744;Rise of the Planet of the Apes (2011);"[""avaliacao_media"", ""genero_acao"", ""genero_drama"", ""genero_ficcao_cientifica"", ""genero_suspense"", ""periodo_2010_2018"", ""popularidade_media""]";7
88785;Change-Up, The (2011);"[""avaliacao_baixa"", ""genero_comedia"", ""periodo_2010_2018"", ""popularidade_media""]";4
88810;Help, The (2011);"[""avaliacao_media"", ""genero_drama"", ""periodo_2010_2018"", ""popularidade_media""]";4
88812;30 Minutes or Less (2011);"[""avaliacao_baixa"", ""genero_acao"", ""genero_comedia"", ""genero_crime"", ""periodo_2010_2018"", ""popularidade_baixa""]";6
89087;Colombiana (2011);"[""avaliacao_baixa"", ""genero_acao"", ""genero_aventura"", ""genero_drama"", ""genero_suspense"", ""periodo_2010_2018"", ""popularidade_baixa""]";7
89470;Contagion (2011);"[""avaliacao_media"", ""genero_ficcao_cientifica"", ""genero_imax"", ""genero_suspense"", ""periodo_2010_2018"", ""popularidade_media""]";6
89492;Moneyball (2011);"[""avaliacao_media"", ""genero_drama"", ""periodo_2010_2018"", ""popularidade_media""]";4
89745;Avengers, The (2012);"[""avaliacao_media"", ""genero_acao"", ""genero_aventura"", ""genero_ficcao_cientifica"", ""genero_imax"", ""periodo_2010_2018"", ""popularidade_alta""]";7
89753;Tinker Tailor Soldier Spy (2011);"[""avaliacao_media"", ""genero_drama"", ""genero_film_noir"", ""genero_suspense"", ""periodo_2010_2018"", ""popularidade_baixa""]";6
89774;Warrior (2011);"[""avaliacao_media"", ""genero_drama"", ""periodo_2010_2018"", ""popularidade_media""]";4
89804;Ides of March, The (2011);"[""avaliacao_media"", ""genero_drama"", ""periodo_2010_2018"", ""popularidade_baixa""]";4
89864;50/50 (2011);"[""avaliacao_media"", ""genero_comedia"", ""genero_drama"", ""periodo_2010_2018"", ""popularidade_media""]";5
89904;The Artist (2011);"[""avaliacao_alta"", ""genero_comedia"", ""genero_drama"", ""genero_romance"", ""periodo_2010_2018"", ""popularidade_media""]";6
90249;Real Steel (2011);"[""avaliacao_media"", ""genero_acao"", ""genero_drama"", ""genero_ficcao_cientifica"", ""genero_imax"", ""periodo_2010_2018"", ""popularidade_baixa""]";7
90405;In Time (2011);"[""avaliacao_media"", ""genero_crime"", ""genero_ficcao_cientifica"", ""genero_suspense"", ""periodo_2010_2018"", ""popularidade_media""]";6
90439;Margin Call (2011);"[""avaliacao_media"", ""genero_drama"", ""genero_suspense"", ""periodo_2010_2018"", ""popularidade_baixa""]";5
90522;Johnny English Reborn (2011);"[""avaliacao_media"", ""genero_aventura"", ""genero_comedia"", ""genero_suspense"", ""periodo_2010_2018"", ""popularidade_baixa""]";6
90600;Headhunters (Hodejegerne) (2011);"[""avaliacao_media"", ""genero_acao"", ""genero_crime"", ""genero_suspense"", ""periodo_2010_2018"", ""popularidade_baixa""]";6
90647;Puss in Boots (2011);"[""avaliacao_media"", ""genero_animacao"", ""genero_aventura"", ""genero_comedia"", ""genero_fantasia"", ""genero_imax"", ""periodo_2010_2018"", ""popularidade_baixa""]";8
90746;Adventures of Tintin, The (2011);"[""avaliacao_media"", ""genero_acao"", ""genero_animacao"", ""genero_imax"", ""genero_misterio"", ""periodo_2010_2018"", ""popularidade_media""]";7
90866;Hugo (2011);"[""avaliacao_media"", ""genero_drama"", ""genero_infantil"", ""genero_misterio"", ""periodo_2010_2018"", ""popularidade_media""]";6
90890;Jack and Jill (2011);"[""avaliacao_baixa"", ""genero_comedia"", ""periodo_2010_2018"", ""popularidade_baixa""]";4
91077;Descendants, The (2011);"[""avaliacao_alta"", ""genero_comedia"", ""genero_drama"", ""periodo_2010_2018"", ""popularidade_media""]";5
91094;Muppets, The (2011);"[""avaliacao_baixa"", ""genero_comedia"", ""genero_infantil"", ""genero_musical"", ""periodo_2010_2018"", ""popularidade_media""]";6
91104;Twilight Saga: Breaking Dawn - Part 1, The (2011);"[""avaliacao_baixa"", ""genero_aventura"", ""genero_drama"", ""genero_fantasia"", ""genero_romance"", ""periodo_2010_2018"", ""popularidade_baixa""]";7
91128;Rum Diary, The (2011);"[""avaliacao_media"", ""genero_comedia"", ""genero_drama"", ""genero_suspense"", ""periodo_2010_2018"", ""popularidade_baixa""]";6
91323;Sitter, The (2011);"[""avaliacao_baixa"", ""genero_comedia"", ""periodo_2010_2018"", ""popularidade_baixa""]";4
91485;Expendables 2, The (2012);"[""avaliacao_media"", ""genero_acao"", ""genero_aventura"", ""periodo_2010_2018"", ""popularidade_media""]";5
91500;The Hunger Games (2012);"[""avaliacao_media"", ""genero_acao"", ""genero_aventura"", ""genero_drama"", ""genero_ficcao_cientifica"", ""genero_suspense"", ""periodo_2010_2018"", ""popularidade_alta""]";8
91529;Dark Knight Rises, The (2012);"[""avaliacao_media"", ""genero_acao"", ""genero_aventura"", ""genero_crime"", ""genero_imax"", ""periodo_2010_2018"", ""popularidade_alta""]";7
91535;Bourne Legacy, The (2012);"[""avaliacao_media"", ""genero_acao"", ""genero_aventura"", ""genero_drama"", ""genero_imax"", ""genero_suspense"", ""periodo_2010_2018"", ""popularidade_media""]";8
91542;Sherlock Holmes: A Game of Shadows (2011);"[""avaliacao_media"", ""genero_acao"", ""genero_aventura"", ""genero_comedia"", ""genero_crime"", ""genero_misterio"", ""genero_suspense"", ""periodo_2010_2018"", ""popularidade_media""]";9
91630;Mission: Impossible - Ghost Protocol (2011);"[""avaliacao_media"", ""genero_acao"", ""genero_aventura"", ""genero_imax"", ""genero_suspense"", ""periodo_2010_2018"", ""popularidade_media""]";7
91653;We Bought a Zoo (2011);"[""avaliacao_media"", ""genero_comedia"", ""genero_drama"", ""periodo_2010_2018"", ""popularidade_baixa""]";5
91658;Girl with the Dragon Tattoo, The (2011);"[""avaliacao_media"", ""genero_drama"", ""genero_suspense"", ""periodo_2010_2018"", ""popularidade_media""]";5
91974;Underworld: Awakening (2012);"[""avaliacao_media"", ""genero_acao"", ""genero_fantasia"", ""genero_imax"", ""genero_terror"", ""periodo_2010_2018"", ""popularidade_baixa""]";7
91976;Grey, The (2012);"[""avaliacao_baixa"", ""genero_acao"", ""genero_drama"", ""periodo_2010_2018"", ""popularidade_baixa""]";5
92259;Intouchables (2011);"[""avaliacao_alta"", ""genero_comedia"", ""genero_drama"", ""periodo_2010_2018"", ""popularidade_media""]";5
92420;Chronicle (2012);"[""avaliacao_media"", ""genero_acao"", ""genero_ficcao_cientifica"", ""genero_suspense"", ""periodo_2010_2018"", ""popularidade_baixa""]";6
92535;Louis C.K.: Live at the Beacon Theater (2011);"[""avaliacao_alta"", ""genero_comedia"", ""periodo_2010_2018"", ""popularidade_media""]";4
92938;Ghost Rider: Spirit of Vengeance (2012);"[""avaliacao_baixa"", ""genero_acao"", ""genero_fantasia"", ""genero_suspense"", ""periodo_2010_2018"", ""popularidade_baixa""]";6
93270;Project X (2012);"[""avaliacao_baixa"", ""genero_comedia"", ""periodo_2010_2018"", ""popularidade_baixa""]";4
93272;Dr. Seuss' The Lorax (2012);"[""avaliacao_media"", ""genero_animacao"", ""genero_fantasia"", ""genero_imax"", ""genero_musical"", ""periodo_2010_2018"", ""popularidade_baixa""]";7
93326;This Means War (2012);"[""avaliacao_baixa"", ""genero_acao"", ""genero_comedia"", ""genero_romance"", ""periodo_2010_2018"", ""popularidade_media""]";6
93363;John Carter (2012);"[""avaliacao_media"", ""genero_acao"", ""genero_aventura"", ""genero_ficcao_cientifica"", ""genero_imax"", ""periodo_2010_2018"", ""popularidade_media""]";7
93510;21 Jump Street (2012);"[""avaliacao_media"", ""genero_acao"", ""genero_comedia"", ""genero_crime"", ""periodo_2010_2018"", ""popularidade_media""]";6
93721;Jiro Dreams of Sushi (2011);"[""avaliacao_alta"", ""genero_documentario"", ""periodo_2010_2018"", ""popularidade_baixa""]";4
93838;The Raid: Redemption (2011);"[""avaliacao_alta"", ""genero_acao"", ""genero_crime"", ""periodo_2010_2018"", ""popularidade_baixa""]";5
93840;Cabin in the Woods, The (2012);"[""avaliacao_alta"", ""genero_comedia"", ""genero_ficcao_cientifica"", ""genero_suspense"", ""genero_terror"", ""periodo_2010_2018"", ""popularidade_media""]";7
94478;Dark Shadows (2012);"[""avaliacao_baixa"", ""genero_comedia"", ""genero_imax"", ""genero_terror"", ""periodo_2010_2018"", ""popularidade_baixa""]";6
94677;Dictator, The (2012);"[""avaliacao_media"", ""genero_comedia"", ""periodo_2010_2018"", ""popularidade_media""]";4
94777;Men in Black III (M.III.B.) (M.I.B.³) (2012);"[""avaliacao_media"", ""genero_acao"", ""genero_comedia"", ""genero_ficcao_cientifica"", ""genero_imax"", ""periodo_2010_2018"", ""popularidade_media""]";7
94780;Snow White and the Huntsman (2012);"[""avaliacao_baixa"", ""genero_acao"", ""genero_aventura"", ""genero_drama"", ""periodo_2010_2018"", ""popularidade_baixa""]";6
94864;Prometheus (2012);"[""avaliacao_media"", ""genero_acao"", ""genero_ficcao_cientifica"", ""genero_imax"", ""genero_terror"", ""periodo_2010_2018"", ""popularidade_media""]";7
94953;Wanderlust (2012);"[""avaliacao_media"", ""genero_comedia"", ""periodo_2010_2018"", ""popularidade_baixa""]";4
94959;Moonrise Kingdom (2012);"[""avaliacao_media"", ""genero_comedia"", ""genero_drama"", ""genero_romance"", ""periodo_2010_2018"", ""popularidade_media""]";6
95088;Safety Not Guaranteed (2012);"[""avaliacao_media"", ""genero_comedia"", ""genero_drama"", ""periodo_2010_2018"", ""popularidade_baixa""]";5
95105;Madagascar 3: Europe's Most Wanted (2012);"[""avaliacao_media"", ""genero_animacao"", ""genero_aventura"", ""genero_comedia"", ""genero_imax"", ""genero_infantil"", ""periodo_2010_2018"", ""popularidade_baixa""]";8
95167;Brave (2012);"[""avaliacao_media"", ""genero_acao"", ""genero_animacao"", ""genero_aventura"", ""genero_infantil"", ""periodo_2010_2018"", ""popularidade_media""]";7
95207;Abraham Lincoln: Vampire Hunter (2012);"[""avaliacao_baixa"", ""genero_acao"", ""genero_fantasia"", ""genero_suspense"", ""genero_terror"", ""periodo_2010_2018"", ""popularidade_baixa""]";7
95441;Ted (2012);"[""avaliacao_media"", ""genero_comedia"", ""genero_fantasia"", ""periodo_2010_2018"", ""popularidade_media""]";5
95449;Magic Mike (2012);"[""avaliacao_baixa"", ""genero_drama"", ""genero_romance"", ""periodo_2010_2018"", ""popularidade_baixa""]";5
95510;Amazing Spider-Man, The (2012);"[""avaliacao_media"", ""genero_acao"", ""genero_aventura"", ""genero_ficcao_cientifica"", ""genero_imax"", ""periodo_2010_2018"", ""popularidade_media""]";7
95543;Ice Age 4: Continental Drift (2012);"[""avaliacao_baixa"", ""genero_animacao"", ""genero_aventura"", ""genero_comedia"", ""periodo_2010_2018"", ""popularidade_baixa""]";6
95558;Beasts of the Southern Wild (2012);"[""avaliacao_media"", ""genero_drama"", ""genero_fantasia"", ""periodo_2010_2018"", ""popularidade_baixa""]";5
95720;Watch, The (2012);"[""avaliacao_media"", ""genero_comedia"", ""genero_ficcao_cientifica"", ""periodo_2010_2018"", ""popularidade_baixa""]";5
95858;For the Birds (2000);"[""avaliacao_media"", ""genero_animacao"", ""genero_comedia"", ""genero_infantil"", ""periodo_2000_2009"", ""popularidade_baixa""]";6
95875;Total Recall (2012);"[""avaliacao_media"", ""genero_acao"", ""genero_ficcao_cientifica"", ""genero_suspense"", ""periodo_2010_2018"", ""popularidade_baixa""]";6
96079;Skyfall (2012);"[""avaliacao_media"", ""genero_acao"", ""genero_aventura"", ""genero_imax"", ""genero_suspense"", ""periodo_2010_2018"", ""popularidade_alta""]";7
96110;Campaign, The (2012);"[""avaliacao_media"", ""genero_comedia"", ""periodo_2010_2018"", ""popularidade_baixa""]";4
96417;Premium Rush (2012);"[""avaliacao_media"", ""genero_acao"", ""genero_suspense"", ""periodo_2010_2018"", ""popularidade_baixa""]";5
96588;Pitch Perfect (2012);"[""avaliacao_media"", ""genero_comedia"", ""genero_musical"", ""periodo_2010_2018"", ""popularidade_media""]";5
96610;Looper (2012);"[""avaliacao_media"", ""genero_acao"", ""genero_crime"", ""genero_ficcao_cientifica"", ""periodo_2010_2018"", ""popularidade_media""]";6
96728;Master, The (2012);"[""avaliacao_media"", ""genero_drama"", ""periodo_2010_2018"", ""popularidade_baixa""]";4
96737;Dredd (2012);"[""avaliacao_media"", ""genero_acao"", ""genero_ficcao_cientifica"", ""periodo_2010_2018"", ""popularidade_media""]";5
96811;End of Watch (2012);"[""avaliacao_media"", ""genero_crime"", ""genero_drama"", ""genero_suspense"", ""periodo_2010_2018"", ""popularidade_baixa""]";6
96821;Perks of Being a Wallflower, The (2012);"[""avaliacao_media"", ""genero_drama"", ""genero_romance"", ""periodo_2010_2018"", ""popularidade_media""]";5
96829;Hunt, The (Jagten) (2012);"[""avaliacao_alta"", ""genero_drama"", ""periodo_2010_2018"", ""popularidade_media""]";4
96861;Taken 2 (2012);"[""avaliacao_media"", ""genero_acao"", ""genero_crime"", ""genero_drama"", ""genero_suspense"", ""periodo_2010_2018"", ""popularidade_baixa""]";7
97225;Hotel Transylvania (2012);"[""avaliacao_media"", ""genero_animacao"", ""genero_comedia"", ""genero_infantil"", ""periodo_2010_2018"", ""popularidade_media""]";6
97304;Argo (2012);"[""avaliacao_media"", ""genero_drama"", ""genero_suspense"", ""periodo_2010_2018"", ""popularidade_media""]";5
97306;Seven Psychopaths (2012);"[""avaliacao_media"", ""genero_comedia"", ""genero_crime"", ""periodo_2010_2018"", ""popularidade_media""]";5
97752;Cloud Atlas (2012);"[""avaliacao_media"", ""genero_drama"", ""genero_ficcao_cientifica"", ""genero_imax"", ""periodo_2010_2018"", ""popularidade_media""]";6
97836;Here Comes the Boom (2012);"[""avaliacao_baixa"", ""genero_acao"", ""genero_comedia"", ""periodo_2010_2018"", ""popularidade_baixa""]";5
97913;Wreck-It Ralph (2012);"[""avaliacao_media"", ""genero_animacao"", ""genero_comedia"", ""periodo_2010_2018"", ""popularidade_media""]";5
97921;Silver Linings Playbook (2012);"[""avaliacao_media"", ""genero_comedia"", ""genero_drama"", ""periodo_2010_2018"", ""popularidade_media""]";5
97923;Flight (2012);"[""avaliacao_media"", ""genero_drama"", ""periodo_2010_2018"", ""popularidade_baixa""]";4
97938;Life of Pi (2012);"[""avaliacao_media"", ""genero_aventura"", ""genero_drama"", ""genero_imax"", ""periodo_2010_2018"", ""popularidade_media""]";6
98124;Batman: The Dark Knight Returns, Part 1 (2012);"[""avaliacao_media"", ""genero_acao"", ""genero_animacao"", ""genero_ficcao_cientifica"", ""periodo_2010_2018"", ""popularidade_baixa""]";6
98243;Rise of the Guardians (2012);"[""avaliacao_media"", ""genero_animacao"", ""genero_aventura"", ""genero_fantasia"", ""genero_imax"", ""genero_infantil"", ""periodo_2010_2018"", ""popularidade_media""]";8
98491;Paperman (2012);"[""avaliacao_alta"", ""genero_animacao"", ""genero_comedia"", ""genero_romance"", ""periodo_2010_2018"", ""popularidade_baixa""]";6
98585;Hitchcock (2012);"[""avaliacao_media"", ""genero_drama"", ""periodo_2010_2018"", ""popularidade_baixa""]";4
98809;Hobbit: An Unexpected Journey, The (2012);"[""avaliacao_media"", ""genero_aventura"", ""genero_fantasia"", ""genero_imax"", ""periodo_2010_2018"", ""popularidade_media""]";6
98961;Zero Dark Thirty (2012);"[""avaliacao_alta"", ""genero_acao"", ""genero_drama"", ""genero_suspense"", ""periodo_2010_2018"", ""popularidade_media""]";6
99007;Warm Bodies (2013);"[""avaliacao_media"", ""genero_comedia"", ""genero_romance"", ""genero_terror"", ""periodo_2010_2018"", ""popularidade_media""]";6
99112;Jack Reacher (2012);"[""avaliacao_media"", ""genero_acao"", ""genero_crime"", ""genero_suspense"", ""periodo_2010_2018"", ""popularidade_media""]";6
99114;Django Unchained (2012);"[""avaliacao_media"", ""genero_acao"", ""genero_drama"", ""genero_faroeste"", ""periodo_2010_2018"", ""popularidade_alta""]";6
99117;This Is 40 (2012);"[""avaliacao_media"", ""genero_drama"", ""periodo_2010_2018"", ""popularidade_baixa""]";4
99149;Misérables, Les (2012);"[""avaliacao_media"", ""genero_drama"", ""genero_imax"", ""genero_musical"", ""genero_romance"", ""periodo_2010_2018"", ""popularidade_baixa""]";7
99813;Batman: The Dark Knight Returns, Part 2 (2013);"[""avaliacao_media"", ""genero_acao"", ""genero_animacao"", ""periodo_2010_2018"", ""popularidade_baixa""]";5
100163;Hansel & Gretel: Witch Hunters (2013);"[""avaliacao_baixa"", ""genero_acao"", ""genero_fantasia"", ""genero_imax"", ""genero_terror"", ""periodo_2010_2018"", ""popularidade_baixa""]";7
100383;Side Effects (2013);"[""avaliacao_media"", ""genero_crime"", ""genero_drama"", ""genero_misterio"", ""genero_suspense"", ""periodo_2010_2018"", ""popularidade_baixa""]";7
100498;Good Day to Die Hard, A (2013);"[""avaliacao_baixa"", ""genero_acao"", ""genero_crime"", ""genero_imax"", ""genero_suspense"", ""periodo_2010_2018"", ""popularidade_baixa""]";7
101025;Jack the Giant Slayer (2013);"[""avaliacao_baixa"", ""genero_aventura"", ""genero_fantasia"", ""genero_imax"", ""periodo_2010_2018"", ""popularidade_baixa""]";6
101112;Oz the Great and Powerful (2013);"[""avaliacao_media"", ""genero_acao"", ""genero_aventura"", ""genero_fantasia"", ""genero_imax"", ""periodo_2010_2018"", ""popularidade_baixa""]";7
101142;Croods, The (2013);"[""avaliacao_media"", ""genero_animacao"", ""genero_aventura"", ""genero_comedia"", ""periodo_2010_2018"", ""popularidade_baixa""]";6
101362;Olympus Has Fallen (2013);"[""avaliacao_baixa"", ""genero_acao"", ""genero_suspense"", ""periodo_2010_2018"", ""popularidade_baixa""]";5
101525;Place Beyond the Pines, The (2012);"[""avaliacao_media"", ""genero_crime"", ""genero_drama"", ""periodo_2010_2018"", ""popularidade_baixa""]";5
101864;Oblivion (2013);"[""avaliacao_media"", ""genero_acao"", ""genero_aventura"", ""genero_ficcao_cientifica"", ""genero_imax"", ""periodo_2010_2018"", ""popularidade_media""]";7
102033;Pain & Gain (2013);"[""avaliacao_media"", ""genero_acao"", ""genero_comedia"", ""genero_crime"", ""periodo_2010_2018"", ""popularidade_baixa""]";6
102123;This Is the End (2013);"[""avaliacao_media"", ""genero_acao"", ""genero_comedia"", ""periodo_2010_2018"", ""popularidade_media""]";5
102125;Iron Man 3 (2013);"[""avaliacao_media"", ""genero_acao"", ""genero_ficcao_cientifica"", ""genero_imax"", ""genero_suspense"", ""periodo_2010_2018"", ""popularidade_media""]";7
102407;Great Gatsby, The (2013);"[""avaliacao_media"", ""genero_drama"", ""periodo_2010_2018"", ""popularidade_media""]";4
102445;Star Trek Into Darkness (2013);"[""avaliacao_media"", ""genero_acao"", ""genero_aventura"", ""genero_ficcao_cientifica"", ""genero_imax"", ""periodo_2010_2018"", ""popularidade_media""]";7
102481;Internship, The (2013);"[""avaliacao_media"", ""genero_comedia"", ""periodo_2010_2018"", ""popularidade_media""]";4
102686;Hangover Part III, The (2013);"[""avaliacao_media"", ""genero_comedia"", ""periodo_2010_2018"", ""popularidade_baixa""]";4
102716;Fast & Furious 6 (Fast and the Furious 6, The) (2013);"[""avaliacao_media"", ""genero_acao"", ""genero_crime"", ""genero_imax"", ""genero_suspense"", ""periodo_2010_2018"", ""popularidade_baixa""]";7
102903;Now You See Me (2013);"[""avaliacao_media"", ""genero_crime"", ""genero_misterio"", ""genero_suspense"", ""periodo_2010_2018"", ""popularidade_media""]";6
103042;Man of Steel (2013);"[""avaliacao_media"", ""genero_acao"", ""genero_aventura"", ""genero_fantasia"", ""genero_ficcao_cientifica"", ""genero_imax"", ""periodo_2010_2018"", ""popularidade_media""]";8
103141;Monsters University (2013);"[""avaliacao_media"", ""genero_animacao"", ""genero_aventura"", ""genero_comedia"", ""periodo_2010_2018"", ""popularidade_media""]";6
103228;Pacific Rim (2013);"[""avaliacao_media"", ""genero_acao"", ""genero_aventura"", ""genero_ficcao_cientifica"", ""genero_imax"", ""periodo_2010_2018"", ""popularidade_media""]";7
103235;Best Offer, The (Migliore offerta, La) (2013);"[""avaliacao_alta"", ""genero_suspense"", ""periodo_2010_2018"", ""popularidade_baixa""]";4
103249;World War Z (2013);"[""avaliacao_media"", ""genero_acao"", ""genero_drama"", ""genero_imax"", ""genero_terror"", ""periodo_2010_2018"", ""popularidade_media""]";7
103253;Elysium (2013);"[""avaliacao_media"", ""genero_acao"", ""genero_drama"", ""genero_ficcao_cientifica"", ""genero_imax"", ""periodo_2010_2018"", ""popularidade_media""]";7
103335;Despicable Me 2 (2013);"[""avaliacao_media"", ""genero_animacao"", ""genero_comedia"", ""genero_imax"", ""genero_infantil"", ""periodo_2010_2018"", ""popularidade_media""]";7
103339;White House Down (2013);"[""avaliacao_baixa"", ""genero_acao"", ""genero_drama"", ""genero_imax"", ""genero_suspense"", ""periodo_2010_2018"", ""popularidade_baixa""]";7
103341;World's End, The (2013);"[""avaliacao_media"", ""genero_acao"", ""genero_comedia"", ""genero_ficcao_cientifica"", ""periodo_2010_2018"", ""popularidade_media""]";6
103372;Heat, The (2013);"[""avaliacao_media"", ""genero_acao"", ""genero_comedia"", ""genero_crime"", ""periodo_2010_2018"", ""popularidade_baixa""]";6
103384;Lone Ranger, The (2013);"[""avaliacao_baixa"", ""genero_acao"", ""genero_aventura"", ""genero_faroeste"", ""genero_imax"", ""periodo_2010_2018"", ""popularidade_baixa""]";7
103688;Conjuring, The (2013);"[""avaliacao_alta"", ""genero_suspense"", ""genero_terror"", ""periodo_2010_2018"", ""popularidade_baixa""]";5
103772;Wolverine, The (2013);"[""avaliacao_media"", ""genero_acao"", ""genero_aventura"", ""genero_fantasia"", ""genero_ficcao_cientifica"", ""periodo_2010_2018"", ""popularidade_media""]";7
103810;Red 2 (2013);"[""avaliacao_media"", ""genero_acao"", ""genero_comedia"", ""genero_crime"", ""genero_suspense"", ""periodo_2010_2018"", ""popularidade_baixa""]";7
104211;We're the Millers (2013);"[""avaliacao_media"", ""genero_comedia"", ""genero_crime"", ""periodo_2010_2018"", ""popularidade_media""]";5
104218;Grown Ups 2 (2013);"[""avaliacao_media"", ""genero_comedia"", ""periodo_2010_2018"", ""popularidade_baixa""]";4
104241;Kick-Ass 2 (2013);"[""avaliacao_media"", ""genero_acao"", ""genero_comedia"", ""genero_crime"", ""periodo_2010_2018"", ""popularidade_media""]";6
104243;Riddick (2013);"[""avaliacao_media"", ""genero_acao"", ""genero_ficcao_cientifica"", ""genero_imax"", ""genero_suspense"", ""periodo_2010_2018"", ""popularidade_baixa""]";7
104374;About Time (2013);"[""avaliacao_media"", ""genero_drama"", ""genero_fantasia"", ""genero_romance"", ""periodo_2010_2018"", ""popularidade_media""]";6
104841;Gravity (2013);"[""avaliacao_media"", ""genero_acao"", ""genero_ficcao_cientifica"", ""genero_imax"", ""periodo_2010_2018"", ""popularidade_media""]";6
104879;Prisoners (2013);"[""avaliacao_alta"", ""genero_drama"", ""genero_misterio"", ""genero_suspense"", ""periodo_2010_2018"", ""popularidade_media""]";6
104913;Rush (2013);"[""avaliacao_media"", ""genero_acao"", ""genero_drama"", ""periodo_2010_2018"", ""popularidade_media""]";5
105213;Don Jon (2013);"[""avaliacao_media"", ""genero_comedia"", ""genero_drama"", ""genero_romance"", ""periodo_2010_2018"", ""popularidade_baixa""]";6
105504;Captain Phillips (2013);"[""avaliacao_alta"", ""genero_aventura"", ""genero_drama"", ""genero_imax"", ""genero_suspense"", ""periodo_2010_2018"", ""popularidade_media""]";7
105844;12 Years a Slave (2013);"[""avaliacao_media"", ""genero_drama"", ""periodo_2010_2018"", ""popularidade_media""]";4
106002;Ender's Game (2013);"[""avaliacao_media"", ""genero_acao"", ""genero_aventura"", ""genero_ficcao_cientifica"", ""genero_imax"", ""periodo_2010_2018"", ""popularidade_media""]";7
106072;Thor: The Dark World (2013);"[""avaliacao_media"", ""genero_acao"", ""genero_aventura"", ""genero_fantasia"", ""genero_imax"", ""periodo_2010_2018"", ""popularidade_media""]";7
106100;Dallas Buyers Club (2013);"[""avaliacao_media"", ""genero_drama"", ""periodo_2010_2018"", ""popularidade_media""]";4
106487;The Hunger Games: Catching Fire (2013);"[""avaliacao_media"", ""genero_acao"", ""genero_aventura"", ""genero_ficcao_cientifica"", ""genero_imax"", ""periodo_2010_2018"", ""popularidade_media""]";7
106489;Hobbit: The Desolation of Smaug, The (2013);"[""avaliacao_media"", ""genero_aventura"", ""genero_fantasia"", ""genero_imax"", ""periodo_2010_2018"", ""popularidade_media""]";6
106491;47 Ronin (2013);"[""avaliacao_baixa"", ""genero_acao"", ""genero_aventura"", ""genero_fantasia"", ""periodo_2010_2018"", ""popularidade_baixa""]";6
106642;Day of the Doctor, The (2013);"[""avaliacao_alta"", ""genero_aventura"", ""genero_drama"", ""genero_ficcao_cientifica"", ""periodo_2010_2018"", ""popularidade_baixa""]";6
106696;Frozen (2013);"[""avaliacao_media"", ""genero_animacao"", ""genero_aventura"", ""genero_comedia"", ""genero_fantasia"", ""genero_musical"", ""genero_romance"", ""periodo_2010_2018"", ""popularidade_media""]";9
106766;Inside Llewyn Davis (2013);"[""avaliacao_media"", ""genero_drama"", ""periodo_2010_2018"", ""popularidade_baixa""]";4
106782;Wolf of Wall Street, The (2013);"[""avaliacao_media"", ""genero_comedia"", ""genero_crime"", ""genero_drama"", ""periodo_2010_2018"", ""popularidade_alta""]";6
106916;American Hustle (2013);"[""avaliacao_media"", ""genero_crime"", ""genero_drama"", ""periodo_2010_2018"", ""popularidade_media""]";5
106918;Secret Life of Walter Mitty, The (2013);"[""avaliacao_alta"", ""genero_aventura"", ""genero_comedia"", ""genero_drama"", ""periodo_2010_2018"", ""popularidade_media""]";6
106920;Her (2013);"[""avaliacao_media"", ""genero_drama"", ""genero_ficcao_cientifica"", ""genero_romance"", ""periodo_2010_2018"", ""popularidade_media""]";6
107141;Saving Mr. Banks (2013);"[""avaliacao_media"", ""genero_comedia"", ""genero_drama"", ""periodo_2010_2018"", ""popularidade_baixa""]";5
107348;Anchorman 2: The Legend Continues (2013);"[""avaliacao_media"", ""genero_comedia"", ""periodo_2010_2018"", ""popularidade_media""]";4
107406;Snowpiercer (2013);"[""avaliacao_media"", ""genero_acao"", ""genero_drama"", ""genero_ficcao_cientifica"", ""periodo_2010_2018"", ""popularidade_media""]";6
108156;Ride Along (2014);"[""avaliacao_media"", ""genero_acao"", ""genero_comedia"", ""periodo_2010_2018"", ""popularidade_baixa""]";5
108190;Divergent (2014);"[""avaliacao_media"", ""genero_aventura"", ""genero_ficcao_cientifica"", ""genero_imax"", ""genero_romance"", ""periodo_2010_2018"", ""popularidade_media""]";7
108729;Enemy (2013);"[""avaliacao_media"", ""genero_misterio"", ""genero_suspense"", ""periodo_2010_2018"", ""popularidade_baixa""]";5
108928;Monuments Men, The (2014);"[""avaliacao_baixa"", ""genero_acao"", ""genero_drama"", ""genero_guerra"", ""periodo_2010_2018"", ""popularidade_baixa""]";6
108932;The Lego Movie (2014);"[""avaliacao_media"", ""genero_acao"", ""genero_animacao"", ""genero_aventura"", ""genero_comedia"", ""genero_fantasia"", ""genero_infantil"", ""periodo_2010_2018"", ""popularidade_media""]";9
108945;RoboCop (2014);"[""avaliacao_baixa"", ""genero_acao"", ""genero_crime"", ""genero_ficcao_cientifica"", ""genero_imax"", ""periodo_2010_2018"", ""popularidade_baixa""]";7
109374;Grand Budapest Hotel, The (2014);"[""avaliacao_media"", ""genero_comedia"", ""genero_drama"", ""periodo_2010_2018"", ""popularidade_alta""]";5
109487;Interstellar (2014);"[""avaliacao_media"", ""genero_ficcao_cientifica"", ""genero_imax"", ""periodo_2010_2018"", ""popularidade_alta""]";5
110102;Captain America: The Winter Soldier (2014);"[""avaliacao_media"", ""genero_acao"", ""genero_aventura"", ""genero_ficcao_cientifica"", ""genero_imax"", ""periodo_2010_2018"", ""popularidade_media""]";7
110127;Noah (2014);"[""avaliacao_baixa"", ""genero_aventura"", ""genero_drama"", ""genero_imax"", ""periodo_2010_2018"", ""popularidade_baixa""]";6
110501;The Raid 2: Berandal (2014);"[""avaliacao_media"", ""genero_acao"", ""genero_crime"", ""genero_suspense"", ""periodo_2010_2018"", ""popularidade_baixa""]";6
110553;The Amazing Spider-Man 2 (2014);"[""avaliacao_baixa"", ""genero_acao"", ""genero_ficcao_cientifica"", ""genero_imax"", ""periodo_2010_2018"", ""popularidade_media""]";6
110730;Transcendence (2014);"[""avaliacao_baixa"", ""genero_drama"", ""genero_ficcao_cientifica"", ""genero_imax"", ""periodo_2010_2018"", ""popularidade_baixa""]";6
110771;Other Woman, The (2014);"[""avaliacao_baixa"", ""genero_comedia"", ""genero_romance"", ""periodo_2010_2018"", ""popularidade_baixa""]";5
111113;Neighbors (2014);"[""avaliacao_media"", ""genero_comedia"", ""periodo_2010_2018"", ""popularidade_media""]";4
111360;Lucy (2014);"[""avaliacao_baixa"", ""genero_acao"", ""genero_ficcao_cientifica"", ""periodo_2010_2018"", ""popularidade_media""]";5
111362;X-Men: Days of Future Past (2014);"[""avaliacao_media"", ""genero_acao"", ""genero_aventura"", ""genero_ficcao_cientifica"", ""periodo_2010_2018"", ""popularidade_media""]";6
111364;Godzilla (2014);"[""avaliacao_baixa"", ""genero_acao"", ""genero_aventura"", ""genero_ficcao_cientifica"", ""genero_imax"", ""periodo_2010_2018"", ""popularidade_media""]";7
111617;Blended (2014);"[""avaliacao_media"", ""genero_comedia"", ""periodo_2010_2018"", ""popularidade_baixa""]";4
111659;Maleficent (2014);"[""avaliacao_baixa"", ""genero_acao"", ""genero_aventura"", ""genero_imax"", ""genero_infantil"", ""periodo_2010_2018"", ""popularidade_media""]";7
111743;A Million Ways to Die in the West (2014);"[""avaliacao_baixa"", ""genero_comedia"", ""genero_faroeste"", ""periodo_2010_2018"", ""popularidade_media""]";5
111759;Edge of Tomorrow (2014);"[""avaliacao_media"", ""genero_acao"", ""genero_ficcao_cientifica"", ""genero_imax"", ""periodo_2010_2018"", ""popularidade_media""]";6
111781;Mission: Impossible - Rogue Nation (2015);"[""avaliacao_media"", ""genero_acao"", ""genero_aventura"", ""genero_suspense"", ""periodo_2010_2018"", ""popularidade_media""]";6
111921;The Fault in Our Stars (2014);"[""avaliacao_media"", ""genero_drama"", ""genero_romance"", ""periodo_2010_2018"", ""popularidade_baixa""]";5
112138;22 Jump Street (2014);"[""avaliacao_media"", ""genero_acao"", ""genero_comedia"", ""genero_crime"", ""periodo_2010_2018"", ""popularidade_media""]";6
112171;Equalizer, The (2014);"[""avaliacao_media"", ""genero_acao"", ""genero_crime"", ""genero_suspense"", ""periodo_2010_2018"", ""popularidade_baixa""]";6
112175;How to Train Your Dragon 2 (2014);"[""avaliacao_media"", ""genero_acao"", ""genero_animacao"", ""genero_aventura"", ""periodo_2010_2018"", ""popularidade_media""]";6
112183;Birdman: Or (The Unexpected Virtue of Ignorance) (2014);"[""avaliacao_media"", ""genero_comedia"", ""genero_drama"", ""periodo_2010_2018"", ""popularidade_media""]";5
112290;Boyhood (2014);"[""avaliacao_media"", ""genero_drama"", ""periodo_2010_2018"", ""popularidade_media""]";4
112552;Whiplash (2014);"[""avaliacao_alta"", ""genero_drama"", ""periodo_2010_2018"", ""popularidade_media""]";4
112556;Gone Girl (2014);"[""avaliacao_media"", ""genero_drama"", ""genero_suspense"", ""periodo_2010_2018"", ""popularidade_media""]";5
112623;Dawn of the Planet of the Apes (2014);"[""avaliacao_media"", ""genero_ficcao_cientifica"", ""periodo_2010_2018"", ""popularidade_media""]";4
112788;Sex Tape (2014);"[""avaliacao_baixa"", ""genero_comedia"", ""periodo_2010_2018"", ""popularidade_baixa""]";4
112818;Purge: Anarchy, The (2014);"[""avaliacao_media"", ""genero_acao"", ""genero_suspense"", ""genero_terror"", ""periodo_2010_2018"", ""popularidade_baixa""]";6
112852;Guardians of the Galaxy (2014);"[""avaliacao_alta"", ""genero_acao"", ""genero_aventura"", ""genero_ficcao_cientifica"", ""periodo_2010_2018"", ""popularidade_alta""]";6
113378;Giver, The (2014);"[""avaliacao_baixa"", ""genero_drama"", ""genero_ficcao_cientifica"", ""periodo_2010_2018"", ""popularidade_baixa""]";5
113453;Let's Be Cops (2014);"[""avaliacao_media"", ""genero_comedia"", ""genero_crime"", ""periodo_2010_2018"", ""popularidade_baixa""]";5
114180;Maze Runner, The (2014);"[""avaliacao_baixa"", ""genero_acao"", ""genero_ficcao_cientifica"", ""genero_misterio"", ""periodo_2010_2018"", ""popularidade_media""]";6
114662;American Sniper (2014);"[""avaliacao_media"", ""genero_acao"", ""genero_guerra"", ""periodo_2010_2018"", ""popularidade_media""]";5
114935;Predestination (2014);"[""avaliacao_media"", ""genero_acao"", ""genero_ficcao_cientifica"", ""genero_misterio"", ""genero_suspense"", ""periodo_2010_2018"", ""popularidade_media""]";7
115149;John Wick (2014);"[""avaliacao_media"", ""genero_acao"", ""genero_suspense"", ""periodo_2010_2018"", ""popularidade_media""]";5
115210;Fury (2014);"[""avaliacao_media"", ""genero_acao"", ""genero_drama"", ""genero_guerra"", ""periodo_2010_2018"", ""popularidade_media""]";6
115569;Nightcrawler (2014);"[""avaliacao_alta"", ""genero_crime"", ""genero_drama"", ""genero_suspense"", ""periodo_2010_2018"", ""popularidade_media""]";6
115617;Big Hero 6 (2014);"[""avaliacao_media"", ""genero_acao"", ""genero_animacao"", ""genero_comedia"", ""periodo_2010_2018"", ""popularidade_media""]";6
115713;Ex Machina (2015);"[""avaliacao_media"", ""genero_drama"", ""genero_ficcao_cientifica"", ""genero_suspense"", ""periodo_2010_2018"", ""popularidade_media""]";6
116797;The Imitation Game (2014);"[""avaliacao_alta"", ""genero_drama"", ""genero_guerra"", ""genero_suspense"", ""periodo_2010_2018"", ""popularidade_alta""]";6
116799;Inherent Vice (2014);"[""avaliacao_media"", ""genero_comedia"", ""genero_crime"", ""genero_drama"", ""genero_misterio"", ""genero_romance"", ""periodo_2010_2018"", ""popularidade_baixa""]";8
116823;The Hunger Games: Mockingjay - Part 1 (2014);"[""avaliacao_media"", ""genero_aventura"", ""genero_ficcao_cientifica"", ""genero_suspense"", ""periodo_2010_2018"", ""popularidade_media""]";6
116897;Wild Tales (2014);"[""avaliacao_alta"", ""genero_comedia"", ""genero_drama"", ""genero_suspense"", ""periodo_2010_2018"", ""popularidade_media""]";6
117176;The Theory of Everything (2014);"[""avaliacao_media"", ""genero_drama"", ""genero_romance"", ""periodo_2010_2018"", ""popularidade_media""]";5
117529;Jurassic World (2015);"[""avaliacao_media"", ""genero_acao"", ""genero_aventura"", ""genero_drama"", ""genero_ficcao_cientifica"", ""genero_suspense"", ""periodo_2010_2018"", ""popularidade_media""]";8
117590;Horrible Bosses 2 (2014);"[""avaliacao_media"", ""genero_comedia"", ""genero_crime"", ""periodo_2010_2018"", ""popularidade_media""]";5
117851;Penguins of Madagascar (2014);"[""avaliacao_media"", ""genero_animacao"", ""genero_aventura"", ""genero_comedia"", ""genero_infantil"", ""periodo_2010_2018"", ""popularidade_baixa""]";7
117881;Still Alice (2014);"[""avaliacao_media"", ""genero_drama"", ""periodo_2010_2018"", ""popularidade_baixa""]";4
117895;Maze Runner: Scorch Trials (2015);"[""avaliacao_baixa"", ""genero_acao"", ""genero_suspense"", ""periodo_2010_2018"", ""popularidade_baixa""]";5
118696;The Hobbit: The Battle of the Five Armies (2014);"[""avaliacao_media"", ""genero_aventura"", ""genero_fantasia"", ""periodo_2010_2018"", ""popularidade_media""]";5
118900;Wild (2014);"[""avaliacao_baixa"", ""genero_drama"", ""periodo_2010_2018"", ""popularidade_baixa""]";4
118997;Into the Woods (2014);"[""avaliacao_baixa"", ""genero_comedia"", ""genero_fantasia"", ""genero_infantil"", ""genero_musical"", ""periodo_2010_2018"", ""popularidade_baixa""]";7
119141;The Interview (2014);"[""avaliacao_media"", ""genero_acao"", ""genero_comedia"", ""periodo_2010_2018"", ""popularidade_media""]";5
119145;Kingsman: The Secret Service (2015);"[""avaliacao_media"", ""genero_acao"", ""genero_aventura"", ""genero_comedia"", ""genero_crime"", ""periodo_2010_2018"", ""popularidade_media""]";7
119155;Night at the Museum: Secret of the Tomb (2014);"[""avaliacao_media"", ""genero_aventura"", ""genero_comedia"", ""genero_fantasia"", ""genero_infantil"", ""periodo_2010_2018"", ""popularidade_baixa""]";7
120466;Chappie (2015);"[""avaliacao_media"", ""genero_acao"", ""genero_suspense"", ""periodo_2010_2018"", ""popularidade_media""]";5
120635;Taken 3 (2015);"[""avaliacao_baixa"", ""genero_acao"", ""genero_crime"", ""genero_suspense"", ""periodo_2010_2018"", ""popularidade_baixa""]";6
120799;Terminator Genisys (2015);"[""avaliacao_baixa"", ""genero_acao"", ""genero_aventura"", ""genero_ficcao_cientifica"", ""genero_suspense"", ""periodo_2010_2018"", ""popularidade_baixa""]";7
122882;Mad Max: Fury Road (2015);"[""avaliacao_media"", ""genero_acao"", ""genero_aventura"", ""genero_ficcao_cientifica"", ""genero_suspense"", ""periodo_2010_2018"", ""popularidade_media""]";7
122886;Star Wars: Episode VII - The Force Awakens (2015);"[""avaliacao_media"", ""genero_acao"", ""genero_aventura"", ""genero_fantasia"", ""genero_ficcao_cientifica"", ""genero_imax"", ""periodo_2010_2018"", ""popularidade_media""]";8
122890;Warcraft (2016);"[""avaliacao_media"", ""genero_acao"", ""genero_aventura"", ""genero_fantasia"", ""periodo_2010_2018"", ""popularidade_baixa""]";6
122892;Avengers: Age of Ultron (2015);"[""avaliacao_media"", ""genero_acao"", ""genero_aventura"", ""genero_ficcao_cientifica"", ""periodo_2010_2018"", ""popularidade_media""]";6
122898;Justice League (2017);"[""avaliacao_baixa"", ""genero_acao"", ""genero_aventura"", ""genero_ficcao_cientifica"", ""periodo_2010_2018"", ""popularidade_baixa""]";6
122900;Ant-Man (2015);"[""avaliacao_media"", ""genero_acao"", ""genero_aventura"", ""genero_ficcao_cientifica"", ""periodo_2010_2018"", ""popularidade_media""]";6
122902;Fantastic Four (2015);"[""avaliacao_baixa"", ""genero_acao"", ""genero_aventura"", ""genero_fantasia"", ""genero_ficcao_cientifica"", ""periodo_2010_2018"", ""popularidade_baixa""]";7
122904;Deadpool (2016);"[""avaliacao_media"", ""genero_acao"", ""genero_aventura"", ""genero_comedia"", ""genero_ficcao_cientifica"", ""periodo_2010_2018"", ""popularidade_alta""]";7
122906;Black Panther (2017);"[""avaliacao_media"", ""genero_acao"", ""genero_aventura"", ""genero_ficcao_cientifica"", ""periodo_2010_2018"", ""popularidade_media""]";6
122912;Avengers: Infinity War - Part I (2018);"[""avaliacao_alta"", ""genero_acao"", ""genero_aventura"", ""genero_ficcao_cientifica"", ""periodo_2010_2018"", ""popularidade_media""]";6
122916;Thor: Ragnarok (2017);"[""avaliacao_alta"", ""genero_acao"", ""genero_aventura"", ""genero_ficcao_cientifica"", ""periodo_2010_2018"", ""popularidade_media""]";6
122918;Guardians of the Galaxy 2 (2017);"[""avaliacao_media"", ""genero_acao"", ""genero_aventura"", ""genero_ficcao_cientifica"", ""periodo_2010_2018"", ""popularidade_media""]";6
122920;Captain America: Civil War (2016);"[""avaliacao_media"", ""genero_acao"", ""genero_ficcao_cientifica"", ""genero_suspense"", ""periodo_2010_2018"", ""popularidade_media""]";6
122922;Doctor Strange (2016);"[""avaliacao_media"", ""genero_acao"", ""genero_aventura"", ""genero_ficcao_cientifica"", ""periodo_2010_2018"", ""popularidade_media""]";6
122924;X-Men: Apocalypse (2016);"[""avaliacao_media"", ""genero_acao"", ""genero_aventura"", ""genero_fantasia"", ""genero_ficcao_cientifica"", ""periodo_2010_2018"", ""popularidade_media""]";7
122926;Untitled Spider-Man Reboot (2017);"[""avaliacao_alta"", ""genero_acao"", ""genero_aventura"", ""genero_fantasia"", ""periodo_2010_2018"", ""popularidade_media""]";6
126548;The DUFF (2015);"[""avaliacao_media"", ""genero_comedia"", ""periodo_2010_2018"", ""popularidade_baixa""]";4
127198;Dope (2015);"[""avaliacao_media"", ""genero_comedia"", ""genero_drama"", ""periodo_2010_2018"", ""popularidade_baixa""]";5
127202;Me and Earl and the Dying Girl (2015);"[""avaliacao_media"", ""genero_drama"", ""periodo_2010_2018"", ""popularidade_baixa""]";4
128360;The Hateful Eight (2015);"[""avaliacao_media"", ""genero_faroeste"", ""periodo_2010_2018"", ""popularidade_media""]";4
128520;The Wedding Ringer (2015);"[""avaliacao_media"", ""genero_comedia"", ""periodo_2010_2018"", ""popularidade_baixa""]";4
128620;Victoria (2015);"[""avaliacao_media"", ""genero_crime"", ""genero_drama"", ""genero_romance"", ""periodo_2010_2018"", ""popularidade_baixa""]";6
129354;Focus (2015);"[""avaliacao_media"", ""genero_comedia"", ""genero_crime"", ""genero_drama"", ""genero_romance"", ""periodo_2010_2018"", ""popularidade_media""]";7
130490;Insurgent (2015);"[""avaliacao_baixa"", ""genero_acao"", ""genero_ficcao_cientifica"", ""genero_suspense"", ""periodo_2010_2018"", ""popularidade_baixa""]";6
130520;Home (2015);"[""avaliacao_media"", ""genero_animacao"", ""genero_aventura"", ""genero_comedia"", ""genero_fantasia"", ""genero_ficcao_cientifica"", ""genero_infantil"", ""periodo_2010_2018"", ""popularidade_baixa""]";9
130634;Furious 7 (2015);"[""avaliacao_baixa"", ""genero_acao"", ""genero_crime"", ""genero_suspense"", ""periodo_2010_2018"", ""popularidade_baixa""]";6
131013;Get Hard (2015);"[""avaliacao_media"", ""genero_comedia"", ""genero_crime"", ""periodo_2010_2018"", ""popularidade_baixa""]";5
132046;Tomorrowland (2015);"[""avaliacao_baixa"", ""genero_acao"", ""genero_aventura"", ""genero_ficcao_cientifica"", ""genero_infantil"", ""genero_misterio"", ""periodo_2010_2018"", ""popularidade_baixa""]";8
133419;Pitch Perfect 2 (2015);"[""avaliacao_media"", ""genero_comedia"", ""periodo_2010_2018"", ""popularidade_baixa""]";4
133771;The Lobster (2015);"[""avaliacao_alta"", ""genero_comedia"", ""genero_ficcao_cientifica"", ""genero_romance"", ""periodo_2010_2018"", ""popularidade_baixa""]";6
134130;The Martian (2015);"[""avaliacao_alta"", ""genero_aventura"", ""genero_drama"", ""genero_ficcao_cientifica"", ""periodo_2010_2018"", ""popularidade_media""]";6
134170;Kung Fury (2015);"[""avaliacao_media"", ""genero_acao"", ""genero_comedia"", ""genero_fantasia"", ""genero_ficcao_cientifica"", ""periodo_2010_2018"", ""popularidade_baixa""]";7
134368;Spy (2015);"[""avaliacao_media"", ""genero_acao"", ""genero_comedia"", ""genero_crime"", ""periodo_2010_2018"", ""popularidade_media""]";6
134393;Trainwreck (2015);"[""avaliacao_media"", ""genero_comedia"", ""genero_romance"", ""periodo_2010_2018"", ""popularidade_media""]";5
134853;Inside Out (2015);"[""avaliacao_media"", ""genero_animacao"", ""genero_aventura"", ""genero_comedia"", ""genero_drama"", ""genero_fantasia"", ""genero_infantil"", ""periodo_2010_2018"", ""popularidade_media""]";9
135133;The Hunger Games: Mockingjay - Part 2 (2015);"[""avaliacao_media"", ""genero_aventura"", ""genero_ficcao_cientifica"", ""periodo_2010_2018"", ""popularidade_media""]";5
135137;Pixels (2015);"[""avaliacao_baixa"", ""genero_acao"", ""genero_comedia"", ""genero_ficcao_cientifica"", ""periodo_2010_2018"", ""popularidade_baixa""]";6
135143;Fantastic Beasts and Where to Find Them (2016);"[""avaliacao_media"", ""genero_fantasia"", ""periodo_2010_2018"", ""popularidade_media""]";4
135436;The Secret Life of Pets (2016);"[""avaliacao_media"", ""genero_animacao"", ""genero_comedia"", ""periodo_2010_2018"", ""popularidade_baixa""]";5
135536;Suicide Squad (2016);"[""avaliacao_baixa"", ""genero_acao"", ""genero_crime"", ""genero_ficcao_cientifica"", ""periodo_2010_2018"", ""popularidade_media""]";6
135569;Star Trek Beyond (2016);"[""avaliacao_media"", ""genero_acao"", ""genero_aventura"", ""genero_ficcao_cientifica"", ""periodo_2010_2018"", ""popularidade_media""]";6
135861;Ted 2 (2015);"[""avaliacao_baixa"", ""genero_comedia"", ""periodo_2010_2018"", ""popularidade_baixa""]";4
135887;Minions (2015);"[""avaliacao_media"", ""genero_animacao"", ""genero_aventura"", ""genero_comedia"", ""genero_infantil"", ""periodo_2010_2018"", ""popularidade_media""]";7
136020;Spectre (2015);"[""avaliacao_media"", ""genero_acao"", ""genero_aventura"", ""genero_crime"", ""periodo_2010_2018"", ""popularidade_media""]";6
136562;Steve Jobs (2015);"[""avaliacao_media"", ""genero_drama"", ""periodo_2010_2018"", ""popularidade_baixa""]";4
136598;Vacation (2015);"[""avaliacao_media"", ""genero_aventura"", ""genero_comedia"", ""periodo_2010_2018"", ""popularidade_baixa""]";5
136864;Batman v Superman: Dawn of Justice (2016);"[""avaliacao_baixa"", ""genero_acao"", ""genero_aventura"", ""genero_fantasia"", ""genero_ficcao_cientifica"", ""periodo_2010_2018"", ""popularidade_media""]";7
137857;The Jungle Book (2016);"[""avaliacao_media"", ""genero_aventura"", ""genero_drama"", ""genero_fantasia"", ""periodo_2010_2018"", ""popularidade_media""]";6
138036;The Man from U.N.C.L.E. (2015);"[""avaliacao_media"", ""genero_acao"", ""genero_aventura"", ""genero_comedia"", ""periodo_2010_2018"", ""popularidade_media""]";6
138210;13 Hours (2016);"[""avaliacao_media"", ""genero_drama"", ""periodo_2010_2018"", ""popularidade_baixa""]";4
139385;The Revenant (2015);"[""avaliacao_media"", ""genero_aventura"", ""genero_drama"", ""periodo_2010_2018"", ""popularidade_media""]";5
139642;Southpaw (2015);"[""avaliacao_baixa"", ""genero_acao"", ""genero_drama"", ""periodo_2010_2018"", ""popularidade_baixa""]";5
139644;Sicario (2015);"[""avaliacao_media"", ""genero_crime"", ""genero_drama"", ""genero_misterio"", ""periodo_2010_2018"", ""popularidade_media""]";6
140110;The Intern (2015);"[""avaliacao_media"", ""genero_comedia"", ""periodo_2010_2018"", ""popularidade_media""]";4
140174;Room (2015);"[""avaliacao_media"", ""genero_drama"", ""periodo_2010_2018"", ""popularidade_baixa""]";4
140711;American Ultra (2015);"[""avaliacao_baixa"", ""genero_acao"", ""genero_comedia"", ""genero_ficcao_cientifica"", ""genero_suspense"", ""periodo_2010_2018"", ""popularidade_baixa""]";7
140715;Straight Outta Compton (2015);"[""avaliacao_alta"", ""genero_drama"", ""periodo_2010_2018"", ""popularidade_baixa""]";4
140928;Joy (2015);"[""avaliacao_media"", ""genero_comedia"", ""genero_drama"", ""periodo_2010_2018"", ""popularidade_baixa""]";5
142448;Everest (2015);"[""avaliacao_media"", ""genero_aventura"", ""genero_drama"", ""genero_suspense"", ""periodo_2010_2018"", ""popularidade_baixa""]";6
142488;Spotlight (2015);"[""avaliacao_alta"", ""genero_suspense"", ""periodo_2010_2018"", ""popularidade_media""]";4
143355;Wonder Woman (2017);"[""avaliacao_media"", ""genero_acao"", ""genero_aventura"", ""genero_fantasia"", ""periodo_2010_2018"", ""popularidade_media""]";6
143385;Bridge of Spies (2015);"[""avaliacao_media"", ""genero_drama"", ""genero_suspense"", ""periodo_2010_2018"", ""popularidade_baixa""]";5
143859;Hail, Caesar! (2016);"[""avaliacao_baixa"", ""genero_comedia"", ""periodo_2010_2018"", ""popularidade_baixa""]";4
146656;Creed (2015);"[""avaliacao_media"", ""genero_drama"", ""periodo_2010_2018"", ""popularidade_baixa""]";4
148626;Big Short, The (2015);"[""avaliacao_media"", ""genero_drama"", ""periodo_2010_2018"", ""popularidade_media""]";4
149352;Daddy's Home (2015);"[""avaliacao_baixa"", ""genero_comedia"", ""periodo_2010_2018"", ""popularidade_baixa""]";4
149354;Sisters (2015);"[""avaliacao_baixa"", ""genero_comedia"", ""genero_infantil"", ""periodo_2010_2018"", ""popularidade_baixa""]";5
149406;Kung Fu Panda 3 (2016);"[""avaliacao_media"", ""genero_acao"", ""genero_animacao"", ""genero_aventura"", ""periodo_2010_2018"", ""popularidade_baixa""]";6
150548;Sherlock: The Abominable Bride (2016);"[""avaliacao_media"", ""genero_acao"", ""genero_crime"", ""genero_drama"", ""genero_misterio"", ""genero_suspense"", ""periodo_2010_2018"", ""popularidade_media""]";8
152077;10 Cloverfield Lane (2016);"[""avaliacao_media"", ""genero_suspense"", ""periodo_2010_2018"", ""popularidade_media""]";4
152081;Zootopia (2016);"[""avaliacao_media"", ""genero_acao"", ""genero_animacao"", ""genero_aventura"", ""genero_comedia"", ""genero_infantil"", ""periodo_2010_2018"", ""popularidade_media""]";8
156609;Neighbors 2: Sorority Rising (2016);"[""avaliacao_baixa"", ""genero_comedia"", ""periodo_2010_2018"", ""popularidade_baixa""]";4
157296;Finding Dory (2016);"[""avaliacao_media"", ""genero_animacao"", ""genero_aventura"", ""genero_comedia"", ""periodo_2010_2018"", ""popularidade_media""]";6
157699;Snowden (2016);"[""avaliacao_media"", ""genero_drama"", ""genero_suspense"", ""periodo_2010_2018"", ""popularidade_baixa""]";5
158238;The Nice Guys (2016);"[""avaliacao_media"", ""genero_crime"", ""genero_misterio"", ""genero_suspense"", ""periodo_2010_2018"", ""popularidade_media""]";6
158872;Sausage Party (2016);"[""avaliacao_media"", ""genero_animacao"", ""genero_comedia"", ""periodo_2010_2018"", ""popularidade_baixa""]";5
158966;Captain Fantastic (2016);"[""avaliacao_alta"", ""genero_drama"", ""periodo_2010_2018"", ""popularidade_baixa""]";4
159093;Now You See Me 2 (2016);"[""avaliacao_media"", ""genero_acao"", ""genero_comedia"", ""genero_suspense"", ""periodo_2010_2018"", ""popularidade_media""]";6
159817;Planet Earth (2006);"[""avaliacao_alta"", ""genero_documentario"", ""periodo_2000_2009"", ""popularidade_baixa""]";4
160080;Ghostbusters (2016);"[""avaliacao_media"", ""genero_acao"", ""genero_comedia"", ""genero_ficcao_cientifica"", ""genero_terror"", ""periodo_2010_2018"", ""popularidade_baixa""]";7
160438;Jason Bourne (2016);"[""avaliacao_baixa"", ""genero_acao"", ""periodo_2010_2018"", ""popularidade_baixa""]";4
160563;The Legend of Tarzan (2016);"[""avaliacao_media"", ""genero_acao"", ""genero_aventura"", ""periodo_2010_2018"", ""popularidade_baixa""]";5
160980;Sully (2016);"[""avaliacao_media"", ""genero_drama"", ""periodo_2010_2018"", ""popularidade_baixa""]";4
161131;War Dogs (2016);"[""avaliacao_media"", ""genero_comedia"", ""periodo_2010_2018"", ""popularidade_baixa""]";4
161582;Hell or High Water (2016);"[""avaliacao_media"", ""genero_crime"", ""genero_drama"", ""periodo_2010_2018"", ""popularidade_baixa""]";5
161634;Don't Breathe (2016);"[""avaliacao_media"", ""genero_suspense"", ""periodo_2010_2018"", ""popularidade_baixa""]";4
162350;The Magnificent Seven (2016);"[""avaliacao_media"", ""genero_acao"", ""genero_faroeste"", ""periodo_2010_2018"", ""popularidade_baixa""]";5
162578;Kubo and the Two Strings (2016);"[""avaliacao_alta"", ""genero_animacao"", ""genero_aventura"", ""genero_fantasia"", ""genero_infantil"", ""periodo_2010_2018"", ""popularidade_baixa""]";7
162606;The Accountant (2016);"[""avaliacao_media"", ""genero_crime"", ""genero_drama"", ""genero_suspense"", ""periodo_2010_2018"", ""popularidade_baixa""]";6
163645;Hacksaw Ridge (2016);"[""avaliacao_media"", ""genero_drama"", ""genero_guerra"", ""periodo_2010_2018"", ""popularidade_baixa""]";5
164179;Arrival (2016);"[""avaliacao_media"", ""genero_ficcao_cientifica"", ""periodo_2010_2018"", ""popularidade_media""]";4
164909;La La Land (2016);"[""avaliacao_media"", ""genero_comedia"", ""genero_drama"", ""genero_romance"", ""periodo_2010_2018"", ""popularidade_baixa""]";6
165549;Manchester by the Sea (2016);"[""avaliacao_baixa"", ""genero_drama"", ""periodo_2010_2018"", ""popularidade_baixa""]";4
166461;Moana (2016);"[""avaliacao_media"", ""genero_animacao"", ""genero_aventura"", ""genero_comedia"", ""genero_fantasia"", ""genero_infantil"", ""periodo_2010_2018"", ""popularidade_media""]";8
166528;Rogue One: A Star Wars Story (2016);"[""avaliacao_media"", ""genero_acao"", ""genero_aventura"", ""genero_fantasia"", ""genero_ficcao_cientifica"", ""periodo_2010_2018"", ""popularidade_media""]";7
166534;Split (2017);"[""avaliacao_media"", ""genero_drama"", ""genero_suspense"", ""genero_terror"", ""periodo_2010_2018"", ""popularidade_baixa""]";6
166635;Passengers (2016);"[""avaliacao_media"", ""genero_aventura"", ""genero_drama"", ""genero_ficcao_cientifica"", ""genero_romance"", ""periodo_2010_2018"", ""popularidade_baixa""]";7
166643;Hidden Figures (2016);"[""avaliacao_media"", ""genero_drama"", ""periodo_2010_2018"", ""popularidade_media""]";4
167746;The Lego Batman Movie (2017);"[""avaliacao_media"", ""genero_acao"", ""genero_animacao"", ""genero_comedia"", ""periodo_2010_2018"", ""popularidade_baixa""]";6
168248;John Wick: Chapter Two (2017);"[""avaliacao_alta"", ""genero_acao"", ""genero_crime"", ""genero_suspense"", ""periodo_2010_2018"", ""popularidade_baixa""]";6
168250;Get Out (2017);"[""avaliacao_media"", ""genero_terror"", ""periodo_2010_2018"", ""popularidade_media""]";4
168252;Logan (2017);"[""avaliacao_alta"", ""genero_acao"", ""genero_ficcao_cientifica"", ""periodo_2010_2018"", ""popularidade_media""]";5
168418;The Boss Baby (2017);"[""avaliacao_media"", ""genero_animacao"", ""genero_comedia"", ""genero_infantil"", ""periodo_2010_2018"", ""popularidade_baixa""]";6
169984;Alien: Covenant (2017);"[""avaliacao_baixa"", ""genero_acao"", ""genero_ficcao_cientifica"", ""genero_suspense"", ""genero_terror"", ""periodo_2010_2018"", ""popularidade_baixa""]";7
170705;Band of Brothers (2001);"[""avaliacao_alta"", ""genero_acao"", ""genero_drama"", ""genero_guerra"", ""periodo_2000_2009"", ""popularidade_baixa""]";6
171011;Planet Earth II (2016);"[""avaliacao_alta"", ""genero_documentario"", ""periodo_2010_2018"", ""popularidade_baixa""]";4
171763;Baby Driver (2017);"[""avaliacao_alta"", ""genero_acao"", ""genero_crime"", ""genero_suspense"", ""periodo_2010_2018"", ""popularidade_baixa""]";6
174055;Dunkirk (2017);"[""avaliacao_media"", ""genero_acao"", ""genero_drama"", ""genero_guerra"", ""genero_suspense"", ""periodo_2010_2018"", ""popularidade_media""]";7
175303;It (2017);"[""avaliacao_media"", ""genero_terror"", ""periodo_2010_2018"", ""popularidade_baixa""]";4
175569;Wind River (2017);"[""avaliacao_media"", ""genero_acao"", ""genero_crime"", ""genero_misterio"", ""genero_suspense"", ""periodo_2010_2018"", ""popularidade_baixa""]";7
176101;Kingsman: The Golden Circle (2017);"[""avaliacao_media"", ""genero_acao"", ""genero_aventura"", ""genero_comedia"", ""periodo_2010_2018"", ""popularidade_baixa""]";6
176371;Blade Runner 2049 (2017);"[""avaliacao_media"", ""genero_ficcao_cientifica"", ""periodo_2010_2018"", ""popularidade_media""]";4
177593;Three Billboards Outside Ebbing, Missouri (2017);"[""avaliacao_alta"", ""genero_crime"", ""genero_drama"", ""periodo_2010_2018"", ""popularidade_baixa""]";5
177765;Coco (2017);"[""avaliacao_media"", ""genero_animacao"", ""genero_aventura"", ""genero_infantil"", ""periodo_2010_2018"", ""popularidade_media""]";6
179401;Jumanji: Welcome to the Jungle (2017);"[""avaliacao_media"", ""genero_acao"", ""genero_aventura"", ""genero_infantil"", ""periodo_2010_2018"", ""popularidade_baixa""]";6
179819;Star Wars: The Last Jedi (2017);"[""avaliacao_media"", ""genero_acao"", ""genero_aventura"", ""genero_fantasia"", ""genero_ficcao_cientifica"", ""periodo_2010_2018"", ""popularidade_media""]";7
180031;The Shape of Water (2017);"[""avaliacao_media"", ""genero_aventura"", ""genero_drama"", ""genero_fantasia"", ""periodo_2010_2018"", ""popularidade_baixa""]";6
180985;The Greatest Showman (2017);"[""avaliacao_media"", ""genero_drama"", ""periodo_2010_2018"", ""popularidade_baixa""]";4
183897;Isle of Dogs (2018);"[""avaliacao_media"", ""genero_animacao"", ""genero_comedia"", ""periodo_2010_2018"", ""popularidade_baixa""]";5
187593;Deadpool 2 (2018);"[""avaliacao_media"", ""genero_acao"", ""genero_comedia"", ""genero_ficcao_cientifica"", ""periodo_2010_2018"", ""popularidade_media""]";6
187595;Solo: A Star Wars Story (2018);"[""avaliacao_media"", ""genero_acao"", ""genero_aventura"", ""genero_ficcao_cientifica"", ""genero_infantil"", ""periodo_2010_2018"", ""popularidade_baixa""]";7
